ARM GAS  C:\Users\kaush\AppData\Local\Temp\ccalbX8O.s 			page 1


   1              		.cpu cortex-m4
   2              		.arch armv7e-m
   3              		.fpu fpv4-sp-d16
   4              		.eabi_attribute 27, 1
   5              		.eabi_attribute 28, 1
   6              		.eabi_attribute 20, 1
   7              		.eabi_attribute 21, 1
   8              		.eabi_attribute 23, 3
   9              		.eabi_attribute 24, 1
  10              		.eabi_attribute 25, 1
  11              		.eabi_attribute 26, 1
  12              		.eabi_attribute 30, 1
  13              		.eabi_attribute 34, 1
  14              		.eabi_attribute 18, 4
  15              		.file	"main.c"
  16              		.text
  17              	.Ltext0:
  18              		.cfi_sections	.debug_frame
  19              		.file 1 "Core/Src/main.c"
  20              		.section	.text.MX_GPIO_Init,"ax",%progbits
  21              		.align	1
  22              		.syntax unified
  23              		.thumb
  24              		.thumb_func
  26              	MX_GPIO_Init:
  27              	.LFB142:
   1:Core/Src/main.c **** /* USER CODE BEGIN Header */
   2:Core/Src/main.c **** /**
   3:Core/Src/main.c ****   ******************************************************************************
   4:Core/Src/main.c ****   * @file           : main.c
   5:Core/Src/main.c ****   * @brief          : Main program body
   6:Core/Src/main.c ****   ******************************************************************************
   7:Core/Src/main.c ****   * @attention
   8:Core/Src/main.c ****   *
   9:Core/Src/main.c ****   * Copyright (c) 2025 STMicroelectronics.
  10:Core/Src/main.c ****   * All rights reserved.
  11:Core/Src/main.c ****   *
  12:Core/Src/main.c ****   * This software is licensed under terms that can be found in the LICENSE file
  13:Core/Src/main.c ****   * in the root directory of this software component.
  14:Core/Src/main.c ****   * If no LICENSE file comes with this software, it is provided AS-IS.
  15:Core/Src/main.c ****   *
  16:Core/Src/main.c ****   ******************************************************************************
  17:Core/Src/main.c ****   */
  18:Core/Src/main.c **** /* USER CODE END Header */
  19:Core/Src/main.c **** /* Includes ------------------------------------------------------------------*/
  20:Core/Src/main.c **** #include "main.h"
  21:Core/Src/main.c **** 
  22:Core/Src/main.c **** /* Private includes ----------------------------------------------------------*/
  23:Core/Src/main.c **** /* USER CODE BEGIN Includes */
  24:Core/Src/main.c **** #include <stdio.h>
  25:Core/Src/main.c **** #include "stm32f4xx.h"
  26:Core/Src/main.c **** #include "lcd_stm32f4.h"
  27:Core/Src/main.c **** /* USER CODE END Includes */
  28:Core/Src/main.c **** 
  29:Core/Src/main.c **** /* Private typedef -----------------------------------------------------------*/
  30:Core/Src/main.c **** /* USER CODE BEGIN PTD */
  31:Core/Src/main.c **** 
ARM GAS  C:\Users\kaush\AppData\Local\Temp\ccalbX8O.s 			page 2


  32:Core/Src/main.c **** /* USER CODE END PTD */
  33:Core/Src/main.c **** 
  34:Core/Src/main.c **** /* Private define ------------------------------------------------------------*/
  35:Core/Src/main.c **** /* USER CODE BEGIN PD */
  36:Core/Src/main.c **** // TODO: Add values for below variables
  37:Core/Src/main.c **** #define TIM2CLK 16000000  // STM Clock frequency: Hint You might want to check the ioc file
  38:Core/Src/main.c **** #define F_SIGNAL_L  0.185	// Frequency of output analog signal
  39:Core/Src/main.c **** #define F_SIGNAL_S  0.1
  40:Core/Src/main.c **** #define NS_s 20000
  41:Core/Src/main.c **** #define NS_L 128
  42:Core/Src/main.c **** const uint32_t Sin_LUT[NS_s] = {2048, 2149, 2250, 2350, 2450, 2549, 2646, 2742, 2837, 2929, 3020, 3
  43:Core/Src/main.c **** 						4013, 4039, 4060, 4076, 4087, 4094, 4095, 4091, 4082, 4069, 4050, 4026, 3998,
  44:Core/Src/main.c **** 						3965, 3927, 3884, 3837, 3786, 3730, 3671, 3607, 3539, 3468, 3394, 3316, 3235,
  45:Core/Src/main.c **** 						3151, 3064, 2975, 2883,	2790, 2695, 2598, 2500, 2400, 2300, 2199, 2098, 1997,
  46:Core/Src/main.c **** 						1896, 1795, 1695, 1595, 1497, 1400, 1305, 1212, 1120, 1031, 944, 860, 779,
  47:Core/Src/main.c **** 						701, 627, 556, 488, 424, 365, 309, 258, 211, 168, 130, 97, 69, 45, 26, 13,
  48:Core/Src/main.c **** 						4, 0, 1, 8, 19, 35, 56, 82, 113, 149, 189, 234,	283, 336, 394, 456, 521, 591,
  49:Core/Src/main.c **** 						664, 740, 820, 902, 987, 1075, 1166, 1258, 1353, 1449,1546, 1645, 1745, 1845,
  50:Core/Src/main.c **** 						1946, 2047};
  51:Core/Src/main.c **** const uint32_t Saw_LUT[NS_s] =  {0, 32, 64, 97, 129, 161, 193, 226, 258, 290, 322, 355, 387, 419, 4
  52:Core/Src/main.c **** 		                 516, 548, 580, 613, 645, 677, 709, 742, 774, 806, 838, 871, 903, 935, 967,
  53:Core/Src/main.c **** 						 1000, 1032, 1064, 1096, 1129, 1161, 1193, 1225, 1258, 1290, 1322, 1354,
  54:Core/Src/main.c **** 						 1386, 1419, 1451, 1483, 1515, 1548, 1580, 1612, 1644, 1677, 1709, 1741,
  55:Core/Src/main.c **** 						 1773, 1806, 1838, 1870, 1902, 1935, 1967, 1999, 2031, 2064, 2096, 2128,
  56:Core/Src/main.c **** 						 2160, 2193, 2225, 2257, 2289, 2322, 2354, 2386, 2418, 2451, 2483, 2515,
  57:Core/Src/main.c **** 						 2547, 2580, 2612, 2644, 2676, 2709, 2741, 2773, 2805, 2837, 2870, 2902,
  58:Core/Src/main.c **** 						 2934, 2966, 2999, 3031, 3063, 3095, 3128, 3160, 3192, 3224, 3257, 3289,
  59:Core/Src/main.c **** 						 3321, 3353, 3386, 3418, 3450, 3482, 3515, 3547, 3579, 3611, 3644, 3676,
  60:Core/Src/main.c **** 						 3708, 3740, 3773, 3805, 3837, 3869, 3902, 3934, 3966, 3998, 4031, 4063, 0};
  61:Core/Src/main.c **** const uint32_t Triangle_LUT[NS_s] = {0, 64, 129, 193, 258, 322, 387, 451, 516, 580, 645, 709, 774, 
  62:Core/Src/main.c **** 		                     967, 1032, 1096, 1161, 1225, 1290, 1354, 1419, 1483, 1548, 1612, 1677,
  63:Core/Src/main.c **** 							 1741, 1806, 1870, 1935, 1999, 2064, 2128, 2193, 2257, 2322, 2386, 2451,
  64:Core/Src/main.c **** 							 2515, 2580, 2644, 2709, 2773, 2837, 2902, 2966, 3031, 3095, 3160, 3224,
  65:Core/Src/main.c **** 							 3289, 3353, 3418, 3482, 3547, 3611, 3676, 3740, 3805, 3869, 3934, 3998,
  66:Core/Src/main.c **** 							 4063, 4063, 3998, 3934, 3869, 3805, 3740, 3676, 3611, 3547, 3482, 3418,
  67:Core/Src/main.c **** 							 3353, 3289, 3224, 3160, 3095, 3031, 2966, 2902, 2837, 2773, 2709, 2644,
  68:Core/Src/main.c **** 							 2580, 2515, 2451, 2386, 2322, 2257, 2193, 2128, 2064, 1999, 1935, 1870,
  69:Core/Src/main.c **** 							 1806, 1741, 1677, 1612, 1548, 1483, 1419, 1354, 1290, 1225, 1161, 1096,
  70:Core/Src/main.c **** 							 1032, 967, 903, 838, 774, 709, 645, 580, 516, 451, 387, 322, 258, 193,
  71:Core/Src/main.c **** 							 129, 64, 0};
  72:Core/Src/main.c **** const uint32_t DRUM_LUT[NS_L] = {
  73:Core/Src/main.c **** 	    2047, 2047, 2047, 2047, 2047, 2047, 2047, 2047, 2047, 2047,
  74:Core/Src/main.c **** 	    2047, 2046, 2047, 2047, 2047, 2048, 2047, 2047, 2049, 2047,
  75:Core/Src/main.c **** 	    2048, 2048, 2048, 2050, 2046, 2051, 2047, 2045, 2041, 2044,
  76:Core/Src/main.c **** 	    2050, 2047, 2049, 2044, 2045, 2050, 2052, 2046, 2049, 2049,
  77:Core/Src/main.c **** 	    2052, 2049, 2049, 2042, 2048, 1777, 1677, 2156, 2367, 2060,
  78:Core/Src/main.c **** 	    2325, 2119, 2542, 1952, 1918, 2104, 2945, 1893, 1513, 1105,
  79:Core/Src/main.c **** 	    2906, 3519, 4086, 3299, 2037, 632, 16, 13, 89, 1563,
  80:Core/Src/main.c **** 	    3803, 4095, 3965, 4008, 1993, 11, 0, 0, 0, 1983,
  81:Core/Src/main.c **** 	    3679, 4090, 4095, 4095, 3358, 2247, 1019, 314, 576, 1041,
  82:Core/Src/main.c **** 	    2013, 2781, 2883, 2313, 1468, 527, 424, 410, 569, 790,
  83:Core/Src/main.c **** 	    1482, 1742, 1731, 1633, 1531, 1826, 2014, 1545, 1891, 1870,
  84:Core/Src/main.c **** 	    1978, 2410, 2931, 3258, 3689, 3628, 4008, 4092, 4095, 4095,
  85:Core/Src/main.c **** 	    4050, 3873, 3241, 2876, 2545, 2473, 2215, 2182, 2279, 2431,
  86:Core/Src/main.c **** 	    2229, 1832, 925, 0, 3, 1, 0, 0, 0, 0,
  87:Core/Src/main.c **** 	    307, 662, 1119, 1710, 2098, 2498, 2582, 2631, 2573, 2404,
  88:Core/Src/main.c **** 	    2401, 2471, 2598, 2800, 2963, 3251, 3452, 3398, 3310, 3285,
ARM GAS  C:\Users\kaush\AppData\Local\Temp\ccalbX8O.s 			page 3


  89:Core/Src/main.c **** 	    3175, 3285, 3258, 3391, 3531, 3387, 3149, 2735, 2102, 1541,
  90:Core/Src/main.c **** 	    1037, 589, 554, 453, 648, 841, 1099, 1337, 1557, 1663,
  91:Core/Src/main.c **** 	    1804, 1945, 2107, 2326, 2393, 2369, 2386, 2218, 2058, 1859,
  92:Core/Src/main.c **** 	    1786, 1837, 1921, 2066, 2140, 2200, 2193, 2127, 2080, 2105,
  93:Core/Src/main.c **** 	    2103, 2203, 2287, 2353, 2419, 2403, 2330, 2249, 2224, 2164,
  94:Core/Src/main.c **** 	    2151, 2136, 2176, 2220, 2235, 2209, 2181, 2071, 1938, 1797,
  95:Core/Src/main.c **** 	    1613, 1392, 1199, 1077, 1067, 1148, 1290, 1460, 1632, 1783,
  96:Core/Src/main.c **** 	    1861, 1952, 1987, 2058, 2162, 2301, 2451, 2591, 2702, 2775,
  97:Core/Src/main.c **** 	    2799, 2732, 2636, 2534, 2422, 2372, 2372, 2425, 2515, 2548,
  98:Core/Src/main.c **** 	    2576, 2552, 2468, 2308, 2129, 1972, 1833, 1730, 1636, 1579,
  99:Core/Src/main.c **** 	    1506, 1445, 1385, 1322, 1300, 1310, 1384, 1476, 1584, 1692,
 100:Core/Src/main.c **** 	    1795, 1854, 1902, 1940, 1997, 2074, 2209, 2357, 2476, 2591,
 101:Core/Src/main.c **** 	    2672, 2715, 2691, 2623, 2535, 2434, 2328, 2247, 2176, 2115,
 102:Core/Src/main.c **** 	    2051, 2000, 1948, 1891, 1859, 1831, 1832, 1849, 1887, 1910,
 103:Core/Src/main.c **** 	    1930, 1957, 1997, 2038, 2094, 2143, 2164, 2156, 2130, 2076,
 104:Core/Src/main.c **** 	    2011, 1950, 1890, 1869, 1869, 1866, 1888, 1893, 1891, 1878,
 105:Core/Src/main.c **** 	    1874, 1873, 1889, 1909, 1950, 1979, 1998, 2023, 2044, 2080,
 106:Core/Src/main.c **** 	    2117, 2161, 2225, 2332, 2404, 2440, 2556, 2486, 2513, 2487,
 107:Core/Src/main.c **** 	    2441, 2388, 2320, 2338, 2236, 2170, 1967, 1847, 1678, 1687,
 108:Core/Src/main.c **** 	    1645, 1526, 1490, 1482, 1454, 1486, 1575, 1626, 1684, 1770,
 109:Core/Src/main.c **** 	    1878, 1965, 2065, 2085, 2149, 2243, 2316, 2376, 2437, 2415,
 110:Core/Src/main.c **** 	    2444, 2459, 2443, 2449, 2389, 2361, 2378, 2337, 2343, 2321,
 111:Core/Src/main.c **** 	    2218, 2130, 2032, 1913, 1853, 1780, 1726, 1697, 1656, 1675,
 112:Core/Src/main.c **** 	    1691, 1688, 1727, 1755, 1823, 1895, 1978, 2045, 2111, 2166,
 113:Core/Src/main.c **** 	    2212, 2244, 2252, 2249, 2234, 2227, 2196, 2185, 2162, 2129,
 114:Core/Src/main.c **** 	    2079, 2040, 1984, 1980, 1934, 1922, 1911, 1875, 1888, 1871,
 115:Core/Src/main.c **** 	    1893, 1900, 1926, 1979, 2044, 2104, 2177, 2212, 2268, 2271,
 116:Core/Src/main.c **** 	    2300, 2297, 2277, 2265, 2238, 2200, 2180, 2144, 2095, 2043,
 117:Core/Src/main.c **** 	    1986, 1946, 1899, 1872, 1843, 1829, 1808, 1802, 1797, 1805,
 118:Core/Src/main.c **** 	    1812, 1842, 1869, 1905, 1939, 1976, 2031, 2070, 2115, 2150,
 119:Core/Src/main.c **** 	    2190, 2228, 2253, 2258, 2266, 2269, 2267, 2260, 2245, 2228,
 120:Core/Src/main.c **** 	    2197, 2176, 2131, 2091, 2062, 2043, 2012, 1988, 1966, 1948,
 121:Core/Src/main.c **** 	    1927, 1905, 1891, 1862, 1856, 1856, 1866, 1883, 1909, 1943,
 122:Core/Src/main.c **** 	    1979, 2019, 2043, 2079, 2109, 2124, 2152, 2164, 2174, 2177,
 123:Core/Src/main.c **** 	    2172, 2158, 2148, 2124, 2107, 2091, 2061, 2039, 2013, 1989,
 124:Core/Src/main.c **** 	    1965, 1953, 1942, 1946, 1951, 1962, 1972, 2000, 2020, 2042,
 125:Core/Src/main.c **** 	    2064, 2079, 2102, 2112, 2125, 2132, 2133, 2129, 2131, 2119,
 126:Core/Src/main.c **** 	    2112, 2101, 2096, 2081, 2059, 2045, 2028, 2006, 1993, 1984,
 127:Core/Src/main.c **** 	    1966, 1952, 1950, 1959, 1956, 1956, 1975, 1992, 1998, 2008,
 128:Core/Src/main.c **** 	    2033, 2049, 2071, 2091, 2105, 2117, 2126, 2121, 2116, 2110,
 129:Core/Src/main.c **** 	    2098, 2091, 2082, 2076, 2075, 2074, 2072, 2073, 2067, 2060,
 130:Core/Src/main.c **** 	    2054, 2046, 2033, 2034, 2020, 2009, 2010, 1997, 1989, 1986,
 131:Core/Src/main.c **** 	    1988, 1987, 1997, 1996, 2009, 2013, 2018, 2018, 2032, 2035,
 132:Core/Src/main.c **** 	    2043, 2048, 2053, 2064, 2070, 2084, 2094, 2101, 2108, 2114,
 133:Core/Src/main.c **** 	    2121, 2125, 2122, 2118, 2113, 2104, 2093, 2084, 2068, 2052,
 134:Core/Src/main.c **** 	    2034, 2018, 2006, 1999, 1984, 1981, 1978, 1977, 1977, 1979,
 135:Core/Src/main.c **** 	    1982, 1989, 1998, 2009, 2017, 2024, 2033, 2044, 2049, 2055,
 136:Core/Src/main.c **** 	    2064, 2074, 2078, 2084, 2087, 2085, 2088, 2087, 2079, 2078,
 137:Core/Src/main.c **** 	    2074, 2063, 2057, 2053, 2052, 2051, 2043, 2040, 2038, 2032,
 138:Core/Src/main.c **** 	    2027, 2032, 2030, 2032, 2042, 2046, 2053, 2060, 2061, 2067,
 139:Core/Src/main.c **** 	    2073, 2077, 2068, 2080, 2069, 2107, 2031, 2193, 2086, 1749,
 140:Core/Src/main.c **** 	    2304, 1732, 1968, 1836, 2071, 2342, 2138, 1675, 1930, 2716,
 141:Core/Src/main.c **** 	    1672, 1319, 1565, 3117, 3181, 4095, 2759, 1071, 24, 28,
 142:Core/Src/main.c **** 	    7, 188, 2922, 4074, 4087, 4069, 3469, 851, 0, 0,
 143:Core/Src/main.c **** 	    0, 759, 2709, 4086, 4095, 4067, 4084, 3087, 1886, 782,
 144:Core/Src/main.c **** 	    320, 683, 1061, 2285, 3076, 2565, 2134, 1055, 348, 428,
 145:Core/Src/main.c **** 	    334, 485, 1233, 1634, 1924, 1596, 1460, 1580, 1743, 1760,
ARM GAS  C:\Users\kaush\AppData\Local\Temp\ccalbX8O.s 			page 4


 146:Core/Src/main.c **** 	    1606, 1776, 1987, 2085, 2735, 3057, 3418, 3871, 3822, 4094,
 147:Core/Src/main.c **** 	    4095, 4091, 4095, 3872, 3669, 3283, 2704, 2443, 2389, 2153,
 148:Core/Src/main.c **** 	    2144, 2238, 2439, 2154, 1408, 563, 2, 0, 0, 0,
 149:Core/Src/main.c **** 	    1, 0, 0, 449, 928, 1268, 1894, 2283, 2551, 2728,
 150:Core/Src/main.c **** 	    2646, 2562, 2374, 2440, 2576, 2667, 2839, 3172, 3311, 3440,
 151:Core/Src/main.c **** 	    3460, 3263, 3264, 3167, 3279, 3352, 3495, 3490, 3331, 2968,
 152:Core/Src/main.c **** 	    2476, 1906, 1261, 857, 561, 496, 652, 699, 927, 1191,
 153:Core/Src/main.c **** 	    1420, 1562, 1738, 1851, 2041, 2174, 2332, 2345, 2369, 2327,
 154:Core/Src/main.c **** 	    2151, 1973, 1814, 1794, 1873, 1982, 2077, 2166, 2232, 2149,
 155:Core/Src/main.c **** 	    2124, 2100, 2094, 2165, 2240, 2306, 2400, 2418, 2387, 2308,
 156:Core/Src/main.c **** 	    2243, 2187, 2158, 2158, 2146, 2219, 2230, 2251, 2192, 2133,
 157:Core/Src/main.c **** 	    2019, 1886, 1721, 1551, 1303, 1160, 1064, 1100, 1197, 1358,
 158:Core/Src/main.c **** 	    1542, 1689, 1823, 1898, 1961, 2008, 2109, 2220, 2363, 2499,
 159:Core/Src/main.c **** 	    2637, 2734, 2806, 2787, 2704, 2593, 2489, 2394, 2350, 2388,
 160:Core/Src/main.c **** 	    2452, 2526, 2557, 2569, 2533, 2406, 2238, 2061, 1908, 1775,
 161:Core/Src/main.c **** 	    1689, 1610, 1556, 1472, 1422, 1357, 1311, 1300, 1335, 1415,
 162:Core/Src/main.c **** 	    1520, 1625, 1742, 1821, 1878, 1926, 1959, 2029, 2112, 2270,
 163:Core/Src/main.c **** 	    2399, 2526, 2623, 2698, 2713, 2666, 2587, 2494, 2392, 2291,
 164:Core/Src/main.c **** 	    2212, 2155, 2085, 2029, 1976, 1922, 1884, 1843, 1832, 1840,
 165:Core/Src/main.c **** 	    1864, 1897, 1918, 1940, 1968, 2011, 2056, 2111, 2150, 2166,
 166:Core/Src/main.c **** 	    2138, 2110, 2050, 1979, 1921, 1886, 1866, 1867, 1870, 1887,
 167:Core/Src/main.c **** 	    1891, 1888, 1873, 1870, 1872, 1896, 1927, 1957, 1982, 2011,
 168:Core/Src/main.c **** 	    2027, 2058, 2095, 2135, 2200, 2284, 2356, 2411, 2425, 2523,
 169:Core/Src/main.c **** 	    2469, 2501, 2429, 2433, 2418, 2281, 2289, 2221, 2097, 1895,
 170:Core/Src/main.c **** 	    1830, 1719, 1671, 1561, 1512, 1453, 1444, 1430, 1500, 1562,
 171:Core/Src/main.c **** 	    1656, 1733, 1783, 1843, 1976, 2023, 2132, 2179, 2262, 2342,
 172:Core/Src/main.c **** 	    2396, 2429, 2418, 2470, 2427, 2443, 2422, 2411, 2373, 2344,
 173:Core/Src/main.c **** 	    2325, 2325, 2301, 2218, 2103, 1955, 1903, 1815, 1749, 1707,
 174:Core/Src/main.c **** 	    1676, 1684, 1685, 1693, 1702, 1721, 1788, 1842, 1951, 2024,
 175:Core/Src/main.c **** 	    2080, 2141, 2178, 2232, 2240, 2248, 2233, 2222, 2210, 2198,
 176:Core/Src/main.c **** 	    2174, 2152, 2096, 2061, 2017, 1976, 1953, 1931, 1912, 1892,
 177:Core/Src/main.c **** 	    1895, 1877, 1881, 1880, 1912, 1943, 1994, 2055, 2129, 2189,
 178:Core/Src/main.c **** 	    2236, 2281, 2293, 2307, 2298, 2271, 2235, 2223, 2184, 2154,
 179:Core/Src/main.c **** 	    2119, 2081, 2018, 1969, 1938, 1885, 1857, 1831, 1828, 1808,
 180:Core/Src/main.c **** 	    1800, 1802, 1803, 1818, 1856, 1886, 1927, 1952, 2005, 2038,
 181:Core/Src/main.c **** 	    2080, 2132, 2172, 2212, 2225, 2255, 2263, 2282, 2282, 2273,
 182:Core/Src/main.c **** 	    2253, 2231, 2212, 2184, 2160, 2111, 2084, 2057, 2039, 2006,
 183:Core/Src/main.c **** 	    1983, 1956, 1940, 1913, 1898, 1876, 1862, 1857, 1855, 1869,
 184:Core/Src/main.c **** 	    1898, 1921, 1959, 1994, 2024, 2056, 2096, 2118, 2136, 2153,
 185:Core/Src/main.c **** 	    2171, 2180, 2177, 2169, 2149, 2140, 2115, 2100, 2075, 2051,
 186:Core/Src/main.c **** 	    2028, 2007, 1978, 1957, 1947, 1941, 1950, 1951, 1966, 1988,
 187:Core/Src/main.c **** 	    2013, 2027, 2051, 2067, 2091, 2105, 2122, 2124, 2134, 2132,
 188:Core/Src/main.c **** 	    2134, 2125, 2117, 2108, 2098, 2090, 2074, 2053, 2040, 2019,
 189:Core/Src/main.c **** 	    2001, 1992, 1975, 1960, 1953, 1955, 1959, 1956, 1963, 1985,
 190:Core/Src/main.c **** 	    1996, 1997, 2015, 2039, 2057, 2079, 2096, 2109, 2124, 2127,
 191:Core/Src/main.c **** 	    2120, 2115, 2105, 2097, 2088, 2080, 2075, 2075, 2072, 2073,
 192:Core/Src/main.c **** 	    2066, 2061, 2060, 2051, 2042, 2031, 2025, 2022, 2008, 1997,
 193:Core/Src/main.c **** 	    2000, 1989, 1982, 1986, 1991, 1994, 2003, 2008, 2017, 2021,
 194:Core/Src/main.c **** 	    2025, 2029, 2042, 2044, 2048, 2056, 2069, 2080, 2088, 2096,
 195:Core/Src/main.c **** 	    2102, 2110, 2117, 2120, 2122, 2121, 2115, 2115, 2100, 2091,
 196:Core/Src/main.c **** 	    2080, 2065, 2044, 2028, 2014, 2004, 1992, 1983, 1976, 1977,
 197:Core/Src/main.c **** 	    1975, 1979, 1977, 1982, 1994, 2002, 2014, 2020, 2028, 2034,
 198:Core/Src/main.c **** 	    2048, 2051, 2058, 2070, 2076, 2079, 2086, 2087, 2086, 2086,
 199:Core/Src/main.c **** 	    2082, 2076, 2077, 2069, 2060, 2058, 2052, 2050, 2049, 2040,
 200:Core/Src/main.c **** 	    2040, 2036, 2031, 2028, 2033, 2030, 2036, 2043, 2046, 2056,
 201:Core/Src/main.c **** 	    2061, 2061, 2071, 2079, 2111, 2097, 2065, 2059, 2148, 2122,
 202:Core/Src/main.c **** 	    2016, 1832, 231, 1289, 3789, 3231, 4092, 3036, 899, 2504,
ARM GAS  C:\Users\kaush\AppData\Local\Temp\ccalbX8O.s 			page 5


 203:Core/Src/main.c **** 	    0, 6, 485, 1901, 4083, 4077, 4095, 3920, 1179, 78,
 204:Core/Src/main.c **** 	    0, 0, 7, 871, 1139, 3921, 4095, 4095, 4066, 3788,
 205:Core/Src/main.c **** 	    2178, 68, 6, 300, 941, 1805, 2860, 3398, 3521, 4007,
 206:Core/Src/main.c **** 	    3854, 2177, 1434, 762, 909, 1624, 1972, 2061, 2866, 2954,
 207:Core/Src/main.c **** 	    3452, 3063, 1954, 1572, 1723, 2400, 2690, 888, 797, 3116,
 208:Core/Src/main.c **** 	    2164, 1989, 2341, 2495, 2120, 1489, 1488, 1427, 1440, 1499,
 209:Core/Src/main.c **** 	    1912, 2809, 2392, 1978, 2193, 1955, 2183, 2103, 1629, 2273,
 210:Core/Src/main.c **** 	    2023, 2263, 2889, 3008, 1876, 2372, 842, 1547, 1889, 1222,
 211:Core/Src/main.c **** 	    1913, 2199, 2346, 2522, 2116, 2671, 2591, 2300, 1856, 1879,
 212:Core/Src/main.c **** 	    1559, 1862, 1730, 2501, 2322, 2450, 2231, 2621, 2331, 2067,
 213:Core/Src/main.c **** 	    2262, 1553, 1907, 1877, 1555, 2230, 2240, 2660, 2893, 2682,
 214:Core/Src/main.c **** 	    2115, 1683, 1363, 2172, 2026, 1906, 1814, 2538, 2956, 2500,
 215:Core/Src/main.c **** 	    1900, 1834, 1724, 1341, 1605, 1791, 2371, 2296, 2409, 2366,
 216:Core/Src/main.c **** 	    2243, 1954, 1745, 1540, 1668, 1490, 1879, 1892, 2111, 2359,
 217:Core/Src/main.c **** 	    2514, 2237, 2111, 1545, 1375, 1738, 1673, 1901, 1997, 2277,
 218:Core/Src/main.c **** 	    2376, 2296, 2164, 2037, 1963, 1548, 1834, 1681, 1761, 2001,
 219:Core/Src/main.c **** 	    2359, 2486, 2508, 2146, 1998, 1834, 1576, 1626, 1935, 1779,
 220:Core/Src/main.c **** 	    2164, 2534, 2503, 2350, 2124, 1972, 1922, 1749, 1800, 1916,
 221:Core/Src/main.c **** 	    2196, 2338, 2377, 2364, 2187, 2144, 1905, 1845, 1752, 1947,
 222:Core/Src/main.c **** 	    2055, 2174, 2243, 2218, 2242, 2074, 2010, 1898, 1856, 1945,
 223:Core/Src/main.c **** 	    1965, 2018, 2167, 2223, 2221, 2197, 2181, 2097, 1984, 1878,
 224:Core/Src/main.c **** 	    1913, 1900, 1985, 2058, 2130, 2166, 2177, 2086, 2117, 1978,
 225:Core/Src/main.c **** 	    1896, 1918, 1939, 1961, 2067, 2068, 2127, 2131, 2087, 2008,
 226:Core/Src/main.c **** 	    1992, 1968, 1980, 1988, 2006, 2068, 2095, 2103, 2096, 2071,
 227:Core/Src/main.c **** 	    2046, 1968, 1957, 1971, 2019, 2023, 2042, 2108, 2094, 2077,
 228:Core/Src/main.c **** 	    2086, 2035, 2057, 2003, 1990, 2003, 1977, 2022, 2052, 2058,
 229:Core/Src/main.c **** 	    2107, 2098, 2068, 2062, 2048, 2009, 2014, 2028, 2031, 2074,
 230:Core/Src/main.c **** 	    2091, 2088, 2092, 2066, 2050, 2026, 2004, 2008, 2035, 2074,
 231:Core/Src/main.c **** 	    2128, 2139, 2136, 2130, 2102, 2055, 2038, 2034, 2009, 2041,
 232:Core/Src/main.c **** 	    2028, 2052, 2058, 2061, 2049, 2055, 2027, 2015, 1993, 1971,
 233:Core/Src/main.c **** 	    1984, 1984, 2007, 2005, 2041, 2040, 2038, 2019, 2007, 2020,
 234:Core/Src/main.c **** 	    1995, 2050, 2060, 2036, 2095, 2084, 2074, 2078, 2073, 2056,
 235:Core/Src/main.c **** 	    2067, 2047, 2067, 2039, 2064, 2076, 2065, 2096, 2112, 2094,
 236:Core/Src/main.c **** 	    2086, 2057, 2031, 2018, 2009, 2035, 2024, 2050, 2058, 2060,
 237:Core/Src/main.c **** 	    2049, 2066, 2011, 2006, 2013, 2022, 2021, 2038, 2059, 2076,
 238:Core/Src/main.c **** 	    2056, 2028, 2030, 1994, 2028, 2029, 2049, 2033, 2028, 2016,
 239:Core/Src/main.c **** 	    2066, 2075, 2067, 2040, 2025, 2003, 2022, 2013, 2062, 2058,
 240:Core/Src/main.c **** 	    2069, 2080, 2069, 2073, 2058, 2060, 2066, 2032, 2051, 2033,
 241:Core/Src/main.c **** 	    2045, 2060, 2073, 2092, 2065, 2063, 2064, 2061, 2058, 2081,
 242:Core/Src/main.c **** 	    2060, 2075, 2075, 2063, 2058, 2039, 2051, 2006, 2015, 2010,
 243:Core/Src/main.c **** 	    2022, 2041, 2044, 2042, 2058, 2052, 2038, 2040, 2032, 2037,
 244:Core/Src/main.c **** 	    2039, 2029, 2038, 2073, 2051, 2069, 2071, 2069, 2063, 2047,
 245:Core/Src/main.c **** 	    2047, 2037, 2026, 2030, 2061, 2035, 2033, 2046, 2025, 2036,
 246:Core/Src/main.c **** 	    2027, 2031, 2029, 2034, 2041, 2038, 2076, 2056, 2062, 2064,
 247:Core/Src/main.c **** 	    2038, 2058, 2032, 2048, 2053, 2042, 2062, 2063, 2067, 2055,
 248:Core/Src/main.c **** 	    2055, 2046, 2039, 2053, 2054, 2041, 2053, 2042, 2061, 2050,
 249:Core/Src/main.c **** 	    2054, 2056, 2026, 2040, 2050, 2041, 2056, 2051, 2048, 2042,
 250:Core/Src/main.c **** 	    2058, 2044, 2043, 2044, 2036, 2046, 2047, 2050, 2057, 2036,
 251:Core/Src/main.c **** 	    2043, 2063, 2034, 2040, 2030, 2025, 2052, 2036, 2022, 2048,
 252:Core/Src/main.c **** 	    2053, 2051, 2056, 2047, 2041, 2053, 2036, 2057, 2053, 2042,
 253:Core/Src/main.c **** 	    2063, 2057, 2059, 2061, 2044, 2050, 2048, 2040, 2046, 2043,
 254:Core/Src/main.c **** 	    2043, 2051, 2038, 2043, 2053, 2046, 2041, 2043, 2038, 2048,
 255:Core/Src/main.c **** 	    2039, 2049, 2044, 2054, 2045, 2044, 2057, 2048, 2041, 2056,
 256:Core/Src/main.c **** 	    2045, 2049, 2043, 2042, 2043, 2047, 2039, 2050, 2053, 2047,
 257:Core/Src/main.c **** 	    2055, 2048, 2048, 2051, 2055, 2053, 2043, 2058, 2053, 2041,
 258:Core/Src/main.c **** 	    2055, 2043, 2037, 2052, 2045, 2046, 2046, 2047, 2046, 2042,
 259:Core/Src/main.c **** 	    2043, 2046, 2047, 2043, 2050, 2053, 2035, 2045, 2045, 2045,
ARM GAS  C:\Users\kaush\AppData\Local\Temp\ccalbX8O.s 			page 6


 260:Core/Src/main.c **** 	    2046, 2051, 2057, 2060, 2043, 2054, 2044, 2037, 2051, 2036,
 261:Core/Src/main.c **** 	    2041, 2058, 2044, 2049, 2050, 2044, 2046, 2045, 2039, 2041,
 262:Core/Src/main.c **** 	    2036, 2040, 2058, 2034, 2052, 2054, 2039, 2046, 2068, 2062,
 263:Core/Src/main.c **** 	    2053, 2049, 2036, 2070, 2057, 2035, 2049, 2047, 1848, 1818,
 264:Core/Src/main.c **** 	    2085, 2262, 2444, 1855, 1470, 1620, 2492, 3546, 4093, 3328,
 265:Core/Src/main.c **** 	    839, 6, 8, 2, 239, 3053, 4095, 4095, 4087, 3231,
 266:Core/Src/main.c **** 	    549, 11, 0, 7, 900, 2867, 4088, 4095, 4095, 4026,
 267:Core/Src/main.c **** 	    3254, 1696, 446, 236, 555, 1281, 2127, 2855, 2432, 1679,
 268:Core/Src/main.c **** 	    366, 337, 287, 747, 1254, 1963, 1851, 1814, 1613, 1244,
 269:Core/Src/main.c **** 	    1403, 1848, 1798, 1545, 1894, 2353, 2593, 3041, 2956, 3501,
 270:Core/Src/main.c **** 	    3640, 3700, 3732, 4086, 4080, 4069, 3883, 3828, 3078, 2557,
 271:Core/Src/main.c **** 	    2397, 2172, 2212, 2171, 2045, 1994, 1504, 1047, 0, 3,
 272:Core/Src/main.c **** 	    0, 0, 0, 0, 0, 300, 803, 1384, 1693, 2268,
 273:Core/Src/main.c **** 	    2954, 2932, 2669, 2781, 2896, 2406, 2422, 2686, 3098, 3191,
 274:Core/Src/main.c **** 	    3329, 3381, 3473, 3236, 2894, 2794, 3402, 3625, 3668, 3771,
 275:Core/Src/main.c **** 	    3666, 3368, 2869, 1854, 1251, 568, 604, 4, 224, 469,
 276:Core/Src/main.c **** 	    806, 1115, 1222, 1081, 1486, 1437, 1752, 1884, 2319, 2348,
 277:Core/Src/main.c **** 	    2880, 2621, 2353, 2381, 2367, 2101, 1667, 2126, 2313, 2221,
 278:Core/Src/main.c **** 	    1910, 2140, 2319, 2292, 2234, 2402, 2425, 2394, 2164, 2129,
 279:Core/Src/main.c **** 	    2255, 2385, 2136, 2183, 1934, 1948, 2028, 1835, 1967, 2222,
 280:Core/Src/main.c **** 	    2138, 1952, 2149, 2006, 1760, 1597, 1285, 977, 939, 982,
 281:Core/Src/main.c **** 	    1069, 1361, 1529, 1698, 1949, 1939, 2092, 2083, 2243, 2475,
 282:Core/Src/main.c **** 	    2499, 2562, 2774, 3075, 3064, 2998, 2778, 2637, 2596, 2381,
 283:Core/Src/main.c **** 	    2139, 2109, 2376, 2435, 2380, 2360, 2458, 2357, 1989, 1969,
 284:Core/Src/main.c **** 	    1805, 1843, 1698, 1589, 1373, 1363, 1368, 1308, 1288, 1351,
 285:Core/Src/main.c **** 	    1486, 1305, 1606, 1561, 1867, 1949, 2145, 2039, 2068, 1980,
 286:Core/Src/main.c **** 	    1998, 2227, 2465, 2541, 2512, 2680, 2825, 2669, 2847, 2598,
 287:Core/Src/main.c **** 	    2585, 2606, 2245, 2220, 2277, 2187, 1901, 1729, 1818, 1824,
 288:Core/Src/main.c **** 	    1624, 1694, 1695, 1908, 1814, 1823, 1914, 2086, 2140, 2103,
 289:Core/Src/main.c **** 	    1953, 2125, 2128, 2047, 1761, 1781, 1871, 1602, 1548, 1628,
 290:Core/Src/main.c **** 	    1833, 1675, 1843, 1769, 1905, 1967, 2029, 1959, 2175, 2406,
 291:Core/Src/main.c **** 	    2364, 2456, 2378, 2510, 2474, 2526, 2421, 2465, 2521, 2606,
 292:Core/Src/main.c **** 	    2539, 2393, 2347, 2259, 2035, 2026, 1966, 1900, 1964, 1802,
 293:Core/Src/main.c **** 	    1632, 1679, 1589, 1472, 1390, 1459, 1551, 1528, 1565, 1643,
 294:Core/Src/main.c **** 	    1888, 1832, 1880, 2104, 2330, 2358, 2287, 2429, 2461, 2408,
 295:Core/Src/main.c **** 	    2351, 2394, 2450, 2377, 2366, 2283, 2327, 2284, 2133, 1988,
 296:Core/Src/main.c **** 	    1950, 1993, 1952, 1893, 1959, 1969, 1996, 1942, 1963, 1991,
 297:Core/Src/main.c **** 	    2104, 1943, 2048, 1922, 2143, 2176, 2082, 1970, 2120, 2143,
 298:Core/Src/main.c **** 	    2240, 2161, 2180, 2282, 2129, 2026, 1971, 2095, 2011, 1994,
 299:Core/Src/main.c **** 	    1892, 1861, 1844, 1760, 1684, 1660, 1697, 1733, 1674, 1791,
 300:Core/Src/main.c **** 	    1965, 2018, 2011, 2052, 2144, 2284, 2411, 2275, 2209, 2405,
 301:Core/Src/main.c **** 	    2487, 2488, 2396, 2532, 2419, 2363, 2278, 2258, 2213, 2119,
 302:Core/Src/main.c **** 	    2005, 2025, 1910, 1802, 1703, 1636, 1671, 1724, 1643, 1563,
 303:Core/Src/main.c **** 	    1782, 1882, 1751, 1839, 2011, 2042, 2021, 2075, 2201, 2339,
 304:Core/Src/main.c **** 	    2334, 2215, 2227, 2359, 2377, 2304, 2098, 2257, 2258, 2137,
 305:Core/Src/main.c **** 	    2051, 2027, 2025, 1992, 1915, 1875, 1927, 1842, 1805, 1857,
 306:Core/Src/main.c **** 	    1858, 1911, 1939, 1953, 1974, 1977, 2036, 2029, 2051, 2094,
 307:Core/Src/main.c **** 	    2158, 2131, 2128, 2145, 2269, 2214, 2187, 2125, 2233, 2127,
 308:Core/Src/main.c **** 	    2047, 2076, 2132, 2065, 2099, 2082, 2118, 2066, 1947, 1848,
 309:Core/Src/main.c **** 	    1907, 1981, 1866, 1920, 1831, 1946, 1960, 1922, 1836, 2011,
 310:Core/Src/main.c **** 	    2097, 2134, 2067, 2143, 2175, 2219, 2196, 2175, 2207, 2229,
 311:Core/Src/main.c **** 	    2180, 2193, 2152, 2134, 2108, 2066, 2008, 1928, 1915, 1970,
 312:Core/Src/main.c **** 	    1928, 1949, 1906, 1928, 1898, 1905, 1947, 1981, 1943, 2024,
 313:Core/Src/main.c **** 	    2009, 2107, 2082, 2095, 2097, 2122, 2084, 2162, 2123, 2129,
 314:Core/Src/main.c **** 	    2110, 2108, 2118, 2150, 2092, 2050, 2050, 2055, 2024, 1957,
 315:Core/Src/main.c **** 	    1919, 1926, 2042, 1982, 1965, 2030, 2091, 2093, 2022, 2041,
 316:Core/Src/main.c **** 	    2052, 2079, 2062, 2070, 2025, 2062, 2061, 2044, 2024, 2049,
ARM GAS  C:\Users\kaush\AppData\Local\Temp\ccalbX8O.s 			page 7


 317:Core/Src/main.c **** 	    2045, 2092, 2032, 2106, 2085, 2142, 2056, 2011, 2065, 2036,
 318:Core/Src/main.c **** 	    2086, 2082, 2071, 2106, 2054, 2082, 2093, 2063, 2061, 2011,
 319:Core/Src/main.c **** 	    1953, 1919, 1976, 1976, 1994, 2034, 1980, 1985, 2014, 2015,
 320:Core/Src/main.c **** 	    1996, 2009, 2024, 2046, 2053, 2030, 2027, 2035, 2092, 2133,
 321:Core/Src/main.c **** 	    2130, 2066, 2086, 2087, 2143, 2137, 2135, 2115, 2132, 2078,
 322:Core/Src/main.c **** 	    2065, 2063, 2033, 2052, 2009, 2028, 1992, 2024, 1995, 2010,
 323:Core/Src/main.c **** 	    1995, 2025, 2010, 1984, 1978, 1992, 2029, 2064, 2034, 2026,
 324:Core/Src/main.c **** 	    2027, 2029, 1984, 2050, 2080, 2081, 2059, 2027, 2057, 2099,
 325:Core/Src/main.c **** 	    2091, 2067, 2060, 2037, 2027, 2016, 2029, 2030, 2041, 2024,
 326:Core/Src/main.c **** 	    2059, 2098, 2054, 2041, 2002, 2125, 2012, 1620, 2002, 2314,
 327:Core/Src/main.c **** 	    2697, 2108, 1996, 2039, 1957, 1576, 1912, 1677, 2135, 2166,
 328:Core/Src/main.c **** 	    2584, 1799, 2349, 1863, 1667, 2501, 2869, 1702, 1700, 1992,
 329:Core/Src/main.c **** 	    2213, 2102, 1979, 2330, 2204, 1922, 2452, 2466, 2182, 2040,
 330:Core/Src/main.c **** 	    1834, 2047, 2020, 2012, 2056, 1752, 2176, 2332, 1704, 2513,
 331:Core/Src/main.c **** 	    1615, 1754, 2544, 2337, 3140, 1969, 2356, 2151, 1800, 1740,
 332:Core/Src/main.c **** 	    2075, 1903, 2271, 1932, 2074, 2123, 2044, 1551, 1797, 2235,
 333:Core/Src/main.c **** 	    1569, 1988, 1770, 1840, 1908, 2199, 2200, 1965, 1715, 1792,
 334:Core/Src/main.c **** 	    1856, 2098, 2135, 2229, 2138, 2167, 2176, 2259, 1951, 1838,
 335:Core/Src/main.c **** 	    1844, 2008, 2353, 2588, 2471, 1985, 1938, 1835, 2036, 2095,
 336:Core/Src/main.c **** 	    1894, 2335, 2268, 2195, 2228, 2094, 2048, 2021, 1937, 2290,
 337:Core/Src/main.c **** 	    1924, 2330, 2086, 2086, 2104, 2019, 2009, 2053, 2137, 2145,
 338:Core/Src/main.c **** 	    2113, 2065, 2112, 1944, 2071, 1979, 1884, 1911, 1989, 2040,
 339:Core/Src/main.c **** 	    1943, 2007, 2173, 2082, 1908, 1849, 2017, 1960, 2068, 2159,
 340:Core/Src/main.c **** 	    2148, 2099, 2016, 1929, 1926, 1997, 2039, 2046, 2109, 2085,
 341:Core/Src/main.c **** 	    2002, 2111, 2037, 1981, 1979, 2015, 2129, 2015, 2124, 2021,
 342:Core/Src/main.c **** 	    2150, 2097, 1995, 2051, 2071, 2122, 2104, 2056, 2048, 2056,
 343:Core/Src/main.c **** 	    2011, 2082, 2024, 2053, 2028, 2060, 2052, 2060, 2099, 2022,
 344:Core/Src/main.c **** 	    1990, 2031, 1974, 2014, 2035, 2056, 2068, 2039, 2066, 2008,
 345:Core/Src/main.c **** 	    1988, 2012, 2025, 2059, 2057, 2105, 2085, 2051, 2009, 2021,
 346:Core/Src/main.c **** 	    2020, 2039, 2063, 2102, 2095, 2084, 2049, 2020, 2035, 2009,
 347:Core/Src/main.c **** 	    2028, 2032, 2045, 2054, 2040, 2061, 2047, 2044, 2054, 2046,
 348:Core/Src/main.c **** 	    2040, 2042, 2051, 2068, 2055, 2053, 2046, 2062, 2053, 2047,
 349:Core/Src/main.c **** 	    2043, 2080, 2070, 2051, 2041, 2030, 2025, 2024, 2034, 2027,
 350:Core/Src/main.c **** 	    2029, 2033, 2035, 2035, 2030, 2020, 2023, 2017, 2031, 2039,
 351:Core/Src/main.c **** 	    2056, 2052, 2050, 2050, 2070, 2062, 2067, 2064, 2072, 2074,
 352:Core/Src/main.c **** 	    2082, 2075, 2067, 2066, 2056, 2050, 2044, 2060, 2045, 2057,
 353:Core/Src/main.c **** 	    2040, 2039, 2029, 2033, 2037, 2029, 2040, 2032, 2037, 2037,
 354:Core/Src/main.c **** 	    2048, 2035, 2055, 2041, 2048, 2045, 2059, 2063, 2047, 2064,
 355:Core/Src/main.c **** 	    2050, 2037, 2046, 2041, 2037, 2043, 2055, 2064, 2033, 2032,
 356:Core/Src/main.c **** 	    2022, 2019, 2052, 2087, 2024, 2025, 2019, 2027, 2031, 2162,
 357:Core/Src/main.c **** 	    2031, 2026, 2075, 2017, 2022, 2105, 2003, 2120, 2100, 2064,
 358:Core/Src/main.c **** 	    2025, 2054, 2013, 2048, 2008, 2082, 2037, 2006, 2037, 2090,
 359:Core/Src/main.c **** 	    2018, 2060, 2104, 2017, 2006, 2014, 2031, 2020, 2069, 2035,
 360:Core/Src/main.c **** 	    2038, 2051, 2063, 2066, 2034, 2027, 2050, 2065, 2044, 2076,
 361:Core/Src/main.c **** 	    2018, 2070, 2045, 2025, 2069, 2041, 2050, 2054, 2092, 2094,
 362:Core/Src/main.c **** 	    2067, 2013, 2015, 2011, 2039, 2027, 2077, 2061, 2076, 2078,
 363:Core/Src/main.c **** 	    2047, 2021, 2016, 2051, 2039, 2066, 2061, 2037, 2033, 2025,
 364:Core/Src/main.c **** 	    2016, 2042, 2040, 2042, 2036, 2045, 2046, 2059, 2055, 2059,
 365:Core/Src/main.c **** 	    2021, 2036, 2023, 2044, 2052, 2055, 2062, 2054, 2071, 2047,
 366:Core/Src/main.c **** 	    2053, 2060, 2058, 2070, 2059, 2061, 2061, 2042, 2052, 2041,
 367:Core/Src/main.c **** 	    2041, 2053, 2044, 2044, 2052, 2043, 2051, 2040, 2041, 2045,
 368:Core/Src/main.c **** 	    2045, 2047, 2045, 2047, 2057, 2058, 2050, 2045, 2032, 2027,
 369:Core/Src/main.c **** 	    2032, 2020, 2030, 2049, 2035, 2033, 2048, 2036, 2051, 2051,
 370:Core/Src/main.c **** 	    2060, 2029, 2039, 2065, 2047, 2059, 2060, 2050, 2050, 2058,
 371:Core/Src/main.c **** 	    2051, 2048, 2066, 2060, 2066, 2052, 2063, 2055, 2041, 2054,
 372:Core/Src/main.c **** 	    2069, 2060, 2059, 2053, 2045, 2041, 2031, 2043, 2054, 2047,
 373:Core/Src/main.c **** 	    2053, 2048, 2039, 2036, 2029, 2043, 2043, 2042, 2039, 2030,
ARM GAS  C:\Users\kaush\AppData\Local\Temp\ccalbX8O.s 			page 8


 374:Core/Src/main.c **** 	    2034, 2028, 2048, 2044, 2039, 2043, 2044, 2039, 2039, 2038,
 375:Core/Src/main.c **** 	    2053, 2051, 2051, 2047, 2051, 2053, 2046, 2048, 2056, 2050,
 376:Core/Src/main.c **** 	    2050, 2050, 2049, 2049, 2054, 2050, 2048, 2053, 2050, 2057,
 377:Core/Src/main.c **** 	    2054, 2054, 2046, 2051, 2050, 2046, 2045, 2050, 2049, 2051,
 378:Core/Src/main.c **** 	    2051, 2052, 2047, 2049, 2048, 2044, 2048, 2043, 2041, 2043,
 379:Core/Src/main.c **** 	    2038, 2041, 2038, 2042, 2042, 2045, 2043, 2043, 2039, 2040,
 380:Core/Src/main.c **** 	    2047, 2045, 2045, 2046, 2045, 2045, 2047, 2050, 2044, 2050,
 381:Core/Src/main.c **** 	    2051, 2053, 2051, 2049, 2051, 2051, 2049, 2048, 2051, 2051,
 382:Core/Src/main.c **** 	    2051, 2047, 2050, 2042, 2050, 2046, 2049, 2048, 2046, 2051,
 383:Core/Src/main.c **** 	    2052, 2049, 2049, 2047, 2047, 2047, 2047, 2049, 2046, 2052,
 384:Core/Src/main.c **** 	    2047, 2049, 2048, 2046, 2042, 2044, 2041, 2045, 2043, 2043,
 385:Core/Src/main.c **** 	    2042, 2042, 2043, 2039, 2038, 2041, 2043, 2042, 2044, 2046,
 386:Core/Src/main.c **** 	    2049, 2048, 2051, 2050, 2051, 2048, 2054, 2055, 2053, 2053,
 387:Core/Src/main.c **** 	    2053, 2053, 2053, 2051, 2050, 2055, 2051, 2049, 2045, 2045,
 388:Core/Src/main.c **** 	    2044, 2043, 2043, 2039, 2040, 2045, 2046, 2043, 2038, 2041,
 389:Core/Src/main.c **** 	    2046, 2047, 2026, 1970, 2053, 2093, 1839, 1782, 2372, 1854,
 390:Core/Src/main.c **** 	    2111, 2234, 1989, 2193, 2304, 2222, 1632, 2002, 1835, 2437,
 391:Core/Src/main.c **** 	    2481, 1928, 2735, 2563, 1862, 1570, 1641, 2204, 2560, 2019,
 392:Core/Src/main.c **** 	    1740, 1569, 2464, 2409, 2280, 1695, 1727, 1766, 2139, 2349,
 393:Core/Src/main.c **** 	    1647, 1599, 1979, 2001, 1632, 2008, 1980, 2059, 2304, 2098,
 394:Core/Src/main.c **** 	    2043, 1394, 1716, 1608, 1601, 2393, 1988, 2070, 1785, 2046,
 395:Core/Src/main.c **** 	    2238, 1934, 1938, 1966, 2026, 2031, 2132, 1956, 1901, 2200,
 396:Core/Src/main.c **** 	    1861, 2258, 2145, 2066, 1799, 2177, 2211, 2544, 2223, 2074,
 397:Core/Src/main.c **** 	    2007, 1852, 1855, 1957, 2065, 2029, 2300, 2297, 2207, 2151,
 398:Core/Src/main.c **** 	    2042, 1850, 2003, 2064, 2121, 2112, 2131, 2079, 2272, 1881,
 399:Core/Src/main.c **** 	    2047, 2060, 2014, 1995, 2008, 1968, 2017, 1976, 2144, 1968,
 400:Core/Src/main.c **** 	    2112, 2163, 2206, 2067, 2154, 1943, 1883, 2055, 2137, 1976,
 401:Core/Src/main.c **** 	    2147, 2021, 2102, 2056, 2152, 2085, 1931, 1994, 1966, 2037,
 402:Core/Src/main.c **** 	    2031, 2069, 2139, 2181, 2085, 2037, 2027, 1983, 2017, 1969,
 403:Core/Src/main.c **** 	    2043, 2041, 1983, 2009, 1972, 2038, 2011, 2078, 1975, 2093,
 404:Core/Src/main.c **** 	    1990, 2107, 2003, 2085, 2042, 2068, 2062, 2062, 2095, 2025,
 405:Core/Src/main.c **** 	    2069, 2082, 2089, 2074, 1934, 2071, 2131, 2085, 2105, 2080,
 406:Core/Src/main.c **** 	    1942, 1938, 2015, 2071, 1966, 2025, 2046, 2149, 2070, 2004,
 407:Core/Src/main.c **** 	    2035, 2118, 2014, 2008, 2041, 2026, 2015, 2092, 2036, 2045,
 408:Core/Src/main.c **** 	    2076, 1998, 2033, 2042, 1967, 2121, 2067, 2066, 1966, 2082,
 409:Core/Src/main.c **** 	    2039, 2035, 2025, 2015, 2049, 2119, 2037, 2079, 2074, 1982,
 410:Core/Src/main.c **** 	    1946, 1987, 1991, 2043, 2045, 2045, 2049, 2076, 2030, 2079,
 411:Core/Src/main.c **** 	    2037, 2058, 2090, 2066, 2015, 2002, 2026, 2030, 2047, 1975,
 412:Core/Src/main.c **** 	    2037, 2062, 2069, 2043, 2066, 2068, 2054, 2057, 2049, 2043,
 413:Core/Src/main.c **** 	    2062, 2030, 2051, 2055, 2036, 2045, 2041, 2030, 2035, 2033,
 414:Core/Src/main.c **** 	    2054, 2024, 2052, 2036, 2038, 2042, 2049, 2051, 2049, 2053,
 415:Core/Src/main.c **** 	    2045, 2050, 2046, 2048, 2043, 2047, 2049, 2060, 2044, 2050,
 416:Core/Src/main.c **** 	    2056, 2056, 2060, 2048, 2054, 2046, 2051, 2049, 2047, 2046,
 417:Core/Src/main.c **** 	    2044, 2039, 2043, 2061, 2049, 2047, 2035, 2045, 2035, 2044,
 418:Core/Src/main.c **** 	    2035, 2035, 2054, 2052, 2048, 2034, 2037, 2035, 2049, 2049,
 419:Core/Src/main.c **** 	    2042, 2055, 2059, 2057, 2039, 2040, 2046, 2054, 2061, 2039,
 420:Core/Src/main.c **** 	    2034, 2032, 2098, 2090, 2019, 2086, 2041, 2087, 1942, 2022,
 421:Core/Src/main.c **** 	    2143, 2099, 2086, 1995, 2092, 2023, 2065, 2104, 2046, 2063,
 422:Core/Src/main.c **** 	    2033, 2087, 1983, 2070, 2055, 2050, 2036, 2036, 2007, 2041,
 423:Core/Src/main.c **** 	    2063, 2083, 2064, 2075, 2099, 2012, 2064, 1997, 2045, 2008,
 424:Core/Src/main.c **** 	    2049, 2034, 2020, 2072, 2033, 2056, 2051, 2028, 2036, 2056,
 425:Core/Src/main.c **** 	    2039, 2055, 2038, 2046, 2050, 2041, 2062, 2039, 2023, 2028,
 426:Core/Src/main.c **** 	    2046, 2077, 2060, 2091, 2068, 2043, 2048, 2023, 2028, 2016,
 427:Core/Src/main.c **** 	    2037, 2039, 2073, 2081, 2037, 2010, 2031, 2040, 2053, 2032,
 428:Core/Src/main.c **** 	    2064, 2034, 2054, 2052, 2048, 2079, 2060, 2079, 2035, 2054,
 429:Core/Src/main.c **** 	    2044, 2059, 2047, 2045, 2050, 2036, 2074, 2068, 2079, 2056,
 430:Core/Src/main.c **** 	    2062, 2063, 2049, 2077, 2047, 2055, 2026, 2059, 2041, 2020,
ARM GAS  C:\Users\kaush\AppData\Local\Temp\ccalbX8O.s 			page 9


 431:Core/Src/main.c **** 	    2059, 2086, 2087, 2057, 2045, 2033, 2004, 2053, 2042, 2041,
 432:Core/Src/main.c **** 	    2055, 2078, 2039, 2021, 2014, 2038, 2060, 2052, 2057, 2076,
 433:Core/Src/main.c **** 	    2029, 2097, 2023, 2026, 2024, 2016, 2014, 2045, 2023, 2036,
 434:Core/Src/main.c **** 	    2043, 2067, 2020, 2052, 2049, 2061, 2056, 2075, 2051, 2074,
 435:Core/Src/main.c **** 	    2052, 2050, 2045, 2042, 2044, 2042, 2042, 2050, 1994, 2000,
 436:Core/Src/main.c **** 	    2046, 2025, 2023, 2020, 2071, 2042, 2047, 2025, 2040, 2042,
 437:Core/Src/main.c **** 	    2053, 2027, 2052, 2057, 2045, 2057, 2026, 2042, 2020, 2034,
 438:Core/Src/main.c **** 	    2048, 2036, 2061, 2058, 2055, 2060, 2053, 2028, 2051, 2053,
 439:Core/Src/main.c **** 	    2032, 2055, 2039, 2054, 2060, 2047, 2055, 2053, 2043, 2038,
 440:Core/Src/main.c **** 	    2033, 2064, 2053, 2046, 2044, 2066, 2048, 2048, 2023, 2036,
 441:Core/Src/main.c **** 	    2041, 2051, 2043, 2033, 2043, 2041, 2040, 2037, 2044, 2047,
 442:Core/Src/main.c **** 	    2046, 2048, 2044, 2047, 2047, 2047, 2050, 2042, 2049, 2048,
 443:Core/Src/main.c **** 	    2047, 2049, 2051, 2045, 2046, 2048, 2049, 2049, 2045, 2049,
 444:Core/Src/main.c **** 	    2051, 2046, 2047, 2049, 2047, 2046, 2042, 2046, 2046, 2045,
 445:Core/Src/main.c **** 	    2046, 2048, 2049, 2046, 2046, 2047, 2047, 2046, 2045, 2045,
 446:Core/Src/main.c **** 	    2046, 2046, 2045, 2045, 2046, 2046, 2047, 2048, 2047, 2045,
 447:Core/Src/main.c **** 	    2045, 2045, 2047, 2046, 2047, 2050, 2049, 2051, 2048, 2046,
 448:Core/Src/main.c **** 	    2043, 2044, 2045, 2046, 2046, 2050, 2048, 2053, 2052, 2049,
 449:Core/Src/main.c **** 	    2051, 2047, 2049, 2051, 2048, 2061, 1809, 2172, 2050, 2043,
 450:Core/Src/main.c **** 	    1992, 2084, 2016, 2059, 2053, 2072, 1981, 2131, 2068, 2047,
 451:Core/Src/main.c **** 	    1854, 2033, 1859, 900, 1371, 1462, 4089, 4093, 1024, 2626,
 452:Core/Src/main.c **** 	    11, 6, 0, 600, 3745, 4087, 4089, 4095, 2405, 765,
 453:Core/Src/main.c **** 	    9, 8, 0, 480, 1247, 3061, 4095, 4046, 4090, 3429,
 454:Core/Src/main.c **** 	    1395, 3, 0, 8, 238, 1598, 2290, 4022, 3136, 4095,
 455:Core/Src/main.c **** 	    3978, 1707, 538, 560, 627, 1018, 1448, 2368, 3815, 3560,
 456:Core/Src/main.c **** 	    3842, 4023, 1893, 1221, 919, 1684, 1503, 1761, 851, 3927,
 457:Core/Src/main.c **** 	    3182, 2736, 3070, 2889, 2409, 1220, 1079, 782, 1310, 1117,
 458:Core/Src/main.c **** 	    1883, 3179, 2402, 2075, 2120, 2409, 1947, 1748, 1389, 2037,
 459:Core/Src/main.c **** 	    1449, 1772, 2558, 2324, 2652, 2223, 2059, 1835, 1896, 1510,
 460:Core/Src/main.c **** 	    1458, 2136, 2176, 2324, 2395, 2548, 2566, 1962, 1934, 1868,
 461:Core/Src/main.c **** 	    1618, 1676, 2050, 2290, 2299, 2431, 2014, 2614, 1576, 2279,
 462:Core/Src/main.c **** 	    2353, 1717, 1895, 1653, 1831, 2144, 2911, 2612, 2482, 2326,
 463:Core/Src/main.c **** 	    1984, 2006, 1431, 1409, 1637, 1963, 2137, 2617, 2577, 2329,
 464:Core/Src/main.c **** 	    2479, 2301, 1834, 1382, 1314, 1478, 2117, 2285, 2629, 2482,
 465:Core/Src/main.c **** 	    2539, 2182, 1842, 1661, 1425, 1485, 1834, 2005, 2125, 2335,
 466:Core/Src/main.c **** 	    2461, 2193, 2090, 1901, 1607, 1661, 1664, 1875, 2101, 2326,
 467:Core/Src/main.c **** 	    2308, 2290, 2261, 2066, 2016, 1707, 1794, 1725, 1662, 1899,
 468:Core/Src/main.c **** 	    2258, 2391, 2348, 2468, 2230, 2001, 1711, 1733, 1776, 1800,
 469:Core/Src/main.c **** 	    2000, 2133, 2357, 2372, 2270, 2187, 1954, 1836, 1776, 1851,
 470:Core/Src/main.c **** 	    1928, 2170, 2355, 2360, 2284, 2246, 2090, 1818, 1859, 1895,
 471:Core/Src/main.c **** 	    2040, 2103, 2224, 2283, 2259, 2183, 2106, 1956, 1926, 1923,
 472:Core/Src/main.c **** 	    1859, 1993, 2023, 2134, 2232, 2244, 2181, 2129, 2050, 1915,
 473:Core/Src/main.c **** 	    1897, 1883, 1945, 2012, 2047, 2121, 2141, 2156, 2142, 2054,
 474:Core/Src/main.c **** 	    2002, 1921, 1923, 1937, 2001, 2055, 2108, 2140, 2124, 2050,
 475:Core/Src/main.c **** 	    1989, 1952, 1954, 1931, 1983, 2066, 2094, 2148, 2131, 2106,
 476:Core/Src/main.c **** 	    2047, 2000, 1944, 1922, 1940, 1983, 2067, 2120, 2132, 2131,
 477:Core/Src/main.c **** 	    2117, 2059, 2030, 1997, 1954, 1985, 1980, 2011, 2076, 2091,
 478:Core/Src/main.c **** 	    2113, 2112, 2088, 2057, 2042, 1998, 2013, 2031, 2054, 2085,
 479:Core/Src/main.c **** 	    2083, 2105, 2098, 2082, 2045, 2020, 2001, 1988, 2024, 2036,
 480:Core/Src/main.c **** 	    2093, 2106, 2108, 2116, 2092, 2050, 2029, 2002, 2009, 1997,
 481:Core/Src/main.c **** 	    2011, 2053, 2049, 2093, 2095, 2076, 2064, 2035, 2020, 2004,
 482:Core/Src/main.c **** 	    2010, 2025, 2013, 2050, 2076, 2041, 2062, 2073, 2038, 2047,
 483:Core/Src/main.c **** 	    2028, 2024, 2036, 2034, 2049, 2048, 2061, 2074, 2051, 2044,
 484:Core/Src/main.c **** 	    2046, 1993, 2007, 2027, 2040, 2073, 2090, 2093, 2084, 2056,
 485:Core/Src/main.c **** 	    2059, 2008, 2019, 2075, 2055, 2032, 2036, 1997, 2048, 2087,
 486:Core/Src/main.c **** 	    2114, 2055, 2075, 2065, 2055, 2021, 2069, 2011, 2035, 2090,
 487:Core/Src/main.c **** 	    2063, 2040, 2042, 2059, 2045, 1997, 2036, 2046, 2008, 2061,
ARM GAS  C:\Users\kaush\AppData\Local\Temp\ccalbX8O.s 			page 10


 488:Core/Src/main.c **** 	    2049, 2040, 2145, 2059, 2062, 2014, 2014, 2014, 2039, 2029,
 489:Core/Src/main.c **** 	    2044, 2071, 2104, 2102, 2084, 2084, 2032, 2024, 1964, 2036,
 490:Core/Src/main.c **** 	    2049, 2060, 2075, 2037, 2059, 2034, 2055, 2043, 2033, 2034,
 491:Core/Src/main.c **** 	    2048, 2049, 2035, 2051, 2060, 2059, 2050, 2022, 2015, 2044,
 492:Core/Src/main.c **** 	    2029, 2051, 2039, 2061, 2067, 2053, 2047, 2036, 2049, 2042,
 493:Core/Src/main.c **** 	    2031, 2025, 2028, 2041, 2067, 2053, 2048, 2048, 2029, 2052,
 494:Core/Src/main.c **** 	    2039, 2021, 2064, 2039, 2068, 2049, 2053, 2046, 2051, 2053,
 495:Core/Src/main.c **** 	    2038, 2044, 2029, 2056, 2062, 2072, 2060, 2080, 2067, 2064,
 496:Core/Src/main.c **** 	    2048, 2049, 2027, 2019, 2044, 2033, 2038, 2057, 2049, 2039,
 497:Core/Src/main.c **** 	    2053, 2031, 2036, 2030, 2020, 2040, 2042, 2050, 2042, 2052,
 498:Core/Src/main.c **** 	    2051, 2048, 2049, 2020, 2057, 2041, 2032, 2071, 2051, 2049,
 499:Core/Src/main.c **** 	    2053, 2047, 2035, 2057, 2040, 2050, 2033, 2031, 2059, 2047,
 500:Core/Src/main.c **** 	    2033, 2059, 2054, 2043, 2050, 2040, 2044, 2036, 2035, 2038,
 501:Core/Src/main.c **** 	    2050, 2046, 2043, 2057, 2040, 2060, 2041, 2041, 2056, 2045,
 502:Core/Src/main.c **** 	    2069, 2059, 2070, 2071, 2056, 2063, 2061, 2058, 2056, 2052,
 503:Core/Src/main.c **** 	    2061, 2062, 2064, 2058, 2042, 2049, 2036, 2029, 2035, 2028,
 504:Core/Src/main.c **** 	    2021, 2018, 2024, 2027, 2026, 2025, 2034, 2024, 2032, 2039,
 505:Core/Src/main.c **** 	    2034, 2044, 2041, 2048, 2061, 2062, 2064, 2062, 2061, 2080,
 506:Core/Src/main.c **** 	    2063, 2062, 2071, 2053, 2067, 2069, 2049, 2050, 2055, 2039,
 507:Core/Src/main.c **** 	    2031, 2035, 2032, 2026, 2025, 2028, 2030, 2017, 2026, 2031,
 508:Core/Src/main.c **** 	    2031, 2021, 2032, 2032, 2022, 2039, 2034, 2042, 2053, 2041,
 509:Core/Src/main.c **** 	    2054, 2044, 2058, 2057, 2047, 2068, 2072, 2073, 2085, 2072,
 510:Core/Src/main.c **** 	    2080, 2076, 2075, 2080, 2060, 2058, 2068, 2065, 2057, 2058,
 511:Core/Src/main.c **** 	    2058, 2044, 2047, 2049, 2033, 2040, 2037, 2036, 2046, 2044,
 512:Core/Src/main.c **** 	    2038, 2044, 2034, 2053, 2019, 2039, 2099, 2093, 2156, 1913,
 513:Core/Src/main.c **** 	    2153, 1905, 2163, 2199, 2155, 1996, 2013, 1834, 1506, 2315,
 514:Core/Src/main.c **** 	    1578, 2096, 1911, 2363, 2658, 2137, 1070, 1737, 2284, 2134,
 515:Core/Src/main.c **** 	    1982, 1485, 1554, 1930, 2949, 2022, 2103, 1691, 2350, 2037,
 516:Core/Src/main.c **** 	    2081, 2115, 1983, 1689, 2015, 2042, 2033, 2056, 2368, 2119,
 517:Core/Src/main.c **** 	    2116, 2108, 1593, 2281, 1959, 1636, 1612, 2050, 1663, 2268,
 518:Core/Src/main.c **** 	    1950, 1879, 1953, 1736, 1744, 2463, 2231, 2264, 2253, 1610,
 519:Core/Src/main.c **** 	    1823, 1967, 2150, 2230, 2020, 2091, 1799, 2040, 2184, 2012,
 520:Core/Src/main.c **** 	    1985, 1973, 1869, 1708, 2018, 1988, 2099, 2116, 2060, 2208,
 521:Core/Src/main.c **** 	    1873, 1870, 2107, 2022, 2133, 1888, 2175, 2144, 2163, 1993,
 522:Core/Src/main.c **** 	    1939, 2010, 1978, 1941, 2096, 2037, 2131, 2121, 2125, 2050,
 523:Core/Src/main.c **** 	    1843, 1946, 1938, 2226, 2143, 2072, 2040, 2131, 1981, 2056,
 524:Core/Src/main.c **** 	    1989, 2115, 2144, 2079, 1955, 1902, 2016, 2120, 1962, 1947,
 525:Core/Src/main.c **** 	    2116, 1987, 1903, 2048, 2056, 2224, 2030, 1986, 1937, 1916,
 526:Core/Src/main.c **** 	    2113, 2097, 2143, 2139, 2124, 2020, 1961, 1990, 1964, 2132,
 527:Core/Src/main.c **** 	    2010, 2081, 2020, 2150, 1983, 2021, 2027, 2071, 1985, 2062,
 528:Core/Src/main.c **** 	    2158, 2046, 2070, 1994, 2027, 1940, 1954, 2027, 2096, 2085,
 529:Core/Src/main.c **** 	    2019, 2146, 2063, 2051, 1993, 2008, 2053, 1966, 1992, 2028,
 530:Core/Src/main.c **** 	    2005, 2111, 2069, 2037, 1981, 2042, 2008, 2070, 2031, 2034,
 531:Core/Src/main.c **** 	    2105, 2115, 2076, 2025, 1995, 2008, 2067, 2095, 2082, 2021,
 532:Core/Src/main.c **** 	    2036, 2025, 2054, 2048, 2045, 2040, 2029, 2067, 2063, 2051,
 533:Core/Src/main.c **** 	    2044, 2062, 2035, 2017, 2045, 2031, 2045, 2055, 2049, 2072,
 534:Core/Src/main.c **** 	    2029, 2056, 2024, 2055, 2074, 2058, 2062, 2061, 2049, 2058,
 535:Core/Src/main.c **** 	    2030, 2043, 2034, 2048, 2065, 2053, 2068, 2043, 2052, 2036,
 536:Core/Src/main.c **** 	    2034, 2046, 2056, 2039, 2054, 2047, 2046, 2048, 2047, 2037,
 537:Core/Src/main.c **** 	    2049, 2039, 2047, 2045, 2044, 2054, 2049, 2054, 2045, 2044,
 538:Core/Src/main.c **** 	    2038, 2050, 2049, 2050, 2047, 2050, 2036, 2039, 2042, 2047,
 539:Core/Src/main.c **** 	    2048, 2051, 2060, 2050, 2049, 2052, 2052, 2047, 2047, 2047,
 540:Core/Src/main.c **** 	    2043, 2045, 2046, 2046, 2050, 2043, 2042, 2035, 2038, 2035,
 541:Core/Src/main.c **** 	    2046, 2035, 2050, 2049, 2048, 2054, 2049, 2037, 2052, 2051,
 542:Core/Src/main.c **** 	    2034, 2051, 2044, 2043, 2046, 2050, 2053, 2049, 2052, 2046,
 543:Core/Src/main.c **** 	    2045, 2047, 2046, 2051, 2020, 1965, 2013, 2041, 2120, 2149,
 544:Core/Src/main.c **** 	    2168, 2040, 2108, 2234, 2243, 2581, 2712, 2132, 1621, 955,
ARM GAS  C:\Users\kaush\AppData\Local\Temp\ccalbX8O.s 			page 11


 545:Core/Src/main.c **** 	    899, 1013, 1140, 1829, 3121, 3823, 3911, 3235, 1711, 389,
 546:Core/Src/main.c **** 	    0, 5, 273, 1580, 2925, 3964, 4095, 4095, 4095, 3355,
 547:Core/Src/main.c **** 	    1961, 759, 233, 138, 824, 1789, 2567, 2901, 2755, 2104,
 548:Core/Src/main.c **** 	    1708, 1501, 909, 562, 355, 342, 621, 831, 1215, 1686,
 549:Core/Src/main.c **** 	    2066, 2183, 2169, 2022, 1663, 1465, 1462, 1634, 2238, 3052,
 550:Core/Src/main.c **** 	    3638, 4095, 4095, 4095, 4094, 4079, 3783, 3339, 2976, 2703,
 551:Core/Src/main.c **** 	    2618, 2645, 2778, 2955, 2933, 2832, 2400, 1792, 1037, 315,
 552:Core/Src/main.c **** 	    0, 0, 0, 0, 0, 2, 235, 515, 729, 866,
 553:Core/Src/main.c **** 	    925, 991, 1172, 1370, 1597, 1871, 2155, 2441, 2741, 3067,
 554:Core/Src/main.c **** 	    3284, 3581, 3854, 4004, 4083, 4072, 3976, 3846, 3696, 3521,
 555:Core/Src/main.c **** 	    3356, 3175, 2948, 2621, 2249, 1869, 1513, 1217, 1019, 917,
 556:Core/Src/main.c **** 	    914, 988, 1117, 1283, 1435, 1626, 1810, 1934, 2011, 2027,
 557:Core/Src/main.c **** 	    1973, 1801, 1582, 1401, 1305, 1328, 1461, 1667, 1870, 2042,
 558:Core/Src/main.c **** 	    2141, 2152, 2064, 1963, 1918, 1966, 2117, 2318, 2529, 2670,
 559:Core/Src/main.c **** 	    2741, 2734, 2702, 2611, 2552, 2514, 2534, 2549, 2551, 2573,
 560:Core/Src/main.c **** 	    2579, 2525, 2458, 2361, 2237, 2054, 1876, 1659, 1510, 1381,
 561:Core/Src/main.c **** 	    1319, 1296, 1269, 1278, 1265, 1226, 1181, 1134, 1091, 1103,
 562:Core/Src/main.c **** 	    1180, 1303, 1485, 1695, 1891, 2073, 2197, 2314, 2416, 2508,
 563:Core/Src/main.c **** 	    2648, 2807, 2996, 3175, 3320, 3374, 3338, 3232, 3086, 2908,
 564:Core/Src/main.c **** 	    2750, 2600, 2451, 2286, 2113, 1929, 1731, 1554, 1392, 1274,
 565:Core/Src/main.c **** 	    1183, 1150, 1143, 1179, 1216, 1271, 1375, 1481, 1621, 1776,
 566:Core/Src/main.c **** 	    1947, 2105, 2236, 2347, 2416, 2458, 2477, 2478, 2460, 2431,
 567:Core/Src/main.c **** 	    2385, 2307, 2225, 2137, 2055, 1998, 1957, 1946, 1954, 1966,
 568:Core/Src/main.c **** 	    1981, 1984, 1996, 2007, 2021, 2042, 2062, 2083, 2110, 2132,
 569:Core/Src/main.c **** 	    2142, 2143, 2141, 2139, 2137, 2116, 2082, 2032, 1978, 1919,
 570:Core/Src/main.c **** 	    1861, 1821, 1800, 1786, 1786, 1791, 1807, 1830, 1861, 1909,
 571:Core/Src/main.c **** 	    1959, 2009, 2071, 2127, 2189, 2247, 2304, 2358, 2408, 2450,
 572:Core/Src/main.c **** 	    2465, 2446, 2408, 2343, 2264, 2192, 2119, 2070, 2028, 1990,
 573:Core/Src/main.c **** 	    1961, 1923, 1883, 1839, 1796, 1746, 1714, 1674, 1661, 1667,
 574:Core/Src/main.c **** 	    1697, 1752, 1812, 1903, 1963, 2057, 2115, 2177, 2233, 2304,
 575:Core/Src/main.c **** 	    2089, 2107, 2312, 2516, 2280, 2040, 1856, 1866, 1956, 1547,
 576:Core/Src/main.c **** 	    2193, 1631, 2169, 1991, 1623, 2226, 2129, 2100, 1976, 1665,
 577:Core/Src/main.c **** 	    1025, 2616, 3525, 3991, 3329, 1833, 17, 0, 4, 259,
 578:Core/Src/main.c **** 	    2538, 3744, 4095, 4095, 3797, 1364, 4, 0, 0, 350,
 579:Core/Src/main.c **** 	    2155, 4076, 4095, 4095, 4078, 3252, 2048, 872, 392, 793,
 580:Core/Src/main.c **** 	    1055, 2100, 2725, 2718, 2106, 1275, 466, 459, 287, 472,
 581:Core/Src/main.c **** 	    867, 1730, 1731, 1627, 1472, 1699, 1784, 1672, 1625, 1879,
 582:Core/Src/main.c **** 	    1816, 2090, 2646, 2933, 3354, 3813, 3814, 4095, 4093, 4093,
 583:Core/Src/main.c **** 	    4090, 3923, 3857, 3279, 2826, 2639, 2377, 2158, 2291, 2268,
 584:Core/Src/main.c **** 	    2392, 2294, 1615, 751, 0, 0, 0, 0, 1, 0,
 585:Core/Src/main.c **** 	    0, 352, 832, 1211, 1688, 2243, 2463, 2673, 2609, 2591,
 586:Core/Src/main.c **** 	    2379, 2399, 2534, 2634, 2743, 3125, 3311, 3424, 3403, 3356,
 587:Core/Src/main.c **** 	    3130, 3195, 3215, 3374, 3543, 3524, 3340, 3054, 2647, 2000,
 588:Core/Src/main.c **** 	    1403, 950, 583, 479, 576, 703, 884, 1151, 1374, 1565,
 589:Core/Src/main.c **** 	    1647, 1837, 1984, 2160, 2293, 2329, 2341, 2362, 2212, 1993,
 590:Core/Src/main.c **** 	    1867, 1792, 1846, 1957, 2086, 2131, 2233, 2187, 2119, 2084,
 591:Core/Src/main.c **** 	    2079, 2145, 2216, 2289, 2400, 2400, 2413, 2330, 2254, 2212,
 592:Core/Src/main.c **** 	    2164, 2147, 2115, 2185, 2234, 2243, 2214, 2165, 2057, 1923,
 593:Core/Src/main.c **** 	    1751, 1579, 1344, 1159, 1075, 1074, 1168, 1314, 1507, 1655,
 594:Core/Src/main.c **** 	    1806, 1886, 1957, 1990, 2095, 2187, 2347, 2487, 2611, 2721,
 595:Core/Src/main.c **** 	    2777, 2795, 2724, 2625, 2511, 2420, 2366, 2376, 2446, 2514,
 596:Core/Src/main.c **** 	    2557, 2576, 2539, 2440, 2270, 2091, 1943, 1808, 1708, 1621,
 597:Core/Src/main.c **** 	    1567, 1492, 1437, 1369, 1318, 1307, 1324, 1402, 1493, 1605,
 598:Core/Src/main.c **** 	    1717, 1801, 1868, 1915, 1947, 2013, 2095, 2239, 2374, 2503,
 599:Core/Src/main.c **** 	    2609, 2687, 2721, 2680, 2609, 2515, 2417, 2311, 2230, 2164,
 600:Core/Src/main.c **** 	    2100, 2045, 1987, 1932, 1889, 1851, 1831, 1833, 1855, 1893,
 601:Core/Src/main.c **** 	    1913, 1936, 1964, 2003, 2046, 2107, 2143, 2163, 2145, 2122,
ARM GAS  C:\Users\kaush\AppData\Local\Temp\ccalbX8O.s 			page 12


 602:Core/Src/main.c **** 	    2071, 2002, 1939, 1887, 1864, 1868, 1870, 1891, 1888, 1888,
 603:Core/Src/main.c **** 	    1876, 1873, 1872, 1892, 1917, 1956, 1977, 2006, 2025, 2051,
 604:Core/Src/main.c **** 	    2087, 2125, 2184, 2258, 2350, 2420, 2458, 2492, 2488, 2482,
 605:Core/Src/main.c **** 	    2412, 2456, 2423, 2345, 2281, 2240, 2118, 1946, 1899, 1693,
 606:Core/Src/main.c **** 	    1684, 1632, 1541, 1463, 1477, 1472, 1488, 1577, 1609, 1670,
 607:Core/Src/main.c **** 	    1784, 1888, 1964, 2028, 2108, 2154, 2252, 2351, 2359, 2412,
 608:Core/Src/main.c **** 	    2446, 2469, 2454, 2440, 2437, 2384, 2369, 2368, 2337, 2311,
 609:Core/Src/main.c **** 	    2296, 2223, 2124, 1986, 1921, 1819, 1789, 1725, 1686, 1667,
 610:Core/Src/main.c **** 	    1687, 1676, 1713, 1738, 1767, 1830, 1915, 2013, 2053, 2156,
 611:Core/Src/main.c **** 	    2166, 2219, 2246, 2247, 2248, 2239, 2217, 2211, 2173, 2141,
 612:Core/Src/main.c **** 	    2102, 2061, 2032, 1984, 1958, 1934, 1921, 1898, 1875, 1866,
 613:Core/Src/main.c **** 	    1872, 1885, 1910, 1941, 1984, 2054, 2110, 2184, 2223, 2275,
 614:Core/Src/main.c **** 	    2273, 2298, 2290, 2272, 2247, 2238, 2200, 2161, 2125, 2087,
 615:Core/Src/main.c **** 	    2033, 1976, 1940, 1896, 1861, 1837, 1819, 1810, 1808, 1797,
 616:Core/Src/main.c **** 	    1802, 1815, 1848, 1879, 1915, 1946, 1986, 2037, 2079, 2127,
 617:Core/Src/main.c **** 	    2159, 2193, 2225, 2239, 2265, 2267, 2278, 2277, 2260, 2252,
 618:Core/Src/main.c **** 	    2221, 2190, 2165, 2112, 2092, 2058, 2044, 2019, 1993, 1965,
 619:Core/Src/main.c **** 	    1946, 1922, 1908, 1882, 1858, 1851, 1860, 1866, 1882, 1922,
 620:Core/Src/main.c **** 	    1947, 1992, 2018, 2044, 2085, 2113, 2137, 2150, 2163, 2174,
 621:Core/Src/main.c **** 	    2178, 2169, 2153, 2141, 2119, 2105, 2084, 2055, 2032, 2013,
 622:Core/Src/main.c **** 	    1987, 1964, 1953, 1945, 1948, 1949, 1963, 1985, 2010, 2024,
 623:Core/Src/main.c **** 	    2050, 2067, 2087, 2104, 2118, 2124, 2132, 2130, 2129, 2127,
 624:Core/Src/main.c **** 	    2119, 2108, 2101, 2093, 2080, 2059, 2045, 2022, 2001, 1996,
 625:Core/Src/main.c **** 	    1980, 1964, 1952, 1952, 1961, 1956, 1959, 1981, 1995, 2002,
 626:Core/Src/main.c **** 	    2011, 2033, 2051, 2073, 2095, 2104, 2117, 2127, 2119, 2117,
 627:Core/Src/main.c **** 	    2107, 2097, 2087, 2079, 2074, 2074, 2072, 2074, 2069, 2062,
 628:Core/Src/main.c **** 	    2061, 2054, 2042, 2033, 2028, 2022, 2009, 1999, 1998, 1989,
 629:Core/Src/main.c **** 	    1983, 1985, 1988, 1995, 1999, 2009, 2014, 2020, 2021, 2030,
 630:Core/Src/main.c **** 	    2040, 2042, 2047, 2055, 2064, 2072, 2090, 2096, 2102, 2108,
 631:Core/Src/main.c **** 	    2116, 2121, 2124, 2119, 2117, 2114, 2103, 2091, 2081, 2066,
 632:Core/Src/main.c **** 	    2047, 2032, 2015, 2005, 1995, 1985, 1979, 1978, 1977, 1978,
 633:Core/Src/main.c **** 	    1978, 1983, 1991, 1999, 2013, 2017, 2027, 2034, 2047, 2050,
 634:Core/Src/main.c **** 	    2056, 2067, 2075, 2080, 2085, 2089, 2086, 2087, 2085, 2077,
 635:Core/Src/main.c **** 	    2079, 2071, 2062, 2056, 2053, 2050, 2051, 2040, 2039, 2037,
 636:Core/Src/main.c **** 	    2033, 2028, 2032, 2030, 2036, 2042, 2046, 2055, 2061, 2062,
 637:Core/Src/main.c **** 	    2070, 2085, 2066, 2101, 2058, 2137, 2176, 2267, 1892, 2101,
 638:Core/Src/main.c **** 	    2072, 2033, 2070, 1941, 2202, 2515, 1862, 1818, 2132, 1424,
 639:Core/Src/main.c **** 	    1960, 2418, 2538, 2503, 1986, 1983, 1635, 2003, 2579, 1931,
 640:Core/Src/main.c **** 	    1398, 1583, 2481, 2451, 2452, 2291, 2305, 1999, 2049, 2267,
 641:Core/Src/main.c **** 	    1913, 1717, 1925, 1827, 2113, 1864, 2210, 2061, 2231, 1928,
 642:Core/Src/main.c **** 	    2406, 2470, 1949, 1932, 1849, 1902, 1823, 2192, 2214, 2414,
 643:Core/Src/main.c **** 	    2069, 1678, 2125, 2348, 2282, 1896, 2030, 1966, 2062, 1778,
 644:Core/Src/main.c **** 	    1863, 2073, 2263, 1991, 2045, 1946, 1990, 2259, 2208, 2108,
 645:Core/Src/main.c **** 	    2010, 1803, 1818, 1821, 1978, 2147, 2229, 2034, 2150, 2069,
 646:Core/Src/main.c **** 	    1974, 1986, 1920, 2063, 2019, 1983, 2116, 2077, 2064, 2090,
 647:Core/Src/main.c **** 	    2152, 2114, 2030, 1847, 2064, 2076, 2063, 2208, 2008, 1995,
 648:Core/Src/main.c **** 	    1933, 2001, 2064, 2073, 2093, 2039, 2066, 1934, 2035, 2010,
 649:Core/Src/main.c **** 	    2112, 1969, 2090, 2075, 2011, 2100, 2079, 2057, 2042, 1978,
 650:Core/Src/main.c **** 	    2004, 2056, 2040, 2175, 2123, 2100, 2020, 2062, 2073, 2038,
 651:Core/Src/main.c **** 	    2079, 2171, 1986, 1888, 1962, 1981, 2081, 2055, 2077, 2121,
 652:Core/Src/main.c **** 	    1990, 1998, 1998, 1999, 2035, 1987, 2033, 2022, 2022, 2062,
 653:Core/Src/main.c **** 	    2134, 2121, 2033, 2015, 2009, 2086, 2027, 2068, 2007, 2138,
 654:Core/Src/main.c **** 	    2103, 2035, 2024, 2012, 2087, 2019, 2007, 1998, 2010, 2121,
 655:Core/Src/main.c **** 	    2091, 2089, 2033, 2009, 2010, 2045, 2062, 1977, 2034, 2045,
 656:Core/Src/main.c **** 	    2038, 2056, 2086, 2039, 2059, 2066, 2108, 2109, 2035, 2074,
 657:Core/Src/main.c **** 	    2100, 2084, 2067, 2066, 2089, 2032, 2042, 2014, 2000, 2016,
 658:Core/Src/main.c **** 	    2020, 2067, 2010, 2018, 2003, 1987, 2050, 2034, 2036, 2024,
ARM GAS  C:\Users\kaush\AppData\Local\Temp\ccalbX8O.s 			page 13


 659:Core/Src/main.c **** 	    2048, 2057, 2030, 2046, 2040, 2077, 2041, 2052, 2062, 2047,
 660:Core/Src/main.c **** 	    2055, 2060, 2074, 2051, 2051, 2054, 2057, 2034, 2024, 2013,
 661:Core/Src/main.c **** 	    2027, 2021, 2022, 2020, 2033, 2036, 2033, 2032, 2030, 2053,
 662:Core/Src/main.c **** 	    2044, 2051, 2054, 2061, 2067, 2079, 2082, 2075, 2071, 2075,
 663:Core/Src/main.c **** 	    2072, 2069, 2059, 2060, 2050, 2051, 2049, 2034, 2039, 2037,
 664:Core/Src/main.c **** 	    2032, 2023, 2016, 2021, 2029, 2026, 2017, 2024, 2034, 2041,
 665:Core/Src/main.c **** 	    2040, 2037, 2044, 2049, 2049, 2052, 2054, 2058, 2062, 2063,
 666:Core/Src/main.c **** 	    2056, 2064, 2065, 2064, 2070, 2061, 2059, 2054, 2055, 2046,
 667:Core/Src/main.c **** 	    2043, 2044, 2043, 2046, 2041, 2042, 2042, 2042, 2031, 2036,
 668:Core/Src/main.c **** 	    2037, 2037, 2044, 2034, 2052, 2038, 2038, 2050, 2033, 2089,
 669:Core/Src/main.c **** 	    2025, 2070, 2054, 2076, 1982, 2020, 2100, 2111, 2064, 1999,
 670:Core/Src/main.c **** 	    2065, 2075, 2083, 2116, 2047, 2056, 2027, 2072, 1993, 2030,
 671:Core/Src/main.c **** 	    2051, 2115, 2070, 2062, 2028, 2032, 2069, 2111, 2062, 2120,
 672:Core/Src/main.c **** 	    2065, 2056, 2023, 1992, 2070, 2020, 2022, 2051, 2034, 2056,
 673:Core/Src/main.c **** 	    2055, 2070, 2070, 2018, 2016, 2012, 2026, 2049, 2040, 2045,
 674:Core/Src/main.c **** 	    2017, 2026, 2022, 2040, 2054, 2071, 2047, 2053, 2041, 2055,
 675:Core/Src/main.c **** 	    2087, 2054, 2058, 2030, 2058, 2036, 2031, 2080, 2087, 2035,
 676:Core/Src/main.c **** 	    2038, 2035, 2037, 2034, 2037, 2036, 2075, 2095, 2057, 2070,
 677:Core/Src/main.c **** 	    2061, 2071, 2083, 2014, 2034, 2012, 1992, 2054, 2027, 2038,
 678:Core/Src/main.c **** 	    2050, 2012, 2022, 2047, 2047, 2041, 1951, 2020, 1977, 2031,
 679:Core/Src/main.c **** 	    2054, 2049, 2071, 1965, 2036, 2088, 2046, 2136, 2053, 2003,
 680:Core/Src/main.c **** 	    2007, 2049, 2097, 2050, 2017, 1970, 2043, 2058, 2005, 2064,
 681:Core/Src/main.c **** 	    2004, 2046, 2052, 2004, 2073, 2072, 2145, 2096, 2008, 2079,
 682:Core/Src/main.c **** 	    2111, 2037, 2012, 2062, 2026, 2037, 2073, 2127, 2137, 2089,
 683:Core/Src/main.c **** 	    1982, 2094, 1989, 1957, 2048, 2098, 2116, 2085, 2107, 2032,
 684:Core/Src/main.c **** 	    1969, 2040, 2083, 2083, 2108, 2101, 2017, 2082, 2061, 2008,
 685:Core/Src/main.c **** 	    2044, 2031, 2073, 2017, 2060, 2050, 2062, 1957, 2041, 2022,
 686:Core/Src/main.c **** 	    2078, 2037, 2046, 2050, 2020, 2022, 2027, 2048, 2029, 2030,
 687:Core/Src/main.c **** 	    2037, 2057, 2063, 2080, 2080, 2057, 2033, 2033, 2052, 2038,
 688:Core/Src/main.c **** 	    2040, 2036, 2037, 2042, 2041, 2042, 2049, 2036, 2033, 2049,
 689:Core/Src/main.c **** 	    2052, 2051, 2052, 2049, 2047, 2058, 2058, 2052, 2051, 2058,
 690:Core/Src/main.c **** 	    2045, 2052, 2046, 2042, 2042, 2050, 2051, 2045, 2049, 2046,
 691:Core/Src/main.c **** 	    2050, 2050, 2041, 2047, 2046, 2050, 2048, 2048, 2053, 2051,
 692:Core/Src/main.c **** 	    2049, 2047, 2051, 2047, 2045, 2045, 2046, 2047, 2047, 2046,
 693:Core/Src/main.c **** 	    2047, 2047, 2048, 2045, 2046, 2046, 2045, 2048, 2048, 2048,
 694:Core/Src/main.c **** 	    2048, 2051, 2050, 2048, 2047, 2048, 2048, 2046, 2042, 2043,
 695:Core/Src/main.c **** 	    2043, 2044, 2045, 2043, 2046, 2046, 2045, 2047, 2044, 2047,
 696:Core/Src/main.c **** 	    2048, 2046, 2047, 2050, 2052, 2054, 2052, 2053, 2050, 2049,
 697:Core/Src/main.c **** 	    2051, 2047, 2049, 2048, 2048, 2048, 2048, 2045, 2053, 2049,
 698:Core/Src/main.c **** 	    2052, 2053, 2030, 2055, 2038, 2062, 2043, 2035, 2059, 2053,
 699:Core/Src/main.c **** 	    2034, 2057, 2052, 2050, 2049, 2042, 2031, 2035, 2061, 2037,
 700:Core/Src/main.c **** 	    2080, 2070, 1941, 431, 776, 2739, 4090, 4078, 2109, 1640,
 701:Core/Src/main.c **** 	    1891, 0, 17, 357, 2562, 4095, 4095, 4095, 3461, 1162,
 702:Core/Src/main.c **** 	    26, 0, 4, 25, 1028, 1414, 4088, 4063, 4064, 4095,
 703:Core/Src/main.c **** 	    3106, 1900, 222, 177, 92, 1275, 2041, 2904, 2978, 3606,
 704:Core/Src/main.c **** 	    3955, 3833, 1511, 2056, 1437, 1141, 1459, 1164, 1964, 2182,
 705:Core/Src/main.c **** 	    2239, 3214, 2583, 1648, 1814, 1830, 2232, 1711, 346, 1693,
 706:Core/Src/main.c **** 	    2763, 2039, 2343, 2785, 2965, 2205, 2183, 1727, 1290, 1157,
 707:Core/Src/main.c **** 	    1618, 2248, 2564, 1559, 1465, 2446, 1377, 1943, 1571, 1956,
 708:Core/Src/main.c **** 	    2513, 1609, 2059, 2628, 3021, 1780, 2142, 1736, 1498, 1221,
 709:Core/Src/main.c **** 	    1426, 2247, 2123, 2009, 2734, 2563, 2514, 2668, 1434, 2416,
 710:Core/Src/main.c **** 	    1775, 1490, 2060, 1816, 2231, 2256, 2342, 2230, 2554, 2320,
 711:Core/Src/main.c **** 	    2326, 2081, 1839, 2091, 1606, 1896, 1983, 2168, 2715, 2563,
 712:Core/Src/main.c **** 	    2525, 2323, 1633, 1295, 1648, 1893, 2428, 1873, 2243, 2929,
 713:Core/Src/main.c **** 	    2582, 2612, 1944, 1468, 1329, 2014, 2172, 2067, 2278, 2614,
 714:Core/Src/main.c **** 	    2507, 2217, 1905, 1604, 1573, 1761, 1678, 2012, 1959, 2233,
 715:Core/Src/main.c **** 	    2457, 2523, 2119, 2209, 1605, 1522, 1716, 1705, 1943, 2075,
ARM GAS  C:\Users\kaush\AppData\Local\Temp\ccalbX8O.s 			page 14


 716:Core/Src/main.c **** 	    2389, 2522, 2183, 2318, 2063, 1794, 1728, 1792, 1678, 2017,
 717:Core/Src/main.c **** 	    2073, 2281, 2449, 2713, 2222, 1783, 1842, 1622, 1647, 1927,
 718:Core/Src/main.c **** 	    2009, 2156, 2488, 2396, 2252, 2139, 1941, 1762, 1676, 1823,
 719:Core/Src/main.c **** 	    1983, 2237, 2343, 2397, 2241, 2220, 2047, 1883, 1807, 1850,
 720:Core/Src/main.c **** 	    1990, 2091, 2106, 2331, 2249, 2211, 2062, 1992, 1932, 1893,
 721:Core/Src/main.c **** 	    1883, 1986, 2052, 2156, 2213, 2243, 2213, 2148, 2103, 1962,
 722:Core/Src/main.c **** 	    1856, 1933, 1887, 1956, 2098, 2146, 2185, 2161, 2048, 2105,
 723:Core/Src/main.c **** 	    1992, 1904, 1916, 1937, 1998, 2067, 2085, 2140, 2147, 2055,
 724:Core/Src/main.c **** 	    1994, 1997, 1930, 1981, 1978, 2027, 2084, 2078, 2097, 2092,
 725:Core/Src/main.c **** 	    2060, 2021, 1968, 1973, 1976, 2009, 2023, 2045, 2105, 2091,
 726:Core/Src/main.c **** 	    2085, 2093, 2036, 2052, 1990, 1990, 2011, 1969, 2026, 2034,
 727:Core/Src/main.c **** 	    2062, 2115, 2090, 2071, 2058, 2037, 2008, 2018, 2025, 2038,
 728:Core/Src/main.c **** 	    2078, 2098, 2089, 2086, 2060, 2058, 2027, 2018, 2017, 2035,
 729:Core/Src/main.c **** 	    2084, 2129, 2132, 2136, 2124, 2090, 2051, 2038, 2020, 2010,
 730:Core/Src/main.c **** 	    2041, 2033, 2046, 2055, 2055, 2044, 2044, 2026, 2015, 1977,
 731:Core/Src/main.c **** 	    1980, 1983, 1995, 2023, 2020, 2032, 2041, 2036, 2013, 2021,
 732:Core/Src/main.c **** 	    2019, 2005, 2056, 2064, 2044, 2081, 2084, 2078, 2080, 2078,
 733:Core/Src/main.c **** 	    2074, 2063, 2043, 2063, 2040, 2035, 2098, 2073, 2099, 2096,
 734:Core/Src/main.c **** 	    2095, 2085, 2050, 2030, 2035, 2052, 2026, 2052, 2048, 2086,
 735:Core/Src/main.c **** 	    2072, 2081, 2020, 2013, 1991, 2000, 2023, 2011, 2065, 2045,
 736:Core/Src/main.c **** 	    2061, 2033, 2047, 2033, 1999, 2018, 2023, 2029, 2066, 2043,
 737:Core/Src/main.c **** 	    2061, 2034, 2060, 2056, 2029, 2010, 2009, 2002, 2025, 2047,
 738:Core/Src/main.c **** 	    2049, 2067, 2085, 2045, 2082, 2057, 2041, 2075, 2056, 2032,
 739:Core/Src/main.c **** 	    2041, 2070, 2071, 2082, 2093, 2082, 2062, 2062, 2066, 2048,
 740:Core/Src/main.c **** 	    2071, 2047, 2083, 2064, 2066, 2069, 2037, 2039, 1995, 2011,
 741:Core/Src/main.c **** 	    1994, 2019, 2038, 2048, 2035, 2065, 2043, 2040, 2046, 2036,
 742:Core/Src/main.c **** 	    2031, 2040, 2033, 2031, 2073, 2043, 2079, 2068, 2056, 2057,
 743:Core/Src/main.c **** 	    2046, 2041, 2038, 2026, 2026, 2064, 2034, 2048, 2034, 2025,
 744:Core/Src/main.c **** 	    2027, 2027, 2037, 2029, 2046, 2038, 2048, 2082, 2056, 2061,
 745:Core/Src/main.c **** 	    2056, 2044, 2053, 2038, 2047, 2060, 2055, 2064, 2068, 2066,
 746:Core/Src/main.c **** 	    2071, 2064, 2042, 2035, 2041, 2036, 2047, 2064, 2045, 2045,
 747:Core/Src/main.c **** 	    2043, 2056, 2061, 2027, 2051, 2048, 2035, 2065, 2047, 2044,
 748:Core/Src/main.c **** 	    2052, 2047, 2043, 2045, 2042, 2037, 2047, 2041, 2048, 2054,
 749:Core/Src/main.c **** 	    2037, 2046, 2057, 2036, 2037, 2031, 2024, 2050, 2037, 2023,
 750:Core/Src/main.c **** 	    2054, 2046, 2052, 2064, 2051, 2044, 2048, 2032, 2059, 2054,
 751:Core/Src/main.c **** 	    2040, 2064, 2057, 2064, 2057, 2047, 2048, 2050, 2042, 2046,
 752:Core/Src/main.c **** 	    2050, 2047, 2048, 2042, 2046, 2051, 2045, 2045, 2047, 2038,
 753:Core/Src/main.c **** 	    2044, 2038, 2047, 2047, 2056, 2046, 2045, 2056, 2043, 2048,
 754:Core/Src/main.c **** 	    2051, 2042, 2045, 2044, 2042, 2042, 2047, 2038, 2046, 2046,
 755:Core/Src/main.c **** 	    2044, 2055, 2047, 2047, 2050, 2058, 2052, 2048, 2061, 2042,
 756:Core/Src/main.c **** 	    2045, 2055, 2041, 2042, 2047, 2046, 2049, 2051, 2047, 2040,
 757:Core/Src/main.c **** 	    2039, 2044, 2048, 2040, 2043, 2058, 2050, 2041, 2049, 2047,
 758:Core/Src/main.c **** 	    2045, 2050, 2049, 2055, 2059, 2041, 2052, 2044, 2040, 2051,
 759:Core/Src/main.c **** 	    2032, 2049, 2055, 2047, 2053, 2047, 2043, 2042, 2045, 2046,
 760:Core/Src/main.c **** 	    2038, 2034, 2047, 2058, 2039, 2056, 2051, 2048, 2037, 2052,
 761:Core/Src/main.c **** 	    2038, 2058, 2042, 2048, 2069, 2062, 2044, 2052, 2032, 1832,
 762:Core/Src/main.c **** 	    1895, 2048, 2330, 2368, 1767, 1381, 2308, 2463, 4082, 4050,
 763:Core/Src/main.c **** 	    3029, 415, 0, 0, 3, 576, 3715, 4095, 4093, 4091,
 764:Core/Src/main.c **** 	    2836, 247, 14, 0, 0, 1199, 3236, 4090, 4090, 4090,
 765:Core/Src/main.c **** 	    3941, 2996, 1571, 366, 413, 580, 1559, 2454, 2894, 2213,
 766:Core/Src/main.c **** 	    1531, 330, 235, 419, 990, 1379, 1995, 1731, 1830, 1282,
 767:Core/Src/main.c **** 	    1335, 1555, 2149, 1469, 1640, 2091, 2327, 2851, 3201, 3320,
 768:Core/Src/main.c **** 	    3558, 3595, 3524, 3881, 3861, 4095, 4092, 3771, 3599, 2881,
 769:Core/Src/main.c **** 	    2474, 2379, 2250, 2138, 2295, 2105, 1755, 1406, 930, 2,
 770:Core/Src/main.c **** 	    0, 2, 1, 1, 0, 4, 379, 1122, 1108, 1862,
 771:Core/Src/main.c **** 	    2601, 2788, 2831, 2831, 2527, 2469, 2319, 2209, 2844, 3412,
 772:Core/Src/main.c **** 	    3356, 3221, 3056, 3199, 2957, 3039, 3138, 3742, 3610, 3719,
ARM GAS  C:\Users\kaush\AppData\Local\Temp\ccalbX8O.s 			page 15


 773:Core/Src/main.c **** 	    3680, 3799, 3190, 2736, 1778, 1284, 500, 340, 0, 283,
 774:Core/Src/main.c **** 	    541, 1132, 940, 1125, 1257, 1560, 1707, 1875, 1948, 2195,
 775:Core/Src/main.c **** 	    2602, 2971, 2660, 2598, 2430, 2302, 1583, 1880, 1999, 2275,
 776:Core/Src/main.c **** 	    2239, 1971, 2029, 2337, 2175, 2187, 2470, 2575, 2309, 2203,
 777:Core/Src/main.c **** 	    2188, 2096, 2189, 2212, 2122, 2055, 1945, 2065, 1980, 2082,
 778:Core/Src/main.c **** 	    2103, 2167, 2095, 2189, 1822, 1704, 1489, 1246, 1267, 671,
 779:Core/Src/main.c **** 	    1075, 1150, 1252, 1562, 1631, 2049, 1855, 2091, 1997, 2381,
 780:Core/Src/main.c **** 	    2473, 2676, 2835, 3006, 3225, 3052, 3056, 2684, 2760, 2513,
 781:Core/Src/main.c **** 	    2213, 2213, 2383, 2418, 2548, 2325, 2468, 2325, 2209, 1884,
 782:Core/Src/main.c **** 	    1835, 1766, 1820, 1817, 1409, 1232, 1400, 1257, 1245, 1376,
 783:Core/Src/main.c **** 	    1258, 1374, 1572, 1497, 1799, 1859, 1815, 2003, 2075, 2043,
 784:Core/Src/main.c **** 	    2155, 2175, 2375, 2490, 2567, 2643, 2694, 2800, 2744, 2667,
 785:Core/Src/main.c **** 	    2515, 2545, 2411, 2320, 2178, 2299, 2250, 1864, 1995, 1852,
 786:Core/Src/main.c **** 	    1843, 1743, 1748, 1748, 1925, 1855, 1797, 2021, 2199, 2203,
 787:Core/Src/main.c **** 	    2064, 2185, 2258, 2095, 1944, 1794, 1944, 1737, 1739, 1550,
 788:Core/Src/main.c **** 	    1688, 1681, 1750, 1819, 1828, 1840, 1968, 2019, 2129, 2248,
 789:Core/Src/main.c **** 	    2435, 2408, 2482, 2399, 2535, 2504, 2472, 2405, 2528, 2555,
 790:Core/Src/main.c **** 	    2569, 2643, 2330, 2326, 2219, 2102, 2095, 2001, 2063, 1902,
 791:Core/Src/main.c **** 	    1756, 1629, 1753, 1513, 1526, 1344, 1419, 1499, 1566, 1523,
 792:Core/Src/main.c **** 	    1724, 1784, 1828, 1950, 2257, 2292, 2228, 2321, 2444, 2543,
 793:Core/Src/main.c **** 	    2539, 2366, 2497, 2461, 2381, 2234, 2281, 2224, 2205, 2135,
 794:Core/Src/main.c **** 	    1949, 1922, 2017, 1973, 1851, 1940, 1895, 1976, 1969, 1990,
 795:Core/Src/main.c **** 	    1953, 2008, 1968, 1945, 2002, 2148, 2147, 2103, 2069, 2092,
 796:Core/Src/main.c **** 	    2151, 2185, 2107, 2342, 2180, 2216, 1989, 2027, 2124, 2015,
 797:Core/Src/main.c **** 	    2035, 1809, 1868, 1869, 1809, 1629, 1691, 1757, 1783, 1631,
 798:Core/Src/main.c **** 	    1704, 1809, 1997, 1912, 2167, 2216, 2338, 2261, 2278, 2362,
 799:Core/Src/main.c **** 	    2462, 2432, 2442, 2423, 2403, 2419, 2274, 2225, 2273, 2198,
 800:Core/Src/main.c **** 	    2146, 1985, 1922, 1938, 1804, 1636, 1718, 1695, 1599, 1621,
 801:Core/Src/main.c **** 	    1632, 1771, 1936, 1844, 1862, 2033, 2116, 2091, 2092, 2167,
 802:Core/Src/main.c **** 	    2289, 2277, 2180, 2234, 2430, 2378, 2256, 2222, 2304, 2254,
 803:Core/Src/main.c **** 	    2149, 2058, 2038, 2058, 2042, 1860, 1918, 1885, 1915, 1876,
 804:Core/Src/main.c **** 	    1855, 1959, 1894, 1918, 1934, 1965, 1995, 2029, 2037, 2141,
 805:Core/Src/main.c **** 	    2075, 2068, 2036, 2139, 2165, 2212, 2104, 2155, 2181, 2187,
 806:Core/Src/main.c **** 	    2126, 2134, 2113, 2213, 2168, 1967, 1931, 2050, 2067, 1944,
 807:Core/Src/main.c **** 	    1884, 1892, 1920, 1861, 1777, 1886, 1918, 1941, 1975, 1986,
 808:Core/Src/main.c **** 	    2124, 2106, 2085, 2118, 2090, 2173, 2151, 2156, 2220, 2172,
 809:Core/Src/main.c **** 	    2247, 2120, 2100, 2131, 2173, 2045, 2034, 1972, 2056, 1958,
 810:Core/Src/main.c **** 	    1927, 1905, 1974, 1907, 1901, 1875, 1989, 1959, 1967, 1984,
 811:Core/Src/main.c **** 	    2027, 2045, 2038, 2060, 2197, 2077, 2091, 2102, 2079, 2136,
 812:Core/Src/main.c **** 	    2157, 2061, 2095, 2096, 2110, 2062, 2035, 2030, 2062, 2016,
 813:Core/Src/main.c **** 	    1981, 1960, 1987, 1985, 1976, 2008, 1992, 2046, 2043, 2102,
 814:Core/Src/main.c **** 	    2022, 2080, 2069, 2009, 2064, 2058, 2032, 2092, 2038, 2037,
 815:Core/Src/main.c **** 	    1982, 2080, 2050, 2078, 2113, 2156, 2118, 2106, 2011, 2039,
 816:Core/Src/main.c **** 	    2084, 2107, 2061, 2092, 2047, 2084, 2070, 2069, 2054, 2044,
 817:Core/Src/main.c **** 	    1977, 1930, 1996, 1985, 1969, 2038, 2002, 1962, 1980, 1995,
 818:Core/Src/main.c **** 	    2015, 2012, 2056, 2067, 2089, 2060, 2023, 2062, 2029, 2129,
 819:Core/Src/main.c **** 	    2109, 2106, 2081, 2085, 2113, 2124, 2118, 2149, 2106, 2125,
 820:Core/Src/main.c **** 	    2059, 2068, 2040, 2050, 2043, 1997, 2047, 1992, 2019, 2017,
 821:Core/Src/main.c **** 	    1985, 1978, 2022, 1995, 1995, 1982, 2006, 2057, 2060, 2046,
 822:Core/Src/main.c **** 	    2022, 2022, 2015, 2019, 2049, 2069, 2086, 2055, 2055, 2071,
 823:Core/Src/main.c **** 	    2084, 2092, 2064, 2060, 2026, 2013, 2016, 2027, 2045, 2040,
 824:Core/Src/main.c **** 	    2022, 2095, 2073, 2083, 2055, 1980, 1958, 1911, 2121, 1880,
 825:Core/Src/main.c **** 	    2182, 1614, 2149, 2191, 2115, 2151, 1539, 2100, 2060, 2284,
 826:Core/Src/main.c **** 	    1962, 2244, 1449, 2047, 1737, 1578, 1992, 2119, 1999, 1755,
 827:Core/Src/main.c **** 	    1890, 2395, 1592, 1768, 1854, 1891, 2068, 2306, 2301, 1824,
 828:Core/Src/main.c **** 	    2103, 2016, 2497, 1621, 1831, 2100, 2076, 2289, 1985, 1704,
 829:Core/Src/main.c **** 	    1848, 2127, 1540, 1747, 2010, 2068, 2532, 2393, 2390, 1778,
ARM GAS  C:\Users\kaush\AppData\Local\Temp\ccalbX8O.s 			page 16


 830:Core/Src/main.c **** 	    1552, 1993, 2244, 2352, 2429, 2400, 2173, 1929, 1788, 1905,
 831:Core/Src/main.c **** 	    2642, 1944, 1985, 1954, 1925, 1992, 2199, 2141, 1765, 1918,
 832:Core/Src/main.c **** 	    2046, 2043, 2064, 1962, 2188, 2158, 1931, 1979, 1843, 2054,
 833:Core/Src/main.c **** 	    2102, 2127, 2101, 2473, 2369, 2174, 2049, 1888, 2004, 1917,
 834:Core/Src/main.c **** 	    1821, 2127, 2088, 2284, 2118, 2110, 1911, 2013, 2078, 1932,
 835:Core/Src/main.c **** 	    2042, 2165, 2175, 2057, 2012, 1918, 2061, 2043, 2085, 2106,
 836:Core/Src/main.c **** 	    2012, 2097, 2113, 2079, 2047, 1986, 2059, 2002, 1897, 1920,
 837:Core/Src/main.c **** 	    1955, 1997, 2109, 2139, 1991, 1938, 1923, 1943, 2042, 2110,
 838:Core/Src/main.c **** 	    2057, 2162, 2076, 1965, 1961, 1964, 2010, 2043, 2094, 2105,
 839:Core/Src/main.c **** 	    2099, 2012, 2088, 1980, 2013, 1938, 2029, 2135, 2003, 2058,
 840:Core/Src/main.c **** 	    2065, 2130, 2053, 2065, 2002, 2098, 2150, 2117, 2067, 2074,
 841:Core/Src/main.c **** 	    2051, 2005, 2028, 2044, 2004, 2054, 2059, 2060, 2088, 2064,
 842:Core/Src/main.c **** 	    2044, 2004, 1985, 1964, 2001, 2041, 2054, 2055, 2068, 2059,
 843:Core/Src/main.c **** 	    2006, 2004, 1997, 2045, 2034, 2079, 2083, 2047, 2059, 2011,
 844:Core/Src/main.c **** 	    2041, 2034, 2046, 2082, 2083, 2095, 2065, 2036, 2024, 2005,
 845:Core/Src/main.c **** 	    2026, 2030, 2029, 2067, 2043, 2040, 2035, 2048, 2041, 2048,
 846:Core/Src/main.c **** 	    2043, 2038, 2034, 2066, 2076, 2055, 2053, 2049, 2059, 2044,
 847:Core/Src/main.c **** 	    2063, 2040, 2075, 2070, 2048, 2043, 2032, 2018, 2028, 2029,
 848:Core/Src/main.c **** 	    2036, 2029, 2031, 2039, 2022, 2028, 2019, 2017, 2024, 2034,
 849:Core/Src/main.c **** 	    2048, 2053, 2050, 2053, 2048, 2066, 2067, 2062, 2064, 2078,
 850:Core/Src/main.c **** 	    2078, 2081, 2067, 2069, 2059, 2058, 2050, 2042, 2061, 2043,
 851:Core/Src/main.c **** 	    2060, 2041, 2041, 2026, 2035, 2037, 2028, 2036, 2038, 2038,
 852:Core/Src/main.c **** 	    2038, 2049, 2040, 2054, 2037, 2053, 2041, 2063, 2058, 2048,
 853:Core/Src/main.c **** 	    2055, 2055, 2035, 2040, 2044, 2046, 2043, 2054, 2068, 2026,
 854:Core/Src/main.c **** 	    2020, 2039, 2028, 2048, 2082, 2026, 2016, 2022, 1998, 2061,
 855:Core/Src/main.c **** 	    2121, 2106, 2079, 2021, 2044, 2077, 1927, 2145, 2059, 2064,
 856:Core/Src/main.c **** 	    2073, 2022, 1989, 2045, 2079, 2053, 2046, 1976, 2034, 2080,
 857:Core/Src/main.c **** 	    2056, 2036, 2099, 2092, 2049, 1995, 1990, 2088, 2005, 2079,
 858:Core/Src/main.c **** 	    2027, 2046, 2046, 2073, 2020, 2054, 2126, 2035, 2089, 2089,
 859:Core/Src/main.c **** 	    2046, 2035, 2147, 2053, 2019, 2021, 2015, 2070, 2052, 2097,
 860:Core/Src/main.c **** 	    2071, 2056, 2015, 2011, 2023, 2020, 2010, 2077, 2063, 2078,
 861:Core/Src/main.c **** 	    2084, 2060, 2039, 2024, 2051, 2027, 2051, 2057, 2032, 2041,
 862:Core/Src/main.c **** 	    2026, 2018, 2020, 2048, 2062, 2038, 2032, 2044, 2065, 2047,
 863:Core/Src/main.c **** 	    2060, 2034, 2028, 2027, 2048, 2046, 2055, 2068, 2067, 2068,
 864:Core/Src/main.c **** 	    2053, 2055, 2043, 2069, 2062, 2055, 2053, 2063, 2046, 2041,
 865:Core/Src/main.c **** 	    2051, 2038, 2042, 2050, 2043, 2048, 2052, 2048, 2051, 2046,
 866:Core/Src/main.c **** 	    2041, 2044, 2044, 2050, 2047, 2054, 2062, 2045, 2044, 2033,
 867:Core/Src/main.c **** 	    2035, 2040, 2027, 2060, 2034, 2031, 2024, 2021, 2018, 2028,
 868:Core/Src/main.c **** 	    2049, 2037, 2032, 2046, 2051, 2044, 2058, 2044, 2034, 2044,
 869:Core/Src/main.c **** 	    2054, 2053, 2056, 2066, 2074, 2061, 2070, 2055, 2047, 2050,
 870:Core/Src/main.c **** 	    2043, 2055, 2066, 2057, 2059, 2047, 2041, 2040, 2040, 2044,
 871:Core/Src/main.c **** 	    2038, 2052, 2042, 2041, 2045, 2035, 2044, 2042, 2037, 2049,
 872:Core/Src/main.c **** 	    2044, 2039, 2038, 2043, 2044, 2040, 2042, 2044, 2041, 2045,
 873:Core/Src/main.c **** 	    2049, 2054, 2054, 2050, 2050, 2053, 2052, 2049, 2051, 2049,
 874:Core/Src/main.c **** 	    2054, 2057, 2054, 2052, 2047, 2050, 2050, 2056, 2049, 2048,
 875:Core/Src/main.c **** 	    2056, 2052, 2052, 2051, 2054, 2046, 2045, 2047, 2050, 2058,
 876:Core/Src/main.c **** 	    2049, 2053, 2050, 2047, 2048, 2048, 2044, 2045, 2041, 2040,
 877:Core/Src/main.c **** 	    2040, 2039, 2039, 2041, 2042, 2039, 2041, 2040, 2041, 2042,
 878:Core/Src/main.c **** 	    2041, 2042, 2043, 2043, 2048, 2048, 2046, 2046, 2051, 2045,
 879:Core/Src/main.c **** 	    2053, 2051, 2056, 2051, 2050, 2048, 2051, 2050, 2050, 2054,
 880:Core/Src/main.c **** 	    2050, 2049, 2046, 2049, 2044, 2049, 2046, 2047, 2047, 2049,
 881:Core/Src/main.c **** 	    2052, 2051, 2049, 2051, 2048, 2045, 2045, 2047, 2048, 2047,
 882:Core/Src/main.c **** 	    2049, 2049, 2047, 2046, 2048, 2042, 2044, 2041, 2044, 2042,
 883:Core/Src/main.c **** 	    2045, 2042, 2042, 2041, 2043, 2038, 2041, 2042, 2044, 2046,
 884:Core/Src/main.c **** 	    2047, 2049, 2047, 2049, 2051, 2049, 2052, 2056, 2055, 2055,
 885:Core/Src/main.c **** 	    2050, 2055, 2053, 2056, 2051, 2053, 2054, 2052, 2048, 2046,
 886:Core/Src/main.c **** 	    2048, 2044, 2044, 2044, 2041, 2046, 2046, 2039, 2042, 2044,
ARM GAS  C:\Users\kaush\AppData\Local\Temp\ccalbX8O.s 			page 17


 887:Core/Src/main.c **** 	    2040, 2042, 1974, 2007, 1977, 1940, 2221, 1881, 2016, 1998,
 888:Core/Src/main.c **** 	    1983, 1961, 1624, 1152, 2510, 3507, 4048, 3431, 1589, 0,
 889:Core/Src/main.c **** 	    2, 0, 162, 2485, 3921, 4095, 4089, 3683, 1383, 6,
 890:Core/Src/main.c **** 	    0, 8, 443, 2308, 4057, 4093, 4095, 4095, 3205, 2092,
 891:Core/Src/main.c **** 	    811, 338, 880, 1071, 2175, 2712, 2692, 1999, 1127, 371,
 892:Core/Src/main.c **** 	    342, 358, 432, 946, 1733, 1771, 1768, 1462, 1744, 1752,
 893:Core/Src/main.c **** 	    1702, 1660, 1901, 1788, 2139, 2676, 3032, 3312, 3775, 3760,
 894:Core/Src/main.c **** 	    4095, 4094, 4092, 4095, 3886, 3798, 3355, 2825, 2592, 2403,
 895:Core/Src/main.c **** 	    2146, 2265, 2305, 2334, 2261, 1613, 623, 0, 0, 0,
 896:Core/Src/main.c **** 	    0, 0, 0, 2, 378, 875, 1305, 1710, 2236, 2498,
 897:Core/Src/main.c **** 	    2662, 2584, 2523, 2438, 2443, 2573, 2646, 2737, 3135, 3298,
 898:Core/Src/main.c **** 	    3417, 3391, 3341, 3154, 3213, 3208, 3355, 3544, 3511, 3343,
 899:Core/Src/main.c **** 	    3021, 2632, 1984, 1388, 944, 548, 485, 558, 704, 877,
 900:Core/Src/main.c **** 	    1160, 1402, 1545, 1634, 1845, 2008, 2160, 2307, 2340, 2343,
 901:Core/Src/main.c **** 	    2370, 2181, 1999, 1865, 1789, 1859, 1947, 2087, 2129, 2223,
 902:Core/Src/main.c **** 	    2188, 2110, 2092, 2081, 2147, 2228, 2295, 2401, 2412, 2401,
 903:Core/Src/main.c **** 	    2333, 2252, 2198, 2159, 2144, 2118, 2184, 2233, 2237, 2214,
 904:Core/Src/main.c **** 	    2163, 2046, 1924, 1733, 1575, 1336, 1164, 1068, 1078, 1173,
 905:Core/Src/main.c **** 	    1312, 1514, 1659, 1807, 1894, 1954, 1989, 2097, 2197, 2352,
 906:Core/Src/main.c **** 	    2489, 2616, 2723, 2784, 2789, 2717, 2621, 2506, 2418, 2362,
 907:Core/Src/main.c **** 	    2375, 2446, 2515, 2555, 2574, 2538, 2431, 2264, 2086, 1935,
 908:Core/Src/main.c **** 	    1804, 1708, 1622, 1565, 1486, 1437, 1366, 1319, 1308, 1326,
 909:Core/Src/main.c **** 	    1404, 1499, 1610, 1722, 1805, 1871, 1918, 1948, 2018, 2099,
 910:Core/Src/main.c **** 	    2244, 2379, 2508, 2613, 2688, 2720, 2678, 2604, 2511, 2413,
 911:Core/Src/main.c **** 	    2306, 2225, 2162, 2096, 2043, 1984, 1929, 1888, 1849, 1831,
 912:Core/Src/main.c **** 	    1834, 1856, 1894, 1915, 1936, 1964, 2004, 2047, 2108, 2141,
 913:Core/Src/main.c **** 	    2163, 2145, 2118, 2071, 2002, 1934, 1885, 1867, 1868, 1869,
 914:Core/Src/main.c **** 	    1892, 1888, 1888, 1875, 1873, 1871, 1894, 1919, 1956, 1978,
 915:Core/Src/main.c **** 	    2008, 2027, 2051, 2089, 2128, 2188, 2262, 2357, 2419, 2495,
 916:Core/Src/main.c **** 	    2509, 2501, 2518, 2406, 2434, 2422, 2365, 2301, 2231, 2100,
 917:Core/Src/main.c **** 	    1971, 1878, 1730, 1702, 1628, 1568, 1460, 1479, 1485, 1475,
 918:Core/Src/main.c **** 	    1566, 1629, 1694, 1804, 1892, 1960, 2037, 2129, 2185, 2239,
 919:Core/Src/main.c **** 	    2350, 2365, 2425, 2453, 2461, 2442, 2441, 2437, 2392, 2358,
 920:Core/Src/main.c **** 	    2361, 2352, 2316, 2292, 2216, 2111, 1980, 1916, 1814, 1792,
 921:Core/Src/main.c **** 	    1719, 1690, 1666, 1679, 1676, 1692, 1746, 1769, 1839, 1933,
 922:Core/Src/main.c **** 	    2007, 2065, 2152, 2172, 2224, 2249, 2243, 2249, 2243, 2217,
 923:Core/Src/main.c **** 	    2209, 2161, 2146, 2096, 2058, 2024, 1980, 1960, 1934, 1918,
 924:Core/Src/main.c **** 	    1896, 1876, 1867, 1875, 1881, 1915, 1940, 1989, 2057, 2116,
 925:Core/Src/main.c **** 	    2184, 2225, 2278, 2281, 2303, 2291, 2266, 2249, 2233, 2198,
 926:Core/Src/main.c **** 	    2162, 2126, 2082, 2029, 1975, 1937, 1894, 1861, 1835, 1822,
 927:Core/Src/main.c **** 	    1809, 1812, 1795, 1798, 1816, 1855, 1880, 1918, 1950, 1988,
 928:Core/Src/main.c **** 	    2039, 2080, 2128, 2156, 2193, 2225, 2247, 2261, 2269, 2281,
 929:Core/Src/main.c **** 	    2274, 2254, 2252, 2221, 2194, 2165, 2112, 2092, 2055, 2041,
 930:Core/Src/main.c **** 	    2017, 1990, 1964, 1941, 1917, 1911, 1883, 1859, 1854, 1859,
 931:Core/Src/main.c **** 	    1868, 1885, 1922, 1949, 1990, 2019, 2045, 2088, 2118, 2135,
 932:Core/Src/main.c **** 	    2154, 2166, 2174, 2175, 2166, 2153, 2139, 2119, 2105, 2082,
 933:Core/Src/main.c **** 	    2055, 2032, 2010, 1983, 1962, 1952, 1943, 1947, 1947, 1965,
 934:Core/Src/main.c **** 	    1984, 2010, 2024, 2050, 2067, 2091, 2105, 2118, 2124, 2134,
 935:Core/Src/main.c **** 	    2129, 2130, 2126, 2119, 2108, 2103, 2091, 2078, 2057, 2043,
 936:Core/Src/main.c **** 	    2022, 1999, 1996, 1979, 1964, 1951, 1952, 1962, 1956, 1961,
 937:Core/Src/main.c **** 	    1982, 1996, 2001, 2012, 2035, 2052, 2073, 2095, 2105, 2118,
 938:Core/Src/main.c **** 	    2126, 2118, 2116, 2107, 2097, 2087, 2079, 2074, 2074, 2072,
 939:Core/Src/main.c **** 	    2074, 2069, 2062, 2061, 2054, 2042, 2033, 2027, 2024, 2007,
 940:Core/Src/main.c **** 	    1998, 1998, 1989, 1983, 1985, 1988, 1995, 2000, 2009, 2014,
 941:Core/Src/main.c **** 	    2021, 2021, 2030, 2040, 2042, 2048, 2055, 2064, 2073, 2090,
 942:Core/Src/main.c **** 	    2096, 2102, 2108, 2116, 2121, 2122, 2119, 2117, 2114, 2102,
 943:Core/Src/main.c **** 	    2091, 2080, 2066, 2047, 2031, 2015, 2005, 1995, 1986, 1978,
ARM GAS  C:\Users\kaush\AppData\Local\Temp\ccalbX8O.s 			page 18


 944:Core/Src/main.c **** 	    1978, 1977, 1978, 1978, 1983, 1992, 1999, 2013, 2018, 2027,
 945:Core/Src/main.c **** 	    2034, 2047, 2051, 2056, 2067, 2076, 2079, 2085, 2089, 2086,
 946:Core/Src/main.c **** 	    2087, 2085, 2076, 2078, 2071, 2061, 2057, 2053, 2050, 2051,
 947:Core/Src/main.c **** 	    2040, 2039, 2037, 2033, 2027, 2033, 2030, 2036, 2042, 2046,
 948:Core/Src/main.c **** 	    2054, 2062, 2060, 2067, 2083, 2070, 2085, 2075, 2136, 2111,
 949:Core/Src/main.c **** 	    2194, 1958, 2044, 924, 1492, 1788, 1802, 4095, 4094, 500,
 950:Core/Src/main.c **** 	    2661, 3, 0, 337, 1063, 4093, 4090, 4084, 4095, 1522,
 951:Core/Src/main.c **** 	    768, 0, 0, 21, 708, 1463, 3375, 4095, 4095, 4079,
 952:Core/Src/main.c **** 	    3247, 1449, 0, 39, 16, 582, 2127, 2788, 3859, 3517,
 953:Core/Src/main.c **** 	    3963, 3731, 1234, 666, 0, 1385, 1223, 1525, 2184, 3868,
 954:Core/Src/main.c **** 	    2891, 3936, 3426, 1315, 1000, 344, 1847, 1500, 723, 1483,
 955:Core/Src/main.c **** 	    3295, 2556, 2609, 2847, 3101, 2738, 1318, 1160, 1026, 816,
 956:Core/Src/main.c **** 	    744, 2468, 3471, 2132, 2040, 1880, 2086, 1790, 1624, 1645,
 957:Core/Src/main.c **** 	    1585, 1513, 2534, 2843, 2059, 1664, 2077, 1809, 1684, 1780,
 958:Core/Src/main.c **** 	    1717, 1935, 2077, 2464, 2461, 2499, 2270, 2477, 1979, 2219,
 959:Core/Src/main.c **** 	    2131, 1598, 1802, 2277, 2283, 2564, 2079, 2256, 2493, 1683,
 960:Core/Src/main.c **** 	    2420, 1976, 1989, 1713, 1422, 2121, 1780, 2881, 2473, 2331,
 961:Core/Src/main.c **** 	    2417, 1934, 1879, 1352, 1557, 1696, 1963, 2221, 2600, 2205,
 962:Core/Src/main.c **** 	    2595, 2316, 2062, 1756, 1195, 1211, 1555, 2031, 2429, 2634,
 963:Core/Src/main.c **** 	    2521, 2410, 2178, 1806, 1710, 1449, 1631, 1746, 1954, 2151,
 964:Core/Src/main.c **** 	    2334, 2423, 2116, 2052, 1707, 1638, 1674, 1658, 1969, 2073,
 965:Core/Src/main.c **** 	    2366, 2358, 2318, 2216, 2144, 2004, 1740, 1782, 1731, 1771,
 966:Core/Src/main.c **** 	    2061, 2219, 2431, 2466, 2447, 2199, 2009, 1689, 1726, 1736,
 967:Core/Src/main.c **** 	    1808, 2112, 2155, 2371, 2325, 2275, 2101, 1899, 1851, 1759,
 968:Core/Src/main.c **** 	    1864, 1922, 2221, 2326, 2342, 2237, 2196, 2070, 1849, 1821,
 969:Core/Src/main.c **** 	    1913, 2050, 2119, 2269, 2283, 2256, 2146, 2082, 1925, 1878,
 970:Core/Src/main.c **** 	    1894, 1839, 1995, 2078, 2107, 2234, 2231, 2166, 2118, 2026,
 971:Core/Src/main.c **** 	    1905, 1887, 1865, 1968, 2012, 2068, 2148, 2154, 2168, 2159,
 972:Core/Src/main.c **** 	    2022, 1993, 1910, 1915, 1951, 2027, 2064, 2121, 2137, 2106,
 973:Core/Src/main.c **** 	    2040, 1975, 1944, 1932, 1930, 2025, 2066, 2096, 2146, 2133,
 974:Core/Src/main.c **** 	    2093, 2036, 1994, 1929, 1920, 1966, 1994, 2077, 2152, 2136,
 975:Core/Src/main.c **** 	    2146, 2108, 2040, 2009, 1986, 1966, 1991, 1982, 2027, 2078,
 976:Core/Src/main.c **** 	    2084, 2125, 2112, 2074, 2062, 2023, 1994, 2007, 2042, 2063,
 977:Core/Src/main.c **** 	    2083, 2087, 2109, 2091, 2064, 2025, 2013, 1995, 1994, 2022,
 978:Core/Src/main.c **** 	    2048, 2094, 2102, 2112, 2106, 2079, 2032, 2019, 1999, 2014,
 979:Core/Src/main.c **** 	    2003, 2020, 2058, 2066, 2094, 2085, 2070, 2059, 2029, 2025,
 980:Core/Src/main.c **** 	    2012, 2012, 2032, 2029, 2053, 2073, 2054, 2061, 2072, 2041,
 981:Core/Src/main.c **** 	    2039, 2031, 2032, 2034, 2036, 2055, 2046, 2050, 2078, 2057,
 982:Core/Src/main.c **** 	    2039, 2044, 2000, 2002, 2027, 2044, 2076, 2070, 2095, 2081,
 983:Core/Src/main.c **** 	    2046, 2058, 2016, 2002, 2113, 2012, 2070, 2071, 2018, 2035,
 984:Core/Src/main.c **** 	    2078, 2092, 2023, 2041, 2053, 2063, 2024, 2056, 2053, 2007,
 985:Core/Src/main.c **** 	    2060, 2042, 2017, 1971, 2067, 1997, 2025, 2039, 2077, 2091,
 986:Core/Src/main.c **** 	    2081, 2058, 2055, 2061, 2073, 2019, 1999, 2018, 1983, 2069,
 987:Core/Src/main.c **** 	    2056, 2068, 2056, 2089, 2090, 2062, 2081, 2028, 2018, 2004,
 988:Core/Src/main.c **** 	    2036, 2020, 2071, 2080, 2050, 2055, 2046, 2063, 2055, 2059,
 989:Core/Src/main.c **** 	    2032, 2034, 2048, 2048, 2047, 2047, 2061, 2041, 2032, 2024,
 990:Core/Src/main.c **** 	    2032, 2021, 2051, 2060, 2070, 2075, 2038, 2045, 2034, 2042,
 991:Core/Src/main.c **** 	    2031, 2026, 2026, 2032, 2049, 2053, 2056, 2050, 2046, 2035,
 992:Core/Src/main.c **** 	    2052, 2016, 2036, 2041, 2034, 2069, 2060, 2057, 2049, 2054,
 993:Core/Src/main.c **** 	    2042, 2038, 2049, 2036, 2059, 2064, 2074, 2076, 2084, 2070,
 994:Core/Src/main.c **** 	    2055, 2054, 2050, 2027, 2024, 2039, 2042, 2032, 2060, 2055,
 995:Core/Src/main.c **** 	    2036, 2060, 2036, 2031, 2032, 2032, 2036, 2040, 2042, 2046,
 996:Core/Src/main.c **** 	    2041, 2043, 2046, 2037, 2020, 2054, 2041, 2038, 2060, 2047,
 997:Core/Src/main.c **** 	    2063, 2051, 2054, 2038, 2058, 2037, 2047, 2024, 2029, 2071,
 998:Core/Src/main.c **** 	    2037, 2044, 2060, 2055, 2054, 2048, 2031, 2042, 2026, 2035,
 999:Core/Src/main.c **** 	    2046, 2045, 2047, 2047, 2049, 2043, 2059, 2045, 2042, 2056,
1000:Core/Src/main.c **** 	    2045, 2066, 2057, 2070, 2066, 2066, 2067, 2058, 2059, 2054,
ARM GAS  C:\Users\kaush\AppData\Local\Temp\ccalbX8O.s 			page 19


1001:Core/Src/main.c **** 	    2067, 2060, 2060, 2064, 2057, 2054, 2048, 2036, 2025, 2032,
1002:Core/Src/main.c **** 	    2025, 2027, 2020, 2024, 2033, 2027, 2022, 2038, 2026, 2035,
1003:Core/Src/main.c **** 	    2040, 2034, 2052, 2045, 2052, 2061, 2062, 2070, 2058, 2063,
1004:Core/Src/main.c **** 	    2075, 2061, 2068, 2069, 2051, 2067, 2068, 2046, 2045, 2048,
1005:Core/Src/main.c **** 	    2041, 2033, 2032, 2034, 2031, 2024, 2035, 2025, 2016, 2023,
1006:Core/Src/main.c **** 	    2028, 2026, 2023, 2033, 2031, 2026, 2041, 2032, 2038, 2044,
1007:Core/Src/main.c **** 	    2042, 2055, 2040, 2058, 2055, 2046, 2075, 2065, 2075, 2087,
1008:Core/Src/main.c **** 	    2074, 2080, 2074, 2071, 2075, 2062, 2055, 2070, 2059, 2062,
1009:Core/Src/main.c **** 	    2060, 2055, 2048, 2048, 2049, 2038, 2041, 2040, 2044, 2042,
1010:Core/Src/main.c **** 	    2044, 2037, 2044, 2026, 2059, 2058, 1960, 2016, 2033, 2058,
1011:Core/Src/main.c **** 	    1799, 2237, 2134, 2211, 1937, 1748, 2313, 1814, 2444, 1570,
1012:Core/Src/main.c **** 	    2155, 1541, 2621, 1889, 2483, 1764, 1876, 1943, 1846, 2321,
1013:Core/Src/main.c **** 	    2200, 1830, 1521, 1972, 2484, 2435, 1858, 1762, 1646, 1693,
1014:Core/Src/main.c **** 	    1937, 2196, 2079, 2039, 1379, 2113, 1719, 2336, 2074, 2178,
1015:Core/Src/main.c **** 	    2164, 1752, 2534, 2772, 1986, 1272, 1787, 1844, 2236, 2486,
1016:Core/Src/main.c **** 	    2277, 2076, 1914, 1310, 1961, 2089, 2422, 2008, 2107, 1802,
1017:Core/Src/main.c **** 	    2022, 1965, 2018, 2152, 2139, 1835, 1727, 1900, 2246, 2216,
1018:Core/Src/main.c **** 	    2266, 1824, 1777, 1657, 2020, 1946, 2030, 2111, 1943, 2173,
1019:Core/Src/main.c **** 	    2296, 2177, 2019, 2011, 1845, 1966, 2031, 2263, 2116, 2037,
1020:Core/Src/main.c **** 	    2091, 2112, 2035, 2199, 2347, 2125, 1865, 2037, 2012, 1959,
1021:Core/Src/main.c **** 	    2050, 1838, 1899, 2318, 2072, 2199, 1921, 1904, 2017, 2037,
1022:Core/Src/main.c **** 	    2031, 2052, 2150, 2040, 1946, 1918, 2126, 2048, 2164, 2058,
1023:Core/Src/main.c **** 	    2011, 1999, 1963, 1986, 2176, 2027, 2117, 2053, 2020, 1984,
1024:Core/Src/main.c **** 	    2092, 2091, 2071, 1994, 2118, 2038, 1997, 2006, 1967, 2039,
1025:Core/Src/main.c **** 	    2052, 2096, 2069, 2105, 2022, 2076, 2063, 2025, 2076, 2056,
1026:Core/Src/main.c **** 	    2155, 2072, 2072, 2062, 2040, 2033, 1982, 2014, 2040, 2100,
1027:Core/Src/main.c **** 	    2076, 2090, 1988, 1996, 2029, 2046, 2013, 2061, 2016, 2096,
1028:Core/Src/main.c **** 	    2088, 2084, 2089, 2030, 2048, 2108, 2000, 2048, 2032, 2060,
1029:Core/Src/main.c **** 	    2109, 2069, 2069, 2024, 2008, 1977, 2091, 2088, 2039, 2018,
1030:Core/Src/main.c **** 	    2056, 2048, 2045, 2026, 2035, 2010, 2069, 2063, 2105, 2062,
1031:Core/Src/main.c **** 	    2064, 2059, 2066, 2035, 2034, 2060, 2035, 2065, 2047, 2034,
1032:Core/Src/main.c **** 	    2029, 2036, 2044, 2043, 2055, 2036, 2042, 2050, 2064, 2040,
1033:Core/Src/main.c **** 	    2041, 2027, 2049, 2047, 2064, 2058, 2049, 2049, 2058, 2038,
1034:Core/Src/main.c **** 	    2044, 2016, 2049, 2037, 2041, 2038, 2042, 2045, 2057, 2045,
1035:Core/Src/main.c **** 	    2041, 2042, 2035, 2046, 2044, 2050, 2057, 2047, 2044, 2041,
1036:Core/Src/main.c **** 	    2050, 2047, 2059, 2049, 2058, 2055, 2054, 2034, 2044, 2049,
1037:Core/Src/main.c **** 	    2051, 2053, 2049, 2056, 2054, 2056, 2043, 2042, 2048, 2049,
1038:Core/Src/main.c **** 	    2042, 2039, 2047, 2056, 2048, 2053, 2038, 2049, 2039, 2036,
1039:Core/Src/main.c **** 	    2032, 2050, 2040, 2055, 2051, 2041, 2048, 2044, 2043, 2055,
1040:Core/Src/main.c **** 	    2041, 2044, 2050, 2045, 2055, 2048, 2054, 2046, 2053, 2051,
1041:Core/Src/main.c **** 	    2046, 2053, 2044, 2046, 2049, 1983, 1985, 2011, 2011, 2145,
1042:Core/Src/main.c **** 	    2185, 2174, 2064, 2078, 2475, 2318, 2482, 2618, 2172, 1372,
1043:Core/Src/main.c **** 	    846, 1033, 1177, 1059, 2018, 3340, 3845, 3860, 3057, 1483,
1044:Core/Src/main.c **** 	    243, 20, 17, 535, 1830, 3175, 4087, 4090, 4095, 4090,
1045:Core/Src/main.c **** 	    3059, 1680, 598, 164, 224, 958, 1999, 2730, 2860, 2600,
1046:Core/Src/main.c **** 	    1976, 1726, 1335, 895, 555, 245, 383, 691, 894, 1313,
1047:Core/Src/main.c **** 	    1777, 2170, 2206, 2162, 1945, 1563, 1456, 1473, 1709, 2387,
1048:Core/Src/main.c **** 	    3165, 3796, 4095, 4095, 4095, 4095, 4018, 3710, 3250, 2926,
1049:Core/Src/main.c **** 	    2640, 2640, 2670, 2823, 2960, 2907, 2770, 2298, 1655, 895,
1050:Core/Src/main.c **** 	    232, 0, 0, 0, 0, 0, 0, 289, 576, 772,
1051:Core/Src/main.c **** 	    886, 940, 1052, 1202, 1426, 1651, 1946, 2216, 2488, 2809,
1052:Core/Src/main.c **** 	    3105, 3327, 3661, 3886, 4039, 4095, 4076, 3946, 3817, 3678,
1053:Core/Src/main.c **** 	    3484, 3326, 3159, 2884, 2539, 2155, 1777, 1400, 1167, 986,
1054:Core/Src/main.c **** 	    902, 925, 1022, 1161, 1307, 1455, 1678, 1850, 1923, 2024,
1055:Core/Src/main.c **** 	    2017, 1941, 1763, 1522, 1375, 1307, 1343, 1504, 1694, 1915,
1056:Core/Src/main.c **** 	    2078, 2159, 2133, 2044, 1931, 1943, 1994, 2149, 2358, 2562,
1057:Core/Src/main.c **** 	    2693, 2744, 2740, 2667, 2603, 2553, 2524, 2538, 2540, 2566,
ARM GAS  C:\Users\kaush\AppData\Local\Temp\ccalbX8O.s 			page 20


1058:Core/Src/main.c **** 	    2558, 2547, 2520, 2437, 2352, 2202, 2049, 1852, 1636, 1503,
1059:Core/Src/main.c **** 	    1367, 1304, 1290, 1279, 1269, 1242, 1208, 1169, 1120, 1090,
1060:Core/Src/main.c **** 	    1125, 1198, 1330, 1521, 1722, 1933, 2103, 2235, 2338, 2424,
1061:Core/Src/main.c **** 	    2537, 2671, 2840, 3031, 3211, 3326, 3356, 3315, 3210, 3045,
1062:Core/Src/main.c **** 	    2878, 2714, 2578, 2417, 2257, 2078, 1890, 1695, 1516, 1367,
1063:Core/Src/main.c **** 	    1247, 1181, 1145, 1148, 1177, 1218, 1289, 1387, 1509, 1648,
1064:Core/Src/main.c **** 	    1814, 1976, 2132, 2264, 2367, 2429, 2459, 2476, 2474, 2456,
1065:Core/Src/main.c **** 	    2420, 2361, 2293, 2208, 2125, 2045, 1988, 1947, 1947, 1955,
1066:Core/Src/main.c **** 	    1968, 1980, 1990, 2001, 2013, 2025, 2045, 2065, 2089, 2119,
1067:Core/Src/main.c **** 	    2135, 2137, 2143, 2140, 2140, 2134, 2113, 2074, 2022, 1965,
1068:Core/Src/main.c **** 	    1903, 1855, 1818, 1799, 1784, 1788, 1791, 1810, 1835, 1869,
1069:Core/Src/main.c **** 	    1921, 1968, 2023, 2083, 2140, 2200, 2261, 2316, 2367, 2417,
1070:Core/Src/main.c **** 	    2454, 2463, 2441, 2397, 2327, 2250, 2174, 2107, 2061, 2018,
1071:Core/Src/main.c **** 	    1984, 1953, 1913, 1874, 1832, 1783, 1736, 1702, 1672, 1661,
1072:Core/Src/main.c **** 	    1670, 1708, 1758, 1836, 1930, 1978, 2069, 2119, 2185, 2178,
1073:Core/Src/main.c **** 	    2278, 2069, 1911, 2359, 2642, 2484, 1696, 2198, 1479, 2024,
1074:Core/Src/main.c **** 	    1984, 2041, 1836, 2638, 1732, 2569, 1504, 2130, 2934, 1782,
1075:Core/Src/main.c **** 	    1155, 1542, 2953, 3476, 4095, 2660, 722, 0, 0, 0,
1076:Core/Src/main.c **** 	    189, 3099, 4095, 4089, 4084, 3443, 551, 0, 0, 0,
1077:Core/Src/main.c **** 	    794, 2681, 4075, 4085, 4088, 4095, 2964, 1787, 719, 358,
1078:Core/Src/main.c **** 	    826, 997, 2341, 2979, 2493, 2074, 942, 281, 460, 349,
1079:Core/Src/main.c **** 	    604, 1365, 1663, 1823, 1631, 1402, 1672, 1706, 1745, 1569,
1080:Core/Src/main.c **** 	    1783, 1972, 2142, 2656, 3082, 3404, 3853, 3891, 4087, 4073,
1081:Core/Src/main.c **** 	    4095, 4095, 3871, 3678, 3252, 2772, 2579, 2308, 2220, 2206,
1082:Core/Src/main.c **** 	    2228, 2389, 2164, 1422, 507, 0, 0, 0, 11, 0,
1083:Core/Src/main.c **** 	    0, 3, 437, 966, 1289, 1868, 2295, 2558, 2711, 2646,
1084:Core/Src/main.c **** 	    2544, 2370, 2433, 2556, 2635, 2850, 3193, 3296, 3431, 3433,
1085:Core/Src/main.c **** 	    3252, 3242, 3181, 3286, 3350, 3510, 3473, 3342, 2961, 2496,
1086:Core/Src/main.c **** 	    1899, 1241, 843, 551, 488, 643, 695, 931, 1208, 1416,
1087:Core/Src/main.c **** 	    1589, 1743, 1871, 2037, 2164, 2318, 2330, 2366, 2312, 2158,
1088:Core/Src/main.c **** 	    1980, 1791, 1791, 1855, 1984, 2089, 2181, 2234, 2138, 2117,
1089:Core/Src/main.c **** 	    2092, 2083, 2177, 2253, 2300, 2402, 2418, 2388, 2315, 2244,
1090:Core/Src/main.c **** 	    2180, 2157, 2155, 2154, 2219, 2228, 2249, 2195, 2126, 2018,
1091:Core/Src/main.c **** 	    1878, 1721, 1551, 1295, 1156, 1063, 1102, 1202, 1366, 1549,
1092:Core/Src/main.c **** 	    1692, 1828, 1902, 1964, 2013, 2112, 2225, 2365, 2500, 2642,
1093:Core/Src/main.c **** 	    2740, 2804, 2783, 2704, 2588, 2484, 2388, 2352, 2393, 2458,
1094:Core/Src/main.c **** 	    2532, 2560, 2570, 2527, 2400, 2234, 2052, 1902, 1773, 1685,
1095:Core/Src/main.c **** 	    1608, 1551, 1468, 1418, 1354, 1310, 1297, 1339, 1421, 1525,
1096:Core/Src/main.c **** 	    1631, 1746, 1823, 1880, 1927, 1962, 2032, 2116, 2278, 2402,
1097:Core/Src/main.c **** 	    2532, 2625, 2701, 2711, 2664, 2585, 2490, 2388, 2289, 2209,
1098:Core/Src/main.c **** 	    2152, 2083, 2029, 1975, 1920, 1883, 1841, 1833, 1841, 1865,
1099:Core/Src/main.c **** 	    1899, 1920, 1941, 1970, 2012, 2058, 2115, 2147, 2162, 2137,
1100:Core/Src/main.c **** 	    2108, 2051, 1979, 1918, 1882, 1868, 1865, 1869, 1889, 1890,
1101:Core/Src/main.c **** 	    1889, 1873, 1871, 1872, 1899, 1930, 1959, 1983, 2012, 2028,
1102:Core/Src/main.c **** 	    2060, 2098, 2138, 2205, 2291, 2353, 2437, 2418, 2567, 2476,
1103:Core/Src/main.c **** 	    2520, 2418, 2413, 2410, 2283, 2293, 2183, 2091, 1885, 1823,
1104:Core/Src/main.c **** 	    1731, 1656, 1535, 1539, 1462, 1426, 1427, 1499, 1560, 1678,
1105:Core/Src/main.c **** 	    1757, 1801, 1869, 1978, 2030, 2155, 2169, 2247, 2347, 2402,
1106:Core/Src/main.c **** 	    2441, 2424, 2482, 2431, 2428, 2419, 2403, 2363, 2344, 2345,
1107:Core/Src/main.c **** 	    2325, 2279, 2211, 2100, 1963, 1896, 1813, 1753, 1706, 1677,
1108:Core/Src/main.c **** 	    1681, 1685, 1690, 1715, 1721, 1793, 1838, 1945, 2026, 2087,
1109:Core/Src/main.c **** 	    2149, 2180, 2234, 2247, 2258, 2239, 2220, 2207, 2191, 2171,
1110:Core/Src/main.c **** 	    2151, 2091, 2057, 2020, 1974, 1949, 1928, 1909, 1888, 1890,
1111:Core/Src/main.c **** 	    1876, 1883, 1878, 1912, 1952, 1996, 2056, 2129, 2191, 2232,
1112:Core/Src/main.c **** 	    2280, 2291, 2301, 2296, 2271, 2240, 2227, 2189, 2157, 2115,
1113:Core/Src/main.c **** 	    2083, 2016, 1961, 1934, 1880, 1858, 1831, 1829, 1808, 1800,
1114:Core/Src/main.c **** 	    1800, 1806, 1821, 1857, 1889, 1929, 1956, 2006, 2041, 2084,
ARM GAS  C:\Users\kaush\AppData\Local\Temp\ccalbX8O.s 			page 21


1115:Core/Src/main.c **** 	    2134, 2172, 2212, 2225, 2257, 2265, 2281, 2282, 2272, 2255,
1116:Core/Src/main.c **** 	    2233, 2215, 2185, 2156, 2109, 2083, 2057, 2039, 2009, 1981,
1117:Core/Src/main.c **** 	    1961, 1940, 1913, 1899, 1878, 1858, 1854, 1857, 1870, 1897,
1118:Core/Src/main.c **** 	    1922, 1965, 2001, 2027, 2055, 2096, 2117, 2139, 2154, 2172,
1119:Core/Src/main.c **** 	    2179, 2178, 2168, 2149, 2139, 2115, 2098, 2074, 2050, 2031,
1120:Core/Src/main.c **** 	    2006, 1979, 1956, 1949, 1941, 1950, 1952, 1967, 1988, 2014,
1121:Core/Src/main.c **** 	    2027, 2053, 2066, 2091, 2105, 2122, 2123, 2134, 2131, 2133,
1122:Core/Src/main.c **** 	    2125, 2117, 2107, 2096, 2089, 2072, 2052, 2039, 2018, 2002,
1123:Core/Src/main.c **** 	    1992, 1975, 1959, 1954, 1955, 1958, 1956, 1963, 1985, 1996,
1124:Core/Src/main.c **** 	    1996, 2017, 2039, 2057, 2081, 2096, 2111, 2124, 2127, 2120,
1125:Core/Src/main.c **** 	    2115, 2104, 2097, 2089, 2079, 2075, 2076, 2072, 2073, 2065,
1126:Core/Src/main.c **** 	    2061, 2059, 2050, 2042, 2031, 2025, 2020, 2008, 1997, 2000,
1127:Core/Src/main.c **** 	    1989, 1982, 1987, 1992, 1994, 2004, 2009, 2016, 2022, 2026,
1128:Core/Src/main.c **** 	    2029, 2042, 2045, 2048, 2056, 2070, 2081, 2087, 2097, 2103,
1129:Core/Src/main.c **** 	    2110, 2119, 2120, 2123, 2121, 2116, 2114, 2099, 2090, 2080,
1130:Core/Src/main.c **** 	    2064, 2043, 2027, 2013, 2004, 1992, 1983, 1977, 1976, 1976,
1131:Core/Src/main.c **** 	    1979, 1977, 1982, 1995, 2002, 2014, 2021, 2028, 2034, 2048,
1132:Core/Src/main.c **** 	    2052, 2058, 2070, 2076, 2078, 2087, 2087, 2086, 2087, 2082,
1133:Core/Src/main.c **** 	    2076, 2077, 2069, 2059, 2057, 2051, 2050, 2048, 2040, 2040,
1134:Core/Src/main.c **** 	    2037, 2031, 2028, 2032, 2030, 2037, 2043, 2045, 2055, 2063,
1135:Core/Src/main.c **** 	    2062, 2068, 2078, 2107, 2110, 2058, 2031, 2210, 2029, 2075,
1136:Core/Src/main.c **** 	    2228, 2141, 2191, 1846, 2106, 1871, 2332, 1454, 2638, 1565,
1137:Core/Src/main.c **** 	    2070, 2434, 1855, 1195, 1898, 3402, 3588, 4073, 2276, 955,
1138:Core/Src/main.c **** 	    26, 6, 0, 1077, 3703, 4095, 4095, 4095, 2459, 40,
1139:Core/Src/main.c **** 	    5, 0, 0, 1417, 3525, 4092, 4088, 4087, 3650, 2545,
1140:Core/Src/main.c **** 	    1177, 504, 575, 768, 1506, 2558, 3209, 2378, 1623, 792,
1141:Core/Src/main.c **** 	    348, 159, 375, 912, 1541, 1701, 1705, 1637, 1503, 1670,
1142:Core/Src/main.c **** 	    1653, 1621, 1894, 1837, 2072, 2344, 2814, 3364, 3601, 3809,
1143:Core/Src/main.c **** 	    3929, 4062, 4091, 4095, 4087, 3853, 3520, 2906, 2626, 2520,
1144:Core/Src/main.c **** 	    2289, 2234, 2112, 2358, 2216, 1978, 1089, 32, 0, 0,
1145:Core/Src/main.c **** 	    2, 4, 3, 0, 75, 676, 1102, 1458, 2005, 2321,
1146:Core/Src/main.c **** 	    2565, 2628, 2569, 2494, 2418, 2468, 2538, 2761, 2991, 3282,
1147:Core/Src/main.c **** 	    3445, 3420, 3393, 3210, 3282, 3204, 3344, 3384, 3462, 3435,
1148:Core/Src/main.c **** 	    3187, 2832, 2216, 1644, 1012, 670, 521, 522, 655, 782,
1149:Core/Src/main.c **** 	    1048, 1288, 1495, 1629, 1819, 1938, 2132, 2285, 2305, 2370,
1150:Core/Src/main.c **** 	    2383, 2240, 2044, 1891, 1779, 1811, 1917, 2024, 2104, 2227,
1151:Core/Src/main.c **** 	    2227, 2140, 2090, 2089, 2128, 2214, 2289, 2329, 2412, 2420,
1152:Core/Src/main.c **** 	    2361, 2264, 2221, 2185, 2143, 2128, 2186, 2227, 2247, 2216,
1153:Core/Src/main.c **** 	    2191, 2095, 1979, 1821, 1652, 1440, 1221, 1097, 1060, 1132,
1154:Core/Src/main.c **** 	    1267, 1429, 1597, 1764, 1859, 1938, 1989, 2038, 2159, 2282,
1155:Core/Src/main.c **** 	    2430, 2555, 2681, 2769, 2804, 2757, 2658, 2546, 2446, 2370,
1156:Core/Src/main.c **** 	    2365, 2415, 2492, 2546, 2570, 2554, 2486, 2338, 2159, 1998,
1157:Core/Src/main.c **** 	    1847, 1741, 1647, 1584, 1518, 1452, 1392, 1330, 1306, 1305,
1158:Core/Src/main.c **** 	    1374, 1455, 1570, 1670, 1780, 1849, 1893, 1935, 1987, 2058,
1159:Core/Src/main.c **** 	    2181, 2331, 2456, 2581, 2667, 2715, 2699, 2635, 2551, 2451,
1160:Core/Src/main.c **** 	    2346, 2253, 2187, 2129, 2065, 2007, 1957, 1900, 1864, 1833,
1161:Core/Src/main.c **** 	    1831, 1847, 1877, 1906, 1926, 1951, 1985, 2028, 2083, 2136,
1162:Core/Src/main.c **** 	    2161, 2148, 2131, 2094, 2027, 1959, 1900, 1875, 1866, 1866,
1163:Core/Src/main.c **** 	    1882, 1894, 1893, 1881, 1874, 1873, 1883, 1902, 1943, 1970,
1164:Core/Src/main.c **** 	    1997, 2025, 2041, 2073, 2110, 2161, 2229, 2321, 2398, 2425,
1165:Core/Src/main.c **** 	    2487, 2517, 2473, 2460, 2429, 2375, 2361, 2348, 2260, 2170,
1166:Core/Src/main.c **** 	    1984, 1920, 1725, 1707, 1664, 1522, 1471, 1466, 1438, 1479,
1167:Core/Src/main.c **** 	    1594, 1621, 1692, 1734, 1848, 1905, 2028, 2087, 2110, 2233,
1168:Core/Src/main.c **** 	    2353, 2347, 2417, 2447, 2417, 2491, 2445, 2433, 2383, 2394,
1169:Core/Src/main.c **** 	    2367, 2334, 2318, 2316, 2254, 2168, 2047, 1928, 1840, 1812,
1170:Core/Src/main.c **** 	    1713, 1702, 1684, 1678, 1688, 1695, 1712, 1744, 1827, 1884,
1171:Core/Src/main.c **** 	    1981, 2049, 2114, 2149, 2198, 2247, 2247, 2251, 2224, 2228,
ARM GAS  C:\Users\kaush\AppData\Local\Temp\ccalbX8O.s 			page 22


1172:Core/Src/main.c **** 	    2218, 2196, 2173, 2128, 2070, 2037, 2000, 1976, 1947, 1918,
1173:Core/Src/main.c **** 	    1905, 1875, 1874, 1868, 1892, 1884, 1929, 1967, 2026, 2080,
1174:Core/Src/main.c **** 	    2164, 2202, 2259, 2284, 2294, 2307, 2290, 2257, 2238, 2202,
1175:Core/Src/main.c **** 	    2179, 2151, 2093, 2059, 1989, 1944, 1910, 1876, 1846, 1821,
1176:Core/Src/main.c **** 	    1816, 1798, 1802, 1801, 1819, 1839, 1874, 1899, 1943, 1967,
1177:Core/Src/main.c **** 	    2023, 2060, 2105, 2137, 2178, 2216, 2238, 2257, 2268, 2281,
1178:Core/Src/main.c **** 	    2280, 2272, 2252, 2229, 2197, 2174, 2133, 2098, 2072, 2051,
1179:Core/Src/main.c **** 	    2025, 1997, 1968, 1956, 1925, 1913, 1884, 1870, 1853, 1857,
1180:Core/Src/main.c **** 	    1869, 1876, 1908, 1934, 1982, 2013, 2031, 2071, 2104, 2129,
1181:Core/Src/main.c **** 	    2148, 2165, 2174, 2183, 2176, 2161, 2144, 2131, 2109, 2090,
1182:Core/Src/main.c **** 	    2062, 2042, 2017, 1994, 1970, 1959, 1944, 1946, 1949, 1960,
1183:Core/Src/main.c **** 	    1974, 2000, 2023, 2039, 2064, 2081, 2102, 2114, 2123, 2124,
1184:Core/Src/main.c **** 	    2134, 2129, 2132, 2120, 2114, 2101, 2096, 2084, 2063, 2047,
1185:Core/Src/main.c **** 	    2032, 2009, 1995, 1989, 1968, 1955, 1953, 1956, 1957, 1956,
1186:Core/Src/main.c **** 	    1971, 1991, 1995, 2006, 2026, 2045, 2066, 2089, 2102, 2115,
1187:Core/Src/main.c **** 	    2126, 2123, 2118, 2110, 2098, 2094, 2081, 2076, 2074, 2073,
1188:Core/Src/main.c **** 	    2071, 2071, 2068, 2059, 2052, 2048, 2035, 2039, 2020, 2010,
1189:Core/Src/main.c **** 	    2013, 1999, 1991, 1989, 1988, 1989, 1995, 1996, 2009, 2012,
1190:Core/Src/main.c **** 	    2016, 2019, 2029, 2030, 2042, 2048, 2049, 2061, 2071, 2082,
1191:Core/Src/main.c **** 	    2091, 2100, 2110, 2112, 2120, 2122, 2122, 2117, 2113, 2107,
1192:Core/Src/main.c **** 	    2096, 2087, 2072, 2055, 2036, 2020, 2007, 2000, 1984, 1983,
1193:Core/Src/main.c **** 	    1980, 1976, 1978, 1981, 1982, 1987, 1998, 2006, 2017, 2025,
1194:Core/Src/main.c **** 	    2031, 2041, 2048, 2054, 2062, 2072, 2076, 2082, 2088, 2085,
1195:Core/Src/main.c **** 	    2087, 2087, 2080, 2076, 2074, 2065, 2058, 2055, 2052, 2051,
1196:Core/Src/main.c **** 	    2044, 2041, 2040, 2033, 2027, 2030, 2032, 2031, 2041, 2046,
1197:Core/Src/main.c **** 	    2052, 2061, 2061, 2065, 2075, 2080, 2063, 2068, 2050, 2108,
1198:Core/Src/main.c **** 	    2046, 1973, 2058, 1869, 813, 1306, 1621, 4087, 4088, 1265,
1199:Core/Src/main.c **** 	    2457, 181, 0, 4, 491, 3334, 4075, 4095, 4092, 2906,
1200:Core/Src/main.c **** 	    952, 0, 0, 2, 129, 1086, 2055, 4095, 3962, 4051,
1201:Core/Src/main.c **** 	    3962, 2105, 991, 0, 51, 558, 1253, 1963, 3139, 2993,
1202:Core/Src/main.c **** 	    3456, 4052, 3066, 1623, 1842, 417, 702, 1725, 1057, 2234,
1203:Core/Src/main.c **** 	    2081, 2341, 3116, 2817, 1716, 1670, 1593, 2377, 1147, 541,
1204:Core/Src/main.c **** 	    2522, 2796, 2447, 2452, 2608, 2091, 1698, 2093, 1428, 1514,
1205:Core/Src/main.c **** 	    1510, 1555, 2784, 2367, 1496, 2690, 2888, 1667, 975, 1121,
1206:Core/Src/main.c **** 	    1982, 1890, 1905, 2315, 2348, 2386, 2252, 1969, 1629, 1697,
1207:Core/Src/main.c **** 	    1638, 1194, 1980, 2196, 2485, 2564, 2317, 2857, 2409, 1899,
1208:Core/Src/main.c **** 	    2038, 1412, 1588, 2025, 2014, 2694, 2356, 2337, 2314, 2590,
1209:Core/Src/main.c **** 	    1959, 1998, 1913, 1839, 1703, 1641, 2329, 2051, 2513, 2479,
1210:Core/Src/main.c **** 	    2253, 2203, 1950, 1949, 1471, 1249, 1679, 2485, 2790, 2200,
1211:Core/Src/main.c **** 	    1881, 2361, 2592, 1862, 1397, 1269, 1777, 2067, 2003, 2343,
1212:Core/Src/main.c **** 	    2760, 2494, 2328, 1813, 1436, 1618, 1683, 1784, 1721, 2130,
1213:Core/Src/main.c **** 	    2332, 2431, 2334, 2114, 2015, 1622, 1670, 1529, 1707, 2143,
1214:Core/Src/main.c **** 	    2012, 2496, 2494, 2319, 2175, 1922, 1781, 1638, 1580, 1946,
1215:Core/Src/main.c **** 	    2121, 2252, 2535, 2304, 2503, 2001, 2050, 1850, 1680, 1726,
1216:Core/Src/main.c **** 	    1852, 1927, 2166, 2447, 2410, 2442, 2111, 1882, 1731, 1710,
1217:Core/Src/main.c **** 	    1938, 2076, 2185, 2337, 2320, 2278, 2148, 2010, 1893, 1958,
1218:Core/Src/main.c **** 	    1958, 1964, 2059, 2148, 2415, 2272, 2228, 2101, 1957, 1883,
1219:Core/Src/main.c **** 	    1947, 1897, 2014, 2133, 2083, 2243, 2229, 2197, 2115, 2111,
1220:Core/Src/main.c **** 	    1887, 1820, 1924, 1907, 1988, 2100, 2135, 2165, 2147, 2046,
1221:Core/Src/main.c **** 	    2062, 1986, 1898, 1931, 1944, 2034, 2084, 2129, 2158, 2131,
1222:Core/Src/main.c **** 	    2065, 1996, 2002, 1918, 1977, 1987, 2046, 2091, 2116, 2097,
1223:Core/Src/main.c **** 	    2089, 2057, 1995, 1961, 1963, 1979, 1998, 2028, 2053, 2095,
1224:Core/Src/main.c **** 	    2109, 2091, 2084, 2049, 2038, 1987, 1983, 2007, 1988, 2051,
1225:Core/Src/main.c **** 	    2043, 2063, 2105, 2088, 2084, 2053, 2023, 2012, 2024, 2019,
1226:Core/Src/main.c **** 	    2041, 2073, 2102, 2094, 2082, 2052, 2049, 2022, 2028, 2038,
1227:Core/Src/main.c **** 	    2039, 2099, 2131, 2119, 2131, 2116, 2085, 2060, 2044, 2017,
1228:Core/Src/main.c **** 	    2007, 2027, 2040, 2046, 2063, 2066, 2053, 2036, 2025, 2005,
ARM GAS  C:\Users\kaush\AppData\Local\Temp\ccalbX8O.s 			page 23


1229:Core/Src/main.c **** 	    1967, 1993, 1985, 1994, 2023, 2034, 2027, 2033, 2043, 2016,
1230:Core/Src/main.c **** 	    2028, 2025, 2018, 2062, 2051, 2070, 2071, 2080, 2088, 2083,
1231:Core/Src/main.c **** 	    2070, 2084, 2073, 2045, 2069, 2043, 2102, 2087, 2074, 2091,
1232:Core/Src/main.c **** 	    2120, 2100, 2060, 2026, 2063, 2013, 2046, 2074, 2060, 2076,
1233:Core/Src/main.c **** 	    2092, 2106, 2047, 2038, 1994, 2023, 2000, 2043, 2003, 2048,
1234:Core/Src/main.c **** 	    2055, 2080, 2038, 2047, 2024, 2042, 2038, 2023, 2032, 2014,
1235:Core/Src/main.c **** 	    2058, 2019, 2033, 2072, 2046, 2018, 2013, 1987, 2001, 2010,
1236:Core/Src/main.c **** 	    2049, 2031, 2072, 2079, 2063, 2065, 2058, 2049, 2060, 2035,
1237:Core/Src/main.c **** 	    2023, 2053, 2066, 2071, 2072, 2092, 2086, 2045, 2037, 2056,
1238:Core/Src/main.c **** 	    2047, 2074, 2071, 2086, 2057, 2058, 2046, 2028, 2031, 2010,
1239:Core/Src/main.c **** 	    2003, 2011, 2020, 2049, 2051, 2040, 2061, 2039, 2030, 2041,
1240:Core/Src/main.c **** 	    2053, 2037, 2047, 2034, 2051, 2055, 2046, 2082, 2055, 2059,
1241:Core/Src/main.c **** 	    2061, 2045, 2045, 2048, 2025, 2030, 2044, 2035, 2040, 2031,
1242:Core/Src/main.c **** 	    2030, 2026, 2022, 2034, 2031, 2052, 2052, 2056, 2076, 2054,
1243:Core/Src/main.c **** 	    2055, 2053, 2043, 2050, 2048, 2041, 2060, 2059, 2069, 2063,
1244:Core/Src/main.c **** 	    2054, 2073, 2057, 2047, 2033, 2036, 2025, 2046, 2051, 2056,
1245:Core/Src/main.c **** 	    2047, 2036, 2059, 2054, 2029, 2052, 2046, 2026, 2070, 2049,
1246:Core/Src/main.c **** 	    2048, 2062, 2051, 2048, 2047, 2036, 2042, 2043, 2031, 2054,
1247:Core/Src/main.c **** 	    2053, 2045, 2060, 2054, 2036, 2036, 2035, 2037, 2045, 2038,
1248:Core/Src/main.c **** 	    2035, 2060, 2038, 2052, 2070, 2058, 2046, 2045, 2034, 2060,
1249:Core/Src/main.c **** 	    2053, 2041, 2058, 2062, 2062, 2052, 2048, 2052, 2046, 2043,
1250:Core/Src/main.c **** 	    2037, 2050, 2046, 2051, 2049, 2053, 2046, 2040, 2039, 2046,
1251:Core/Src/main.c **** 	    2036, 2035, 2039, 2045, 2050, 2053, 2046, 2050, 2046, 2035,
1252:Core/Src/main.c **** 	    2050, 2045, 2043, 2044, 2045, 2042, 2041, 2043, 2047, 2048,
1253:Core/Src/main.c **** 	    2042, 2045, 2052, 2049, 2048, 2043, 2057, 2046, 2057, 2065,
1254:Core/Src/main.c **** 	    2040, 2054, 2055, 2047, 2047, 2046, 2046, 2051, 2056, 2050,
1255:Core/Src/main.c **** 	    2045, 2043, 2045, 2049, 2039, 2043, 2056, 2046, 2041, 2050,
1256:Core/Src/main.c **** 	    2053, 2040, 2050, 2046, 2050, 2057, 2048, 2056, 2039, 2051,
1257:Core/Src/main.c **** 	    2050, 2028, 2051, 2043, 2048, 2059, 2044, 2049, 2045, 2036,
1258:Core/Src/main.c **** 	    2042, 2038, 2029, 2048, 2050, 2052, 2058, 2049, 2055, 2036,
1259:Core/Src/main.c **** 	    2050, 2046, 2058, 2038, 2052, 2054, 2046, 2055, 2066, 2028,
1260:Core/Src/main.c **** 	    1861, 1926, 2029, 2269, 2264, 1733, 1342, 1915, 2986, 3839,
1261:Core/Src/main.c **** 	    4092, 2629, 230, 0, 4, 1, 1619, 3753, 4095, 4083,
1262:Core/Src/main.c **** 	    4087, 2694, 148, 0, 0, 0, 1828, 3633, 4089, 4095,
1263:Core/Src/main.c **** 	    4095, 3794, 2617, 1300, 284, 542, 581, 1951, 2415, 2509,
1264:Core/Src/main.c **** 	    1958, 1227, 374, 385, 589, 764, 1563, 2076, 1679, 1715,
1265:Core/Src/main.c **** 	    1456, 1562, 1964, 1917, 1547, 1996, 1937, 2643, 2703, 3205,
1266:Core/Src/main.c **** 	    3201, 3557, 3584, 3468, 3712, 4095, 4095, 3875, 4000, 3466,
1267:Core/Src/main.c **** 	    2929, 2552, 2065, 2359, 2109, 2000, 1994, 1669, 1278, 352,
1268:Core/Src/main.c **** 	    3, 0, 0, 0, 0, 6, 5, 619, 1013, 1381,
1269:Core/Src/main.c **** 	    2162, 2561, 2916, 2815, 2684, 2693, 2528, 2424, 2657, 2840,
1270:Core/Src/main.c **** 	    3419, 3195, 3328, 3352, 3428, 3039, 2878, 3000, 3564, 3515,
1271:Core/Src/main.c **** 	    3823, 3839, 3786, 2936, 2434, 1527, 1107, 457, 376, 59,
1272:Core/Src/main.c **** 	    313, 524, 886, 986, 1237, 1211, 1645, 1659, 1844, 1899,
1273:Core/Src/main.c **** 	    2437, 2603, 2903, 2534, 2440, 2492, 2282, 1863, 1811, 2035,
1274:Core/Src/main.c **** 	    2190, 1911, 1977, 2210, 2279, 2330, 2149, 2456, 2558, 2432,
1275:Core/Src/main.c **** 	    2187, 2209, 2294, 2095, 2065, 2146, 1965, 1994, 1905, 1799,
1276:Core/Src/main.c **** 	    1878, 2091, 2000, 2118, 2118, 1827, 1597, 1390, 1249, 968,
1277:Core/Src/main.c **** 	    1017, 1087, 1202, 1446, 1602, 1623, 2014, 1769, 2029, 2084,
1278:Core/Src/main.c **** 	    2323, 2523, 2750, 2899, 3008, 3208, 3134, 2892, 2707, 2635,
1279:Core/Src/main.c **** 	    2478, 2225, 2034, 2303, 2574, 2388, 2376, 2359, 2269, 2191,
1280:Core/Src/main.c **** 	    1896, 1714, 1594, 1786, 1444, 1527, 1346, 1434, 1350, 1355,
1281:Core/Src/main.c **** 	    1211, 1231, 1470, 1442, 1626, 1845, 1744, 2042, 1876, 2174,
1282:Core/Src/main.c **** 	    2119, 2040, 2112, 2170, 2453, 2516, 2611, 2666, 2865, 2733,
1283:Core/Src/main.c **** 	    2671, 2581, 2628, 2490, 2299, 2258, 2146, 2053, 2032, 1812,
1284:Core/Src/main.c **** 	    1861, 1800, 1632, 1811, 1834, 2025, 1876, 1843, 1977, 2177,
1285:Core/Src/main.c **** 	    2122, 2144, 2108, 2367, 2019, 1949, 1851, 1810, 1619, 1587,
ARM GAS  C:\Users\kaush\AppData\Local\Temp\ccalbX8O.s 			page 24


1286:Core/Src/main.c **** 	    1491, 1667, 1677, 1910, 1720, 1816, 1845, 1964, 2014, 2066,
1287:Core/Src/main.c **** 	    2144, 2500, 2323, 2518, 2501, 2497, 2428, 2617, 2432, 2554,
1288:Core/Src/main.c **** 	    2605, 2453, 2446, 2376, 2283, 2232, 2066, 2021, 1905, 1941,
1289:Core/Src/main.c **** 	    1863, 1712, 1666, 1569, 1547, 1390, 1405, 1497, 1569, 1450,
1290:Core/Src/main.c **** 	    1642, 1574, 1887, 1963, 1979, 2158, 2352, 2295, 2299, 2515,
1291:Core/Src/main.c **** 	    2476, 2316, 2399, 2452, 2492, 2288, 2241, 2150, 2222, 2097,
1292:Core/Src/main.c **** 	    2052, 2022, 1944, 1990, 1982, 1919, 1811, 2120, 1834, 1965,
1293:Core/Src/main.c **** 	    1818, 1958, 1958, 1818, 1936, 2013, 2096, 2060, 2011, 2020,
1294:Core/Src/main.c **** 	    2134, 2130, 2133, 2178, 2157, 2258, 2205, 2075, 2081, 2019,
1295:Core/Src/main.c **** 	    2039, 1838, 1781, 1873, 1857, 1746, 1658, 1695, 1798, 1734,
1296:Core/Src/main.c **** 	    1753, 1780, 1984, 1894, 2008, 2108, 2192, 2195, 2265, 2297,
1297:Core/Src/main.c **** 	    2425, 2393, 2428, 2455, 2455, 2433, 2472, 2234, 2183, 2160,
1298:Core/Src/main.c **** 	    2160, 1957, 1942, 1928, 1876, 1727, 1662, 1653, 1724, 1619,
1299:Core/Src/main.c **** 	    1554, 1672, 1636, 1830, 1799, 1886, 2014, 2149, 2031, 2143,
1300:Core/Src/main.c **** 	    2330, 2339, 2253, 2150, 2245, 2386, 2349, 2310, 2221, 2318,
1301:Core/Src/main.c **** 	    2256, 2118, 2062, 2027, 2053, 1901, 1893, 1844, 1962, 1883,
1302:Core/Src/main.c **** 	    1857, 1877, 1939, 1961, 1928, 1901, 2011, 2097, 2034, 2037,
1303:Core/Src/main.c **** 	    2135, 2083, 2101, 2134, 2261, 2174, 2243, 2094, 2124, 2250,
1304:Core/Src/main.c **** 	    2171, 2160, 2027, 2164, 2140, 2067, 2018, 2083, 2075, 2043,
1305:Core/Src/main.c **** 	    1860, 1823, 1944, 1967, 1859, 1835, 1937, 1957, 1959, 1977,
1306:Core/Src/main.c **** 	    1978, 2069, 2065, 2096, 2141, 2220, 2165, 2184, 2172, 2122,
1307:Core/Src/main.c **** 	    2167, 2164, 2141, 2103, 2109, 2155, 2045, 2076, 2045, 1998,
1308:Core/Src/main.c **** 	    1893, 1958, 1899, 1967, 1837, 1883, 1921, 1955, 1938, 2010,
1309:Core/Src/main.c **** 	    2008, 2043, 2017, 2075, 2123, 2147, 2114, 2065, 2085, 2163,
1310:Core/Src/main.c **** 	    2152, 2093, 2087, 2141, 2074, 2104, 2113, 2035, 2003, 2032,
1311:Core/Src/main.c **** 	    1999, 1945, 1979, 1966, 2012, 1988, 1981, 2074, 2057, 2045,
1312:Core/Src/main.c **** 	    2082, 2047, 2074, 2054, 2090, 2043, 2083, 2070, 2016, 2060,
1313:Core/Src/main.c **** 	    2004, 2026, 2079, 2065, 2106, 2052, 2122, 2110, 2070, 2044,
1314:Core/Src/main.c **** 	    2060, 2060, 2094, 2064, 2030, 2093, 2103, 2081, 2081, 2073,
1315:Core/Src/main.c **** 	    2036, 1980, 1961, 1969, 1952, 1992, 2001, 2004, 2006, 1983,
1316:Core/Src/main.c **** 	    2011, 1999, 1990, 2047, 2055, 2057, 2040, 2036, 2019, 2070,
1317:Core/Src/main.c **** 	    2101, 2129, 2124, 2057, 2103, 2093, 2136, 2151, 2157, 2101,
1318:Core/Src/main.c **** 	    2100, 2068, 2091, 2061, 2099, 2021, 2011, 2007, 2006, 2009,
1319:Core/Src/main.c **** 	    2004, 1978, 2017, 2027, 2023, 1966, 1975, 2004, 2025, 2054,
1320:Core/Src/main.c **** 	    2042, 2041, 2035, 2027, 2033, 2062, 2068, 2106, 2031, 2051,
1321:Core/Src/main.c **** 	    2052, 2084, 2074, 2068, 2060, 2022, 2022, 2023, 2031, 2049,
1322:Core/Src/main.c **** 	    2037, 2046, 2113, 2101, 2070, 2110, 2103, 1926, 1995, 2296,
1323:Core/Src/main.c **** 	    2264, 2134, 2023, 2371, 2511, 2312, 2172, 1862, 2043, 1707,
1324:Core/Src/main.c **** 	    1950, 1963, 2436, 2168, 1726, 1723, 2633, 1507, 2189, 2106,
1325:Core/Src/main.c **** 	    1677, 2402, 2105, 2115, 2048, 1871, 2029, 1751, 2079, 2496,
1326:Core/Src/main.c **** 	    1762, 1838, 2207, 1927, 1370, 1655, 2059, 2119, 1698, 2168,
1327:Core/Src/main.c **** 	    2021, 2354, 1663, 2025, 1739, 2040, 1914, 2347, 1722, 1887,
1328:Core/Src/main.c **** 	    1429, 1748, 2328, 2245, 2225, 1802, 2092, 1902, 1732, 2061,
1329:Core/Src/main.c **** 	    2114, 2183, 1998, 1972, 1813, 2022, 2392, 2392, 1866, 2309,
1330:Core/Src/main.c **** 	    1814, 1909, 1968, 1811, 2197, 1821, 2348, 2070, 1954, 2317,
1331:Core/Src/main.c **** 	    2053, 1815, 1553, 1799, 2163, 2554, 2179, 1896, 1834, 2024,
1332:Core/Src/main.c **** 	    1800, 2197, 2265, 2069, 2302, 1954, 2165, 1884, 2039, 1926,
1333:Core/Src/main.c **** 	    1951, 2064, 2148, 2037, 2277, 1884, 2105, 2070, 1984, 2118,
1334:Core/Src/main.c **** 	    2162, 2060, 2064, 2099, 2068, 2153, 2027, 2016, 1861, 1942,
1335:Core/Src/main.c **** 	    1991, 2057, 2137, 2102, 2080, 2094, 1905, 1842, 2088, 2046,
1336:Core/Src/main.c **** 	    2060, 2169, 2168, 2077, 2011, 1919, 1999, 2035, 2027, 2180,
1337:Core/Src/main.c **** 	    2068, 2083, 2046, 2063, 2016, 1970, 1959, 2117, 2085, 2052,
1338:Core/Src/main.c **** 	    2056, 2066, 2170, 2069, 2075, 2021, 2136, 2158, 2114, 2064,
1339:Core/Src/main.c **** 	    2020, 2035, 2009, 2022, 2087, 2018, 2029, 2067, 2058, 2060,
1340:Core/Src/main.c **** 	    2039, 2049, 1968, 1973, 2010, 1999, 2054, 2063, 2055, 2072,
1341:Core/Src/main.c **** 	    2036, 2001, 2003, 2010, 2049, 2054, 2094, 2108, 2079, 2064,
1342:Core/Src/main.c **** 	    2016, 2033, 2020, 2040, 2090, 2081, 2100, 2072, 2034, 2046,
ARM GAS  C:\Users\kaush\AppData\Local\Temp\ccalbX8O.s 			page 25


1343:Core/Src/main.c **** 	    2010, 2045, 2018, 2031, 2051, 2036, 2033, 2028, 2063, 2038,
1344:Core/Src/main.c **** 	    2055, 2047, 2030, 2049, 2076, 2064, 2058, 2055, 2061, 2061,
1345:Core/Src/main.c **** 	    2044, 2069, 2052, 2070, 2076, 2044, 2037, 2026, 2019, 2026,
1346:Core/Src/main.c **** 	    2025, 2039, 2028, 2037, 2035, 2022, 2028, 2028, 2019, 2025,
1347:Core/Src/main.c **** 	    2030, 2048, 2055, 2053, 2057, 2059, 2066, 2069, 2060, 2067,
1348:Core/Src/main.c **** 	    2081, 2071, 2082, 2069, 2065, 2054, 2061, 2046, 2044, 2054,
1349:Core/Src/main.c **** 	    2046, 2055, 2038, 2043, 2023, 2033, 2034, 2039, 2031, 2050,
1350:Core/Src/main.c **** 	    2037, 2038, 2050, 2044, 2047, 2033, 2052, 2050, 2060, 2051,
1351:Core/Src/main.c **** 	    2058, 2045, 2058, 2041, 2036, 2044, 2053, 2045, 2059, 2060,
1352:Core/Src/main.c **** 	    2031, 2014, 2042, 2036, 2050, 2064, 2021, 2004, 1997, 2031,
1353:Core/Src/main.c **** 	    2024, 2101, 2054, 2059, 2059, 2061, 2015, 2112, 2080, 2069,
1354:Core/Src/main.c **** 	    2098, 1986, 2002, 1946, 2000, 2115, 2044, 2001, 2010, 2067,
1355:Core/Src/main.c **** 	    2013, 2078, 2071, 2064, 2044, 2026, 1971, 2044, 2055, 2003,
1356:Core/Src/main.c **** 	    2095, 2037, 2072, 2060, 2025, 2007, 2092, 2046, 2034, 2067,
1357:Core/Src/main.c **** 	    2039, 2081, 2028, 2073, 2030, 2048, 2046, 2037, 2055, 2064,
1358:Core/Src/main.c **** 	    2056, 2087, 2057, 1993, 1993, 2023, 2032, 2036, 2058, 2073,
1359:Core/Src/main.c **** 	    2079, 2042, 2046, 2030, 2045, 2046, 2061, 2065, 2054, 2024,
1360:Core/Src/main.c **** 	    2050, 2013, 2031, 2012, 2053, 2058, 2035, 2038, 2061, 2065,
1361:Core/Src/main.c **** 	    2046, 2046, 2023, 2031, 2036, 2043, 2045, 2053, 2057, 2070,
1362:Core/Src/main.c **** 	    2049, 2060, 2056, 2048, 2083, 2059, 2060, 2058, 2052, 2054,
1363:Core/Src/main.c **** 	    2034, 2040, 2039, 2042, 2045, 2043, 2045, 2045, 2049, 2051,
1364:Core/Src/main.c **** 	    2044, 2037, 2042, 2039, 2048, 2047, 2055, 2056, 2048, 2045,
1365:Core/Src/main.c **** 	    2030, 2036, 2040, 2057, 2057, 2038, 2049, 2037, 2027, 2032,
1366:Core/Src/main.c **** 	    2052, 2020, 2039, 2047, 2037, 2021, 2046, 2039, 2032, 2040,
1367:Core/Src/main.c **** 	    2045, 2058, 2040, 2051, 2051, 2057, 2066, 2063, 2056, 2054,
1368:Core/Src/main.c **** 	    2050, 2050, 2058, 2051, 2053, 2055, 2044, 2044, 2050, 2042,
1369:Core/Src/main.c **** 	    2047, 2037, 2047, 2039, 2039, 2045, 2037, 2039, 2035, 2034,
1370:Core/Src/main.c **** 	    2042, 2040, 2032, 2044, 2035, 2050, 2041, 2048, 2039, 2041,
1371:Core/Src/main.c **** 	    2043, 2046, 2047, 2048, 2045, 2045, 2051, 2047, 2047, 2050,
1372:Core/Src/main.c **** 	    2050, 2052, 2051, 2054, 2056, 2048, 2051, 2047, 2051, 2045,
1373:Core/Src/main.c **** 	    2055, 2056, 2050, 2053, 2055, 2051, 2050, 2044, 2046, 2051,
1374:Core/Src/main.c **** 	    2051, 2052, 2053, 2055, 2049, 2047, 2045, 2044, 2046, 2043,
1375:Core/Src/main.c **** 	    2040, 2038, 2041, 2036, 2044, 2040, 2043, 2042, 2043, 2041,
1376:Core/Src/main.c **** 	    2041, 2039, 2046, 2047, 2047, 2045, 2046, 2045, 2049, 2049,
1377:Core/Src/main.c **** 	    2049, 2050, 2050, 2057, 2051, 2051, 2048, 2048, 2047, 2052,
1378:Core/Src/main.c **** 	    2049, 2050, 2048, 2044, 2046, 2045, 2046, 2046, 2049, 2045,
1379:Core/Src/main.c **** 	    2049, 2049, 2047, 2046, 2049, 2051, 2048, 2047, 2049, 2047,
1380:Core/Src/main.c **** 	    2051, 2047, 2051, 2046, 2046, 2047, 2042, 2041, 2040, 2042,
1381:Core/Src/main.c **** 	    2041, 2045, 2043, 2041, 2039, 2042, 2040, 2040, 2043, 2046,
1382:Core/Src/main.c **** 	    2045, 2048, 2048, 2047, 2047, 2049, 2050, 2051, 2054, 2054,
1383:Core/Src/main.c **** 	    2056, 2053, 2055, 2051, 2053, 2052, 2055, 2053, 2050, 2050,
1384:Core/Src/main.c **** 	    2047, 2048, 2045, 2044, 2039, 2038, 2042, 2046, 2049, 2044,
1385:Core/Src/main.c **** 	    2044, 2045, 2041, 2038, 2064, 2018, 1956, 2025, 1833, 1838,
1386:Core/Src/main.c **** 	    2231, 1787, 2060, 1716, 2391, 1883, 2072, 2391, 1325, 1917,
1387:Core/Src/main.c **** 	    1523, 2156, 2249, 2550, 2210, 1585, 2055, 1798, 2392, 1982,
1388:Core/Src/main.c **** 	    1780, 1717, 2222, 2694, 1999, 1944, 1945, 1776, 2232, 1891,
1389:Core/Src/main.c **** 	    1416, 2621, 1507, 2245, 2147, 1680, 2070, 2386, 2297, 1899,
1390:Core/Src/main.c **** 	    2204, 2300, 2516, 1862, 1663, 2113, 2003, 2215, 2076, 2394,
1391:Core/Src/main.c **** 	    2092, 2043, 1772, 2321, 1757, 2372, 2164, 2222, 2247, 1710,
1392:Core/Src/main.c **** 	    2130, 1926, 1813, 2317, 1851, 1833, 1911, 2142, 2299, 2179,
1393:Core/Src/main.c **** 	    2008, 2042, 1989, 1785, 1850, 1969, 1983, 1991, 2212, 2164,
1394:Core/Src/main.c **** 	    2055, 2030, 1929, 1895, 1942, 2145, 2164, 2122, 2112, 1805,
1395:Core/Src/main.c **** 	    1938, 2016, 2072, 2113, 2007, 1988, 2147, 1934, 2019, 1875,
1396:Core/Src/main.c **** 	    1933, 1999, 1900, 2155, 2204, 1994, 2067, 2073, 2107, 2064,
1397:Core/Src/main.c **** 	    2048, 2026, 2079, 1940, 2053, 2030, 2154, 2039, 2000, 2035,
1398:Core/Src/main.c **** 	    2111, 2013, 2067, 2053, 2066, 2115, 2062, 1982, 1974, 2052,
1399:Core/Src/main.c **** 	    2138, 2055, 2113, 2047, 2065, 1938, 1928, 2018, 1940, 2116,
ARM GAS  C:\Users\kaush\AppData\Local\Temp\ccalbX8O.s 			page 26


1400:Core/Src/main.c **** 	    2036, 2043, 2156, 2047, 2099, 1976, 1992, 1998, 2005, 2111,
1401:Core/Src/main.c **** 	    2052, 2162, 2021, 2112, 2009, 1955, 2027, 2000, 2071, 2131,
1402:Core/Src/main.c **** 	    2129, 2094, 2137, 2018, 2054, 2030, 2021, 2024, 2037, 2163,
1403:Core/Src/main.c **** 	    2119, 2204, 2065, 2017, 2075, 2046, 2107, 1994, 2054, 2091,
1404:Core/Src/main.c **** 	    2057, 2084, 2010, 2011, 2055, 2041, 2039, 2051, 2036, 2128,
1405:Core/Src/main.c **** 	    2027, 1983, 1928, 1939, 2005, 2013, 2085, 2002, 2017, 2111,
1406:Core/Src/main.c **** 	    2046, 2076, 2015, 2065, 2027, 2058, 2022, 1990, 2057, 2062,
1407:Core/Src/main.c **** 	    2075, 2043, 1979, 2043, 2056, 2092, 2031, 2041, 2058, 2000,
1408:Core/Src/main.c **** 	    1979, 1974, 1995, 2004, 2032, 2013, 2088, 2073, 2041, 2020,
1409:Core/Src/main.c **** 	    2041, 2032, 2037, 2031, 2056, 2051, 2069, 2057, 2053, 2027,
1410:Core/Src/main.c **** 	    2031, 2042, 2042, 2051, 2042, 2046, 2053, 2054, 2046, 2056,
1411:Core/Src/main.c **** 	    2049, 2049, 2048, 2049, 2048, 2052, 2053, 2052, 2051, 2054,
1412:Core/Src/main.c **** 	    2054, 2055, 2052, 2058, 2052, 2053, 2051, 2043, 2049, 2042,
1413:Core/Src/main.c **** 	    2055, 2040, 2042, 2042, 2047, 2051, 2055, 2036, 2043, 2039,
1414:Core/Src/main.c **** 	    2039, 2033, 2032, 2048, 2047, 2058, 2047, 2032, 2035, 2044,
1415:Core/Src/main.c **** 	    2047, 2045, 2053, 2058, 2054, 2053, 2042, 2040, 2049, 2053,
1416:Core/Src/main.c **** 	    2049, 2038, 2052, 2009, 2038, 2083, 2047, 2060, 1973, 2063,
1417:Core/Src/main.c **** 	    2041, 2022, 2019, 2064, 2084, 1989, 2104, 2030, 2097, 2046,
1418:Core/Src/main.c **** 	    2061, 2061, 2069, 2033, 1983, 2057, 1984, 2089, 2011, 2011,
1419:Core/Src/main.c **** 	    1992, 2021, 2063, 2130, 2034, 2079, 2080, 2056, 2018, 2023,
1420:Core/Src/main.c **** 	    2045, 1996, 2053, 2035, 2017, 2049, 2106, 2044, 2031, 2064,
1421:Core/Src/main.c **** 	    2055, 2042, 2048, 2038, 2026, 2061, 2045, 2052, 2020, 2036,
1422:Core/Src/main.c **** 	    2055, 2025, 2078, 2078, 2080, 2077, 2049, 2050, 2025, 2015,
1423:Core/Src/main.c **** 	    2021, 2020, 2043, 2069, 2057, 2060, 2053, 2024, 2035, 2025,
1424:Core/Src/main.c **** 	    2049, 2021, 2038, 2018, 2068, 2028, 2033, 2030, 2032, 2042,
1425:Core/Src/main.c **** 	    2032, 2028, 2039, 2055, 2052, 2022, 2051, 2065, 2029, 2071,
1426:Core/Src/main.c **** 	    2090, 2020, 2042, 2039, 2043, 2035, 2030, 2053, 2045, 2052,
1427:Core/Src/main.c **** 	    2006, 2019, 2037, 2104, 2059, 2048, 2044, 2031, 2038, 2011,
1428:Core/Src/main.c **** 	    2031, 2051, 2034, 2030, 2021, 2054, 2037, 2048, 2055, 2071,
1429:Core/Src/main.c **** 	    2043, 2065, 2032, 2095, 2076, 2036, 2034, 2016, 2025, 2059,
1430:Core/Src/main.c **** 	    2067, 2055, 2056, 2020, 2047, 2031, 2043, 2047, 2066, 2044,
1431:Core/Src/main.c **** 	    2040, 2071, 2064, 2025, 2037, 2035, 2023, 2057, 2057, 2061,
1432:Core/Src/main.c **** 	    2078, 2056, 2054, 2030, 2052, 2019, 2052, 2040, 2065, 2028,
1433:Core/Src/main.c **** 	    2035, 2037, 2035, 2047, 2048, 2020, 2022, 2048, 2048, 2054,
1434:Core/Src/main.c **** 	    2046, 2046, 2027, 2038, 2059, 2032, 2062, 2060, 2063, 2048,
1435:Core/Src/main.c **** 	    2036, 2047, 2045, 2034, 2045, 2040, 2053, 2057, 2059, 2046,
1436:Core/Src/main.c **** 	    2054, 2051, 2053, 2053, 2053, 2049, 2041, 2044, 2040, 2048,
1437:Core/Src/main.c **** 	    2032, 2046, 2050, 2049, 2048, 2049, 2052, 2046, 2051, 2034,
1438:Core/Src/main.c **** 	    2035, 2042, 2046, 2042, 2044, 2049, 2053, 2045, 2051, 2047,
1439:Core/Src/main.c **** 	    2043, 2049, 2050, 2047, 2050, 2047, 2050, 2044, 2048, 2048,
1440:Core/Src/main.c **** 	    2048, 2049, 2053, 2048, 2047, 2047, 2044, 2047, 2044, 2047,
1441:Core/Src/main.c **** 	    2047, 2048, 2046, 2047, 2045, 2046, 2044, 2048, 2046, 2046,
1442:Core/Src/main.c **** 	    2043, 2046, 2045, 2049, 2048, 2049, 2046, 2048, 2046, 2044,
1443:Core/Src/main.c **** 	    2047, 2045, 2044, 2045, 2047, 2047, 2051, 2049, 2049, 2047,
1444:Core/Src/main.c **** 	    2046, 2045, 2042, 2040, 2043, 2044, 2047, 2051, 2047, 2050,
1445:Core/Src/main.c **** 	    2048, 2047, 2044, 2045, 2045, 2047, 2042, 2036, 1643, 1979,
1446:Core/Src/main.c **** 	    2042, 2045, 2014, 2056, 2061, 2104, 2045, 1987, 2076, 2011,
1447:Core/Src/main.c **** 	    2101, 2135, 2039, 1810, 204, 1359, 3294, 2491, 4093, 3198,
1448:Core/Src/main.c **** 	    656, 2568, 0, 0, 429, 1845, 4065, 4076, 4095, 3984,
1449:Core/Src/main.c **** 	    1104, 8, 0, 11, 0, 637, 1572, 3917, 4095, 4095,
1450:Core/Src/main.c **** 	    4038, 2792, 1328, 239, 31, 649, 783, 2208, 3842, 3528,
1451:Core/Src/main.c **** 	    3971, 3792, 3337, 1387, 1554, 622, 700, 775, 806, 2977,
1452:Core/Src/main.c **** 	    2943, 3244, 2424, 3442, 853, 598, 1318, 730, 1642, 825,
1453:Core/Src/main.c **** 	    1249, 3071, 2433, 3108, 3309, 2616, 2196, 1186, 1120, 1026,
1454:Core/Src/main.c **** 	    1051, 1887, 2471, 3225, 1542, 2131, 2374, 2014, 2132, 1375,
1455:Core/Src/main.c **** 	    1221, 1396, 1852, 2359, 2332, 2405, 2015, 1971, 1687, 1643,
1456:Core/Src/main.c **** 	    1419, 1788, 1523, 2090, 2335, 2316, 2448, 2241, 2259, 2148,
ARM GAS  C:\Users\kaush\AppData\Local\Temp\ccalbX8O.s 			page 27


1457:Core/Src/main.c **** 	    1967, 2279, 1558, 1859, 2608, 1992, 2924, 1986, 2485, 1997,
1458:Core/Src/main.c **** 	    1750, 2512, 1727, 1750, 2124, 1677, 2087, 2276, 2669, 2836,
1459:Core/Src/main.c **** 	    2171, 2259, 2024, 1660, 1704, 1609, 1813, 2151, 2326, 2717,
1460:Core/Src/main.c **** 	    2367, 2376, 2383, 1990, 1659, 1057, 1397, 1724, 2072, 2386,
1461:Core/Src/main.c **** 	    2669, 2550, 2328, 2099, 1620, 1558, 1470, 1677, 1830, 2206,
1462:Core/Src/main.c **** 	    2182, 2432, 2361, 2227, 1885, 1649, 1643, 1714, 1586, 1940,
1463:Core/Src/main.c **** 	    2136, 2382, 2333, 2233, 2100, 2068, 1909, 1728, 1782, 1710,
1464:Core/Src/main.c **** 	    1906, 2136, 2327, 2389, 2601, 2286, 2140, 2018, 1714, 1819,
1465:Core/Src/main.c **** 	    1820, 1851, 2181, 2243, 2406, 2342, 2247, 2062, 1937, 1841,
1466:Core/Src/main.c **** 	    1811, 1845, 1963, 2281, 2317, 2291, 2219, 2167, 2000, 1814,
1467:Core/Src/main.c **** 	    1807, 1916, 2059, 2176, 2298, 2287, 2213, 2140, 2087, 1920,
1468:Core/Src/main.c **** 	    1899, 1900, 1888, 2019, 2082, 2141, 2237, 2184, 2151, 2136,
1469:Core/Src/main.c **** 	    1982, 1897, 1888, 1855, 1969, 2035, 2102, 2156, 2140, 2158,
1470:Core/Src/main.c **** 	    2134, 1993, 1952, 1937, 1909, 1975, 2047, 2072, 2119, 2137,
1471:Core/Src/main.c **** 	    2071, 2008, 1957, 1937, 1928, 1920, 2035, 2068, 2115, 2108,
1472:Core/Src/main.c **** 	    2119, 2081, 2019, 1978, 1929, 1914, 1988, 2017, 2086, 2154,
1473:Core/Src/main.c **** 	    2125, 2129, 2096, 2037, 2012, 1967, 1983, 1997, 1996, 2041,
1474:Core/Src/main.c **** 	    2073, 2092, 2126, 2100, 2060, 2071, 2016, 2006, 2021, 2042,
1475:Core/Src/main.c **** 	    2072, 2091, 2101, 2117, 2090, 2056, 2014, 2010, 1994, 2013,
1476:Core/Src/main.c **** 	    2026, 2058, 2092, 2089, 2113, 2100, 2074, 2024, 2021, 2005,
1477:Core/Src/main.c **** 	    2002, 2000, 2023, 2053, 2080, 2089, 2082, 2055, 2058, 2025,
1478:Core/Src/main.c **** 	    2021, 2018, 2013, 2033, 2042, 2060, 2067, 2078, 2059, 2058,
1479:Core/Src/main.c **** 	    2054, 2037, 2023, 2044, 2036, 2042, 2057, 2049, 2047, 2062,
1480:Core/Src/main.c **** 	    2071, 2040, 2038, 2017, 2015, 2037, 2051, 2082, 2065, 2100,
1481:Core/Src/main.c **** 	    2082, 2039, 2048, 2022, 2011, 2038, 2064, 2040, 2034, 2045,
1482:Core/Src/main.c **** 	    2055, 2065, 2063, 2068, 2036, 2059, 2048, 1993, 1953, 2023,
1483:Core/Src/main.c **** 	    2034, 2055, 2050, 2038, 2030, 2049, 2022, 2023, 1999, 2046,
1484:Core/Src/main.c **** 	    2061, 2079, 2061, 2104, 2075, 2065, 2012, 1979, 2006, 1985,
1485:Core/Src/main.c **** 	    2042, 2010, 2104, 2080, 2096, 2086, 2085, 2066, 2036, 2023,
1486:Core/Src/main.c **** 	    1998, 2046, 2022, 2090, 2056, 2050, 2066, 2047, 2052, 2029,
1487:Core/Src/main.c **** 	    2076, 2033, 2031, 2047, 2062, 2045, 2044, 2055, 2027, 2047,
1488:Core/Src/main.c **** 	    2023, 2043, 2037, 2045, 2062, 2059, 2079, 2051, 2040, 2038,
1489:Core/Src/main.c **** 	    2044, 2032, 2032, 2019, 2035, 2061, 2044, 2056, 2047, 2048,
1490:Core/Src/main.c **** 	    2037, 2043, 2017, 2045, 2025, 2051, 2069, 2063, 2059, 2060,
1491:Core/Src/main.c **** 	    2060, 2032, 2044, 2034, 2045, 2043, 2072, 2065, 2085, 2086,
1492:Core/Src/main.c **** 	    2070, 2059, 2043, 2044, 2034, 2038, 2037, 2052, 2034, 2062,
1493:Core/Src/main.c **** 	    2049, 2049, 2052, 2040, 2034, 2030, 2045, 2030, 2054, 2047,
1494:Core/Src/main.c **** 	    2061, 2041, 2033, 2045, 2027, 2037, 2038, 2046, 2051, 2059,
1495:Core/Src/main.c **** 	    2039, 2068, 2056, 2045, 2032, 2051, 2056, 2052, 2029, 2039,
1496:Core/Src/main.c **** 	    2079, 2033, 2053, 2061, 2055, 2058, 2051, 2032, 2037, 2028,
1497:Core/Src/main.c **** 	    2044, 2048, 2043, 2037, 2053, 2041, 2047, 2050, 2041, 2046,
1498:Core/Src/main.c **** 	    2054, 2054, 2059, 2054, 2064, 2055, 2067, 2070, 2054, 2058,
1499:Core/Src/main.c **** 	    2047, 2075, 2064, 2062, 2059, 2054, 2060, 2047, 2038, 2030,
1500:Core/Src/main.c **** 	    2028, 2021, 2031, 2027, 2026, 2037, 2025, 2025, 2027, 2029,
1501:Core/Src/main.c **** 	    2036, 2042, 2038, 2059, 2049, 2058, 2061, 2055, 2072, 2055,
1502:Core/Src/main.c **** 	    2073, 2071, 2056, 2075, 2065, 2051, 2060, 2059, 2045, 2051,
1503:Core/Src/main.c **** 	    2046, 2041, 2034, 2023, 2028, 2034, 2024, 2036, 2027, 2024,
1504:Core/Src/main.c **** 	    2032, 2028, 2018, 2024, 2032, 2028, 2033, 2042, 2037, 2036,
1505:Core/Src/main.c **** 	    2041, 2041, 2050, 2040, 2059, 2055, 2049, 2081, 2059, 2070,
1506:Core/Src/main.c **** 	    2080, 2071, 2077, 2072, 2068, 2067, 2064, 2053, 2071, 2051,
1507:Core/Src/main.c **** 	    2062, 2062, 2054, 2053, 2048, 2041, 2039, 2042, 2040, 2045,
1508:Core/Src/main.c **** 	    2036, 2034, 2034, 2048, 2041, 2051, 2032, 2031, 2064, 2050,
1509:Core/Src/main.c **** 	    2160, 1935, 1938, 1886, 2079, 2105, 1634, 2244, 2013, 2313,
1510:Core/Src/main.c **** 	    1684, 2002, 1611, 2079, 1877, 2242, 2586, 2667, 1451, 2188,
1511:Core/Src/main.c **** 	    2185, 2659, 2243, 2016, 1705, 2002, 2511, 2144, 1832, 1909,
1512:Core/Src/main.c **** 	    1887, 1952, 2362, 1997, 2009, 1503, 2436, 2152, 2084, 1929,
1513:Core/Src/main.c **** 	    2315, 2697, 2127, 2327, 1867, 2215, 1914, 1903, 1903, 2027,
ARM GAS  C:\Users\kaush\AppData\Local\Temp\ccalbX8O.s 			page 28


1514:Core/Src/main.c **** 	    1801, 2162, 2451, 1639, 1402, 2096, 2193, 2401, 2177, 1978,
1515:Core/Src/main.c **** 	    2065, 2105, 2011, 2243, 2048, 1979, 2138, 1909, 2051, 2029,
1516:Core/Src/main.c **** 	    2148, 2251, 1914, 1756, 2051, 1904, 1629, 1942, 2389, 2216,
1517:Core/Src/main.c **** 	    2495, 2326, 2140, 1992, 2012, 1912, 2091, 2154, 2239, 2218,
1518:Core/Src/main.c **** 	    1969, 2183, 2028, 2068, 1933, 1976, 2042, 2123, 2113, 2288,
1519:Core/Src/main.c **** 	    2147, 2019, 1869, 2215, 1958, 1953, 2097, 1982, 2176, 2117,
1520:Core/Src/main.c **** 	    1878, 2053, 2088, 2217, 1972, 2026, 2079, 2183, 2031, 1856,
1521:Core/Src/main.c **** 	    2070, 1974, 2015, 2093, 2023, 2040, 2125, 2155, 1935, 1989,
1522:Core/Src/main.c **** 	    2002, 1980, 2079, 2054, 2018, 1989, 2105, 1894, 2018, 2038,
1523:Core/Src/main.c **** 	    2152, 2074, 2068, 2093, 1982, 2065, 2085, 2021, 2043, 1998,
1524:Core/Src/main.c **** 	    1996, 2096, 1995, 2085, 2082, 2062, 2047, 2045, 2052, 2054,
1525:Core/Src/main.c **** 	    2064, 2052, 2072, 2063, 2068, 2023, 2083, 2009, 2035, 1991,
1526:Core/Src/main.c **** 	    2001, 2078, 2057, 2086, 2045, 1996, 2000, 1998, 2083, 2016,
1527:Core/Src/main.c **** 	    2127, 2023, 2069, 2001, 2027, 2016, 2074, 2069, 2062, 2078,
1528:Core/Src/main.c **** 	    2104, 2051, 2070, 2030, 2036, 2039, 2050, 2061, 2073, 2034,
1529:Core/Src/main.c **** 	    2062, 2051, 2047, 2038, 2045, 2024, 2020, 2045, 2046, 2028,
1530:Core/Src/main.c **** 	    2060, 2061, 2023, 2054, 2033, 2036, 2050, 2068, 2056, 2060,
1531:Core/Src/main.c **** 	    2041, 2031, 2042, 2040, 2042, 2048, 2067, 2052, 2062, 2045,
1532:Core/Src/main.c **** 	    2053, 2034, 2040, 2052, 2040, 2045, 2049, 2048, 2056, 2047,
1533:Core/Src/main.c **** 	    2039, 2041, 2042, 2035, 2051, 2043, 2052, 2048, 2054, 2053,
1534:Core/Src/main.c **** 	    2044, 2044, 2042, 2060, 2046, 2053, 2057, 2051, 2040, 2044,
1535:Core/Src/main.c **** 	    2038, 2047, 2048, 2059, 2058, 2056, 2047, 2044, 2041, 2046,
1536:Core/Src/main.c **** 	    2048, 2042, 2041, 2056, 2048, 2046, 2041, 2043, 2048, 2037,
1537:Core/Src/main.c **** 	    2039, 2039, 2048, 2045, 2053, 2048, 2053, 2058, 2040, 2046,
1538:Core/Src/main.c **** 	    2054, 2041, 2051, 2052, 2048, 2055, 2046, 2053, 2049, 2051,
1539:Core/Src/main.c **** 	    2050, 2048, 2052, 2044, 2049, 2041, 1965, 1991, 1997, 2007,
1540:Core/Src/main.c **** 	    2112, 2115, 2109, 2054, 2135, 2370, 2159, 2547, 2605, 1877,
1541:Core/Src/main.c **** 	    1326, 725, 1050, 1304, 1102, 2431, 3453, 3824, 3880, 2738,
1542:Core/Src/main.c **** 	    1023, 0, 0, 1, 825, 2178, 3456, 4095, 4095, 4094,
1543:Core/Src/main.c **** 	    4095, 2791, 1432, 457, 145, 337, 1223, 2216, 2799, 2856,
1544:Core/Src/main.c **** 	    2403, 1881, 1696, 1187, 778, 501, 265, 422, 707, 975,
1545:Core/Src/main.c **** 	    1427, 1886, 2225, 2190, 2112, 1833, 1540, 1447, 1484, 1896,
1546:Core/Src/main.c **** 	    2567, 3358, 3947, 4095, 4093, 4094, 4095, 3937, 3624, 3149,
1547:Core/Src/main.c **** 	    2842, 2641, 2659, 2690, 2895, 2983, 2907, 2707, 2160, 1455,
1548:Core/Src/main.c **** 	    738, 79, 2, 3, 2, 1, 0, 67, 352, 629,
1549:Core/Src/main.c **** 	    812, 903, 948, 1071, 1265, 1477, 1715, 2016, 2311, 2562,
1550:Core/Src/main.c **** 	    2909, 3154, 3416, 3722, 3927, 4062, 4077, 4044, 3932, 3775,
1551:Core/Src/main.c **** 	    3650, 3455, 3278, 3103, 2801, 2434, 2071, 1681, 1364, 1105,
1552:Core/Src/main.c **** 	    971, 903, 936, 1033, 1185, 1337, 1519, 1728, 1868, 1975,
1553:Core/Src/main.c **** 	    2028, 1994, 1910, 1690, 1486, 1362, 1311, 1381, 1553, 1755,
1554:Core/Src/main.c **** 	    1942, 2105, 2171, 2121, 2008, 1936, 1932, 2025, 2218, 2414,
1555:Core/Src/main.c **** 	    2608, 2713, 2745, 2720, 2658, 2581, 2541, 2518, 2549, 2552,
1556:Core/Src/main.c **** 	    2564, 2564, 2546, 2495, 2427, 2308, 2174, 2000, 1794, 1578,
1557:Core/Src/main.c **** 	    1462, 1360, 1286, 1302, 1272, 1273, 1256, 1231, 1156, 1130,
1558:Core/Src/main.c **** 	    1098, 1147, 1241, 1376, 1577, 1776, 1981, 2141, 2252, 2369,
1559:Core/Src/main.c **** 	    2453, 2562, 2724, 2890, 3073, 3244, 3354, 3359, 3305, 3179,
1560:Core/Src/main.c **** 	    3001, 2845, 2697, 2544, 2379, 2211, 2029, 1837, 1658, 1473,
1561:Core/Src/main.c **** 	    1342, 1235, 1183, 1150, 1152, 1190, 1233, 1310, 1419, 1541,
1562:Core/Src/main.c **** 	    1689, 1848, 2019, 2167, 2291, 2382, 2439, 2465, 2477, 2470,
1563:Core/Src/main.c **** 	    2448, 2408, 2348, 2272, 2188, 2103, 2030, 1977, 1946, 1952,
1564:Core/Src/main.c **** 	    1956, 1975, 1984, 1991, 2002, 2010, 2028, 2050, 2072, 2094,
1565:Core/Src/main.c **** 	    2122, 2134, 2138, 2144, 2139, 2137, 2129, 2105, 2064, 2010,
1566:Core/Src/main.c **** 	    1949, 1890, 1847, 1815, 1796, 1782, 1789, 1796, 1819, 1845,
1567:Core/Src/main.c **** 	    1881, 1934, 1982, 2040, 2097, 2156, 2215, 2277, 2333, 2382,
1568:Core/Src/main.c **** 	    2426, 2458, 2461, 2432, 2385, 2309, 2233, 2157, 2095, 2053,
1569:Core/Src/main.c **** 	    2008, 1977, 1945, 1904, 1862, 1820, 1770, 1729, 1694, 1667,
1570:Core/Src/main.c **** 	    1652, 1680, 1720, 1778, 1866, 1940, 2005, 2078, 2127, 2161,
ARM GAS  C:\Users\kaush\AppData\Local\Temp\ccalbX8O.s 			page 29


1571:Core/Src/main.c **** 	    2146, 2149, 1858, 2202, 2360, 2428, 2762, 1876, 2176, 1486,
1572:Core/Src/main.c **** 	    2384, 2154, 2385, 2443, 2003, 2070, 1811, 1915, 2863, 2092,
1573:Core/Src/main.c **** 	    1862, 675, 2056, 1891, 4085, 3346, 2743, 614, 232, 17,
1574:Core/Src/main.c **** 	    21, 612, 3323, 4095, 3969, 4035, 2715, 318, 33, 0,
1575:Core/Src/main.c **** 	    8, 1020, 3016, 4086, 4095, 4095, 3833, 2777, 1412, 376,
1576:Core/Src/main.c **** 	    440, 938, 1293, 2344, 2977, 2382, 1693, 814, 309, 425,
1577:Core/Src/main.c **** 	    398, 703, 1343, 1840, 1846, 1632, 1371, 1811, 1827, 1447,
1578:Core/Src/main.c **** 	    1833, 1921, 1923, 2192, 2922, 3258, 3589, 3851, 3926, 4095,
1579:Core/Src/main.c **** 	    4087, 4095, 4095, 3797, 3543, 3088, 2713, 2454, 2320, 2239,
1580:Core/Src/main.c **** 	    2181, 2344, 2193, 2051, 1322, 137, 1, 0, 0, 0,
1581:Core/Src/main.c **** 	    1, 0, 1, 497, 1127, 1406, 1933, 2372, 2558, 2602,
1582:Core/Src/main.c **** 	    2619, 2447, 2456, 2443, 2556, 2753, 2844, 3215, 3393, 3361,
1583:Core/Src/main.c **** 	    3401, 3240, 3192, 3208, 3260, 3398, 3522, 3417, 3244, 2833,
1584:Core/Src/main.c **** 	    2386, 1738, 1126, 741, 535, 504, 640, 757, 998, 1265,
1585:Core/Src/main.c **** 	    1496, 1608, 1764, 1883, 2089, 2243, 2334, 2359, 2372, 2337,
1586:Core/Src/main.c **** 	    2129, 1894, 1801, 1808, 1880, 2020, 2096, 2191, 2233, 2178,
1587:Core/Src/main.c **** 	    2115, 2085, 2109, 2191, 2254, 2309, 2409, 2416, 2394, 2306,
1588:Core/Src/main.c **** 	    2228, 2190, 2170, 2148, 2163, 2193, 2239, 2236, 2198, 2116,
1589:Core/Src/main.c **** 	    1998, 1867, 1670, 1482, 1246, 1110, 1053, 1121, 1239, 1394,
1590:Core/Src/main.c **** 	    1580, 1721, 1847, 1930, 1985, 2028, 2139, 2259, 2401, 2549,
1591:Core/Src/main.c **** 	    2662, 2754, 2811, 2766, 2679, 2568, 2468, 2389, 2357, 2405,
1592:Core/Src/main.c **** 	    2477, 2538, 2563, 2563, 2508, 2367, 2195, 2028, 1867, 1758,
1593:Core/Src/main.c **** 	    1668, 1595, 1530, 1455, 1401, 1341, 1302, 1306, 1363, 1443,
1594:Core/Src/main.c **** 	    1544, 1651, 1766, 1832, 1889, 1930, 1970, 2043, 2152, 2307,
1595:Core/Src/main.c **** 	    2423, 2555, 2645, 2711, 2703, 2649, 2571, 2471, 2368, 2270,
1596:Core/Src/main.c **** 	    2196, 2139, 2075, 2020, 1967, 1908, 1878, 1835, 1831, 1845,
1597:Core/Src/main.c **** 	    1872, 1900, 1924, 1946, 1980, 2023, 2068, 2124, 2157, 2154,
1598:Core/Src/main.c **** 	    2126, 2090, 2032, 1971, 1913, 1879, 1862, 1864, 1874, 1893,
1599:Core/Src/main.c **** 	    1892, 1883, 1870, 1871, 1877, 1900, 1934, 1963, 1992, 2017,
1600:Core/Src/main.c **** 	    2031, 2066, 2102, 2146, 2212, 2312, 2404, 2421, 2514, 2493,
1601:Core/Src/main.c **** 	    2446, 2474, 2406, 2451, 2340, 2341, 2269, 2245, 2041, 1905,
1602:Core/Src/main.c **** 	    1856, 1710, 1622, 1554, 1546, 1412, 1467, 1522, 1488, 1555,
1603:Core/Src/main.c **** 	    1670, 1724, 1822, 1853, 1982, 2043, 2149, 2210, 2269, 2342,
1604:Core/Src/main.c **** 	    2406, 2439, 2415, 2467, 2449, 2450, 2416, 2413, 2333, 2358,
1605:Core/Src/main.c **** 	    2365, 2305, 2276, 2184, 2069, 1934, 1869, 1795, 1742, 1710,
1606:Core/Src/main.c **** 	    1687, 1677, 1692, 1689, 1714, 1733, 1812, 1881, 1959, 2037,
1607:Core/Src/main.c **** 	    2103, 2143, 2192, 2229, 2259, 2243, 2236, 2235, 2210, 2201,
1608:Core/Src/main.c **** 	    2168, 2127, 2073, 2050, 2018, 1980, 1947, 1928, 1911, 1883,
1609:Core/Src/main.c **** 	    1882, 1865, 1886, 1874, 1925, 1964, 2019, 2076, 2154, 2193,
1610:Core/Src/main.c **** 	    2243, 2283, 2291, 2297, 2286, 2265, 2240, 2215, 2189, 2161,
1611:Core/Src/main.c **** 	    2102, 2057, 1998, 1961, 1919, 1879, 1853, 1826, 1823, 1799,
1612:Core/Src/main.c **** 	    1804, 1802, 1807, 1827, 1865, 1897, 1930, 1962, 2016, 2056,
1613:Core/Src/main.c **** 	    2093, 2141, 2176, 2209, 2232, 2249, 2259, 2269, 2278, 2273,
1614:Core/Src/main.c **** 	    2253, 2232, 2210, 2183, 2146, 2102, 2073, 2045, 2030, 2006,
1615:Core/Src/main.c **** 	    1978, 1958, 1936, 1912, 1896, 1868, 1855, 1852, 1866, 1874,
1616:Core/Src/main.c **** 	    1897, 1929, 1967, 2002, 2029, 2064, 2100, 2122, 2145, 2157,
1617:Core/Src/main.c **** 	    2174, 2178, 2174, 2161, 2152, 2134, 2119, 2094, 2077, 2047,
1618:Core/Src/main.c **** 	    2023, 1998, 1970, 1958, 1947, 1949, 1956, 1955, 1973, 1991,
1619:Core/Src/main.c **** 	    2016, 2035, 2058, 2073, 2096, 2111, 2128, 2127, 2134, 2128,
1620:Core/Src/main.c **** 	    2133, 2123, 2115, 2106, 2093, 2084, 2064, 2050, 2039, 2011,
1621:Core/Src/main.c **** 	    1995, 1988, 1972, 1956, 1952, 1955, 1957, 1955, 1967, 1987,
1622:Core/Src/main.c **** 	    1997, 2002, 2022, 2039, 2060, 2085, 2099, 2114, 2123, 2125,
1623:Core/Src/main.c **** 	    2122, 2112, 2103, 2096, 2086, 2078, 2076, 2075, 2072, 2072,
1624:Core/Src/main.c **** 	    2066, 2058, 2054, 2049, 2037, 2034, 2022, 2015, 2014, 2001,
1625:Core/Src/main.c **** 	    1992, 1989, 1984, 1989, 1995, 1995, 2007, 2012, 2017, 2021,
1626:Core/Src/main.c **** 	    2029, 2028, 2043, 2048, 2047, 2058, 2073, 2081, 2087, 2098,
1627:Core/Src/main.c **** 	    2107, 2112, 2122, 2119, 2123, 2118, 2115, 2110, 2098, 2089,
ARM GAS  C:\Users\kaush\AppData\Local\Temp\ccalbX8O.s 			page 30


1628:Core/Src/main.c **** 	    2078, 2059, 2038, 2023, 2010, 2001, 1987, 1980, 1978, 1976,
1629:Core/Src/main.c **** 	    1978, 1981, 1979, 1986, 1996, 2005, 2015, 2024, 2030, 2037,
1630:Core/Src/main.c **** 	    2048, 2052, 2060, 2071, 2075, 2081, 2088, 2086, 2086, 2087,
1631:Core/Src/main.c **** 	    2081, 2074, 2074, 2066, 2058, 2057, 2051, 2051, 2045, 2041,
1632:Core/Src/main.c **** 	    2041, 2035, 2029, 2028, 2033, 2031, 2039, 2044, 2049, 2059,
1633:Core/Src/main.c **** 	    2060, 2064, 2078, 2073, 2110, 2073, 2095, 2033, 2020, 2108,
1634:Core/Src/main.c **** 	    1816, 1911, 2043, 1910, 2231, 1871, 1813, 2350, 1766, 1702,
1635:Core/Src/main.c **** 	    1353, 2046, 1763, 2172, 1925, 2475, 2137, 1850, 1549, 2113,
1636:Core/Src/main.c **** 	    1828, 2089, 1639, 2020, 2581, 2274, 2246, 2334, 2211, 2272,
1637:Core/Src/main.c **** 	    2460, 2053, 2089, 1948, 1971, 1723, 2353, 2317, 2282, 1738,
1638:Core/Src/main.c **** 	    1986, 2099, 2313, 1851, 1995, 1713, 1380, 2026, 2012, 2189,
1639:Core/Src/main.c **** 	    2126, 2248, 1869, 1862, 2121, 2442, 2239, 2184, 1926, 1989,
1640:Core/Src/main.c **** 	    2143, 1729, 2068, 2088, 2299, 1977, 1925, 2046, 1980, 1991,
1641:Core/Src/main.c **** 	    2038, 2179, 2155, 1890, 1772, 2013, 1930, 2026, 2307, 1985,
1642:Core/Src/main.c **** 	    1893, 1988, 1885, 2013, 1856, 1977, 2140, 2070, 2204, 2184,
1643:Core/Src/main.c **** 	    2098, 2076, 2081, 2061, 1988, 2059, 2018, 2168, 2074, 1976,
1644:Core/Src/main.c **** 	    1968, 1998, 2047, 2039, 2064, 2180, 2144, 1971, 1977, 1932,
1645:Core/Src/main.c **** 	    1952, 2067, 1998, 2001, 2072, 2058, 2148, 2070, 2125, 2001,
1646:Core/Src/main.c **** 	    1994, 2018, 1933, 2033, 2189, 2181, 2125, 2143, 2061, 1956,
1647:Core/Src/main.c **** 	    2044, 2003, 2018, 2073, 2064, 1986, 1970, 2000, 2008, 2099,
1648:Core/Src/main.c **** 	    2068, 2026, 2028, 2007, 2019, 2037, 2124, 2038, 2055, 2060,
1649:Core/Src/main.c **** 	    1997, 2020, 2048, 2093, 2041, 2032, 2064, 2075, 2086, 2045,
1650:Core/Src/main.c **** 	    2021, 2108, 2110, 2127, 2066, 2078, 1987, 2021, 2020, 2040,
1651:Core/Src/main.c **** 	    1951, 1974, 2070, 2010, 1990, 2032, 2000, 1982, 2021, 2008,
1652:Core/Src/main.c **** 	    2067, 2020, 2062, 2048, 2044, 2062, 2049, 2058, 2064, 2085,
1653:Core/Src/main.c **** 	    2124, 2029, 2058, 2034, 2069, 2059, 2052, 2064, 2019, 2037,
1654:Core/Src/main.c **** 	    2014, 1993, 2017, 2042, 2037, 2011, 2006, 2018, 2044, 2038,
1655:Core/Src/main.c **** 	    2042, 2036, 2048, 2047, 2046, 2051, 2059, 2076, 2049, 2065,
1656:Core/Src/main.c **** 	    2064, 2042, 2062, 2070, 2062, 2047, 2029, 2065, 2040, 2042,
1657:Core/Src/main.c **** 	    2016, 2021, 2040, 2039, 2015, 2033, 2023, 2033, 2037, 2037,
1658:Core/Src/main.c **** 	    2043, 2043, 2051, 2046, 2054, 2061, 2071, 2085, 2075, 2070,
1659:Core/Src/main.c **** 	    2069, 2076, 2074, 2062, 2056, 2058, 2052, 2052, 2042, 2046,
1660:Core/Src/main.c **** 	    2032, 2036, 2027, 2029, 2027, 2020, 2026, 2025, 2019, 2023,
1661:Core/Src/main.c **** 	    2032, 2045, 2030, 2041, 2041, 2052, 2052, 2053, 2054, 2055,
1662:Core/Src/main.c **** 	    2059, 2058, 2060, 2060, 2067, 2063, 2058, 2058, 2054, 2056,
1663:Core/Src/main.c **** 	    2054, 2043, 2038, 2040, 2046, 2045, 2045, 2042, 2045, 2042,
1664:Core/Src/main.c **** 	    2038, 2032, 2036, 2052, 2049, 2054, 2060, 2041, 2055, 2051,
1665:Core/Src/main.c **** 	    1998, 2021, 2030, 2018, 1977, 2029, 2065, 2034, 2056, 2044,
1666:Core/Src/main.c **** 	    2056, 1999, 2058, 2042, 2065, 2033, 2061, 2048, 2035, 2033,
1667:Core/Src/main.c **** 	    1996, 2024, 2003, 2087, 2054, 2034, 2021, 2046, 2058, 2107,
1668:Core/Src/main.c **** 	    2079, 2094, 2029, 2040, 2016, 2023, 2030, 2017, 2023, 2039,
1669:Core/Src/main.c **** 	    2017, 2054, 2082, 2051, 2033, 2034, 2028, 2018, 2042, 2020,
1670:Core/Src/main.c **** 	    2015, 2030, 2000, 2005, 2002, 2015, 2047, 2036, 2039, 2060,
1671:Core/Src/main.c **** 	    2057, 2066, 2011, 2030, 2056, 2054, 2064, 2052, 2060, 2065,
1672:Core/Src/main.c **** 	    2093, 2088, 2084, 2091, 2065, 2045, 2069, 2048, 2040, 2089,
1673:Core/Src/main.c **** 	    2089, 2035, 2055, 2016, 2015, 2044, 2033, 2037, 2017, 2016,
1674:Core/Src/main.c **** 	    2059, 2013, 2074, 2023, 2020, 2092, 2057, 2057, 2009, 1998,
1675:Core/Src/main.c **** 	    2046, 2003, 1985, 2076, 2062, 2019, 1966, 2019, 2053, 1991,
1676:Core/Src/main.c **** 	    2039, 2084, 2056, 2039, 2081, 2106, 2118, 2095, 1999, 2044,
1677:Core/Src/main.c **** 	    2076, 1993, 2071, 1991, 1973, 1973, 2037, 2005, 2083, 2074,
1678:Core/Src/main.c **** 	    2042, 2025, 2048, 2130, 2065, 2039, 2102, 2105, 2027, 2061,
1679:Core/Src/main.c **** 	    2063, 2120, 2008, 2053, 1943, 1993, 1996, 2126, 2033, 2065,
1680:Core/Src/main.c **** 	    2065, 2048, 2003, 1982, 2036, 2059, 2052, 2033, 2028, 2098,
1681:Core/Src/main.c **** 	    2071, 2062, 2020, 2051, 2052, 2121, 2030, 2056, 2024, 2061,
1682:Core/Src/main.c **** 	    2025, 2048, 2065, 2067, 2103, 2072, 2079, 2051, 2047, 2062,
1683:Core/Src/main.c **** 	    2044, 2046, 2055, 2032, 2061, 2039, 2083, 2054, 2044, 2039,
1684:Core/Src/main.c **** 	    2030, 2046, 2030, 2050, 2058, 2048, 2039, 2031, 2025, 2046,
ARM GAS  C:\Users\kaush\AppData\Local\Temp\ccalbX8O.s 			page 31


1685:Core/Src/main.c **** 	    2040, 2049, 2054, 2046, 2052, 2050, 2047, 2050, 2055, 2059,
1686:Core/Src/main.c **** 	    2051, 2051, 2044, 2050, 2046, 2048, 2043, 2045, 2044, 2046,
1687:Core/Src/main.c **** 	    2049, 2049, 2044, 2049, 2049, 2045, 2045, 2046, 2046, 2049,
1688:Core/Src/main.c **** 	    2050, 2051, 2046, 2049, 2048, 2047, 2047, 2046, 2046, 2048,
1689:Core/Src/main.c **** 	    2043, 2044, 2047, 2047, 2047, 2045, 2047, 2046, 2047, 2048,
1690:Core/Src/main.c **** 	    2046, 2047, 2050, 2048, 2049, 2049, 2047, 2048, 2047, 2045,
1691:Core/Src/main.c **** 	    2044, 2043, 2044, 2042, 2039, 2046, 2046, 2046, 2044, 2046,
1692:Core/Src/main.c **** 	    2046, 2048, 2046, 2046, 2046, 2050, 2049, 2054, 2052, 2053,
1693:Core/Src/main.c **** 	    2051, 2050, 2051, 2049, 2049, 2051, 2048, 2050, 2049, 2048,
1694:Core/Src/main.c **** 	    2047, 2043, 2098, 2052, 2045, 2046, 2056, 2050, 2055, 2044,
1695:Core/Src/main.c **** 	    2057, 2057, 2074, 2045, 2044, 2058, 2049, 2047, 2038, 2038,
1696:Core/Src/main.c **** 	    2047, 2043, 1963, 1994, 979, 1495, 1758, 1573, 4094, 4091,
1697:Core/Src/main.c **** 	    597, 2493, 0, 5, 278, 840, 3975, 4095, 4095, 4095,
1698:Core/Src/main.c **** 	    2116, 1052, 0, 0, 0, 489, 1115, 2833, 4088, 3896,
1699:Core/Src/main.c **** 	    4088, 3606, 1825, 388, 0, 14, 258, 1439, 2277, 3320,
1700:Core/Src/main.c **** 	    2788, 3654, 3913, 2478, 979, 1515, 871, 1830, 1752, 2214,
1701:Core/Src/main.c **** 	    2299, 2787, 2777, 3250, 2463, 2136, 1129, 1784, 1632, 744,
1702:Core/Src/main.c **** 	    548, 2814, 2952, 2483, 2333, 2148, 2722, 2451, 1900, 1535,
1703:Core/Src/main.c **** 	    1612, 1368, 1813, 2710, 2170, 1701, 2620, 2242, 2502, 828,
1704:Core/Src/main.c **** 	    1187, 2018, 1947, 1937, 2266, 1855, 2274, 2547, 1303, 1382,
1705:Core/Src/main.c **** 	    1910, 1373, 1154, 2191, 2824, 2835, 2273, 2603, 2631, 2413,
1706:Core/Src/main.c **** 	    1470, 1987, 1517, 1375, 1944, 2359, 2636, 2287, 2310, 2501,
1707:Core/Src/main.c **** 	    2353, 1873, 2302, 1798, 1752, 1751, 1702, 2454, 2289, 2639,
1708:Core/Src/main.c **** 	    2645, 2614, 2155, 1739, 2156, 1664, 1809, 1389, 1760, 3076,
1709:Core/Src/main.c **** 	    2361, 1838, 1989, 2151, 2083, 1554, 1200, 1591, 2107, 2165,
1710:Core/Src/main.c **** 	    2442, 2613, 2495, 2185, 1812, 1415, 1470, 1632, 1857, 1847,
1711:Core/Src/main.c **** 	    2308, 2231, 2395, 2276, 2276, 1867, 1614, 1727, 1544, 1907,
1712:Core/Src/main.c **** 	    2052, 2131, 2370, 2538, 2179, 1989, 1949, 1596, 1713, 1680,
1713:Core/Src/main.c **** 	    1821, 2070, 2448, 2566, 2132, 2335, 2254, 1887, 1812, 1678,
1714:Core/Src/main.c **** 	    1755, 1728, 1988, 2265, 2366, 2389, 2426, 1945, 2006, 1750,
1715:Core/Src/main.c **** 	    1818, 1871, 2131, 2105, 2415, 2367, 2187, 2163, 2004, 1935,
1716:Core/Src/main.c **** 	    1920, 1875, 1953, 2106, 2228, 2364, 2238, 2202, 2064, 1925,
1717:Core/Src/main.c **** 	    1875, 1995, 1866, 2025, 2145, 2152, 2245, 2202, 2162, 2097,
1718:Core/Src/main.c **** 	    2064, 1860, 1834, 1892, 1961, 2030, 2089, 2152, 2163, 2130,
1719:Core/Src/main.c **** 	    2069, 2013, 1964, 1888, 1953, 1927, 2047, 2086, 2148, 2150,
1720:Core/Src/main.c **** 	    2124, 2063, 1994, 2010, 1924, 1993, 1987, 2056, 2105, 2104,
1721:Core/Src/main.c **** 	    2095, 2083, 2055, 1979, 1955, 1942, 1994, 1993, 2040, 2065,
1722:Core/Src/main.c **** 	    2095, 2109, 2081, 2069, 2054, 2023, 1978, 1995, 1997, 2006,
1723:Core/Src/main.c **** 	    2068, 2063, 2067, 2102, 2086, 2086, 2047, 2018, 2016, 2029,
1724:Core/Src/main.c **** 	    2026, 2056, 2076, 2093, 2096, 2078, 2046, 2041, 2017, 2024,
1725:Core/Src/main.c **** 	    2055, 2050, 2103, 2128, 2116, 2131, 2110, 2078, 2064, 2044,
1726:Core/Src/main.c **** 	    2017, 2014, 2017, 2042, 2054, 2067, 2068, 2057, 2033, 2017,
1727:Core/Src/main.c **** 	    1998, 1966, 1991, 1985, 1993, 2011, 2040, 2028, 2039, 2038,
1728:Core/Src/main.c **** 	    2016, 2024, 2015, 2022, 2062, 2035, 2085, 2081, 2077, 2080,
1729:Core/Src/main.c **** 	    2072, 2061, 2087, 2072, 2049, 2050, 2078, 2041, 2058, 2122,
1730:Core/Src/main.c **** 	    2087, 2102, 2094, 2044, 2035, 2038, 2021, 2046, 2039, 2047,
1731:Core/Src/main.c **** 	    2077, 2032, 2022, 2052, 2022, 2023, 1987, 1994, 2016, 2038,
1732:Core/Src/main.c **** 	    2049, 2049, 2098, 2044, 2056, 2019, 2000, 2002, 2031, 2030,
1733:Core/Src/main.c **** 	    2050, 2055, 2048, 2056, 2074, 2033, 2001, 2001, 2049, 2017,
1734:Core/Src/main.c **** 	    2044, 2039, 2033, 2074, 2082, 2060, 2040, 2057, 2060, 2034,
1735:Core/Src/main.c **** 	    2061, 2063, 2033, 2087, 2070, 2084, 2086, 2087, 2065, 2066,
1736:Core/Src/main.c **** 	    2068, 2054, 2068, 2078, 2089, 2064, 2055, 2031, 2044, 2025,
1737:Core/Src/main.c **** 	    2017, 2004, 2010, 2010, 2029, 2045, 2046, 2063, 2040, 2029,
1738:Core/Src/main.c **** 	    2039, 2039, 2034, 2042, 2034, 2071, 2053, 2051, 2076, 2056,
1739:Core/Src/main.c **** 	    2068, 2048, 2037, 2034, 2054, 2026, 2046, 2028, 2033, 2055,
1740:Core/Src/main.c **** 	    2018, 2037, 2021, 2026, 2035, 2022, 2049, 2039, 2056, 2067,
1741:Core/Src/main.c **** 	    2055, 2060, 2041, 2040, 2047, 2050, 2051, 2056, 2067, 2076,
ARM GAS  C:\Users\kaush\AppData\Local\Temp\ccalbX8O.s 			page 32


1742:Core/Src/main.c **** 	    2068, 2051, 2066, 2058, 2048, 2055, 2043, 2027, 2047, 2042,
1743:Core/Src/main.c **** 	    2062, 2047, 2038, 2059, 2038, 2029, 2049, 2051, 2034, 2063,
1744:Core/Src/main.c **** 	    2053, 2051, 2061, 2044, 2045, 2052, 2037, 2041, 2059, 2038,
1745:Core/Src/main.c **** 	    2061, 2047, 2046, 2064, 2047, 2043, 2035, 2034, 2038, 2038,
1746:Core/Src/main.c **** 	    2030, 2052, 2062, 2039, 2048, 2059, 2056, 2048, 2045, 2041,
1747:Core/Src/main.c **** 	    2059, 2049, 2055, 2054, 2057, 2064, 2048, 2047, 2051, 2042,
1748:Core/Src/main.c **** 	    2040, 2036, 2044, 2049, 2042, 2048, 2054, 2041, 2037, 2036,
1749:Core/Src/main.c **** 	    2042, 2040, 2035, 2040, 2043, 2052, 2051, 2044, 2055, 2043,
1750:Core/Src/main.c **** 	    2036, 2051, 2045, 2044, 2045, 2041, 2045, 2042, 2042, 2049,
1751:Core/Src/main.c **** 	    2056, 2047, 2045, 2052, 2045, 2048, 2040, 2058, 2040, 2064,
1752:Core/Src/main.c **** 	    2068, 2044, 2056, 2056, 2045, 2049, 2048, 2042, 2050, 2055,
1753:Core/Src/main.c **** 	    2052, 2050, 2044, 2046, 2049, 2037, 2042, 2052, 2037, 2043,
1754:Core/Src/main.c **** 	    2049, 2050, 2039, 2049, 2047, 2051, 2056, 2050, 2053, 2032,
1755:Core/Src/main.c **** 	    2055, 2043, 2028, 2056, 2041, 2049, 2065, 2042, 2048, 2045,
1756:Core/Src/main.c **** 	    2035, 2044, 2039, 2028, 2052, 2039, 2053, 2059, 2042, 2054,
1757:Core/Src/main.c **** 	    2054, 2047, 2042, 2057, 2048, 2061, 2048, 2035, 2050, 2056,
1758:Core/Src/main.c **** 	    1971, 1847, 2013, 2124, 2299, 2152, 1615, 1501, 2495, 3493,
1759:Core/Src/main.c **** 	    4093, 4062, 1826, 0, 10, 0, 214, 1964, 4011, 4095,
1760:Core/Src/main.c **** 	    4077, 4095, 1783, 0, 0, 0, 353, 1999, 4045, 4070,
1761:Core/Src/main.c **** 	    4071, 4048, 3616, 2243, 1233, 248, 571, 1221, 2181, 2608,
1762:Core/Src/main.c **** 	    2392, 1555, 948, 123, 338, 448, 1086, 1574, 2034, 1596,
1763:Core/Src/main.c **** 	    1728, 1366, 1637, 1419, 1929, 1664, 1794, 2287, 2738, 2832,
1764:Core/Src/main.c **** 	    3230, 3413, 3619, 3273, 3669, 3877, 4095, 4092, 4049, 3976,
1765:Core/Src/main.c **** 	    3431, 2826, 2394, 2389, 2022, 2070, 2066, 1989, 2071, 1354,
1766:Core/Src/main.c **** 	    303, 6, 0, 0, 1, 0, 0, 164, 806, 1296,
1767:Core/Src/main.c **** 	    1387, 2323, 2856, 2721, 2847, 2761, 2612, 2600, 2391, 2246,
1768:Core/Src/main.c **** 	    3015, 3313, 3453, 3575, 3456, 3368, 2943, 2945, 3140, 3516,
1769:Core/Src/main.c **** 	    3601, 3797, 3717, 3551, 2827, 2080, 1378, 778, 450, 53,
1770:Core/Src/main.c **** 	    74, 111, 667, 972, 1082, 1277, 1370, 1508, 1632, 1878,
1771:Core/Src/main.c **** 	    2090, 2354, 2773, 2569, 2402, 2629, 2407, 2104, 1903, 2069,
1772:Core/Src/main.c **** 	    2216, 2101, 2052, 2111, 2205, 2316, 2286, 2210, 2397, 2559,
1773:Core/Src/main.c **** 	    2348, 2161, 2184, 2303, 2229, 2289, 1945, 2050, 2159, 1766,
1774:Core/Src/main.c **** 	    1958, 2045, 1937, 1968, 2049, 1925, 1849, 1571, 1490, 1024,
1775:Core/Src/main.c **** 	    1061, 881, 1096, 1438, 1346, 1626, 1656, 2025, 1709, 2112,
1776:Core/Src/main.c **** 	    2280, 2276, 2487, 2666, 2774, 3130, 3380, 3125, 2900, 2861,
1777:Core/Src/main.c **** 	    2568, 2534, 2088, 2308, 2382, 2454, 2435, 2454, 2449, 2351,
1778:Core/Src/main.c **** 	    2227, 1977, 1683, 1802, 1680, 1646, 1510, 1303, 1398, 1493,
1779:Core/Src/main.c **** 	    1230, 1194, 1346, 1297, 1539, 1617, 1703, 1887, 1803, 2112,
1780:Core/Src/main.c **** 	    1995, 1950, 2123, 2110, 2394, 2388, 2395, 2650, 2631, 2938,
1781:Core/Src/main.c **** 	    2743, 2626, 2695, 2461, 2447, 2238, 2223, 2109, 2114, 1900,
1782:Core/Src/main.c **** 	    1944, 1872, 1725, 1709, 1614, 1849, 1804, 1942, 2030, 2059,
1783:Core/Src/main.c **** 	    2196, 2104, 2122, 2224, 2143, 2064, 1791, 1645, 1843, 1717,
1784:Core/Src/main.c **** 	    1567, 1578, 1716, 1722, 1758, 1667, 1890, 1931, 2002, 1945,
1785:Core/Src/main.c **** 	    2120, 2330, 2395, 2381, 2406, 2432, 2510, 2395, 2428, 2337,
1786:Core/Src/main.c **** 	    2461, 2624, 2526, 2439, 2315, 2241, 2101, 2005, 1980, 1949,
1787:Core/Src/main.c **** 	    2007, 1846, 1760, 1664, 1557, 1476, 1449, 1422, 1397, 1486,
1788:Core/Src/main.c **** 	    1494, 1643, 1826, 1858, 1742, 2030, 2204, 2257, 2283, 2271,
1789:Core/Src/main.c **** 	    2438, 2500, 2492, 2476, 2372, 2371, 2261, 2261, 2282, 2253,
1790:Core/Src/main.c **** 	    2102, 2062, 1997, 1867, 1990, 1875, 1868, 1919, 2027, 2010,
1791:Core/Src/main.c **** 	    1882, 1922, 2029, 1893, 2002, 2049, 2143, 2128, 1992, 1984,
1792:Core/Src/main.c **** 	    2129, 2067, 2161, 2164, 2141, 2284, 2223, 2206, 2178, 2060,
1793:Core/Src/main.c **** 	    2023, 1958, 1828, 1775, 1865, 1835, 1764, 1619, 1670, 1720,
1794:Core/Src/main.c **** 	    1786, 1765, 1926, 1969, 2042, 1958, 2092, 2299, 2292, 2372,
1795:Core/Src/main.c **** 	    2323, 2434, 2489, 2469, 2500, 2468, 2456, 2371, 2235, 2184,
1796:Core/Src/main.c **** 	    2283, 2193, 1977, 2015, 1941, 1884, 1734, 1749, 1681, 1696,
1797:Core/Src/main.c **** 	    1571, 1559, 1677, 1903, 1798, 1836, 1822, 2009, 2105, 2092,
1798:Core/Src/main.c **** 	    2077, 2330, 2326, 2229, 2189, 2285, 2336, 2323, 2191, 2256,
ARM GAS  C:\Users\kaush\AppData\Local\Temp\ccalbX8O.s 			page 33


1799:Core/Src/main.c **** 	    2244, 2268, 2048, 2059, 2065, 2024, 2034, 1902, 1920, 1908,
1800:Core/Src/main.c **** 	    1846, 1848, 1888, 1918, 1933, 1903, 1892, 1916, 1977, 2021,
1801:Core/Src/main.c **** 	    2042, 2059, 2097, 2066, 2121, 2089, 2213, 2168, 2182, 2194,
1802:Core/Src/main.c **** 	    2189, 2231, 2221, 2037, 2159, 2107, 2106, 1987, 2047, 2034,
1803:Core/Src/main.c **** 	    1902, 1845, 1921, 1962, 1942, 1806, 1820, 1898, 1959, 1951,
1804:Core/Src/main.c **** 	    1982, 1994, 2072, 2087, 2163, 2125, 2116, 2216, 2173, 2219,
1805:Core/Src/main.c **** 	    2257, 2176, 2130, 2140, 2107, 2151, 2063, 2046, 2009, 2019,
1806:Core/Src/main.c **** 	    2025, 1938, 1934, 1950, 1913, 1912, 1895, 1878, 1956, 1959,
1807:Core/Src/main.c **** 	    1900, 2037, 2064, 2057, 2078, 2047, 2161, 2054, 2108, 2099,
1808:Core/Src/main.c **** 	    2147, 2116, 2169, 2079, 2076, 2129, 2071, 2068, 2035, 2087,
1809:Core/Src/main.c **** 	    2059, 2034, 1972, 1993, 1979, 1983, 1917, 2024, 2006, 2097,
1810:Core/Src/main.c **** 	    2067, 2079, 2024, 2061, 2058, 2048, 2063, 2052, 2031, 2066,
1811:Core/Src/main.c **** 	    2045, 2032, 2056, 2065, 2107, 2103, 2095, 2113, 2066, 2023,
1812:Core/Src/main.c **** 	    2019, 2043, 2067, 2076, 2078, 2068, 2078, 2059, 2082, 2087,
1813:Core/Src/main.c **** 	    2054, 2032, 1987, 1968, 1946, 1984, 2010, 2014, 1973, 1962,
1814:Core/Src/main.c **** 	    2018, 1990, 2034, 2073, 2046, 2072, 2074, 2033, 2002, 2025,
1815:Core/Src/main.c **** 	    2095, 2116, 2109, 2088, 2080, 2087, 2120, 2136, 2138, 2148,
1816:Core/Src/main.c **** 	    2107, 2084, 2058, 2048, 2039, 2073, 2005, 2038, 2002, 2029,
1817:Core/Src/main.c **** 	    2027, 1980, 2004, 2000, 2011, 1997, 1979, 1980, 2031, 2046,
1818:Core/Src/main.c **** 	    2069, 2022, 2034, 2014, 2030, 2027, 2037, 2095, 2094, 2044,
1819:Core/Src/main.c **** 	    2070, 2074, 2105, 2064, 2074, 2041, 2023, 2000, 2020, 2037,
1820:Core/Src/main.c **** 	    2036, 2059, 2045, 2080, 2043, 2067, 2106, 2075, 2032, 2249,
1821:Core/Src/main.c **** 	    1920, 2009, 2143, 1666, 2534, 1950, 2426, 1862, 1974, 1779,
1822:Core/Src/main.c **** 	    2073, 2368, 2228, 2512, 1761, 1152, 1444, 2148, 2796, 2149,
1823:Core/Src/main.c **** 	    1755, 2033, 2008, 2490, 2291, 1888, 1781, 1836, 1719, 1830,
1824:Core/Src/main.c **** 	    2285, 1832, 1473, 2130, 1639, 1876, 1874, 2330, 2534, 1960,
1825:Core/Src/main.c **** 	    2246, 2406, 1689, 1999, 2027, 2153, 2472, 1655, 2312, 1615,
1826:Core/Src/main.c **** 	    2204, 1569, 1995, 2209, 1888, 2117, 2161, 2397, 2006, 1667,
1827:Core/Src/main.c **** 	    1732, 1932, 2183, 2066, 1767, 1830, 2291, 2291, 2188, 1631,
1828:Core/Src/main.c **** 	    1786, 1787, 1669, 2063, 1753, 2152, 2163, 2389, 2053, 1847,
1829:Core/Src/main.c **** 	    2083, 1976, 1728, 1791, 2092, 2312, 2256, 1920, 1772, 1873,
1830:Core/Src/main.c **** 	    1796, 2144, 1930, 2201, 2162, 2032, 2004, 2052, 1916, 2002,
1831:Core/Src/main.c **** 	    1929, 2046, 2060, 2240, 2159, 2061, 2272, 1810, 2096, 2087,
1832:Core/Src/main.c **** 	    2180, 1983, 2030, 2030, 2075, 1979, 2128, 1966, 2002, 1982,
1833:Core/Src/main.c **** 	    2024, 1945, 1933, 1959, 2194, 2132, 1957, 1973, 1920, 2068,
1834:Core/Src/main.c **** 	    2114, 2054, 2108, 2098, 2000, 1979, 1971, 1931, 1992, 2136,
1835:Core/Src/main.c **** 	    2062, 2074, 2078, 2095, 2110, 1947, 2005, 1982, 2091, 2088,
1836:Core/Src/main.c **** 	    2070, 2031, 2080, 2142, 2052, 2017, 2054, 2128, 2130, 2099,
1837:Core/Src/main.c **** 	    2078, 2042, 2079, 2034, 2036, 2097, 2001, 2017, 2087, 2040,
1838:Core/Src/main.c **** 	    2085, 2037, 2035, 1984, 1974, 1992, 2040, 2032, 2052, 2063,
1839:Core/Src/main.c **** 	    2066, 2033, 2026, 2020, 2025, 2054, 2051, 2075, 2092, 2066,
1840:Core/Src/main.c **** 	    2043, 2020, 2038, 2036, 2052, 2084, 2090, 2092, 2041, 2027,
1841:Core/Src/main.c **** 	    2043, 2002, 2043, 2046, 2045, 2056, 2041, 2044, 2018, 2046,
1842:Core/Src/main.c **** 	    2045, 2046, 2029, 2048, 2048, 2081, 2071, 2069, 2054, 2059,
1843:Core/Src/main.c **** 	    2055, 2041, 2065, 2069, 2067, 2065, 2040, 2030, 2031, 2024,
1844:Core/Src/main.c **** 	    2034, 2022, 2041, 2036, 2043, 2036, 2019, 2015, 2024, 2018,
1845:Core/Src/main.c **** 	    2030, 2031, 2059, 2058, 2056, 2055, 2061, 2061, 2067, 2065,
1846:Core/Src/main.c **** 	    2063, 2083, 2075, 2083, 2066, 2068, 2053, 2055, 2048, 2051,
1847:Core/Src/main.c **** 	    2048, 2050, 2047, 2037, 2036, 2024, 2035, 2031, 2043, 2029,
1848:Core/Src/main.c **** 	    2049, 2034, 2043, 2047, 2052, 2047, 2036, 2049, 2054, 2060,
1849:Core/Src/main.c **** 	    2049, 2062, 2041, 2056, 2045, 2037, 2041, 2051, 2050, 2061,
1850:Core/Src/main.c **** 	    2051, 2042, 2015, 2033, 2049, 2064, 2049, 2024, 2003, 2004,
1851:Core/Src/main.c **** 	    2035, 2069, 2115, 2025, 2140, 2018, 2021, 2059, 2014, 2104,
1852:Core/Src/main.c **** 	    2086, 2046, 1942, 2116, 1953, 2096, 2064, 2055, 2013, 2041,
1853:Core/Src/main.c **** 	    2031, 1965, 2109, 2112, 2052, 2035, 2015, 2043, 2049, 2032,
1854:Core/Src/main.c **** 	    2046, 2048, 2062, 2097, 2056, 2056, 2052, 2048, 2060, 2054,
1855:Core/Src/main.c **** 	    2035, 2048, 2087, 2087, 2068, 2017, 2038, 2000, 2049, 2084,
ARM GAS  C:\Users\kaush\AppData\Local\Temp\ccalbX8O.s 			page 34


1856:Core/Src/main.c **** 	    2078, 2076, 2081, 2038, 2018, 1980, 2005, 2042, 2039, 2065,
1857:Core/Src/main.c **** 	    2088, 2101, 2062, 2047, 2029, 2031, 2038, 2077, 2043, 2035,
1858:Core/Src/main.c **** 	    2049, 2038, 2031, 2033, 2020, 2056, 2045, 2041, 2027, 2046,
1859:Core/Src/main.c **** 	    2065, 2063, 2041, 2036, 2036, 2034, 2045, 2055, 2056, 2048,
1860:Core/Src/main.c **** 	    2077, 2051, 2051, 2053, 2059, 2070, 2065, 2062, 2055, 2062,
1861:Core/Src/main.c **** 	    2059, 2032, 2046, 2048, 2048, 2045, 2047, 2049, 2049, 2042,
1862:Core/Src/main.c **** 	    2044, 2042, 2036, 2047, 2042, 2048, 2049, 2058, 2057, 2048,
1863:Core/Src/main.c **** 	    2036, 2031, 2022, 2042, 2041, 2044, 2067, 2054, 2042, 2025,
1864:Core/Src/main.c **** 	    2054, 2036, 2031, 2067, 2062, 2040, 2039, 2033, 2052, 2048,
1865:Core/Src/main.c **** 	    2056, 2055, 2056, 2050, 2052, 2049, 2064, 2059, 2058, 2063,
1866:Core/Src/main.c **** 	    2050, 2048, 2059, 2049, 2052, 2059, 2061, 2052, 2039, 2051,
1867:Core/Src/main.c **** 	    2044, 2047, 2043, 2043, 2040, 2039, 2034, 2044, 2048, 2038,
1868:Core/Src/main.c **** 	    2030, 2037, 2041, 2034, 2045, 2043, 2047, 2041, 2044, 2046,
1869:Core/Src/main.c **** 	    2041, 2044, 2052, 2048, 2052, 2046, 2050, 2045, 2048, 2046,
1870:Core/Src/main.c **** 	    2048, 2048, 2051, 2051, 2049, 2053, 2051, 2053, 2047, 2049,
1871:Core/Src/main.c **** 	    2048, 2053, 2053, 2051, 2051, 2053, 2052, 2052, 2048, 2046,
1872:Core/Src/main.c **** 	    2053, 2050, 2056, 2052, 2047, 2050, 2047, 2048, 2042, 2044,
1873:Core/Src/main.c **** 	    2044, 2040, 2043, 2038, 2041, 2048, 2038, 2041, 2041, 2038,
1874:Core/Src/main.c **** 	    2040, 2041, 2046, 2045, 2046, 2047, 2045, 2046, 2045, 2048,
1875:Core/Src/main.c **** 	    2047, 2049, 2052, 2051, 2054, 2050, 2052, 2049, 2051, 2047,
1876:Core/Src/main.c **** 	    2053, 2051, 2052, 2046, 2046, 2043, 2048, 2048, 2049, 2049,
1877:Core/Src/main.c **** 	    2045, 2050, 2050, 2049, 2048, 2049, 2050, 2047, 2045, 2046,
1878:Core/Src/main.c **** 	    2048, 2049, 2046, 2049, 2046, 2046, 2045, 2043, 2041, 2042,
1879:Core/Src/main.c **** 	    2042, 2042, 2045, 2044, 2044, 2040, 2041, 2043, 2042, 2042,
1880:Core/Src/main.c **** 	    2046, 2047, 2047, 2048, 2050, 2047, 2049, 2048, 2049, 2053,
1881:Core/Src/main.c **** 	    2052, 2056, 2053, 2053, 2052, 2052, 2051, 2054, 2051, 2049,
1882:Core/Src/main.c **** 	    2050, 2044, 2049, 2043, 2041, 2041, 2043, 2045, 2043, 2044,
1883:Core/Src/main.c **** 	    2040, 2046, 2022, 2096, 2046, 2097, 2009, 2205, 1884, 2034,
1884:Core/Src/main.c **** 	    2011, 2509, 2162, 1942, 708, 2064, 1908, 4095, 3349, 2757,
1885:Core/Src/main.c **** 	    618, 264, 0, 0, 620, 3300, 4089, 3964, 4060, 2714,
1886:Core/Src/main.c **** 	    348, 0, 0, 10, 1002, 3026, 4092, 4095, 4095, 3823,
1887:Core/Src/main.c **** 	    2790, 1419, 386, 438, 940, 1278, 2336, 2959, 2376, 1670,
1888:Core/Src/main.c **** 	    812, 324, 419, 388, 716, 1355, 1838, 1845, 1630, 1381,
1889:Core/Src/main.c **** 	    1833, 1838, 1463, 1840, 1936, 1924, 2198, 2935, 3252, 3589,
1890:Core/Src/main.c **** 	    3850, 3927, 4095, 4090, 4087, 4088, 3789, 3539, 3086, 2705,
1891:Core/Src/main.c **** 	    2442, 2316, 2234, 2180, 2351, 2187, 2039, 1324, 134, 0,
1892:Core/Src/main.c **** 	    0, 3, 0, 0, 5, 0, 490, 1130, 1403, 1939,
1893:Core/Src/main.c **** 	    2365, 2561, 2599, 2615, 2445, 2463, 2443, 2561, 2752, 2845,
1894:Core/Src/main.c **** 	    3212, 3399, 3362, 3400, 3245, 3194, 3210, 3262, 3402, 3523,
1895:Core/Src/main.c **** 	    3415, 3242, 2832, 2387, 1738, 1131, 745, 535, 509, 641,
1896:Core/Src/main.c **** 	    761, 1004, 1262, 1495, 1607, 1758, 1878, 2087, 2239, 2330,
1897:Core/Src/main.c **** 	    2357, 2371, 2333, 2132, 1895, 1800, 1809, 1880, 2019, 2094,
1898:Core/Src/main.c **** 	    2190, 2235, 2178, 2115, 2084, 2106, 2193, 2257, 2308, 2409,
1899:Core/Src/main.c **** 	    2417, 2395, 2304, 2228, 2189, 2169, 2147, 2162, 2191, 2237,
1900:Core/Src/main.c **** 	    2234, 2193, 2116, 1997, 1867, 1670, 1482, 1244, 1110, 1052,
1901:Core/Src/main.c **** 	    1121, 1238, 1395, 1580, 1722, 1848, 1928, 1985, 2028, 2139,
1902:Core/Src/main.c **** 	    2259, 2400, 2547, 2661, 2754, 2810, 2766, 2680, 2569, 2469,
1903:Core/Src/main.c **** 	    2390, 2357, 2406, 2477, 2538, 2563, 2563, 2509, 2367, 2195,
1904:Core/Src/main.c **** 	    2028, 1867, 1758, 1668, 1596, 1530, 1455, 1402, 1341, 1302,
1905:Core/Src/main.c **** 	    1306, 1363, 1443, 1544, 1652, 1766, 1833, 1889, 1930, 1970,
1906:Core/Src/main.c **** 	    2043, 2152, 2307, 2423, 2555, 2645, 2712, 2704, 2650, 2571,
1907:Core/Src/main.c **** 	    2471, 2368, 2270, 2196, 2139, 2075, 2020, 1967, 1909, 1878,
1908:Core/Src/main.c **** 	    1835, 1832, 1845, 1871, 1900, 1923, 1946, 1979, 2022, 2067,
1909:Core/Src/main.c **** 	    2123, 2157, 2154, 2126, 2090, 2032, 1971, 1913, 1879, 1862,
1910:Core/Src/main.c **** 	    1864, 1874, 1893, 1892, 1883, 1870, 1871, 1877, 1900, 1934,
1911:Core/Src/main.c **** 	    1963, 1992, 2016, 2031, 2067, 2103, 2147, 2212, 2313, 2403,
1912:Core/Src/main.c **** 	    2420, 2514, 2493, 2445, 2475, 2407, 2452, 2341, 2340, 2269,
ARM GAS  C:\Users\kaush\AppData\Local\Temp\ccalbX8O.s 			page 35


1913:Core/Src/main.c **** 	    2246, 2040, 1906, 1855, 1710, 1622, 1553, 1544, 1412, 1466,
1914:Core/Src/main.c **** 	    1521, 1489, 1555, 1670, 1726, 1824, 1856, 1987, 2048, 2152,
1915:Core/Src/main.c **** 	    2211, 2271, 2342, 2406, 2438, 2417, 2465, 2448, 2450, 2416,
1916:Core/Src/main.c **** 	    2414, 2334, 2359, 2364, 2307, 2276, 2185, 2068, 1934, 1871,
1917:Core/Src/main.c **** 	    1796, 1741, 1713, 1688, 1679, 1691, 1688, 1713, 1733, 1811,
1918:Core/Src/main.c **** 	    1881, 1958, 2036, 2103, 2142, 2192, 2227, 2259, 2243, 2236,
1919:Core/Src/main.c **** 	    2235, 2210, 2200, 2166, 2127, 2073, 2051, 2017, 1979, 1947,
1920:Core/Src/main.c **** 	    1926, 1910, 1884, 1883, 1865, 1887, 1874, 1925, 1964, 2019,
1921:Core/Src/main.c **** 	    2075, 2154, 2193, 2242, 2284, 2291, 2299, 2285, 2266, 2241,
1922:Core/Src/main.c **** 	    2217, 2191, 2161, 2102, 2057, 1998, 1961, 1918, 1879, 1852,
1923:Core/Src/main.c **** 	    1824, 1822, 1797, 1804, 1801, 1805, 1827, 1863, 1895, 1930,
1924:Core/Src/main.c **** 	    1963, 2017, 2056, 2095, 2142, 2178, 2208, 2232, 2247, 2258,
1925:Core/Src/main.c **** 	    2267, 2276, 2271, 2253, 2231, 2210, 2182, 2147, 2103, 2073,
1926:Core/Src/main.c **** 	    2045, 2030, 2005, 1978, 1957, 1936, 1911, 1896, 1867, 1854,
1927:Core/Src/main.c **** 	    1850, 1866, 1874, 1898, 1930, 1967, 2004, 2030, 2065, 2101,
1928:Core/Src/main.c **** 	    2123, 2145, 2157, 2174, 2178, 2174, 2161, 2152, 2134, 2120,
1929:Core/Src/main.c **** 	    2095, 2077, 2047, 2023, 1997, 1969, 1957, 1945, 1948, 1954,
1930:Core/Src/main.c **** 	    1954, 1973, 1991, 2016, 2035, 2057, 2073, 2096, 2111, 2127,
1931:Core/Src/main.c **** 	    2127, 2134, 2128, 2133, 2123, 2114, 2106, 2093, 2084, 2064,
1932:Core/Src/main.c **** 	    2049, 2039, 2011, 1996, 1988, 1972, 1956, 1953, 1955, 1957,
1933:Core/Src/main.c **** 	    1956, 1967, 1987, 1997, 2002, 2022, 2039, 2060, 2085, 2099,
1934:Core/Src/main.c **** 	    2114, 2123, 2125, 2122, 2112, 2103, 2095, 2086, 2077, 2075,
1935:Core/Src/main.c **** 	    2075, 2072, 2072, 2066, 2059, 2054, 2049, 2037, 2034, 2022,
1936:Core/Src/main.c **** 	    2015, 2014, 2001, 1992, 1989, 1984, 1989, 1995, 1995, 2007,
1937:Core/Src/main.c **** 	    2012, 2016, 2021, 2029, 2028, 2043, 2048, 2047, 2058, 2073,
1938:Core/Src/main.c **** 	    2081, 2087, 2098, 2107, 2112, 2121, 2119, 2123, 2118, 2115,
1939:Core/Src/main.c **** 	    2110, 2098, 2089, 2078, 2059, 2038, 2023, 2010, 2001, 1987,
1940:Core/Src/main.c **** 	    1981, 1978, 1976, 1978, 1981, 1979, 1986, 1996, 2005, 2015,
1941:Core/Src/main.c **** 	    2024, 2030, 2037, 2048, 2052, 2060, 2071, 2075, 2081, 2088,
1942:Core/Src/main.c **** 	    2086, 2086, 2087, 2081, 2074, 2074, 2066, 2058, 2057, 2051,
1943:Core/Src/main.c **** 	    2051, 2045, 2041, 2041, 2035, 2029, 2028, 2033, 2031, 2039,
1944:Core/Src/main.c **** 	    2044, 2050, 2059, 2060, 2062, 2080, 2073, 2109, 2077, 2090,
1945:Core/Src/main.c **** 	    2035, 2023, 2120, 1990, 1761, 267, 1083, 3501, 4094, 4087,
1946:Core/Src/main.c **** 	    2222, 1590, 2210, 0, 0, 380, 2454, 4095, 4078, 4088,
1947:Core/Src/main.c **** 	    3415, 912, 0, 19, 12, 0, 1084, 1913, 4095, 4064,
1948:Core/Src/main.c **** 	    4079, 4081, 1741, 1086, 12, 31, 475, 1448, 2512, 3661,
1949:Core/Src/main.c **** 	    3458, 3961, 3894, 2887, 1157, 2024, 134, 1436, 1591, 1893,
1950:Core/Src/main.c **** 	    2892, 3214, 3739, 3225, 3420, 1474, 1234, 1679, 803, 1205,
1951:Core/Src/main.c **** 	    30, 2147, 3611, 2556, 2808, 2627, 2613, 1790, 1251, 843,
1952:Core/Src/main.c **** 	    1501, 1335, 1692, 2745, 2736, 2002, 2488, 2287, 1806, 1406,
1953:Core/Src/main.c **** 	    1087, 1691, 1415, 1330, 2077, 2721, 2900, 2116, 2148, 1704,
1954:Core/Src/main.c **** 	    1932, 1503, 1265, 1846, 2392, 2940, 2288, 2284, 2418, 2382,
1955:Core/Src/main.c **** 	    2183, 1795, 1976, 1842, 2176, 2456, 2143, 2760, 1775, 2151,
1956:Core/Src/main.c **** 	    2105, 2007, 2680, 1729, 1892, 1863, 1860, 2357, 2308, 2441,
1957:Core/Src/main.c **** 	    2668, 2303, 2198, 1994, 1426, 1619, 1485, 1975, 2132, 2486,
1958:Core/Src/main.c **** 	    2764, 2473, 2327, 2340, 1782, 1537, 1143, 1620, 1933, 2040,
1959:Core/Src/main.c **** 	    2405, 2718, 2518, 2280, 2005, 1807, 1439, 1540, 1768, 1922,
1960:Core/Src/main.c **** 	    2215, 2217, 2464, 2320, 2126, 1962, 1590, 1606, 1646, 1714,
1961:Core/Src/main.c **** 	    2009, 2201, 2376, 2322, 2105, 2086, 2069, 1713, 1686, 1793,
1962:Core/Src/main.c **** 	    1734, 1849, 2129, 2350, 2405, 2589, 2288, 2132, 1894, 1652,
1963:Core/Src/main.c **** 	    1767, 1790, 1905, 2173, 2316, 2380, 2328, 2192, 2007, 1890,
1964:Core/Src/main.c **** 	    1853, 1772, 1898, 2077, 2326, 2303, 2290, 2249, 2118, 1937,
1965:Core/Src/main.c **** 	    1844, 1818, 1978, 2089, 2203, 2286, 2274, 2214, 2120, 2036,
1966:Core/Src/main.c **** 	    1953, 1875, 1867, 1947, 2028, 2101, 2167, 2242, 2181, 2131,
1967:Core/Src/main.c **** 	    2090, 1952, 1890, 1894, 1882, 1991, 2048, 2122, 2172, 2150,
1968:Core/Src/main.c **** 	    2152, 2121, 1996, 1950, 1937, 1920, 1988, 2067, 2082, 2137,
1969:Core/Src/main.c **** 	    2152, 2066, 2000, 1960, 1953, 1945, 1932, 2054, 2084, 2145,
ARM GAS  C:\Users\kaush\AppData\Local\Temp\ccalbX8O.s 			page 36


1970:Core/Src/main.c **** 	    2100, 2108, 2049, 2004, 1965, 1928, 1930, 1994, 2034, 2088,
1971:Core/Src/main.c **** 	    2142, 2118, 2119, 2088, 2042, 2013, 1966, 1990, 1999, 2007,
1972:Core/Src/main.c **** 	    2057, 2082, 2097, 2121, 2092, 2060, 2066, 2015, 2009, 2022,
1973:Core/Src/main.c **** 	    2047, 2071, 2094, 2108, 2110, 2093, 2053, 2024, 2002, 2000,
1974:Core/Src/main.c **** 	    2017, 2030, 2065, 2093, 2093, 2114, 2102, 2071, 2033, 2018,
1975:Core/Src/main.c **** 	    2003, 1991, 1998, 2028, 2051, 2089, 2093, 2084, 2053, 2051,
1976:Core/Src/main.c **** 	    2019, 2014, 2007, 2019, 2019, 2046, 2064, 2054, 2081, 2056,
1977:Core/Src/main.c **** 	    2053, 2060, 2036, 2022, 2050, 2032, 2045, 2055, 2055, 2053,
1978:Core/Src/main.c **** 	    2056, 2070, 2044, 2024, 2022, 2023, 2033, 2069, 2094, 2074,
1979:Core/Src/main.c **** 	    2102, 2073, 2048, 2020, 2024, 2035, 2010, 2045, 2081, 2045,
1980:Core/Src/main.c **** 	    2103, 2063, 2028, 2067, 2101, 2037, 2001, 2059, 2028, 2020,
1981:Core/Src/main.c **** 	    2050, 2060, 2023, 2025, 2023, 2024, 2041, 2055, 2123, 2010,
1982:Core/Src/main.c **** 	    2032, 2043, 2071, 2060, 2061, 2025, 2006, 2020, 2024, 2023,
1983:Core/Src/main.c **** 	    2044, 2044, 2056, 2103, 2059, 2052, 2076, 2092, 2046, 2062,
1984:Core/Src/main.c **** 	    2016, 2012, 2062, 2041, 2078, 2031, 2043, 2078, 2055, 2066,
1985:Core/Src/main.c **** 	    2043, 2062, 2045, 2040, 2052, 2057, 2052, 2043, 2052, 2019,
1986:Core/Src/main.c **** 	    2045, 2036, 2034, 2051, 2044, 2071, 2053, 2075, 2052, 2032,
1987:Core/Src/main.c **** 	    2046, 2046, 2026, 2046, 2018, 2039, 2055, 2041, 2046, 2052,
1988:Core/Src/main.c **** 	    2045, 2043, 2045, 2017, 2050, 2035, 2054, 2054, 2056, 2052,
1989:Core/Src/main.c **** 	    2051, 2053, 2034, 2045, 2033, 2049, 2054, 2073, 2049, 2089,
1990:Core/Src/main.c **** 	    2074, 2065, 2056, 2056, 2044, 2026, 2051, 2032, 2050, 2043,
1991:Core/Src/main.c **** 	    2055, 2048, 2053, 2049, 2045, 2044, 2030, 2041, 2031, 2058,
1992:Core/Src/main.c **** 	    2033, 2065, 2043, 2041, 2049, 2018, 2050, 2037, 2036, 2063,
1993:Core/Src/main.c **** 	    2060, 2047, 2066, 2055, 2037, 2039, 2038, 2043, 2050, 2032,
1994:Core/Src/main.c **** 	    2050, 2070, 2036, 2061, 2055, 2042, 2056, 2047, 2042, 2046,
1995:Core/Src/main.c **** 	    2030, 2041, 2048, 2048, 2038, 2055, 2041, 2054, 2044, 2040,
1996:Core/Src/main.c **** 	    2049, 2051, 2059, 2054, 2058, 2065, 2049, 2064, 2067, 2060,
1997:Core/Src/main.c **** 	    2058, 2043, 2075, 2064, 2062, 2052, 2044, 2055, 2045, 2038,
1998:Core/Src/main.c **** 	    2033, 2029, 2017, 2031, 2031, 2023, 2029, 2025, 2028, 2020,
1999:Core/Src/main.c **** 	    2028, 2035, 2040, 2039, 2053, 2051, 2059, 2058, 2054, 2068,
2000:Core/Src/main.c **** 	    2055, 2081, 2070, 2053, 2074, 2059, 2057, 2061, 2054, 2051,
2001:Core/Src/main.c **** 	    2056, 2047, 2039, 2038, 2024, 2023, 2031, 2025, 2037, 2027,
2002:Core/Src/main.c **** 	    2028, 2037, 2028, 2016, 2023, 2034, 2023, 2035, 2042, 2042,
2003:Core/Src/main.c **** 	    2042, 2042, 2043, 2050, 2044, 2063, 2054, 2053, 2081, 2061,
2004:Core/Src/main.c **** 	    2073, 2074, 2072, 2078, 2072, 2070, 2065, 2065, 2056, 2068,
2005:Core/Src/main.c **** 	    2048, 2064, 2060, 2048, 2049, 2047, 2031, 2041, 2041, 2039,
2006:Core/Src/main.c **** 	    2045, 2036, 2036, 2043, 2045, 2031, 2038, 2025, 1996, 2067,
2007:Core/Src/main.c **** 	    2143, 1996, 1902, 1727, 2219, 2036, 2016, 1747, 2235, 2363,
2008:Core/Src/main.c **** 	    2558, 2054, 1883, 2020, 2013, 2342, 2843, 2353, 1911, 2091,
2009:Core/Src/main.c **** 	    1326, 2414, 3318, 1862, 1438, 1270, 2671, 2261, 2102, 1943,
2010:Core/Src/main.c **** 	    2372, 1574, 2554, 2058, 1768, 1570, 1550, 2061, 1797, 1896,
2011:Core/Src/main.c **** 	    1841, 2368, 2192, 2191, 1987, 2273, 1794, 1705, 1978, 2179,
2012:Core/Src/main.c **** 	    1849, 2622, 2379, 2352, 1814, 1747, 2136, 2315, 2232, 2157,
2013:Core/Src/main.c **** 	    2029, 2235, 1934, 1809, 2220, 2039, 2045, 1837, 1715, 2058,
2014:Core/Src/main.c **** 	    2315, 2345, 2136, 2240, 1991, 2122, 2006, 2107, 1882, 1886,
2015:Core/Src/main.c **** 	    2293, 2146, 2338, 2007, 1967, 1904, 1747, 2161, 2209, 2311,
2016:Core/Src/main.c **** 	    2039, 2010, 2070, 2064, 2168, 1878, 2128, 2032, 1913, 2029,
2017:Core/Src/main.c **** 	    2154, 2024, 2050, 1930, 1930, 2103, 2217, 2155, 2193, 2099,
2018:Core/Src/main.c **** 	    2170, 2017, 2019, 2032, 2128, 2016, 1984, 2106, 2224, 2188,
2019:Core/Src/main.c **** 	    1972, 2054, 1961, 2068, 2022, 2052, 2159, 2204, 2081, 1953,
2020:Core/Src/main.c **** 	    1924, 1948, 2132, 2027, 2034, 2048, 2080, 2077, 2003, 2012,
2021:Core/Src/main.c **** 	    2002, 2092, 2028, 2030, 2094, 2062, 2086, 2062, 1986, 1976,
2022:Core/Src/main.c **** 	    2065, 2039, 2050, 2106, 2126, 1991, 2085, 1975, 1931, 1962,
2023:Core/Src/main.c **** 	    2117, 2148, 2027, 2053, 2025, 1956, 2013, 1956, 2054, 1990,
2024:Core/Src/main.c **** 	    2019, 2015, 2046, 2134, 2122, 2047, 2090, 2031, 2029, 2020,
2025:Core/Src/main.c **** 	    2049, 2047, 2105, 2158, 2118, 2042, 1992, 2007, 2051, 2103,
2026:Core/Src/main.c **** 	    2067, 2029, 2076, 2033, 2059, 2052, 2017, 2033, 2057, 2075,
ARM GAS  C:\Users\kaush\AppData\Local\Temp\ccalbX8O.s 			page 37


2027:Core/Src/main.c **** 	    2082, 2075, 2058, 2037, 2054, 2041, 2053, 2061, 2045, 2044,
2028:Core/Src/main.c **** 	    2061, 2028, 2049, 2034, 2049, 2042, 2059, 2040, 2059, 2051,
2029:Core/Src/main.c **** 	    2046, 2034, 2043, 2021, 2040, 2054, 2066, 2064, 2048, 2060,
2030:Core/Src/main.c **** 	    2046, 2052, 2034, 2040, 2045, 2039, 2047, 2046, 2039, 2051,
2031:Core/Src/main.c **** 	    2053, 2043, 2045, 2040, 2034, 2050, 2041, 2052, 2047, 2051,
2032:Core/Src/main.c **** 	    2050, 2046, 2043, 2050, 2057, 2050, 2053, 2056, 2048, 2045,
2033:Core/Src/main.c **** 	    2046, 2043, 2046, 2050, 2058, 2055, 2055, 2056, 2051, 2039,
2034:Core/Src/main.c **** 	    2043, 2049, 2044, 2043, 2055, 2047, 2055, 2040, 2038, 2038,
2035:Core/Src/main.c **** 	    2041, 2041, 2036, 2042, 2045, 2048, 2048, 2051, 2054, 2040,
2036:Core/Src/main.c **** 	    2052, 2051, 2032, 2052, 2053, 2052, 2056, 2048, 2061, 2051,
2037:Core/Src/main.c **** 	    2057, 2049, 2048, 2042, 2044, 2046, 2049, 1975, 2004, 2007,
2038:Core/Src/main.c **** 	    2022, 2075, 2148, 2028, 2123, 2093, 2083, 2330, 2744, 2468,
2039:Core/Src/main.c **** 	    1701, 1219, 688, 1126, 1279, 1227, 2539, 3542, 3939, 3734,
2040:Core/Src/main.c **** 	    2430, 805, 0, 3, 0, 1058, 2460, 3628, 4095, 4094,
2041:Core/Src/main.c **** 	    4093, 3979, 2545, 1176, 348, 108, 502, 1408, 2321, 2846,
2042:Core/Src/main.c **** 	    2838, 2252, 1812, 1629, 1071, 713, 463, 296, 456, 732,
2043:Core/Src/main.c **** 	    1056, 1542, 1954, 2243, 2177, 2089, 1773, 1521, 1410, 1506,
2044:Core/Src/main.c **** 	    2012, 2751, 3475, 4040, 4095, 4095, 4095, 4095, 3901, 3542,
2045:Core/Src/main.c **** 	    3089, 2811, 2611, 2633, 2711, 2911, 2987, 2891, 2597, 2031,
2046:Core/Src/main.c **** 	    1310, 560, 6, 5, 3, 0, 2, 1, 135, 417,
2047:Core/Src/main.c **** 	    663, 855, 900, 946, 1091, 1302, 1492, 1749, 2066, 2353,
2048:Core/Src/main.c **** 	    2614, 2973, 3192, 3473, 3767, 3967, 4079, 4083, 4033, 3897,
2049:Core/Src/main.c **** 	    3747, 3597, 3403, 3235, 3041, 2734, 2369, 2010, 1612, 1298,
2050:Core/Src/main.c **** 	    1068, 952, 913, 947, 1069, 1220, 1378, 1566, 1766, 1900,
2051:Core/Src/main.c **** 	    2000, 2031, 1994, 1875, 1644, 1451, 1338, 1294, 1407, 1597,
2052:Core/Src/main.c **** 	    1802, 1996, 2121, 2156, 2091, 1988, 1924, 1946, 2047, 2258,
2053:Core/Src/main.c **** 	    2454, 2638, 2734, 2738, 2724, 2650, 2584, 2521, 2536, 2560,
2054:Core/Src/main.c **** 	    2557, 2576, 2574, 2555, 2475, 2406, 2285, 2123, 1958, 1745,
2055:Core/Src/main.c **** 	    1562, 1434, 1336, 1292, 1274, 1265, 1267, 1241, 1184, 1147,
2056:Core/Src/main.c **** 	    1092, 1103, 1151, 1256, 1425, 1619, 1815, 2016, 2151, 2271,
2057:Core/Src/main.c **** 	    2389, 2472, 2597, 2752, 2929, 3097, 3284, 3354, 3345, 3282,
2058:Core/Src/main.c **** 	    3139, 2979, 2812, 2655, 2514, 2352, 2188, 1994, 1806, 1614,
2059:Core/Src/main.c **** 	    1436, 1314, 1209, 1164, 1141, 1167, 1195, 1238, 1335, 1433,
2060:Core/Src/main.c **** 	    1566, 1724, 1889, 2051, 2194, 2314, 2397, 2446, 2468, 2476,
2061:Core/Src/main.c **** 	    2466, 2442, 2398, 2335, 2253, 2167, 2087, 2018, 1971, 1942,
2062:Core/Src/main.c **** 	    1948, 1960, 1977, 1981, 1995, 2004, 2012, 2034, 2055, 2074,
2063:Core/Src/main.c **** 	    2100, 2124, 2136, 2138, 2142, 2138, 2139, 2123, 2096, 2053,
2064:Core/Src/main.c **** 	    1996, 1941, 1879, 1838, 1808, 1793, 1780, 1790, 1800, 1824,
2065:Core/Src/main.c **** 	    1851, 1889, 1944, 1990, 2050, 2105, 2168, 2226, 2287, 2344,
2066:Core/Src/main.c **** 	    2393, 2436, 2463, 2457, 2427, 2372, 2291, 2222, 2143, 2083,
2067:Core/Src/main.c **** 	    2045, 1999, 1971, 1936, 1896, 1851, 1811, 1762, 1722, 1685,
2068:Core/Src/main.c **** 	    1661, 1660, 1689, 1729, 1789, 1872, 1940, 2026, 2074, 2146,
2069:Core/Src/main.c **** 	    2152, 2163, 2098, 2142, 2188, 2401, 2719, 2551, 2044, 2043,
2070:Core/Src/main.c **** 	    2046, 2044, 2043, 2045, 2048, 2048, 2047, 2047, 2047, 2047,
2071:Core/Src/main.c **** 	    2047, 2047, 2047, 2047, 2047, 2047, 2047, 2047, 2047, 2047,
2072:Core/Src/main.c **** 	    2047, 2047, 2047, 2047, 2047, 2047, 2047, 2047, 2047, 2047
2073:Core/Src/main.c **** 	};
2074:Core/Src/main.c **** 
2075:Core/Src/main.c **** uint32_t GUITAR_LUT[NS_L] = {
2076:Core/Src/main.c **** 	    1970, 1970, 1970, 1970, 1970, 1970, 1970, 1970, 1970, 1970,
2077:Core/Src/main.c **** 	    1970, 1970, 1970, 1970, 1970, 1970, 1970, 1970, 1970, 1970,
2078:Core/Src/main.c **** 	    1970, 1970, 1970, 1970, 1970, 1970, 1970, 1970, 1970, 1970,
2079:Core/Src/main.c **** 	    1970, 1970, 1970, 1970, 1970, 1970, 1970, 1970, 1970, 1970,
2080:Core/Src/main.c **** 	    1970, 1970, 1969, 1970, 1969, 1969, 1970, 1969, 1971, 1968,
2081:Core/Src/main.c **** 	    1964, 1958, 1980, 1965, 1959, 2055, 1960, 1967, 1956, 1983,
2082:Core/Src/main.c **** 	    1980, 1923, 1986, 1992, 1932, 1987, 1934, 1990, 1961, 2029,
2083:Core/Src/main.c **** 	    2037, 2033, 1828, 1820, 1764, 2068, 2135, 2286, 2204, 2148,
ARM GAS  C:\Users\kaush\AppData\Local\Temp\ccalbX8O.s 			page 38


2084:Core/Src/main.c **** 	    2178, 2180, 1767, 1374, 1289, 1599, 1908, 2191, 2204, 2463,
2085:Core/Src/main.c **** 	    2496, 2598, 2131, 1564, 1176, 1449, 1796, 2082, 2061, 2300,
2086:Core/Src/main.c **** 	    2493, 2569, 2176, 1595, 1140, 1336, 1682, 1958, 2005, 2155,
2087:Core/Src/main.c **** 	    2509, 2694, 2407, 1824, 1377, 1500, 1922, 2085, 1998, 1980,
2088:Core/Src/main.c **** 	    2262, 2472, 2288, 1790, 1387, 1459, 1830, 2025, 1973, 1856,
2089:Core/Src/main.c **** 	    2146, 2423, 2402, 2004, 1540, 1573, 1927, 2215, 2185, 1947,
2090:Core/Src/main.c **** 	    2069, 2250, 2266, 1865, 1415, 1427, 1790, 2127, 2181, 1984,
2091:Core/Src/main.c **** 	    2001, 2222, 2295, 1964, 1537, 1524, 1834, 2232, 2278, 2078,
2092:Core/Src/main.c **** 	    1970, 2146, 2254, 2010, 1572, 1474, 1715, 2106, 2236, 1993,
2093:Core/Src/main.c **** 	    1857, 2092, 2266, 2125, 1706, 1537, 1775, 2164, 2323, 2133,
2094:Core/Src/main.c **** 	    1923, 2061, 2257, 2165, 1802, 1458, 1597, 1927, 2174, 2098,
2095:Core/Src/main.c **** 	    1910, 2019, 2288, 2312, 1955, 1503, 1515, 1832, 2137, 2173,
2096:Core/Src/main.c **** 	    2004, 2069, 2309, 2375, 2034, 1514, 1427, 1696, 1973, 2107,
2097:Core/Src/main.c **** 	    1939, 2005, 2286, 2424, 2192, 1735, 1485, 1694, 1974, 2114,
2098:Core/Src/main.c **** 	    1938, 1914, 2227, 2421, 2278, 1857, 1503, 1651, 1934, 2026,
2099:Core/Src/main.c **** 	    1875, 1806, 2068, 2386, 2344, 1994, 1616, 1690, 1972, 2095,
2100:Core/Src/main.c **** 	    1987, 1822, 2004, 2306, 2373, 2044, 1612, 1578, 1860, 2039,
2101:Core/Src/main.c **** 	    2033, 1818, 1928, 2225, 2364, 2094, 1637, 1542, 1847, 2088,
2102:Core/Src/main.c **** 	    2175, 1953, 1968, 2176, 2336, 2099, 1672, 1491, 1747, 2027,
2103:Core/Src/main.c **** 	    2143, 1954, 1900, 2096, 2312, 2151, 1770, 1536, 1731, 2056,
2104:Core/Src/main.c **** 	    2183, 2018, 1897, 2105, 2297, 2232, 1847, 1545, 1644, 1981,
2105:Core/Src/main.c **** 	    2106, 2004, 1817, 2020, 2241, 2275, 1953, 1583, 1628, 1951,
2106:Core/Src/main.c **** 	    2138, 2113, 1894, 2001, 2231, 2319, 2024, 1601, 1532, 1826,
2107:Core/Src/main.c **** 	    2079, 2124, 1914, 1949, 2165, 2294, 2058, 1648, 1512, 1764,
2108:Core/Src/main.c **** 	    2073, 2186, 2016, 1989, 2167, 2308, 2130, 1737, 1521, 1704,
2109:Core/Src/main.c **** 	    2032, 2155, 2013, 1902, 2089, 2265, 2170, 1835, 1568, 1708,
2110:Core/Src/main.c **** 	    2028, 2172, 2039, 1884, 2054, 2251, 2244, 1929, 1613, 1661,
2111:Core/Src/main.c **** 	    1969, 2133, 2066, 1852, 1967, 2187, 2254, 1982, 1629, 1621,
2112:Core/Src/main.c **** 	    1907, 2128, 2115, 1910, 1948, 2161, 2276, 2046, 1676, 1592,
2113:Core/Src/main.c **** 	    1832, 2110, 2155, 1942, 1892, 2077, 2235, 2072, 1718, 1590,
2114:Core/Src/main.c **** 	    1810, 2096, 2193, 1996, 1881, 2052, 2229, 2130, 1820, 1607,
2115:Core/Src/main.c **** 	    1782, 2069, 2192, 2008, 1860, 1984, 2180, 2150, 1879, 1641,
2116:Core/Src/main.c **** 	    1742, 2035, 2184, 2063, 1863, 1961, 2169, 2222, 1950, 1646,
2117:Core/Src/main.c **** 	    1667, 1952, 2152, 2119, 1885, 1927, 2124, 2226, 1995, 1642,
2118:Core/Src/main.c **** 	    1606, 1870, 2125, 2187, 1966, 1932, 2115, 2227, 2040, 1685,
2119:Core/Src/main.c **** 	    1572, 1801, 2099, 2212, 2013, 1928, 2058, 2220, 2067, 1751,
2120:Core/Src/main.c **** 	    1577, 1764, 2055, 2200, 2052, 1925, 2034, 2224, 2141, 1844,
2121:Core/Src/main.c **** 	    1615, 1736, 2038, 2178, 2079, 1901, 1995, 2179, 2179, 1892,
2122:Core/Src/main.c **** 	    1634, 1690, 1983, 2165, 2126, 1903, 1957, 2144, 2219, 1975,
2123:Core/Src/main.c **** 	    1667, 1652, 1922, 2136, 2151, 1934, 1918, 2086, 2224, 2019,
2124:Core/Src/main.c **** 	    1689, 1607, 1841, 2106, 2196, 1989, 1897, 2033, 2203, 2069,
2125:Core/Src/main.c **** 	    1750, 1616, 1819, 2120, 2223, 2046, 1878, 1981, 2138, 2080,
2126:Core/Src/main.c **** 	    1792, 1618, 1787, 2078, 2212, 2077, 1891, 1949, 2130, 2130,
2127:Core/Src/main.c **** 	    1867, 1651, 1749, 2043, 2198, 2123, 1901, 1921, 2102, 2169,
2128:Core/Src/main.c **** 	    1919, 1654, 1683, 1983, 2184, 2166, 1925, 1909, 2056, 2186,
2129:Core/Src/main.c **** 	    1991, 1679, 1650, 1907, 2165, 2197, 1980, 1885, 2021, 2176,
2130:Core/Src/main.c **** 	    2028, 1707, 1602, 1828, 2125, 2227, 2046, 1897, 1994, 2162,
2131:Core/Src/main.c **** 	    2083, 1782, 1619, 1796, 2096, 2217, 2085, 1902, 1949, 2120,
2132:Core/Src/main.c **** 	    2109, 1851, 1652, 1762, 2054, 2200, 2106, 1893, 1920, 2088,
2133:Core/Src/main.c **** 	    2159, 1929, 1674, 1719, 2004, 2196, 2151, 1925, 1905, 2056,
2134:Core/Src/main.c **** 	    2167, 1969, 1686, 1657, 1938, 2167, 2201, 1964, 1890, 2014,
2135:Core/Src/main.c **** 	    2174, 2018, 1710, 1633, 1872, 2153, 2233, 2032, 1892, 1973,
2136:Core/Src/main.c **** 	    2138, 2053, 1747, 1614, 1808, 2119, 2240, 2088, 1895, 1945,
2137:Core/Src/main.c **** 	    2108, 2082, 1819, 1632, 1778, 2074, 2235, 2128, 1917, 1928,
2138:Core/Src/main.c **** 	    2074, 2113, 1886, 1658, 1732, 2026, 2216, 2161, 1934, 1905,
2139:Core/Src/main.c **** 	    2043, 2140, 1939, 1688, 1686, 1968, 2195, 2197, 1966, 1893,
2140:Core/Src/main.c **** 	    2011, 2148, 1990, 1715, 1640, 1902, 2171, 2232, 2017, 1897,
ARM GAS  C:\Users\kaush\AppData\Local\Temp\ccalbX8O.s 			page 39


2141:Core/Src/main.c **** 	    1982, 2127, 2038, 1753, 1633, 1831, 2137, 2243, 2071, 1896,
2142:Core/Src/main.c **** 	    1938, 2098, 2062, 1803, 1644, 1778, 2090, 2236, 2122, 1909,
2143:Core/Src/main.c **** 	    1917, 2068, 2092, 1868, 1674, 1756, 2049, 2225, 2153, 1938,
2144:Core/Src/main.c **** 	    1907, 2038, 2112, 1926, 1692, 1711, 1985, 2207, 2182, 1971,
2145:Core/Src/main.c **** 	    1898, 2006, 2130, 1973, 1713, 1670, 1927, 2175, 2228, 1999,
2146:Core/Src/main.c **** 	    1894, 1978, 2125, 2014, 1741, 1638, 1849, 2142, 2239, 2064,
2147:Core/Src/main.c **** 	    1903, 1948, 2090, 2041, 1791, 1639, 1788, 2091, 2252, 2128,
2148:Core/Src/main.c **** 	    1919, 1921, 2059, 2078, 1843, 1650, 1744, 2046, 2221, 2170,
2149:Core/Src/main.c **** 	    1945, 1872, 2029, 2072, 1905, 1678, 1738, 2028, 2247, 2223,
2150:Core/Src/main.c **** 	    2035, 1912, 2023, 2097, 1946, 1663, 1589, 1931, 2133, 2175,
2151:Core/Src/main.c **** 	    1965, 1883, 2037, 2232, 2098, 1708, 1527, 1852, 2094, 2244,
2152:Core/Src/main.c **** 	    2129, 2173, 2362, 2210, 1988, 1561, 1455, 1558, 1816, 2158,
2153:Core/Src/main.c **** 	    2342, 1924, 1985, 1991, 2102, 1788, 1508, 1940, 2346, 2297,
2154:Core/Src/main.c **** 	    2133, 1824, 1913, 1928, 1896, 1995, 1838, 1728, 1890, 1991,
2155:Core/Src/main.c **** 	    2085, 1769, 1604, 1979, 2296, 2166, 1804, 1760, 2117, 2187,
2156:Core/Src/main.c **** 	    1993, 1894, 1973, 2113, 2079, 1999, 1794, 1594, 1630, 1983,
2157:Core/Src/main.c **** 	    2244, 2117, 1835, 2002, 2196, 2034, 1616, 1564, 2018, 2328,
2158:Core/Src/main.c **** 	    2318, 2200, 2002, 1950, 1870, 1837, 1862, 1761, 1753, 2083,
2159:Core/Src/main.c **** 	    2266, 2165, 1764, 1743, 2174, 2283, 1925, 1754, 1818, 2122,
2160:Core/Src/main.c **** 	    2113, 2039, 2092, 2078, 2053, 2088, 1888, 1695, 1558, 1774,
2161:Core/Src/main.c **** 	    2262, 2362, 2051, 1884, 1993, 2174, 1898, 1595, 1841, 2177,
2162:Core/Src/main.c **** 	    2302, 2201, 1983, 1881, 1783, 1838, 2014, 1952, 1790, 1854,
2163:Core/Src/main.c **** 	    2118, 2249, 1951, 1673, 1895, 2281, 2222, 1859, 1724, 1894,
2164:Core/Src/main.c **** 	    2049, 2029, 2032, 2039, 1976, 1967, 2016, 1844, 1586, 1546,
2165:Core/Src/main.c **** 	    1937, 2401, 2306, 1962, 1933, 2065, 2093, 1748, 1617, 1921,
2166:Core/Src/main.c **** 	    2161, 2227, 2201, 1970, 1842, 1734, 1868, 2017, 1817, 1702,
2167:Core/Src/main.c **** 	    1944, 2195, 2258, 1905, 1771, 2129, 2271, 2089, 1791, 1696,
2168:Core/Src/main.c **** 	    1907, 1998, 2041, 2138, 2023, 1973, 2022, 1958, 1744, 1475,
2169:Core/Src/main.c **** 	    1621, 2179, 2446, 2252, 1976, 1942, 2101, 1953, 1665, 1732,
2170:Core/Src/main.c **** 	    1980, 2207, 2250, 2118, 1913, 1726, 1752, 2013, 2042, 1817,
2171:Core/Src/main.c **** 	    1768, 1994, 2235, 2098, 1787, 1878, 2204, 2260, 2013, 1749,
2172:Core/Src/main.c **** 	    1755, 1883, 1968, 2109, 2166, 1990, 1960, 2036, 1981, 1687,
2173:Core/Src/main.c **** 	    1488, 1787, 2325, 2364, 2122, 1921, 1990, 2072, 1859, 1667,
2174:Core/Src/main.c **** 	    1835, 1956, 2173, 2218, 2103, 1877, 1718, 1876, 2170, 1941,
2175:Core/Src/main.c **** 	    1737, 1800, 2091, 2249, 1969, 1794, 1979, 2209, 2140, 2091,
2176:Core/Src/main.c **** 	    1710, 1671, 1742, 2035, 2167, 2157, 1903, 2090, 2234, 2059,
2177:Core/Src/main.c **** 	    1776, 1479, 2009, 2119, 2145, 2014, 1666, 2066, 2207, 1955,
2178:Core/Src/main.c **** 	    1700, 2060, 1698, 2248, 2997, 2014, 1498, 898, 2333, 2232,
2179:Core/Src/main.c **** 	    1681, 1868, 1928, 2274, 2640, 1190, 989, 1206, 3066, 1747,
2180:Core/Src/main.c **** 	    1841, 2026, 1895, 2666, 2430, 2131, 1195, 2755, 1027, 987,
2181:Core/Src/main.c **** 	    720, 1407, 2407, 1280, 3435, 1900, 3438, 1927, 3355, 1828,
2182:Core/Src/main.c **** 	    1392, 1951, 257, 2418, 995, 3936, 1982, 1032, 2134, 1401,
2183:Core/Src/main.c **** 	    2279, 422, 3117, 1399, 3149, 3794, 2023, 2583, 1753, 3014,
2184:Core/Src/main.c **** 	    923, 2454, 1110, 1547, 1984, 2098, 2021, 1205, 2048, 1178,
2185:Core/Src/main.c **** 	    3043, 1181, 2699, 2864, 1870, 2803, 1351, 2882, 721, 2827,
2186:Core/Src/main.c **** 	    950, 959, 2394, 758, 2508, 876, 3201, 1172, 2099, 2672,
2187:Core/Src/main.c **** 	    1798, 3331, 1073, 2563, 1113, 2296, 1773, 1331, 1495, 1753,
2188:Core/Src/main.c **** 	    2749, 988, 2011, 777, 2092, 2097, 3101, 2611, 1819, 2642,
2189:Core/Src/main.c **** 	    1270, 2923, 345, 2213, 1893, 1310, 2487, 1389, 2921, 772,
2190:Core/Src/main.c **** 	    2855, 1340, 1952, 3102, 1310, 2712, 2106, 3044, 1110, 1961,
2191:Core/Src/main.c **** 	    1935, 1388, 2405, 1079, 2095, 1894, 2483, 1861, 2645, 1810,
2192:Core/Src/main.c **** 	    2614, 3023, 1231, 2048, 1166, 2526, 1558, 2966, 1649, 1105,
2193:Core/Src/main.c **** 	    2604, 1002, 2650, 936, 2453, 2107, 2197, 2930, 1544, 2800,
2194:Core/Src/main.c **** 	    1132, 2650, 1699, 1589, 2305, 1136, 2026, 1853, 2317, 1084,
2195:Core/Src/main.c **** 	    2173, 1972, 2125, 2490, 1856, 2308, 1917, 2277, 1355, 2738,
2196:Core/Src/main.c **** 	    1167, 2106, 2461, 886, 1897, 1089, 2419, 1642, 2932, 1790,
2197:Core/Src/main.c **** 	    1288, 3281, 1243, 2467, 1595, 2318, 2069, 2084, 2373, 1039,
ARM GAS  C:\Users\kaush\AppData\Local\Temp\ccalbX8O.s 			page 40


2198:Core/Src/main.c **** 	    2469, 1133, 2188, 1973, 1622, 2036, 2075, 2389, 2250, 2644,
2199:Core/Src/main.c **** 	    1266, 2222, 1953, 2243, 1828, 1762, 1954, 1452, 2659, 1296,
2200:Core/Src/main.c **** 	    2416, 1632, 2210, 2689, 1205, 2391, 1382, 2811, 2078, 2437,
2201:Core/Src/main.c **** 	    1834, 1107, 2714, 1031, 2083, 1853, 2110, 2074, 2048, 2105,
2202:Core/Src/main.c **** 	    1591, 2472, 1526, 2272, 2122, 1780, 1686, 2151, 1926, 1745,
2203:Core/Src/main.c **** 	    2287, 1008, 2346, 2019, 1993, 1736, 1849, 2223, 1431, 3064,
2204:Core/Src/main.c **** 	    1342, 2263, 2142, 1841, 2272, 996, 1885, 1357, 2747, 2175,
2205:Core/Src/main.c **** 	    2049, 2052, 1248, 2268, 1651, 2054, 1992, 2206, 2096, 2291,
2206:Core/Src/main.c **** 	    2053, 1574, 1965, 1640, 2309, 1871, 2096, 1691, 2181, 2057,
2207:Core/Src/main.c **** 	    1741, 2374, 1446, 2401, 2030, 1976, 1991, 1898, 2113, 1658,
2208:Core/Src/main.c **** 	    2364, 1680, 2055, 2015, 1835, 2078, 1769, 1959, 1968, 2273,
2209:Core/Src/main.c **** 	    1964, 1968, 2034, 1959, 1962, 2011, 1912, 1834, 2031, 1774,
2210:Core/Src/main.c **** 	    2131, 1915, 2046, 1939, 2023, 2082, 1851, 2224, 1744, 2046,
2211:Core/Src/main.c **** 	    2017, 1942, 1975, 1757, 2025, 1880, 2137, 1894, 1979, 1924,
2212:Core/Src/main.c **** 	    1893, 2080, 1920, 2034, 1923, 2145, 1949, 2017, 1886, 1926,
2213:Core/Src/main.c **** 	    2064, 1849, 2056, 1842, 1966, 1868, 2009, 2015, 1946, 2146,
2214:Core/Src/main.c **** 	    1884, 2098, 1903, 1968, 1908, 1942, 2037, 1934, 2065, 1841,
2215:Core/Src/main.c **** 	    2032, 1935, 1965, 2001, 1905, 1990, 1877, 2057, 1945, 2032,
2216:Core/Src/main.c **** 	    1981, 1985, 2059, 1926, 1974, 1853, 1989, 1938, 1990, 1958,
2217:Core/Src/main.c **** 	    1909, 2041, 1978, 2064, 1924, 1983, 1908, 1969, 2011, 1930,
2218:Core/Src/main.c **** 	    2026, 1939, 2059, 1936, 1952, 1922, 1930, 2044, 1931, 2033,
2219:Core/Src/main.c **** 	    1891, 1992, 1988, 1979, 2032, 1937, 2038, 1912, 2031, 1912,
2220:Core/Src/main.c **** 	    1921, 1956, 1928, 2042, 1939, 1987, 1929, 2021, 1980, 1977,
2221:Core/Src/main.c **** 	    1989, 1896, 2025, 1941, 2009, 1917, 1965, 1950, 1973, 2060,
2222:Core/Src/main.c **** 	    1928, 2014, 1910, 2014, 1937, 1915, 1932, 1935, 2095, 1929,
2223:Core/Src/main.c **** 	    2064, 1910, 1975, 2003, 1944, 2001, 1881, 2031, 1913, 2017,
2224:Core/Src/main.c **** 	    1950, 1931, 1998, 1954, 2042, 1898, 1989, 1919, 2003, 1983,
2225:Core/Src/main.c **** 	    1968, 2025, 1937, 2052, 1944, 2011, 1901, 1929, 1934, 1952,
2226:Core/Src/main.c **** 	    2044, 1904, 2030, 1941, 2034, 1953, 1919, 1975, 1945, 2091,
2227:Core/Src/main.c **** 	    1926, 2025, 1919, 1954, 1985, 1947, 2017, 1906, 2026, 1918,
2228:Core/Src/main.c **** 	    2002, 1927, 1918, 2002, 1963, 2051, 1927, 2008, 1938, 2014,
2229:Core/Src/main.c **** 	    1967, 1935, 1991, 1922, 2026, 1938, 2011, 1907, 1962, 1991,
2230:Core/Src/main.c **** 	    1953, 2009, 1909, 2018, 1936, 2008, 1948, 1926, 1991, 1961,
2231:Core/Src/main.c **** 	    2051, 1933, 2000, 1922, 1954, 1982, 1949, 1980, 1911, 2024,
2232:Core/Src/main.c **** 	    1969, 1999, 1943, 1943, 2014, 1980, 2012, 1903, 1970, 1947,
2233:Core/Src/main.c **** 	    2001, 1973, 1945, 2006, 1946, 2010, 1935, 1981, 1913, 1963,
2234:Core/Src/main.c **** 	    2012, 1963, 2006, 1929, 2019, 1958, 1990, 1945, 1922, 1993,
2235:Core/Src/main.c **** 	    1963, 2035, 1937, 1973, 1960, 1976, 1988, 1965, 1968, 1924,
2236:Core/Src/main.c **** 	    2023, 1973, 1954, 1934, 1959, 2001, 1960, 1992, 1911, 1982,
2237:Core/Src/main.c **** 	    1981, 2004, 1973, 1951, 1995, 1959, 2006, 1952, 1969, 1927,
2238:Core/Src/main.c **** 	    1978, 2013, 1941, 1966, 1923, 1986, 1969, 1975, 1960, 1945,
2239:Core/Src/main.c **** 	    2007, 1982, 2003, 1938, 1967, 1974, 1968, 1998, 1946, 1960,
2240:Core/Src/main.c **** 	    1936, 2000, 1971, 1941, 1957, 1967, 2013, 1962, 1995, 1934,
2241:Core/Src/main.c **** 	    1984, 1992, 1983, 1973, 1929, 1995, 1955, 1990, 1947, 1939,
2242:Core/Src/main.c **** 	    1954, 1973, 2025, 1939, 1966, 1955, 2009, 1977, 1967, 1971,
2243:Core/Src/main.c **** 	    1935, 2010, 1974, 1983, 1937, 1967, 1977, 1962, 1988, 1932,
2244:Core/Src/main.c **** 	    1964, 1952, 2018, 1973, 1947, 1960, 1974, 2010, 1962, 1967,
2245:Core/Src/main.c **** 	    1928, 1976, 1982, 1973, 1956, 1955, 2020, 1973, 1988, 1937,
2246:Core/Src/main.c **** 	    1933, 1955, 1969, 2021, 1947, 1985, 1980, 1984, 1963, 1936,
2247:Core/Src/main.c **** 	    1949, 1963, 2002, 1992, 1974, 1937, 1971, 1982, 1973, 1980,
2248:Core/Src/main.c **** 	    1949, 1958, 1964, 1982, 1952, 1935, 1952, 2001, 2020, 1980,
2249:Core/Src/main.c **** 	    1968, 1968, 1976, 1973, 1954, 1970, 1966, 2008, 1980, 1955,
2250:Core/Src/main.c **** 	    1956, 1927, 1970, 1970, 1992, 1954, 1937, 1987, 1962, 1986,
2251:Core/Src/main.c **** 	    1947, 1967, 2001, 2017, 2010, 1956, 1994, 1943, 1974, 1982,
2252:Core/Src/main.c **** 	    1952, 1951, 1970, 1981, 1967, 1967, 1924, 1966, 2000, 2005,
2253:Core/Src/main.c **** 	    1965, 1960, 1961, 1969, 2002, 1946, 2000, 1972, 1975, 1971,
2254:Core/Src/main.c **** 	    1920, 1950, 1909, 2004, 1987, 1995, 1969, 1937, 1993, 1945,
ARM GAS  C:\Users\kaush\AppData\Local\Temp\ccalbX8O.s 			page 41


2255:Core/Src/main.c **** 	    1987, 1944, 1994, 2008, 1989, 1979, 1937, 1939, 1925, 1977,
2256:Core/Src/main.c **** 	    1965, 1966, 1952, 1985, 1987, 1976, 1956, 1925, 2009, 1999,
2257:Core/Src/main.c **** 	    2014, 1957, 1953, 1957, 1937, 1984, 1938, 1996, 1978, 1982,
2258:Core/Src/main.c **** 	    1984, 1933, 1957, 1932, 2016, 2002, 2002, 1976, 1947, 1980,
2259:Core/Src/main.c **** 	    1954, 1950, 1939, 1986, 1988, 1981, 1968, 1943, 1952, 1972,
2260:Core/Src/main.c **** 	    2003, 1982, 1985, 1952, 1991, 1979, 1951, 1948, 1937, 2011,
2261:Core/Src/main.c **** 	    1980, 1999, 1941, 1941, 1981, 1938, 2000, 1974, 1997, 1979,
2262:Core/Src/main.c **** 	    1984, 1977, 1919, 1939, 1940, 2005, 1994, 1975, 1959, 1944,
2263:Core/Src/main.c **** 	    1975, 1953, 1960, 1963, 2009, 1992, 1992, 1968, 1951, 1948,
2264:Core/Src/main.c **** 	    1964, 2001, 1947, 1974, 1936, 1978, 1978, 1933, 1969, 1962,
2265:Core/Src/main.c **** 	    2027, 1989, 1985, 1950, 1939, 1987, 1939, 2003, 1974, 1982,
2266:Core/Src/main.c **** 	    1977, 1972, 1957, 1905, 1954, 1967, 2017, 2002, 1972, 1964,
2267:Core/Src/main.c **** 	    1965, 1978, 1957, 1975, 1961, 2007, 1971, 1978, 1949, 1936,
2268:Core/Src/main.c **** 	    1962, 1973, 2014, 1950, 1971, 1968, 1968, 1980, 1944, 2000,
2269:Core/Src/main.c **** 	    1986, 2015, 1964, 1963, 1935, 1924, 1973, 1950, 2018, 2008,
2270:Core/Src/main.c **** 	    1992, 1977, 1952, 1940, 1907, 1957, 2004, 2020, 2026, 1950,
2271:Core/Src/main.c **** 	    1900, 1981, 1987, 1906, 2032, 1943, 2175, 2145, 1921, 1667,
2272:Core/Src/main.c **** 	    1827, 1891, 1878, 2125, 2262, 2462, 2523, 2161, 1930, 1480,
2273:Core/Src/main.c **** 	    1672, 1799, 1944, 2113, 2215, 2184, 1946, 1823, 1863, 1805,
2274:Core/Src/main.c **** 	    1829, 2272, 2061, 2136, 2046, 1757, 1918, 1863, 1891, 2220,
2275:Core/Src/main.c **** 	    2078, 2096, 1859, 1660, 1720, 1779, 1744, 2114, 2252, 2207,
2276:Core/Src/main.c **** 	    2008, 1963, 1839, 1800, 1803, 1978, 2091, 2229, 2108, 1961,
2277:Core/Src/main.c **** 	    1909, 1740, 1727, 1830, 1965, 2041, 2020, 1994, 1905, 1962,
2278:Core/Src/main.c **** 	    1714, 1868, 2175, 2040, 2085, 2061, 1849, 1864, 1845, 1789,
2279:Core/Src/main.c **** 	    2053, 2052, 2033, 1950, 1771, 1864, 1731, 1856, 2053, 2145,
2280:Core/Src/main.c **** 	    2103, 1910, 1888, 1975, 1859, 1882, 2182, 2045, 2109, 1999,
2281:Core/Src/main.c **** 	    1734, 1936, 1797, 1834, 2096, 2098, 2032, 1931, 1822, 1947,
2282:Core/Src/main.c **** 	    1969, 1832, 2203, 2242, 2135, 1946, 1861, 1853, 1773, 1899,
2283:Core/Src/main.c **** 	    2036, 2207, 2193, 2014, 1864, 1819, 1804, 1698, 2081, 2138,
2284:Core/Src/main.c **** 	    2290, 2165, 1939, 1991, 1862, 1775, 1936, 2114, 2067, 2100,
2285:Core/Src/main.c **** 	    2014, 1799, 1932, 1805, 1990, 2097, 2171, 1998, 1961, 1913,
2286:Core/Src/main.c **** 	    1941, 1902, 1918, 2166, 2194, 2115, 1944, 1871, 1915, 1715,
2287:Core/Src/main.c **** 	    1946, 1968, 2143, 2114, 2011, 1897, 1994, 1887, 1809, 2115,
2288:Core/Src/main.c **** 	    2107, 2109, 1998, 1812, 2003, 1854, 1901, 2080, 2172, 2005,
2289:Core/Src/main.c **** 	    1969, 1811, 1788, 1837, 1859, 2111, 2158, 2176, 1943, 1842,
2290:Core/Src/main.c **** 	    1950, 1803, 1842, 2037, 2180, 2135, 2052, 1834, 1849, 1845,
2291:Core/Src/main.c **** 	    1685, 2079, 2037, 2116, 2059, 1876, 1850, 1842, 1797, 1932,
2292:Core/Src/main.c **** 	    2159, 2179, 2079, 1933, 1857, 1875, 1740, 2013, 2021, 2146,
2293:Core/Src/main.c **** 	    1992, 1908, 1868, 1813, 1789, 1953, 2086, 2114, 2109, 1877,
2294:Core/Src/main.c **** 	    1874, 1997, 1751, 1965, 2015, 2176, 2042, 1962, 1861, 1891,
2295:Core/Src/main.c **** 	    1848, 1842, 2054, 2071, 2034, 1985, 1888, 1934, 1851, 1947,
2296:Core/Src/main.c **** 	    1999, 2193, 2098, 1942, 1866, 1913, 1821, 1866, 2123, 2073,
2297:Core/Src/main.c **** 	    2105, 1961, 1850, 1917, 1815, 1865, 2085, 2195, 2091, 2035,
2298:Core/Src/main.c **** 	    1835, 1900, 1963, 1809, 2078, 2125, 2151, 1993, 1874, 1886,
2299:Core/Src/main.c **** 	    1827, 1862, 2012, 2121, 2136, 2055, 1924, 1932, 1901, 1833,
2300:Core/Src/main.c **** 	    2044, 2028, 2161, 2068, 1915, 1927, 1905, 1822, 1959, 2058,
2301:Core/Src/main.c **** 	    2049, 2061, 1970, 1940, 1954, 1867, 1970, 2014, 2083, 2014,
2302:Core/Src/main.c **** 	    1961, 1948, 1930, 1932, 1946, 1989, 2035, 2022, 1960, 1939,
2303:Core/Src/main.c **** 	    1949, 1892, 1966, 1989, 2021, 2020, 1975, 1965, 1958, 1931,
2304:Core/Src/main.c **** 	    1939, 1991, 1996, 1997, 1979, 1940, 1958, 1938, 1955, 1976,
2305:Core/Src/main.c **** 	    2018, 2006, 1972, 1959, 1939, 1943, 1936, 1977, 1996, 2009,
2306:Core/Src/main.c **** 	    1994, 1954, 1964, 1934, 1952, 1963, 1977, 2002, 1994, 1973,
2307:Core/Src/main.c **** 	    1958, 1959, 1940, 1968, 1976, 1986, 1992, 1960, 1966, 1944,
2308:Core/Src/main.c **** 	    1949, 1957, 1986, 1998, 1994, 1986, 1961, 1953, 1935, 1952,
2309:Core/Src/main.c **** 	    1962, 1989, 2003, 1980, 1976, 1954, 1951, 1946, 1963, 1985,
2310:Core/Src/main.c **** 	    1990, 1986, 1974, 1967, 1943, 1962, 1958, 1977, 1991, 1977,
2311:Core/Src/main.c **** 	    1972, 1954, 1955, 1954, 1967, 1985, 1991, 1985, 1968, 1970,
ARM GAS  C:\Users\kaush\AppData\Local\Temp\ccalbX8O.s 			page 42


2312:Core/Src/main.c **** 	    1945, 1954, 1957, 1982, 1989, 1979, 1974, 1961, 1958, 1954,
2313:Core/Src/main.c **** 	    1962, 1975, 1992, 1985, 1961, 1961, 1945, 1958, 1964, 1985,
2314:Core/Src/main.c **** 	    1996, 1989, 1978, 1960, 1950, 1941, 1959, 1975, 1991, 1990,
2315:Core/Src/main.c **** 	    1972, 1973, 1949, 1952, 1954, 1974, 1992, 1989, 1981, 1964,
2316:Core/Src/main.c **** 	    1960, 1947, 1957, 1973, 1990, 1994, 1978, 1971, 1950, 1949,
2317:Core/Src/main.c **** 	    1952, 1965, 1983, 1990, 1981, 1969, 1965, 1950, 1965, 1967,
2318:Core/Src/main.c **** 	    1984, 1987, 1970, 1974, 1960, 1958, 1958, 1971, 1982, 1983,
2319:Core/Src/main.c **** 	    1976, 1961, 1965, 1955, 1966, 1966, 1982, 1988, 1978, 1973,
2320:Core/Src/main.c **** 	    1964, 1961, 1958, 1965, 1973, 1979, 1972, 1966, 1968, 1961,
2321:Core/Src/main.c **** 	    1968, 1967, 1987, 1986, 1975, 1970, 1957, 1956, 1958, 1971,
2322:Core/Src/main.c **** 	    1982, 1992, 1983, 1967, 1965, 1952, 1952, 1955, 1974, 1986,
2323:Core/Src/main.c **** 	    1982, 1977, 1971, 1968, 1964, 1962, 1969, 1979, 1972, 1970,
2324:Core/Src/main.c **** 	    1963, 1963, 1968, 1965, 1977, 1978, 1975, 1967, 1961, 1966,
2325:Core/Src/main.c **** 	    1960, 1968, 1972, 1980, 1978, 1967, 1967, 1964, 1970, 1968,
2326:Core/Src/main.c **** 	    1971, 1975, 1971, 1967, 1963, 1970, 1970, 1970, 1974, 1975,
2327:Core/Src/main.c **** 	    1969, 1963, 1959, 1964, 1974, 1971, 1978, 1979, 1979, 1966,
2328:Core/Src/main.c **** 	    1963, 1967, 1963, 1975, 1972, 1978, 1973, 1963, 1961, 1958,
2329:Core/Src/main.c **** 	    1971, 1965, 1976, 1979, 1976, 1973, 1960, 1965, 1968, 1974,
2330:Core/Src/main.c **** 	    1973, 1979, 1973, 1934, 1959, 2062, 2113, 1790, 1571, 1866,
2331:Core/Src/main.c **** 	    1854, 2010, 2089, 2028, 2635, 2770, 2425, 1850, 1624, 1364,
2332:Core/Src/main.c **** 	    1615, 1664, 1435, 2057, 2767, 2631, 2315, 1764, 1690, 1653,
2333:Core/Src/main.c **** 	    1795, 1503, 2005, 2539, 2632, 2282, 1923, 1830, 1808, 1943,
2334:Core/Src/main.c **** 	    1390, 1913, 2265, 2289, 2120, 1743, 1668, 1856, 1909, 1489,
2335:Core/Src/main.c **** 	    2126, 2437, 2493, 2345, 1913, 1674, 1849, 1785, 1499, 2112,
2336:Core/Src/main.c **** 	    2402, 2541, 2346, 1945, 1550, 1701, 1578, 1435, 1919, 2242,
2337:Core/Src/main.c **** 	    2658, 2508, 2125, 1819, 1818, 1605, 1517, 1860, 2168, 2643,
2338:Core/Src/main.c **** 	    2475, 2159, 1807, 1762, 1500, 1520, 1725, 2012, 2586, 2425,
2339:Core/Src/main.c **** 	    2178, 1865, 1833, 1524, 1636, 1698, 2014, 2654, 2468, 2239,
2340:Core/Src/main.c **** 	    1954, 1833, 1497, 1653, 1576, 1901, 2589, 2413, 2191, 1907,
2341:Core/Src/main.c **** 	    1765, 1469, 1709, 1535, 1901, 2613, 2500, 2294, 2038, 1863,
2342:Core/Src/main.c **** 	    1492, 1676, 1421, 1771, 2458, 2472, 2280, 2049, 1879, 1577,
2343:Core/Src/main.c **** 	    1698, 1377, 1714, 2328, 2483, 2307, 2108, 1949, 1761, 1810,
2344:Core/Src/main.c **** 	    1404, 1719, 2248, 2415, 2255, 2027, 1812, 1734, 1793, 1428,
2345:Core/Src/main.c **** 	    1764, 2244, 2470, 2310, 2054, 1789, 1746, 1771, 1444, 1796,
2346:Core/Src/main.c **** 	    2242, 2506, 2373, 2126, 1793, 1774, 1702, 1400, 1709, 2089,
2347:Core/Src/main.c **** 	    2471, 2366, 2141, 1821, 1866, 1773, 1481, 1728, 2061, 2464,
2348:Core/Src/main.c **** 	    2357, 2137, 1808, 1894, 1792, 1529, 1719, 2018, 2445, 2338,
2349:Core/Src/main.c **** 	    2085, 1723, 1822, 1738, 1582, 1743, 2035, 2534, 2431, 2158,
2350:Core/Src/main.c **** 	    1828, 1860, 1729, 1618, 1691, 1963, 2517, 2438, 2147, 1827,
2351:Core/Src/main.c **** 	    1814, 1673, 1639, 1641, 1892, 2489, 2473, 2188, 1898, 1861,
2352:Core/Src/main.c **** 	    1702, 1720, 1660, 1880, 2487, 2487, 2190, 1927, 1822, 1643,
2353:Core/Src/main.c **** 	    1705, 1583, 1802, 2406, 2489, 2210, 1989, 1854, 1688, 1775,
2354:Core/Src/main.c **** 	    1592, 1806, 2380, 2500, 2246, 2030, 1856, 1690, 1793, 1561,
2355:Core/Src/main.c **** 	    1750, 2297, 2483, 2245, 2033, 1801, 1685, 1814, 1560, 1752,
2356:Core/Src/main.c **** 	    2275, 2527, 2326, 2103, 1836, 1721, 1831, 1530, 1713, 2194,
2357:Core/Src/main.c **** 	    2492, 2332, 2112, 1812, 1738, 1846, 1531, 1709, 2142, 2481,
2358:Core/Src/main.c **** 	    2355, 2138, 1819, 1784, 1889, 1564, 1725, 2106, 2467, 2373,
2359:Core/Src/main.c **** 	    2138, 1789, 1781, 1859, 1566, 1701, 2039, 2443, 2401, 2156,
2360:Core/Src/main.c **** 	    1812, 1830, 1876, 1612, 1717, 2005, 2442, 2422, 2160, 1820,
2361:Core/Src/main.c **** 	    1838, 1830, 1617, 1689, 1939, 2397, 2436, 2171, 1838, 1856,
2362:Core/Src/main.c **** 	    1801, 1644, 1697, 1903, 2392, 2469, 2194, 1877, 1882, 1777,
2363:Core/Src/main.c **** 	    1679, 1674, 1839, 2338, 2449, 2172, 1871, 1862, 1756, 1729,
2364:Core/Src/main.c **** 	    1694, 1838, 2335, 2477, 2193, 1909, 1855, 1721, 1747, 1685,
2365:Core/Src/main.c **** 	    1842, 2328, 2475, 2191, 1899, 1812, 1674, 1751, 1674, 1847,
2366:Core/Src/main.c **** 	    2298, 2506, 2212, 1945, 1817, 1653, 1799, 1658, 1806, 2269,
2367:Core/Src/main.c **** 	    2481, 2246, 1998, 1807, 1674, 1827, 1634, 1755, 2180, 2466,
2368:Core/Src/main.c **** 	    2242, 2033, 1826, 1703, 1873, 1623, 1719, 2130, 2434, 2302,
ARM GAS  C:\Users\kaush\AppData\Local\Temp\ccalbX8O.s 			page 43


2369:Core/Src/main.c **** 	    2088, 1848, 1723, 1868, 1606, 1709, 2087, 2420, 2320, 2121,
2370:Core/Src/main.c **** 	    1827, 1708, 1846, 1595, 1714, 2054, 2428, 2384, 2173, 1832,
2371:Core/Src/main.c **** 	    1719, 1821, 1597, 1698, 2020, 2424, 2418, 2198, 1838, 1731,
2372:Core/Src/main.c **** 	    1809, 1589, 1675, 1978, 2376, 2418, 2204, 1845, 1780, 1808,
2373:Core/Src/main.c **** 	    1632, 1722, 1976, 2357, 2429, 2192, 1850, 1776, 1765, 1660,
2374:Core/Src/main.c **** 	    1728, 1921, 2304, 2426, 2212, 1866, 1825, 1781, 1701, 1711,
2375:Core/Src/main.c **** 	    1883, 2252, 2441, 2228, 1904, 1883, 1780, 1721, 1688, 1821,
2376:Core/Src/main.c **** 	    2204, 2426, 2225, 1939, 1907, 1747, 1749, 1678, 1785, 2185,
2377:Core/Src/main.c **** 	    2442, 2267, 1992, 1934, 1729, 1763, 1659, 1749, 2141, 2447,
2378:Core/Src/main.c **** 	    2284, 2022, 1922, 1700, 1775, 1655, 1738, 2140, 2468, 2310,
2379:Core/Src/main.c **** 	    2047, 1916, 1681, 1800, 1652, 1731, 2140, 2476, 2313, 2071,
2380:Core/Src/main.c **** 	    1891, 1675, 1799, 1642, 1730, 2112, 2444, 2323, 2099, 1911,
2381:Core/Src/main.c **** 	    1701, 1829, 1679, 1741, 2072, 2405, 2299, 2128, 1895, 1714,
2382:Core/Src/main.c **** 	    1851, 1701, 1733, 2042, 2360, 2313, 2143, 1882, 1747, 1863,
2383:Core/Src/main.c **** 	    1700, 1731, 2009, 2348, 2337, 2182, 1912, 1789, 1839, 1687,
2384:Core/Src/main.c **** 	    1694, 1965, 2298, 2346, 2240, 1927, 1814, 1821, 1690, 1698,
2385:Core/Src/main.c **** 	    1918, 2265, 2379, 2274, 1930, 1832, 1792, 1697, 1696, 1883,
2386:Core/Src/main.c **** 	    2246, 2406, 2291, 1927, 1834, 1756, 1702, 1694, 1869, 2235,
2387:Core/Src/main.c **** 	    2427, 2300, 1935, 1851, 1744, 1718, 1707, 1857, 2211, 2421,
2388:Core/Src/main.c **** 	    2289, 1933, 1865, 1725, 1737, 1723, 1839, 2175, 2422, 2286,
2389:Core/Src/main.c **** 	    1958, 1878, 1713, 1768, 1737, 1809, 2139, 2410, 2292, 1991,
2390:Core/Src/main.c **** 	    1900, 1726, 1790, 1722, 1769, 2082, 2393, 2286, 2023, 1936,
2391:Core/Src/main.c **** 	    1747, 1801, 1721, 1737, 2056, 2390, 2288, 2075, 1958, 1742,
2392:Core/Src/main.c **** 	    1799, 1698, 1712, 2010, 2370, 2304, 2146, 1961, 1744, 1793,
2393:Core/Src/main.c **** 	    1696, 1698, 1978, 2365, 2322, 2181, 1959, 1744, 1797, 1701,
2394:Core/Src/main.c **** 	    1693, 1966, 2345, 2314, 2197, 1940, 1751, 1795, 1707, 1701,
2395:Core/Src/main.c **** 	    1959, 2320, 2319, 2219, 1943, 1765, 1790, 1714, 1700, 1928,
2396:Core/Src/main.c **** 	    2280, 2316, 2245, 1949, 1796, 1799, 1732, 1705, 1899, 2254,
2397:Core/Src/main.c **** 	    2336, 2256, 1920, 1788, 1778, 1724, 1707, 1889, 2244, 2375,
2398:Core/Src/main.c **** 	    2306, 1973, 1828, 1753, 1693, 1716, 1847, 2119, 2350, 2376,
2399:Core/Src/main.c **** 	    2026, 1873, 1787, 1782, 1667, 1793, 1885, 2187, 2312, 2082,
2400:Core/Src/main.c **** 	    2021, 2139, 2076, 1931, 1872, 1887, 2223, 2016, 1803, 1698,
2401:Core/Src/main.c **** 	    1598, 1694, 1812, 1911, 2186, 2386, 2466, 2092, 1822, 1641,
2402:Core/Src/main.c **** 	    1730, 1868, 1927, 2298, 2512, 2307, 2012, 1785, 1659, 1631,
2403:Core/Src/main.c **** 	    1640, 1669, 1801, 2230, 2195, 2174, 2111, 1969, 1980, 1736,
2404:Core/Src/main.c **** 	    1785, 1897, 2341, 2403, 2256, 2064, 1718, 1748, 1632, 1662,
2405:Core/Src/main.c **** 	    1966, 2223, 2213, 2039, 1787, 1641, 1753, 1916, 1887, 2213,
2406:Core/Src/main.c **** 	    2475, 2232, 2101, 1868, 1856, 1897, 1886, 1801, 1850, 2171,
2407:Core/Src/main.c **** 	    2069, 2131, 1991, 1818, 1843, 1648, 1650, 1800, 2259, 2448,
2408:Core/Src/main.c **** 	    2397, 2167, 1827, 1773, 1680, 1708, 2036, 2260, 2363, 2232,
2409:Core/Src/main.c **** 	    1794, 1595, 1634, 1753, 1737, 2039, 2292, 2218, 2212, 1899,
2410:Core/Src/main.c **** 	    1903, 1938, 1913, 1825, 1804, 2088, 2155, 2310, 2153, 1938,
2411:Core/Src/main.c **** 	    1880, 1653, 1569, 1647, 1979, 2355, 2381, 2193, 1939, 1783,
2412:Core/Src/main.c **** 	    1735, 1733, 1966, 2144, 2388, 2302, 1862, 1730, 1694, 1830,
2413:Core/Src/main.c **** 	    1802, 1967, 2114, 2155, 2156, 1853, 1897, 1900, 1951, 1906,
2414:Core/Src/main.c **** 	    1834, 2013, 2201, 2318, 2201, 1983, 1845, 1700, 1591, 1638,
2415:Core/Src/main.c **** 	    1889, 2386, 2380, 2251, 1978, 1677, 1673, 1661, 1853, 2050,
2416:Core/Src/main.c **** 	    2454, 2409, 2059, 1897, 1711, 1849, 1814, 1860, 1954, 2114,
2417:Core/Src/main.c **** 	    2118, 1936, 1950, 1893, 1952, 1898, 1757, 1850, 2130, 2272,
2418:Core/Src/main.c **** 	    2311, 2096, 1945, 1844, 1688, 1658, 1819, 2294, 2296, 2261,
2419:Core/Src/main.c **** 	    1982, 1626, 1665, 1644, 1783, 1975, 2373, 2370, 2128, 1915,
2420:Core/Src/main.c **** 	    1723, 1876, 1901, 1898, 1972, 2130, 2144, 2042, 1971, 1898,
2421:Core/Src/main.c **** 	    1901, 1865, 1687, 1743, 1991, 2199, 2343, 2100, 1990, 1872,
2422:Core/Src/main.c **** 	    1725, 1673, 1806, 2231, 2339, 2395, 2088, 1723, 1684, 1635,
2423:Core/Src/main.c **** 	    1716, 1888, 2193, 2311, 2169, 1911, 1747, 1833, 1901, 1912,
2424:Core/Src/main.c **** 	    1985, 2078, 2211, 2111, 2079, 2037, 1845, 1855, 1648, 1668,
2425:Core/Src/main.c **** 	    1963, 2354, 2397, 1862, 1723, 1475, 1756, 2048, 2043, 2201,
ARM GAS  C:\Users\kaush\AppData\Local\Temp\ccalbX8O.s 			page 44


2426:Core/Src/main.c **** 	    2473, 2349, 2278, 2100, 1706, 1363, 1336, 1503, 1680, 2807,
2427:Core/Src/main.c **** 	    2452, 2205, 1477, 2010, 2139, 2284, 1967, 2064, 2656, 2059,
2428:Core/Src/main.c **** 	    1950, 2433, 2689, 1637, 1991, 2085, 1645, 2218, 2533, 1624,
2429:Core/Src/main.c **** 	    1129, 1188, 1377, 1804, 1780, 2225, 2342, 2077, 2041, 2876,
2430:Core/Src/main.c **** 	    1928, 1623, 1423, 2128, 1118, 2305, 2726, 2111, 1687, 1412,
2431:Core/Src/main.c **** 	    2475, 2692, 2201, 2987, 2273, 2099, 1597, 2446, 1805, 377,
2432:Core/Src/main.c **** 	    808, 1009, 858, 1720, 3108, 2738, 2613, 2228, 2659, 1938,
2433:Core/Src/main.c **** 	    1683, 2608, 2597, 2324, 1493, 2079, 1880, 1199, 985, 1222,
2434:Core/Src/main.c **** 	    1420, 2035, 3158, 2572, 1631, 1437, 2439, 2060, 1905, 2479,
2435:Core/Src/main.c **** 	    2039, 1906, 1574, 1964, 1862, 1560, 1639, 1627, 1448, 2131,
2436:Core/Src/main.c **** 	    3007, 3074, 2021, 1518, 1912, 1436, 1644, 2103, 2040, 1898,
2437:Core/Src/main.c **** 	    1762, 2044, 1965, 1656, 2031, 1927, 1919, 2350, 2972, 2614,
2438:Core/Src/main.c **** 	    1725, 1432, 1979, 1378, 1847, 2138, 1915, 1576, 1514, 2093,
2439:Core/Src/main.c **** 	    2080, 2266, 2273, 1800, 1769, 1945, 3030, 2802, 1979, 1579,
2440:Core/Src/main.c **** 	    1917, 1262, 1533, 2146, 1920, 1840, 1669, 2199, 1811, 2100,
2441:Core/Src/main.c **** 	    2114, 2061, 1930, 1892, 2826, 2614, 1793, 1613, 1884, 1598,
2442:Core/Src/main.c **** 	    1867, 2361, 1827, 1770, 1462, 2079, 1886, 2340, 2220, 1849,
2443:Core/Src/main.c **** 	    1747, 1326, 2745, 2589, 2183, 1799, 1820, 1521, 1563, 2233,
2444:Core/Src/main.c **** 	    2104, 2066, 1884, 2156, 1683, 2064, 2149, 1815, 1747, 1444,
2445:Core/Src/main.c **** 	    2513, 2251, 2030, 1712, 1793, 1825, 1704, 2478, 2061, 1992,
2446:Core/Src/main.c **** 	    1832, 2323, 1880, 2314, 2363, 1710, 1464, 1131, 2226, 2255,
2447:Core/Src/main.c **** 	    2358, 1985, 1714, 1677, 1291, 2383, 2242, 2208, 2209, 2381,
2448:Core/Src/main.c **** 	    1865, 2004, 2300, 1767, 1509, 1300, 2199, 2033, 2208, 1901,
2449:Core/Src/main.c **** 	    1717, 1936, 1561, 2383, 2088, 1976, 2026, 2258, 2145, 2074,
2450:Core/Src/main.c **** 	    2578, 1783, 1331, 1084, 2060, 2170, 2548, 2356, 1735, 1812,
2451:Core/Src/main.c **** 	    1224, 2075, 1972, 2066, 2133, 2191, 2098, 1780, 2453, 1930,
2452:Core/Src/main.c **** 	    1489, 1524, 2043, 2127, 2302, 2345, 1757, 1998, 1502, 2180,
2453:Core/Src/main.c **** 	    1834, 1879, 1894, 1988, 2162, 1841, 2572, 1920, 1421, 1384,
2454:Core/Src/main.c **** 	    1836, 2281, 2481, 2625, 1852, 1787, 1358, 1994, 1901, 2008,
2455:Core/Src/main.c **** 	    2242, 1974, 2008, 1598, 2168, 1928, 1764, 1821, 1954, 2261,
2456:Core/Src/main.c **** 	    2197, 2267, 1888, 1860, 1715, 2039, 1854, 1871, 2056, 2001,
2457:Core/Src/main.c **** 	    2079, 1844, 2199, 1920, 1755, 1821, 1882, 2173, 2185, 2258,
2458:Core/Src/main.c **** 	    1956, 1787, 1709, 1880, 2015, 1999, 2152, 2132, 1960, 1798,
2459:Core/Src/main.c **** 	    1949, 1908, 1859, 2045, 1914, 2087, 2012, 2040, 2036, 1912,
2460:Core/Src/main.c **** 	    1973, 1902, 2050, 1913, 2021, 2027, 2026, 2002, 1927, 1946,
2461:Core/Src/main.c **** 	    1829, 1876, 1939, 2002, 2073, 1973, 2065, 1876, 1953, 1889,
2462:Core/Src/main.c **** 	    1959, 2086, 1986, 2079, 1958, 2004, 1895, 1949, 1920, 1915,
2463:Core/Src/main.c **** 	    1971, 1953, 2010, 1909, 2004, 1947, 1993, 1935, 1950, 2027,
2464:Core/Src/main.c **** 	    1979, 2130, 1994, 2031, 1912, 1881, 1901, 1874, 2031, 1999,
2465:Core/Src/main.c **** 	    2054, 1920, 1976, 1941, 1945, 1969, 1912, 2019, 1971, 2084,
2466:Core/Src/main.c **** 	    2024, 2010, 1961, 1887, 1923, 1868, 1992, 1982, 2012, 1992,
2467:Core/Src/main.c **** 	    1966, 1994, 1968, 1986, 1906, 1977, 1952, 2016, 2019, 1967,
2468:Core/Src/main.c **** 	    1960, 1855, 1937, 1887, 2041, 2039, 2042, 2036, 1924, 1993,
2469:Core/Src/main.c **** 	    1910, 1984, 1907, 1953, 1935, 1958, 2005, 1978, 2007, 1929,
2470:Core/Src/main.c **** 	    1970, 1925, 2000, 2015, 2021, 2039, 1935, 1977, 1924, 1938,
2471:Core/Src/main.c **** 	    1909, 1922, 1973, 1978, 2040, 2003, 1996, 1920, 1917, 1930,
2472:Core/Src/main.c **** 	    1980, 2049, 2016, 2033, 1911, 1945, 1940, 1950, 1979, 1945,
2473:Core/Src/main.c **** 	    2004, 1930, 2005, 1986, 1982, 1961, 1912, 1935, 1930, 2025,
2474:Core/Src/main.c **** 	    2016, 2037, 1966, 1968, 1967, 1941, 1949, 1933, 1995, 1956,
2475:Core/Src/main.c **** 	    2005, 2000, 1960, 1958, 1904, 1935, 1934, 2013, 2038, 2010,
2476:Core/Src/main.c **** 	    1972, 1930, 1966, 1957, 1979, 1975, 2000, 1969, 1974, 2008,
2477:Core/Src/main.c **** 	    1964, 1989, 1916, 1920, 1885, 1938, 2029, 2011, 2028, 1952,
2478:Core/Src/main.c **** 	    1971, 1935, 1949, 1967, 1995, 2007, 1994, 2022, 1961, 1968,
2479:Core/Src/main.c **** 	    1931, 1928, 1916, 1953, 2035, 1989, 2007, 1931, 1931, 1940,
2480:Core/Src/main.c **** 	    1943, 1992, 1975, 1992, 1963, 2003, 1979, 1986, 1982, 1927,
2481:Core/Src/main.c **** 	    1924, 1933, 2011, 1987, 2030, 1970, 1944, 1943, 1924, 1981,
2482:Core/Src/main.c **** 	    1960, 2009, 1980, 2002, 1974, 1964, 1975, 1924, 1924, 1942,
ARM GAS  C:\Users\kaush\AppData\Local\Temp\ccalbX8O.s 			page 45


2483:Core/Src/main.c **** 	    2005, 1998, 2020, 1974, 1949, 1958, 1944, 1985, 1951, 1976,
2484:Core/Src/main.c **** 	    1972, 1984, 1995, 1978, 2005, 1946, 1916, 1925, 1972, 2006,
2485:Core/Src/main.c **** 	    2019, 2020, 1962, 1947, 1926, 1943, 1942, 1973, 1998, 1981,
2486:Core/Src/main.c **** 	    1993, 1955, 1985, 1947, 1930, 1959, 1983, 2015, 2000, 2014,
2487:Core/Src/main.c **** 	    1946, 1952, 1950, 1960, 1954, 1955, 1975, 1954, 1987, 1970,
2488:Core/Src/main.c **** 	    2003, 1963, 1932, 1932, 1948, 2001, 2000, 2036, 1981, 1948,
2489:Core/Src/main.c **** 	    1944, 1937, 1957, 1969, 2001, 1972, 1981, 1965, 1973, 1973,
2490:Core/Src/main.c **** 	    1941, 1952, 1951, 2005, 1982, 2009, 1981, 1944, 1973, 1956,
2491:Core/Src/main.c **** 	    1962, 1948, 1980, 1955, 1974, 1985, 1994, 1995, 1950, 1938,
2492:Core/Src/main.c **** 	    1934, 1975, 1986, 2011, 1987, 1939, 1958, 1951, 1961, 1968,
2493:Core/Src/main.c **** 	    1993, 1982, 1969, 1973, 1966, 2005, 1975, 1955, 1952, 1965,
2494:Core/Src/main.c **** 	    1964, 1964, 1980, 1944, 1965, 1956, 1957, 1967, 1979, 2004,
2495:Core/Src/main.c **** 	    1978, 2002, 1959, 1972, 1963, 1939, 1952, 1974, 2012, 1996,
2496:Core/Src/main.c **** 	    1998, 1957, 1938, 1925, 1950, 1960, 1975, 1999, 1970, 1984,
2497:Core/Src/main.c **** 	    1956, 1999, 1993, 1964, 1940, 1955, 1971, 1973, 1997, 1998,
2498:Core/Src/main.c **** 	    1975, 1968, 1953, 1962, 1950, 1984, 1979, 1978, 1945, 1946,
2499:Core/Src/main.c **** 	    1977, 1938, 1969, 1978, 2003, 1990, 1987, 1993, 1934, 1952,
2500:Core/Src/main.c **** 	    1957, 1971, 1954, 1965, 1968, 1955, 1941, 1976, 1990, 1986,
2501:Core/Src/main.c **** 	    1977, 1974, 1993, 1972, 1997, 2003, 1958, 1927, 1935, 1926,
2502:Core/Src/main.c **** 	    1941, 1969, 2007, 1987, 1978, 1973, 1970, 1962, 1944, 1984,
2503:Core/Src/main.c **** 	    1992, 1981, 1972, 2007, 1968, 1949, 1971, 1943, 1961, 1959,
2504:Core/Src/main.c **** 	    1985, 1959, 1952, 1990, 1987, 1984, 1940, 1955, 1966, 1960,
2505:Core/Src/main.c **** 	    1986, 2002, 1987, 1951, 1960, 1947, 1953, 1981, 2004, 1994,
2506:Core/Src/main.c **** 	    1958, 1969, 1961, 1970, 1946, 1975, 1972, 1957, 1970, 1967,
2507:Core/Src/main.c **** 	    1975, 1948, 1985, 1969, 1970, 1983, 1996, 1991, 1963, 1992,
2508:Core/Src/main.c **** 	    1969, 1975, 1936, 1944, 1949, 1948, 1976, 1980, 1997, 1958,
2509:Core/Src/main.c **** 	    1965, 1958, 1954, 1981, 2011, 2003, 1972, 1976, 1963, 1961,
2510:Core/Src/main.c **** 	    1944, 1970, 1964, 1950, 1963, 1965, 1979, 1965, 1989, 1972,
2511:Core/Src/main.c **** 	    1962, 1967, 1980, 1982, 1961, 1981, 1978, 1970, 1949, 1952,
2512:Core/Src/main.c **** 	    1963, 1953, 1982, 1983, 1993, 1965, 1957, 1950, 1943, 1965,
2513:Core/Src/main.c **** 	    1997, 2007, 1969, 1965, 1967, 1952, 1957, 1974, 1976, 1973,
2514:Core/Src/main.c **** 	    1972, 1968, 1977, 1966, 1978, 1968, 1951, 1950, 1968, 1982,
2515:Core/Src/main.c **** 	    1965, 1978, 1990, 1969, 1972, 1961, 1966, 1964, 1972, 1989,
2516:Core/Src/main.c **** 	    1986, 1976, 1956, 1959, 1933, 1956, 1993, 1993, 1979, 1965,
2517:Core/Src/main.c **** 	    1974, 1948, 1968, 1982, 1983, 1981, 1958, 1966, 1966, 2002,
2518:Core/Src/main.c **** 	    1979, 1963, 1918, 1919, 1976, 1995, 1984, 1958, 1990, 1969,
2519:Core/Src/main.c **** 	    1975, 1994, 1980, 1976, 1938, 1961, 1941, 1969, 1949, 1956,
2520:Core/Src/main.c **** 	    1947, 1946, 2011, 2038, 2032, 1965, 1923, 1879, 1971, 1988,
2521:Core/Src/main.c **** 	    1952, 2008, 2018, 2028, 1992, 2025, 1891, 1896, 1839, 1839,
2522:Core/Src/main.c **** 	    1971, 2090, 2099, 1961, 1827, 1692, 2001, 2074, 2227, 2203,
2523:Core/Src/main.c **** 	    2210, 2137, 1900, 1974, 1739, 1877, 1830, 1797, 1797, 1792,
2524:Core/Src/main.c **** 	    1897, 1857, 2094, 2158, 2177, 2033, 2085, 1861, 1896, 2018,
2525:Core/Src/main.c **** 	    2073, 2285, 2039, 2105, 1764, 1822, 1837, 1913, 2010, 1918,
2526:Core/Src/main.c **** 	    1898, 1664, 1783, 1909, 1986, 2265, 2284, 2114, 1892, 1998,
2527:Core/Src/main.c **** 	    1967, 1932, 2155, 2134, 1936, 1913, 1980, 1765, 1795, 2010,
2528:Core/Src/main.c **** 	    2086, 1919, 1898, 1803, 1766, 1829, 1983, 2248, 2152, 2176,
2529:Core/Src/main.c **** 	    1922, 1968, 1935, 1961, 2173, 2122, 2027, 1751, 1817, 1861,
2530:Core/Src/main.c **** 	    1853, 2017, 2118, 1954, 1803, 1910, 1909, 1842, 2061, 2170,
2531:Core/Src/main.c **** 	    2023, 2049, 2096, 1947, 1922, 2056, 2113, 1941, 1987, 1894,
2532:Core/Src/main.c **** 	    1790, 1804, 1856, 2067, 1981, 2045, 1828, 1874, 1885, 1927,
2533:Core/Src/main.c **** 	    2178, 2185, 2158, 1886, 2013, 1940, 1890, 2039, 2121, 1982,
2534:Core/Src/main.c **** 	    1799, 1897, 1887, 1850, 1985, 2095, 1909, 1934, 1986, 1904,
2535:Core/Src/main.c **** 	    1893, 2004, 2151, 2013, 2111, 2025, 1898, 1913, 1927, 2063,
2536:Core/Src/main.c **** 	    1967, 2037, 1817, 1864, 1852, 1861, 2095, 2111, 2082, 1831,
2537:Core/Src/main.c **** 	    1975, 1909, 1890, 2078, 2163, 2049, 1905, 2005, 1933, 1883,
2538:Core/Src/main.c **** 	    1992, 2107, 1903, 1883, 1914, 1873, 1840, 1948, 2102, 1944,
2539:Core/Src/main.c **** 	    2071, 1996, 1915, 1950, 1969, 2101, 2036, 2112, 1906, 1930,
ARM GAS  C:\Users\kaush\AppData\Local\Temp\ccalbX8O.s 			page 46


2540:Core/Src/main.c **** 	    1908, 1858, 2062, 2088, 2023, 1786, 1903, 1828, 1806, 2027,
2541:Core/Src/main.c **** 	    2149, 2044, 1910, 2022, 1956, 1906, 2026, 2163, 1969, 1950,
2542:Core/Src/main.c **** 	    1970, 1933, 1873, 1951, 2069, 1894, 1999, 1892, 1860, 1896,
2543:Core/Src/main.c **** 	    1908, 2053, 2025, 2113, 1936, 1959, 1958, 1894, 2085, 2156,
2544:Core/Src/main.c **** 	    2090, 1883, 1970, 1876, 1798, 1973, 2105, 1975, 1867, 1961,
2545:Core/Src/main.c **** 	    1890, 1847, 1992, 2142, 1961, 1966, 1993, 1973, 1936, 1998,
2546:Core/Src/main.c **** 	    2108, 1969, 2046, 1914, 1916, 1905, 1884, 2010, 1972, 2046,
2547:Core/Src/main.c **** 	    1879, 1910, 1916, 1858, 2015, 2131, 2107, 1927, 2001, 1945,
2548:Core/Src/main.c **** 	    1847, 2011, 2162, 1994, 1904, 1973, 1885, 1824, 1966, 2118,
2549:Core/Src/main.c **** 	    1949, 1942, 1940, 1922, 1897, 1947, 2091, 1999, 2050, 1934,
2550:Core/Src/main.c **** 	    1970, 1949, 1916, 2040, 2025, 2065, 1873, 1929, 1929, 1836,
2551:Core/Src/main.c **** 	    1973, 2077, 2030, 1865, 1964, 1943, 1847, 1993, 2169, 2028,
2552:Core/Src/main.c **** 	    1950, 2008, 1937, 1864, 1956, 2138, 1974, 1975, 1942, 1911,
2553:Core/Src/main.c **** 	    1881, 1893, 2051, 1986, 2021, 1904, 1954, 1958, 1920, 2037,
2554:Core/Src/main.c **** 	    2057, 2074, 1883, 1969, 1979, 1881, 1989, 2096, 2032, 1854,
2555:Core/Src/main.c **** 	    1936, 1922, 1828, 1950, 2124, 2006, 1939, 1985, 1950, 1883,
2556:Core/Src/main.c **** 	    1953, 2136, 1987, 2007, 1967, 1949, 1919, 1918, 2068, 1990,
2557:Core/Src/main.c **** 	    2014, 1887, 1927, 1928, 1884, 2002, 2048, 2046, 1879, 1960,
2558:Core/Src/main.c **** 	    1970, 1903, 1984, 2083, 2033, 1912, 1976, 1972, 1905, 1962,
2559:Core/Src/main.c **** 	    2066, 1984, 1935, 1961, 1945, 1909, 1941, 2033, 1965, 1980,
2560:Core/Src/main.c **** 	    1959, 1967, 1960, 1955, 2020, 1984, 1997, 1941, 1962, 1965,
2561:Core/Src/main.c **** 	    1944, 1984, 2001, 1988, 1926, 1962, 1967, 1946, 1968, 2009,
2562:Core/Src/main.c **** 	    1987, 1941, 1968, 1972, 1957, 1970, 2005, 1974, 1951, 1966,
2563:Core/Src/main.c **** 	    1971, 1961, 1968, 1992, 1969, 1966, 1960, 1963, 1965, 1964,
2564:Core/Src/main.c **** 	    1978, 1969, 1976, 1960, 1971, 1980, 1972, 1981, 1979, 1972,
2565:Core/Src/main.c **** 	    1945, 1958, 1967, 1966, 1978, 1983, 1978, 1959, 1970, 1971,
2566:Core/Src/main.c **** 	    1970, 1971, 1975, 1968, 1956, 1968, 1970, 1975, 1974, 1972,
2567:Core/Src/main.c **** 	    1963, 1961, 1969, 1969, 1977, 1978, 1972, 1967, 1962, 1963,
2568:Core/Src/main.c **** 	    1968, 1982, 1978, 1976, 1971, 1966, 1956, 1961, 1974, 1972,
2569:Core/Src/main.c **** 	    1979, 1974, 1968, 1955, 1961, 1970, 1968, 1974, 1971, 1972,
2570:Core/Src/main.c **** 	    1963, 1971, 1978, 1982, 1981, 1971, 1966, 1955, 1962, 1965,
2571:Core/Src/main.c **** 	    1975, 1979, 1974, 1965, 1958, 1956, 1962, 1976, 1979, 1978,
2572:Core/Src/main.c **** 	    1974, 1972, 1963, 1965, 1975, 1975, 1977, 1972, 1969, 1960,
2573:Core/Src/main.c **** 	    1964, 1971, 1970, 1969, 1966, 1966, 1964, 1968, 1973, 1980,
2574:Core/Src/main.c **** 	    1981, 1973, 1965, 1958, 1960, 1966, 1978, 1984, 1976, 1970,
2575:Core/Src/main.c **** 	    1962, 1956, 1960, 1973, 1981, 1977, 1972, 1966, 1960, 1964,
2576:Core/Src/main.c **** 	    1974, 1974, 1974, 1971, 1970, 1963, 1967, 1973, 1972, 1974,
2577:Core/Src/main.c **** 	    1968, 1968, 1963, 1968, 1970, 1973, 1977, 1971, 1968, 1962,
2578:Core/Src/main.c **** 	    1962, 1966, 1975, 1983, 1979, 1972, 1965, 1960, 1961, 1969,
2579:Core/Src/main.c **** 	    1978, 1974, 1968, 1968, 1963, 1964, 1970, 1971, 1970, 1969,
2580:Core/Src/main.c **** 	    1975, 1975, 1982, 1983, 1963, 1965, 1963, 1960, 1948, 1968,
2581:Core/Src/main.c **** 	    1975, 1955, 1969, 1966, 1948, 1971, 2015, 1992, 1954, 1917,
2582:Core/Src/main.c **** 	    1943, 1844, 1846, 1959, 2086, 1895, 1743, 1890, 1754, 1869,
2583:Core/Src/main.c **** 	    1846, 2186, 2407, 2205, 2047, 1561, 1514, 1467, 1712, 1891,
2584:Core/Src/main.c **** 	    2247, 2343, 2231, 2065, 1828, 1765, 1699, 1850, 2304, 2253,
2585:Core/Src/main.c **** 	    2197, 1985, 1986, 1823, 1770, 1913, 2201, 2116, 2101, 1803,
2586:Core/Src/main.c **** 	    1756, 1699, 1738, 1860, 2147, 2262, 2318, 2064, 1987, 1819,
2587:Core/Src/main.c **** 	    1733, 1780, 2067, 2185, 2288, 2114, 2115, 1803, 1684, 1635,
2588:Core/Src/main.c **** 	    1887, 2018, 2175, 2106, 2196, 1955, 1854, 1764, 2018, 2141,
2589:Core/Src/main.c **** 	    2228, 2143, 2184, 1921, 1846, 1719, 1962, 2080, 2140, 2050,
2590:Core/Src/main.c **** 	    2112, 1869, 1845, 1707, 1962, 2102, 2168, 2110, 2176, 1950,
2591:Core/Src/main.c **** 	    1944, 1759, 1989, 2075, 2135, 2039, 2069, 1878, 1898, 1697,
2592:Core/Src/main.c **** 	    1920, 2020, 2093, 2005, 2051, 1918, 1958, 1769, 1979, 2114,
2593:Core/Src/main.c **** 	    2196, 2049, 2016, 1859, 1862, 1680, 1860, 2026, 2207, 2070,
2594:Core/Src/main.c **** 	    2031, 1902, 1859, 1651, 1767, 1964, 2208, 2138, 2137, 2056,
2595:Core/Src/main.c **** 	    1977, 1714, 1735, 1888, 2109, 2028, 2021, 1972, 1920, 1740,
2596:Core/Src/main.c **** 	    1753, 1912, 2128, 2061, 2015, 1981, 1943, 1814, 1800, 1967,
ARM GAS  C:\Users\kaush\AppData\Local\Temp\ccalbX8O.s 			page 47


2597:Core/Src/main.c **** 	    2186, 2112, 2032, 1972, 1880, 1754, 1702, 1865, 2078, 2073,
2598:Core/Src/main.c **** 	    2016, 1997, 1939, 1864, 1803, 1927, 2113, 2098, 2025, 1983,
2599:Core/Src/main.c **** 	    1925, 1895, 1828, 1931, 2105, 2100, 1987, 1904, 1837, 1816,
2600:Core/Src/main.c **** 	    1786, 1893, 2121, 2177, 2105, 2011, 1930, 1882, 1818, 1881,
2601:Core/Src/main.c **** 	    2108, 2167, 2113, 2011, 1921, 1850, 1777, 1809, 2042, 2140,
2602:Core/Src/main.c **** 	    2122, 2024, 1967, 1878, 1821, 1825, 2083, 2185, 2192, 2061,
2603:Core/Src/main.c **** 	    1995, 1890, 1812, 1785, 2020, 2129, 2152, 2017, 1983, 1875,
2604:Core/Src/main.c **** 	    1829, 1787, 2023, 2138, 2186, 2056, 2043, 1916, 1850, 1782,
2605:Core/Src/main.c **** 	    2012, 2122, 2181, 2032, 2029, 1892, 1839, 1760, 1953, 2072,
2606:Core/Src/main.c **** 	    2146, 2009, 2028, 1913, 1890, 1800, 1991, 2119, 2184, 2030,
2607:Core/Src/main.c **** 	    2021, 1878, 1849, 1759, 1925, 2099, 2179, 2041, 2018, 1872,
2608:Core/Src/main.c **** 	    1842, 1744, 1897, 2081, 2192, 2084, 2056, 1920, 1869, 1741,
2609:Core/Src/main.c **** 	    1862, 2050, 2164, 2080, 2028, 1893, 1841, 1721, 1811, 2028,
2610:Core/Src/main.c **** 	    2167, 2113, 2055, 1928, 1875, 1746, 1809, 2005, 2159, 2132,
2611:Core/Src/main.c **** 	    2060, 1932, 1872, 1737, 1764, 1945, 2108, 2118, 2058, 1963,
2612:Core/Src/main.c **** 	    1902, 1779, 1783, 1951, 2114, 2131, 2061, 1970, 1924, 1802,
2613:Core/Src/main.c **** 	    1778, 1917, 2083, 2119, 2037, 1957, 1915, 1815, 1778, 1901,
2614:Core/Src/main.c **** 	    2076, 2133, 2061, 1999, 1947, 1852, 1797, 1898, 2074, 2133,
2615:Core/Src/main.c **** 	    2059, 1996, 1921, 1845, 1787, 1885, 2064, 2145, 2062, 2007,
2616:Core/Src/main.c **** 	    1934, 1865, 1794, 1890, 2088, 2160, 2091, 2034, 1953, 1869,
2617:Core/Src/main.c **** 	    1776, 1853, 2024, 2125, 2079, 2055, 1951, 1909, 1809, 1869,
2618:Core/Src/main.c **** 	    2023, 2136, 2098, 2055, 1971, 1926, 1821, 1855, 2009, 2132,
2619:Core/Src/main.c **** 	    2098, 2071, 1962, 1928, 1791, 1805, 1969, 2119, 2111, 2092,
2620:Core/Src/main.c **** 	    2011, 1967, 1816, 1830, 1973, 2105, 2101, 2085, 1995, 1941,
2621:Core/Src/main.c **** 	    1821, 1828, 1946, 2081, 2100, 2076, 1972, 1922, 1828, 1817,
2622:Core/Src/main.c **** 	    1941, 2100, 2151, 2085, 1991, 1944, 1857, 1812, 1911, 2078,
2623:Core/Src/main.c **** 	    2123, 2038, 1970, 1932, 1853, 1792, 1921, 2075, 2117, 2043,
2624:Core/Src/main.c **** 	    1998, 1926, 1862, 1811, 1918, 2066, 2131, 2062, 2006, 1921,
2625:Core/Src/main.c **** 	    1866, 1796, 1868, 2007, 2107, 2041, 2007, 1920, 1899, 1806,
2626:Core/Src/main.c **** 	    1867, 2016, 2129, 2063, 2025, 1947, 1913, 1794, 1839, 2001,
2627:Core/Src/main.c **** 	    2110, 2045, 2032, 1945, 1895, 1784, 1834, 1977, 2098, 2066,
2628:Core/Src/main.c **** 	    2053, 1947, 1911, 1822, 1844, 1985, 2104, 2087, 2048, 1942,
2629:Core/Src/main.c **** 	    1902, 1817, 1820, 1957, 2095, 2093, 2039, 1947, 1913, 1840,
2630:Core/Src/main.c **** 	    1820, 1973, 2107, 2108, 2050, 1985, 1922, 1843, 1820, 1961,
2631:Core/Src/main.c **** 	    2074, 2102, 2046, 1978, 1910, 1854, 1819, 1935, 2061, 2125,
2632:Core/Src/main.c **** 	    2061, 2006, 1925, 1887, 1823, 1929, 2057, 2135, 2066, 2011,
2633:Core/Src/main.c **** 	    1929, 1883, 1799, 1901, 2036, 2133, 2054, 2036, 1949, 1897,
2634:Core/Src/main.c **** 	    1807, 1900, 2037, 2132, 2069, 2049, 1946, 1903, 1819, 1887,
2635:Core/Src/main.c **** 	    2014, 2127, 2064, 2037, 1935, 1908, 1823, 1883, 2008, 2134,
2636:Core/Src/main.c **** 	    2071, 2044, 1951, 1920, 1832, 1857, 2004, 2124, 2060, 2037,
2637:Core/Src/main.c **** 	    1957, 1926, 1828, 1858, 1991, 2105, 2057, 2040, 1959, 1921,
2638:Core/Src/main.c **** 	    1840, 1850, 1977, 2096, 2077, 2050, 1968, 1925, 1846, 1831,
2639:Core/Src/main.c **** 	    1941, 2083, 2076, 2050, 1972, 1935, 1858, 1826, 1933, 2066,
2640:Core/Src/main.c **** 	    2085, 2040, 1983, 1939, 1858, 1820, 1930, 2061, 2084, 2045,
2641:Core/Src/main.c **** 	    1991, 1930, 1857, 1823, 1908, 2043, 2092, 2051, 1994, 1929,
2642:Core/Src/main.c **** 	    1869, 1836, 1917, 2046, 2083, 2037, 2003, 1909, 1868, 1774,
2643:Core/Src/main.c **** 	    1866, 2039, 2138, 2075, 2035, 1972, 1886, 1838, 1819, 2005,
2644:Core/Src/main.c **** 	    2039, 1975, 2036, 1925, 1886, 1847, 1929, 2042, 2063, 2101,
2645:Core/Src/main.c **** 	    2028, 1910, 1821, 1762, 1796, 2160, 2154, 2282, 2251, 2065,
2646:Core/Src/main.c **** 	    1867, 1800, 1706, 1628, 1890, 1966, 1881, 1954, 1926, 2134,
2647:Core/Src/main.c **** 	    1912, 2068, 2241, 2007, 2066, 1773, 2142, 1875, 2001, 2099,
2648:Core/Src/main.c **** 	    2064, 2107, 1849, 1921, 1740, 1809, 1715, 1754, 2125, 2016,
2649:Core/Src/main.c **** 	    2086, 2060, 2261, 1949, 1906, 2017, 2108, 2046, 2040, 2119,
2650:Core/Src/main.c **** 	    1854, 1900, 1747, 1966, 1924, 2040, 2015, 1816, 1871, 1742,
2651:Core/Src/main.c **** 	    1914, 1925, 2200, 2275, 2057, 2154, 1888, 1969, 1806, 2042,
2652:Core/Src/main.c **** 	    2057, 1998, 2100, 1884, 1857, 1803, 1937, 1800, 1956, 2106,
2653:Core/Src/main.c **** 	    2083, 1974, 1989, 2098, 1849, 1935, 1982, 2208, 2003, 2038,
ARM GAS  C:\Users\kaush\AppData\Local\Temp\ccalbX8O.s 			page 48


2654:Core/Src/main.c **** 	    2035, 1839, 1826, 1736, 1967, 1967, 2045, 2063, 1802, 2003,
2655:Core/Src/main.c **** 	    1770, 1945, 1951, 2281, 2160, 2009, 2031, 1884, 1833, 1790,
2656:Core/Src/main.c **** 	    2045, 2036, 2017, 2009, 1963, 1879, 1829, 1928, 1876, 2026,
2657:Core/Src/main.c **** 	    1993, 2067, 1934, 2007, 2065, 1859, 2061, 2015, 2103, 1879,
2658:Core/Src/main.c **** 	    1938, 1942, 1707, 1892, 1827, 2102, 2019, 2152, 1992, 1879,
2659:Core/Src/main.c **** 	    1934, 1838, 1955, 2051, 2245, 2102, 1980, 1948, 1898, 1806,
2660:Core/Src/main.c **** 	    1832, 2063, 1993, 1982, 1878, 1926, 1829, 1882, 2058, 1979,
2661:Core/Src/main.c **** 	    2227, 1996, 2062, 1873, 2001, 1946, 1840, 2109, 2041, 2056,
2662:Core/Src/main.c **** 	    1901, 1991, 1880, 1711, 1868, 1921, 2097, 2009, 2138, 2026,
2663:Core/Src/main.c **** 	    1923, 1916, 1924, 2012, 2092, 2186, 1990, 1975, 1854, 1878,
2664:Core/Src/main.c **** 	    1791, 1952, 2153, 1949, 2056, 1823, 1906, 1796, 1952, 2047,
2665:Core/Src/main.c **** 	    2064, 2209, 2024, 2001, 1902, 1988, 1936, 1864, 2128, 2018,
2666:Core/Src/main.c **** 	    2001, 1850, 1989, 1874, 1787, 1918, 2069, 2071, 2011, 2104,
2667:Core/Src/main.c **** 	    1928, 1953, 1820, 1966, 2024, 2131, 2120, 1934, 2005, 1805,
2668:Core/Src/main.c **** 	    1819, 1828, 2076, 2124, 1945, 2051, 1859, 1887, 1790, 2004,
2669:Core/Src/main.c **** 	    2119, 2039, 2155, 1993, 1956, 1826, 1951, 1895, 1950, 2071,
2670:Core/Src/main.c **** 	    2033, 1950, 1886, 1993, 1829, 1903, 1932, 2082, 2011, 2037,
2671:Core/Src/main.c **** 	    2034, 1924, 1979, 1847, 1987, 2043, 2073, 2047, 1839, 2001,
2672:Core/Src/main.c **** 	    1792, 1861, 1882, 2145, 2086, 1909, 2011, 1900, 1870, 1817,
2673:Core/Src/main.c **** 	    2080, 2107, 2021, 2032, 1979, 1904, 1862, 1927, 1952, 2049,
2674:Core/Src/main.c **** 	    2002, 1942, 1860, 1847, 1916, 1885, 2132, 2096, 2073, 2049,
2675:Core/Src/main.c **** 	    1986, 1960, 1740, 1876, 1805, 1976, 1988, 2189, 1931, 1699,
2676:Core/Src/main.c **** 	    2095, 1734, 1872, 1478, 2130, 1877, 1627, 2376, 1866, 1963,
2677:Core/Src/main.c **** 	    1807, 2294, 2051, 2417, 2137, 1650, 2014, 1316, 2073, 1633,
2678:Core/Src/main.c **** 	    2287, 2490, 1516, 2281, 1631, 2656, 659, 2924, 900, 3566,
2679:Core/Src/main.c **** 	    1209, 2992, 940, 2608, 1323, 2533, 205, 2758, 1178, 2439,
2680:Core/Src/main.c **** 	    312, 3499, 1869, 3505, 1154, 3895, 1662, 2149, 619, 1938,
2681:Core/Src/main.c **** 	    1328, 2112, 1230, 2228, 1980, 1943, 1509, 2503, 1363, 2923,
2682:Core/Src/main.c **** 	    1619, 3139, 1541, 1821, 1640, 1914, 839, 1857, 2260, 1972,
2683:Core/Src/main.c **** 	    1902, 1905, 3048, 2232, 1475, 2477, 2906, 2430, 1586, 1875,
2684:Core/Src/main.c **** 	    2005, 1717, 891, 1830, 2579, 1335, 2240, 1677, 3191, 1436,
2685:Core/Src/main.c **** 	    2020, 2095, 3003, 1613, 2341, 2179, 1835, 1373, 1486, 1930,
2686:Core/Src/main.c **** 	    1940, 1223, 2560, 1923, 2241, 1630, 2501, 1783, 2434, 1589,
2687:Core/Src/main.c **** 	    2720, 1932, 1406, 1848, 1758, 2101, 1729, 1881, 2392, 2335,
2688:Core/Src/main.c **** 	    1863, 2226, 2531, 1609, 2224, 1908, 2781, 1670, 1396, 2071,
2689:Core/Src/main.c **** 	    1818, 1430, 1694, 2221, 2084, 2189, 1880, 2449, 2348, 1474,
2690:Core/Src/main.c **** 	    2326, 1909, 2435, 1574, 1727, 1550, 2071, 1155, 1984, 1982,
2691:Core/Src/main.c **** 	    1844, 2085, 1854, 2338, 2042, 1471, 2254, 1891, 2046, 1649,
2692:Core/Src/main.c **** 	    2143, 1495, 2101, 1454, 2379, 2024, 1804, 2252, 2160, 2162,
2693:Core/Src/main.c **** 	    1838, 1744, 2022, 2340, 1637, 2025, 2213, 1833, 1947, 1473,
2694:Core/Src/main.c **** 	    2491, 2248, 1831, 2137, 2408, 2264, 1822, 2009, 1878, 2470,
2695:Core/Src/main.c **** 	    1533, 2212, 2043, 1802, 1824, 1709, 2148, 2126, 1894, 1949,
2696:Core/Src/main.c **** 	    2367, 1816, 2083, 1978, 1732, 2243, 1797, 2332, 1889, 1691,
2697:Core/Src/main.c **** 	    1848, 2027, 1671, 1827, 2117, 1964, 2122, 1448, 2236, 2055,
2698:Core/Src/main.c **** 	    1459, 1887, 2056, 2370, 1708, 1825, 1817, 2407, 1275, 2142,
2699:Core/Src/main.c **** 	    2144, 2135, 1842, 1828, 2074, 2056, 1333, 1944, 2080, 2094,
2700:Core/Src/main.c **** 	    1646, 2149, 1566, 2391, 1175, 2636, 1961, 2089, 1757, 2553,
2701:Core/Src/main.c **** 	    1921, 1968, 1613, 2208, 2186, 1677, 2020, 2458, 1593, 1884,
2702:Core/Src/main.c **** 	    1555, 2546, 1924, 1960, 1876, 2620, 1824, 1896, 1924, 2015,
2703:Core/Src/main.c **** 	    2388, 1566, 2342, 2125, 1919, 1643, 2044, 2023, 2081, 1884,
2704:Core/Src/main.c **** 	    1917, 2274, 1769, 1935, 1984, 1568, 2167, 1835, 2331, 1729,
2705:Core/Src/main.c **** 	    2130, 1696, 2265, 1738, 2150, 2054, 1982, 1956, 1879, 2114,
2706:Core/Src/main.c **** 	    1936, 1601, 1817, 2011, 2242, 1682, 2086, 1772, 2144, 1712,
2707:Core/Src/main.c **** 	    2233, 2063, 1963, 1854, 2081, 2226, 1938, 1807, 1891, 2054,
2708:Core/Src/main.c **** 	    2121, 1956, 1950, 1705, 2047, 1760, 2199, 1880, 1940, 1854,
2709:Core/Src/main.c **** 	    2086, 2084, 2045, 1811, 1954, 2124, 1970, 2058, 2034, 1872,
2710:Core/Src/main.c **** 	    1970, 1839, 2062, 2013, 1858, 1883, 2078, 1964, 1996, 1835,
ARM GAS  C:\Users\kaush\AppData\Local\Temp\ccalbX8O.s 			page 49


2711:Core/Src/main.c **** 	    1868, 2043, 1882, 2094, 2066, 1963, 1972, 1989, 1986, 2042,
2712:Core/Src/main.c **** 	    1878, 1912, 2046, 1899, 2020, 1894, 1856, 1966, 1968, 2001,
2713:Core/Src/main.c **** 	    2061, 1928, 1996, 2015, 1943, 2054, 1942, 1949, 2055, 1967,
2714:Core/Src/main.c **** 	    2002, 1970, 1870, 1905, 1953, 1949, 2053, 1929, 1982, 2017,
2715:Core/Src/main.c **** 	    1929, 1959, 1953, 1945, 2033, 2006, 1998, 2027, 1918, 1949,
2716:Core/Src/main.c **** 	    1960, 1958, 2031, 1981, 1939, 1989, 1911, 1931, 1941, 1944,
2717:Core/Src/main.c **** 	    1988, 1991, 1977, 2001, 1940, 1959, 2002, 1986, 2028, 2035,
2718:Core/Src/main.c **** 	    1958, 1987, 1914, 1933, 1904, 1935, 1948, 2004, 1945, 1993,
2719:Core/Src/main.c **** 	    1941, 1957, 1973, 1993, 2018, 2043, 1968, 1990, 1940, 1947,
2720:Core/Src/main.c **** 	    1923, 1946, 1981, 2016, 1969, 1963, 1967, 1937, 1947, 1964,
2721:Core/Src/main.c **** 	    1999, 2007, 1943, 2002, 1943, 1956, 1913, 1996, 1992, 2035,
2722:Core/Src/main.c **** 	    1969, 1998, 1971, 1950, 1958, 1946, 1987, 1965, 1952, 1980,
2723:Core/Src/main.c **** 	    1956, 1947, 1925, 1982, 1979, 2018, 1993, 2007, 1986, 1947,
2724:Core/Src/main.c **** 	    1972, 1952, 1983, 1959, 1991, 1962, 1966, 1924, 1942, 1943,
2725:Core/Src/main.c **** 	    1972, 1976, 1999, 1979, 1994, 1941, 1984, 1942, 1992, 1956,
2726:Core/Src/main.c **** 	    2015, 1974, 1982, 1942, 1964, 1954, 1956, 1990, 1972, 1979,
2727:Core/Src/main.c **** 	    1960, 1965, 1962, 1943, 1959, 1967, 1995, 1983, 1994, 1954,
2728:Core/Src/main.c **** 	    1962, 1952, 1964, 1988, 1991, 1998, 1976, 1978, 1941, 1953,
2729:Core/Src/main.c **** 	    1936, 1980, 1979, 1983, 1977, 1960, 1938, 1945, 1952, 1998,
2730:Core/Src/main.c **** 	    1996, 1998, 1980, 1982, 1949, 1946, 1943, 1964, 1998, 1980,
2731:Core/Src/main.c **** 	    1989, 1972, 1953, 1938, 1954, 1986, 1987, 1993, 1966, 1978,
2732:Core/Src/main.c **** 	    1935, 1958, 1938, 1974, 1976, 1992, 1991, 1979, 1966, 1935,
2733:Core/Src/main.c **** 	    1959, 1966, 1994, 1979, 1982, 1974, 1948, 1945, 1961, 1987,
2734:Core/Src/main.c **** 	    1978, 1992, 1979, 1984, 1946, 1951, 1956, 1969, 1976, 1980,
2735:Core/Src/main.c **** 	    1987, 1965, 1960, 1941, 1968, 1970, 1986, 1989, 1991, 1974,
2736:Core/Src/main.c **** 	    1967, 1963, 1962, 1960, 1979, 1981, 1991, 1958, 1972, 1956,
2737:Core/Src/main.c **** 	    1959, 1947, 1980, 1986, 1985, 1972, 1968, 1968, 1946, 1960,
2738:Core/Src/main.c **** 	    1972, 1987, 1977, 1986, 1975, 1955, 1945, 1946, 1974, 1972,
2739:Core/Src/main.c **** 	    1964, 2009, 1978, 1981, 1933, 1989, 1943, 1979, 1942, 1990,
2740:Core/Src/main.c **** 	    1951, 1976, 1953, 1968, 1969, 1993, 1981, 1986, 1976, 1963,
2741:Core/Src/main.c **** 	    1947, 1958, 1973, 1988, 1975, 1988, 1957, 1964, 1941, 1965,
2742:Core/Src/main.c **** 	    1944, 1984, 1998, 1991, 1976, 1978, 1983, 1948, 1956, 1978,
2743:Core/Src/main.c **** 	    1994, 1962, 1971, 1976, 1964, 1949, 1962, 1975, 1991, 1979,
2744:Core/Src/main.c **** 	    1986, 1955, 1959, 1941, 1957, 1968, 2008, 1986, 1983, 1968,
2745:Core/Src/main.c **** 	    1960, 1941, 1953, 1982, 1996, 1978, 1987, 1970, 1948, 1930,
2746:Core/Src/main.c **** 	    1963, 1955, 1978, 1981, 1986, 1963, 1957, 1960, 1973, 1971,
2747:Core/Src/main.c **** 	    1995, 1989, 1965, 1970, 1952, 1942, 1970, 1978, 1974, 1946,
2748:Core/Src/main.c **** 	    1988, 1973, 1958, 1913, 1983, 1987, 2002, 1990, 1994, 1989,
2749:Core/Src/main.c **** 	    1950, 1944, 1940, 1978, 1957, 1964, 1947, 2002, 1962, 1957,
2750:Core/Src/main.c **** 	    1960, 2012, 1988, 2001, 1970, 1981, 1942, 1957, 1945, 1977,
2751:Core/Src/main.c **** 	    1957, 2006, 1961, 1969, 1958, 1976, 1948, 1977, 1974, 2016,
2752:Core/Src/main.c **** 	    1959, 1971, 1948, 1970, 1929, 1968, 1946, 2009, 1976, 1980,
2753:Core/Src/main.c **** 	    1969, 1994, 1952, 1962, 1963, 1998, 1963, 1951, 1967, 1962,
2754:Core/Src/main.c **** 	    1938, 1947, 1968, 1987, 1978, 1974, 1979, 1968, 1946, 1973,
2755:Core/Src/main.c **** 	    1970, 1996, 1981, 1975, 1972, 1967, 1939, 1945, 1960, 1967,
2756:Core/Src/main.c **** 	    1986, 1970, 1994, 1964, 1950, 1967, 1983, 1977, 1989, 1984,
2757:Core/Src/main.c **** 	    1973, 1959, 1946, 1959, 1956, 1967, 1993, 1982, 1979, 1963,
2758:Core/Src/main.c **** 	    1957, 1946, 1980, 1988, 2004, 1985, 1975, 1959, 1943, 1947,
2759:Core/Src/main.c **** 	    1962, 1967, 1992, 1987, 1980, 1966, 1965, 1950, 1971, 1983,
2760:Core/Src/main.c **** 	    2001, 1987, 1956, 1970, 1938, 1945, 1955, 1987, 1978, 1989,
2761:Core/Src/main.c **** 	    1978, 1979, 1950, 1941, 1968, 1971, 1993, 1981, 1966, 1961,
2762:Core/Src/main.c **** 	    1950, 1948, 1951, 1989, 1986, 1991, 1969, 1984, 1960, 1938,
2763:Core/Src/main.c **** 	    1970, 1980, 1994, 1972, 1974, 1952, 1952, 1939, 1965, 1970,
2764:Core/Src/main.c **** 	    1992, 1991, 1981, 1963, 1978, 1947, 1972, 1968, 2001, 1970,
2765:Core/Src/main.c **** 	    1984, 1948, 1968, 1929, 1968, 1962, 1975, 1982, 1989, 1972,
2766:Core/Src/main.c **** 	    1965, 1953, 1974, 1963, 1990, 1982, 1994, 1947, 1972, 1936,
2767:Core/Src/main.c **** 	    1967, 1964, 1981, 1978, 1995, 1972, 1959, 1941, 1956, 1979,
ARM GAS  C:\Users\kaush\AppData\Local\Temp\ccalbX8O.s 			page 50


2768:Core/Src/main.c **** 	    1972, 1988, 1993, 1955, 1969, 1944, 1966, 1968, 1976, 1991,
2769:Core/Src/main.c **** 	    2000, 1971, 1964, 1970, 1933, 1988, 1987, 1970, 1981, 1959,
2770:Core/Src/main.c **** 	    1943, 1966, 1927, 1958, 1992, 1948, 2036, 1973, 1980, 1986,
2771:Core/Src/main.c **** 	    1915, 1982, 1998, 1966, 1972, 1949, 1942, 1974, 1934, 1946,
2772:Core/Src/main.c **** 	    1998, 1922, 2021, 2003, 1940, 1963, 1928, 1959, 1996, 1972,
2773:Core/Src/main.c **** 	    1973, 1997, 1887, 1998, 1916, 1964, 1982, 1932, 2002, 2055,
2774:Core/Src/main.c **** 	    1956, 2018, 1906, 1865, 1975, 1932, 1901, 1963, 1993, 2056,
2775:Core/Src/main.c **** 	    2057, 1971, 2021, 1935, 2007, 1905, 1953, 2012, 2042, 1974,
2776:Core/Src/main.c **** 	    2123, 2002, 1873, 1857, 1804, 1824, 1952, 1888, 2051, 2164,
2777:Core/Src/main.c **** 	    2209, 2056, 1971, 1881, 1921, 1814, 2000, 1954, 2098, 2113,
2778:Core/Src/main.c **** 	    1993, 1960, 1927, 1787, 1874, 1920, 1940, 2071, 2144, 1998,
2779:Core/Src/main.c **** 	    2037, 1867, 1919, 1953, 2032, 1954, 2058, 2108, 2059, 1874,
2780:Core/Src/main.c **** 	    1848, 1902, 1885, 2023, 1957, 2019, 2121, 1976, 1895, 1922,
2781:Core/Src/main.c **** 	    1848, 1929, 2059, 1980, 2085, 2155, 2031, 1973, 1831, 1866,
2782:Core/Src/main.c **** 	    1894, 1999, 1933, 1973, 2068, 2127, 1896, 1868, 1841, 1875,
2783:Core/Src/main.c **** 	    2032, 2004, 1986, 2195, 2086, 1972, 1895, 1834, 1819, 2022,
2784:Core/Src/main.c **** 	    1904, 2041, 2111, 2086, 1920, 1868, 1840, 1888, 1941, 2046,
2785:Core/Src/main.c **** 	    2016, 2157, 2140, 1961, 1870, 1881, 1792, 2024, 2009, 1979,
2786:Core/Src/main.c **** 	    2071, 2095, 1917, 1933, 1786, 1873, 2023, 2042, 2005, 2101,
2787:Core/Src/main.c **** 	    2102, 1975, 1840, 1872, 1910, 2012, 2070, 1988, 2033, 2132,
2788:Core/Src/main.c **** 	    1881, 1813, 1830, 1840, 1990, 2074, 1984, 2088, 2122, 1950,
2789:Core/Src/main.c **** 	    1923, 1813, 1865, 1968, 2054, 2023, 2055, 2102, 1997, 1826,
2790:Core/Src/main.c **** 	    1810, 1820, 1880, 2008, 1975, 1995, 2206, 2008, 1910, 1855,
2791:Core/Src/main.c **** 	    1854, 1920, 2073, 1960, 2058, 2115, 2017, 1907, 1817, 1801,
2792:Core/Src/main.c **** 	    1886, 1979, 2033, 1996, 2112, 2029, 1900, 1833, 1882, 1863,
2793:Core/Src/main.c **** 	    2098, 2053, 2028, 2134, 2048, 1872, 1840, 1781, 1901, 2063,
2794:Core/Src/main.c **** 	    2016, 1995, 2092, 2026, 1929, 1786, 1847, 1912, 2060, 2074,
2795:Core/Src/main.c **** 	    2042, 2085, 2090, 1875, 1835, 1865, 1873, 2020, 2060, 1982,
2796:Core/Src/main.c **** 	    2107, 2053, 1900, 1854, 1809, 1878, 2037, 2047, 2030, 2068,
2797:Core/Src/main.c **** 	    2088, 1994, 1854, 1820, 1863, 1972, 2060, 1998, 2026, 2121,
2798:Core/Src/main.c **** 	    1954, 1870, 1842, 1845, 1970, 2063, 1980, 2078, 2103, 1972,
2799:Core/Src/main.c **** 	    1888, 1822, 1868, 1986, 2040, 2025, 2026, 2087, 1978, 1862,
2800:Core/Src/main.c **** 	    1795, 1870, 1947, 2098, 2043, 2041, 2108, 1985, 1863, 1829,
2801:Core/Src/main.c **** 	    1852, 1958, 2092, 2051, 2042, 2091, 1971, 1872, 1777, 1849,
2802:Core/Src/main.c **** 	    1926, 2081, 2056, 2057, 2101, 2031, 1887, 1819, 1860, 1928,
2803:Core/Src/main.c **** 	    2070, 2052, 2025, 2090, 2025, 1896, 1810, 1854, 1899, 2052,
2804:Core/Src/main.c **** 	    2045, 2030, 2060, 2049, 1915, 1847, 1874, 1917, 2072, 2073,
2805:Core/Src/main.c **** 	    2026, 2053, 2039, 1908, 1826, 1835, 1890, 2045, 2055, 2028,
2806:Core/Src/main.c **** 	    2038, 2051, 1927, 1838, 1844, 1910, 2048, 2091, 2051, 2040,
2807:Core/Src/main.c **** 	    2073, 1929, 1838, 1823, 1869, 2012, 2063, 2038, 2035, 2063,
2808:Core/Src/main.c **** 	    1936, 1858, 1821, 1883, 2010, 2075, 2060, 2044, 2076, 1973,
2809:Core/Src/main.c **** 	    1868, 1817, 1876, 1984, 2063, 2041, 2006, 2065, 1956, 1867,
2810:Core/Src/main.c **** 	    1809, 1871, 1982, 2069, 2052, 2026, 2061, 1973, 1914, 1850,
2811:Core/Src/main.c **** 	    1901, 1971, 2033, 2032, 2004, 2018, 1973, 1916, 1867, 1910,
2812:Core/Src/main.c **** 	    1957, 2023, 2025, 1991, 2011, 1980, 1940, 1897, 1924, 1964,
2813:Core/Src/main.c **** 	    2017, 2008, 1994, 1998, 1972, 1948, 1906, 1930, 1959, 1998,
2814:Core/Src/main.c **** 	    2002, 1994, 1987, 1980, 1948, 1920, 1939, 1959, 1992, 2003,
2815:Core/Src/main.c **** 	    1991, 1988, 1976, 1955, 1933, 1940, 1959, 1990, 1991, 1991,
2816:Core/Src/main.c **** 	    1981, 1966, 1960, 1941, 1949, 1964, 1983, 1990, 1989, 1971,
2817:Core/Src/main.c **** 	    1965, 1956, 1947, 1957, 1970, 1985, 1994, 1983, 1975, 1956,
2818:Core/Src/main.c **** 	    1957, 1949, 1962, 1967, 1989, 1982, 1989, 1970, 1956, 1955,
2819:Core/Src/main.c **** 	    1961, 1961, 1972, 1981, 1984, 1983, 1968, 1957, 1960, 1959,
2820:Core/Src/main.c **** 	    1966, 1975, 1981, 1980, 1980, 1970, 1961, 1957, 1960, 1967,
2821:Core/Src/main.c **** 	    1972, 1984, 1976, 1982, 1976, 1959, 1951, 1960, 1962, 1972,
2822:Core/Src/main.c **** 	    1979, 1979, 1984, 1979, 1961, 1959, 1955, 1965, 1970, 1981,
2823:Core/Src/main.c **** 	    1979, 1985, 1976, 1965, 1952, 1955, 1960, 1966, 1976, 1978,
2824:Core/Src/main.c **** 	    1981, 1983, 1962, 1955, 1958, 1966, 1967, 1984, 1979, 1986,
ARM GAS  C:\Users\kaush\AppData\Local\Temp\ccalbX8O.s 			page 51


2825:Core/Src/main.c **** 	    1975, 1964, 1952, 1953, 1959, 1972, 1981, 1986, 1981, 1975,
2826:Core/Src/main.c **** 	    1960, 1951, 1951, 1964, 1970, 1988, 1985, 1982, 1978, 1965,
2827:Core/Src/main.c **** 	    1949, 1954, 1961, 1973, 1983, 1982, 1978, 1976, 1963, 1955,
2828:Core/Src/main.c **** 	    1950, 1964, 1971, 1981, 1984, 1981, 1976, 1969, 1955, 1952,
2829:Core/Src/main.c **** 	    1959, 1976, 1983, 1989, 1985, 2001, 1974, 1957, 1943, 1957,
2830:Core/Src/main.c **** 	    1961, 1971, 1978, 1976, 1978, 1960, 1948, 1940, 1959, 1990,
2831:Core/Src/main.c **** 	    2011, 1995, 2005, 2011, 1987, 1853, 1855, 2226, 1929, 1815,
2832:Core/Src/main.c **** 	    1880, 1960, 2078, 1893, 2216, 2326, 2325, 2136, 1987, 1679,
2833:Core/Src/main.c **** 	    1783, 1601, 1850, 2092, 2271, 2157, 2117, 1933, 1885, 1656,
2834:Core/Src/main.c **** 	    1872, 2156, 2211, 2127, 2066, 1984, 1948, 1735, 1925, 2084,
2835:Core/Src/main.c **** 	    2230, 2015, 1900, 1789, 1823, 1686, 1819, 2049, 2348, 2208,
2836:Core/Src/main.c **** 	    2119, 2028, 1959, 1749, 1753, 1914, 2278, 2168, 2156, 2079,
2837:Core/Src/main.c **** 	    1974, 1765, 1632, 1741, 2063, 2053, 2092, 2063, 2085, 1921,
2838:Core/Src/main.c **** 	    1778, 1842, 2159, 2094, 2120, 2027, 2032, 1918, 1760, 1776,
2839:Core/Src/main.c **** 	    2049, 2032, 2042, 1937, 1950, 1893, 1774, 1780, 2046, 2096,
2840:Core/Src/main.c **** 	    2095, 1948, 2000, 1954, 1842, 1824, 2057, 2095, 2060, 1881,
2841:Core/Src/main.c **** 	    1920, 1874, 1800, 1766, 2004, 2080, 2052, 1866, 1927, 1892,
2842:Core/Src/main.c **** 	    1874, 1833, 2083, 2174, 2130, 1904, 1908, 1806, 1805, 1749,
2843:Core/Src/main.c **** 	    2020, 2172, 2179, 1968, 1948, 1781, 1770, 1692, 1954, 2142,
2844:Core/Src/main.c **** 	    2224, 2080, 2089, 1914, 1876, 1709, 1909, 2043, 2122, 1990,
2845:Core/Src/main.c **** 	    2027, 1878, 1891, 1737, 1934, 2046, 2155, 2006, 2041, 1897,
2846:Core/Src/main.c **** 	    1933, 1792, 1972, 2096, 2197, 2051, 2040, 1873, 1899, 1731,
2847:Core/Src/main.c **** 	    1877, 1994, 2144, 2031, 2052, 1934, 1973, 1822, 1940, 2053,
2848:Core/Src/main.c **** 	    2179, 2037, 2030, 1927, 1967, 1834, 1926, 2067, 2175, 2036,
2849:Core/Src/main.c **** 	    1962, 1856, 1885, 1781, 1874, 2063, 2242, 2144, 2058, 1947,
2850:Core/Src/main.c **** 	    1928, 1802, 1844, 2046, 2218, 2149, 2043, 1947, 1885, 1769,
2851:Core/Src/main.c **** 	    1774, 1960, 2172, 2154, 2054, 1979, 1916, 1807, 1786, 1976,
2852:Core/Src/main.c **** 	    2173, 2193, 2074, 2015, 1929, 1816, 1744, 1908, 2102, 2140,
2853:Core/Src/main.c **** 	    2030, 1994, 1915, 1839, 1758, 1883, 2094, 2167, 2068, 2034,
2854:Core/Src/main.c **** 	    1952, 1880, 1776, 1872, 2058, 2142, 2043, 2003, 1919, 1872,
2855:Core/Src/main.c **** 	    1767, 1842, 2020, 2108, 2028, 1997, 1931, 1911, 1824, 1872,
2856:Core/Src/main.c **** 	    2061, 2144, 2062, 1987, 1894, 1869, 1783, 1836, 2029, 2142,
2857:Core/Src/main.c **** 	    2086, 1988, 1886, 1863, 1788, 1821, 2016, 2149, 2124, 2032,
2858:Core/Src/main.c **** 	    1936, 1886, 1800, 1798, 1983, 2119, 2125, 2016, 1926, 1875,
2859:Core/Src/main.c **** 	    1794, 1777, 1945, 2105, 2147, 2056, 1977, 1914, 1830, 1785,
2860:Core/Src/main.c **** 	    1937, 2102, 2161, 2067, 1995, 1919, 1822, 1767, 1880, 2055,
2861:Core/Src/main.c **** 	    2132, 2063, 2011, 1955, 1881, 1805, 1899, 2060, 2135, 2072,
2862:Core/Src/main.c **** 	    2027, 1963, 1897, 1813, 1889, 2052, 2122, 2049, 2007, 1938,
2863:Core/Src/main.c **** 	    1883, 1812, 1879, 2054, 2138, 2078, 2031, 1966, 1919, 1829,
2864:Core/Src/main.c **** 	    1885, 2050, 2136, 2076, 2026, 1942, 1903, 1816, 1864, 2041,
2865:Core/Src/main.c **** 	    2137, 2086, 2034, 1948, 1910, 1825, 1863, 2038, 2146, 2113,
2866:Core/Src/main.c **** 	    2053, 1960, 1916, 1814, 1835, 1988, 2112, 2104, 2049, 1954,
2867:Core/Src/main.c **** 	    1921, 1829, 1831, 1981, 2108, 2118, 2054, 1961, 1929, 1842,
2868:Core/Src/main.c **** 	    1824, 1950, 2101, 2123, 2062, 1970, 1920, 1837, 1798, 1914,
2869:Core/Src/main.c **** 	    2058, 2119, 2054, 1988, 1950, 1873, 1813, 1921, 2048, 2112,
2870:Core/Src/main.c **** 	    2042, 1974, 1929, 1884, 1818, 1907, 2047, 2109, 2023, 1970,
2871:Core/Src/main.c **** 	    1905, 1874, 1814, 1904, 2043, 2139, 2048, 1996, 1915, 1882,
2872:Core/Src/main.c **** 	    1798, 1891, 2028, 2129, 2048, 2004, 1901, 1891, 1794, 1870,
2873:Core/Src/main.c **** 	    2014, 2131, 2061, 2028, 1905, 1888, 1795, 1864, 1994, 2137,
2874:Core/Src/main.c **** 	    2083, 2055, 1926, 1900, 1786, 1841, 1970, 2110, 2083, 2065,
2875:Core/Src/main.c **** 	    1939, 1921, 1803, 1830, 1958, 2107, 2088, 2082, 1965, 1933,
2876:Core/Src/main.c **** 	    1831, 1833, 1936, 2084, 2086, 2073, 1974, 1945, 1843, 1835,
2877:Core/Src/main.c **** 	    1936, 2063, 2090, 2065, 1974, 1947, 1870, 1852, 1947, 2078,
2878:Core/Src/main.c **** 	    2092, 2062, 1978, 1931, 1868, 1842, 1935, 2066, 2110, 2052,
2879:Core/Src/main.c **** 	    1990, 1936, 1875, 1835, 1935, 2068, 2129, 2071, 2001, 1933,
2880:Core/Src/main.c **** 	    1886, 1826, 1904, 2049, 2122, 2065, 2013, 1925, 1887, 1826,
2881:Core/Src/main.c **** 	    1892, 2025, 2131, 2079, 2038, 1951, 1896, 1821, 1884, 2016,
ARM GAS  C:\Users\kaush\AppData\Local\Temp\ccalbX8O.s 			page 52


2882:Core/Src/main.c **** 	    2116, 2078, 2046, 1955, 1912, 1816, 1846, 1985, 2099, 2065,
2883:Core/Src/main.c **** 	    2051, 1970, 1931, 1849, 1849, 1970, 2087, 2064, 2039, 1969,
2884:Core/Src/main.c **** 	    1936, 1856, 1852, 1965, 2067, 2057, 2031, 1957, 1926, 1864,
2885:Core/Src/main.c **** 	    1851, 1968, 2071, 2059, 2035, 1970, 1925, 1871, 1851, 1958,
2886:Core/Src/main.c **** 	    2060, 2062, 2018, 1968, 1921, 1868, 1841, 1953, 2056, 2079,
2887:Core/Src/main.c **** 	    2023, 1961, 1916, 1875, 1839, 1941, 2060, 2095, 2041, 1980,
2888:Core/Src/main.c **** 	    1910, 1872, 1832, 1918, 2032, 2096, 2041, 1998, 1922, 1875,
2889:Core/Src/main.c **** 	    1833, 1916, 2026, 2102, 2048, 2008, 1935, 1892, 1830, 1895,
2890:Core/Src/main.c **** 	    2018, 2100, 2045, 2018, 1940, 1905, 1841, 1880, 1995, 2100,
2891:Core/Src/main.c **** 	    2046, 2021, 1936, 1892, 1821, 1945, 2055, 2173, 2100, 2057,
2892:Core/Src/main.c **** 	    2028, 1955, 1887, 1852, 1934, 1974, 2099, 2231, 1916, 1711,
2893:Core/Src/main.c **** 	    1766, 1670, 1739, 2080, 2660, 2297, 2068, 2087, 1675, 1625,
2894:Core/Src/main.c **** 	    1880, 2434, 1806, 1822, 1982, 1660, 1648, 1992, 2525, 1976,
2895:Core/Src/main.c **** 	    2174, 1852, 1835, 1685, 2011, 2166, 1701, 2272, 2087, 2176,
2896:Core/Src/main.c **** 	    1921, 2254, 2023, 1649, 1977, 1842, 1962, 1879, 2255, 1902,
2897:Core/Src/main.c **** 	    1862, 1875, 1859, 2020, 2081, 2318, 1791, 2081, 1846, 1951,
2898:Core/Src/main.c **** 	    1883, 2219, 2380, 1738, 2041, 1690, 1852, 1607, 2084, 2202,
2899:Core/Src/main.c **** 	    1667, 2167, 1854, 2064, 1795, 2281, 2122, 1791, 2101, 1858,
2900:Core/Src/main.c **** 	    2072, 1830, 2249, 1886, 1899, 1871, 2069, 2048, 2012, 2150,
2901:Core/Src/main.c **** 	    1643, 1901, 1547, 1942, 1931, 2225, 2207, 1637, 2205, 1703,
2902:Core/Src/main.c **** 	    2006, 1850, 2504, 2245, 1732, 2101, 1679, 1865, 1589, 2287,
2903:Core/Src/main.c **** 	    2182, 1906, 2005, 1830, 1908, 1728, 2158, 1965, 2146, 1980,
2904:Core/Src/main.c **** 	    2087, 1908, 1916, 1990, 1595, 2075, 1849, 2191, 1965, 2240,
2905:Core/Src/main.c **** 	    2055, 1555, 1988, 1649, 2111, 1899, 2402, 2134, 1763, 2007,
2906:Core/Src/main.c **** 	    1701, 1993, 1875, 2443, 2134, 1903, 1921, 1828, 1791, 1785,
2907:Core/Src/main.c **** 	    2238, 1945, 2017, 1837, 1971, 1821, 1942, 2084, 1838, 2234,
2908:Core/Src/main.c **** 	    1864, 2149, 1878, 2242, 2012, 1715, 2092, 1852, 2081, 1815,
2909:Core/Src/main.c **** 	    2248, 2016, 1724, 1940, 1854, 2095, 1922, 2284, 1886, 1847,
2910:Core/Src/main.c **** 	    1803, 1862, 1938, 2118, 2292, 1931, 2065, 1810, 1952, 1771,
2911:Core/Src/main.c **** 	    2119, 2196, 1830, 2068, 1723, 1987, 1732, 2160, 2117, 1956,
2912:Core/Src/main.c **** 	    2136, 1870, 2008, 1828, 2186, 1923, 1894, 2072, 1976, 1987,
2913:Core/Src/main.c **** 	    1887, 2121, 1751, 1857, 1807, 2050, 1985, 2133, 2142, 1762,
2914:Core/Src/main.c **** 	    1967, 1713, 2019, 1965, 2322, 2236, 1811, 2007, 1724, 1926,
2915:Core/Src/main.c **** 	    1777, 2304, 2208, 1912, 1982, 1768, 1876, 1706, 2106, 1953,
2916:Core/Src/main.c **** 	    2050, 1995, 1971, 1936, 1955, 2063, 1795, 2088, 1955, 2084,
2917:Core/Src/main.c **** 	    1904, 2108, 2080, 1648, 1958, 1788, 2120, 1871, 2259, 2131,
2918:Core/Src/main.c **** 	    1759, 1951, 1738, 2024, 1917, 2288, 2048, 1853, 1922, 1792,
2919:Core/Src/main.c **** 	    1902, 1912, 2256, 1986, 2021, 1830, 1909, 1817, 1971, 2122,
2920:Core/Src/main.c **** 	    1906, 2132, 1843, 2002, 1805, 2135, 2095, 1785, 2197, 1882,
2921:Core/Src/main.c **** 	    2082, 1772, 2190, 1992, 1710, 1983, 1910, 2076, 1870, 2164,
2922:Core/Src/main.c **** 	    1931, 1823, 1856, 1898, 2078, 2056, 2239, 1903, 1971, 1772,
2923:Core/Src/main.c **** 	    1886, 1853, 2187, 2265, 1884, 2072, 1740, 1941, 1726, 2185,
2924:Core/Src/main.c **** 	    2205, 1903, 2253, 1824, 1927, 1645, 2004, 1942, 1823, 2156,
2925:Core/Src/main.c **** 	    2146, 2315, 2182, 2169, 2022, 1816, 1855, 1794, 1744, 2442,
2926:Core/Src/main.c **** 	    1923, 1524, 1968, 1921, 2244, 2254, 2707, 2520, 2053, 1617,
2927:Core/Src/main.c **** 	    1716, 1294, 1388, 2731, 1911, 1933, 1584, 1371, 1917, 1585,
2928:Core/Src/main.c **** 	    2354, 2290, 2412, 2437, 1905, 2029, 1023, 2125, 974, 1526,
2929:Core/Src/main.c **** 	    2076, 1572, 2416, 1990, 2540, 2068, 2047, 2731, 2115, 2118,
2930:Core/Src/main.c **** 	    2033, 1998, 1855, 1943, 2134, 1564, 1662, 1938, 1846, 1824,
2931:Core/Src/main.c **** 	    1164, 1933, 1927, 1890, 3120, 2019, 2079, 2054, 1832, 2312,
2932:Core/Src/main.c **** 	    1696, 2310, 1849, 1694, 1853, 2025, 1719, 1363, 2073, 1706,
2933:Core/Src/main.c **** 	    2231, 2310, 1668, 2077, 2085, 2376, 2493, 1620, 2404, 1941,
2934:Core/Src/main.c **** 	    1560, 2604, 1683, 1729, 1530, 1655, 1927, 1892, 2148, 1909,
2935:Core/Src/main.c **** 	    1947, 1695, 2383, 2217, 1927, 2883, 1755, 2236, 2004, 1532,
2936:Core/Src/main.c **** 	    2027, 1572, 2189, 2031, 1701, 2133, 1813, 1488, 2115, 2019,
2937:Core/Src/main.c **** 	    1901, 1915, 2076, 2135, 2130, 2077, 2157, 2253, 1654, 2310,
2938:Core/Src/main.c **** 	    1866, 1625, 2517, 1535, 1965, 1556, 1658, 2182, 1751, 2356,
ARM GAS  C:\Users\kaush\AppData\Local\Temp\ccalbX8O.s 			page 53


2939:Core/Src/main.c **** 	    1937, 1855, 1879, 2033, 2012, 2211, 2324, 1750, 1935, 2033,
2940:Core/Src/main.c **** 	    1936, 1963, 1715, 2175, 2082, 1474, 2188, 1665, 1659, 2294,
2941:Core/Src/main.c **** 	    1978, 2362, 1839, 1797, 2052, 1828, 2361, 2145, 2105, 1839,
2942:Core/Src/main.c **** 	    2061, 1926, 1848, 2065, 1396, 1872, 1906, 2068, 2141, 1686,
2943:Core/Src/main.c **** 	    2273, 1955, 1663, 2343, 2038, 2064, 2215, 2053, 2182, 1642,
2944:Core/Src/main.c **** 	    1658, 1767, 1894, 2213, 2192, 2000, 1565, 1897, 1760, 1922,
2945:Core/Src/main.c **** 	    2285, 1853, 2310, 1902, 2075, 2089, 1627, 2240, 1830, 1962,
2946:Core/Src/main.c **** 	    2225, 1947, 1829, 1853, 1960, 2017, 1755, 1814, 2016, 2080,
2947:Core/Src/main.c **** 	    2078, 2239, 2013, 1671, 2040, 1964, 2159, 2271, 1770, 2091,
2948:Core/Src/main.c **** 	    1538, 1891, 2025, 1767, 2346, 1889, 2057, 2017, 1848, 1761,
2949:Core/Src/main.c **** 	    1816, 2204, 2116, 2052, 1776, 1998, 1932, 1827, 2222, 2050,
2950:Core/Src/main.c **** 	    1912, 2020, 1831, 2082, 2028, 1735, 2038, 1704, 2076, 2154,
2951:Core/Src/main.c **** 	    1858, 2278, 1823, 2013, 1866, 1914, 1949, 1927, 2220, 1899,
2952:Core/Src/main.c **** 	    2056, 1610, 1966, 1971, 1897, 2430, 2000, 1990, 1899, 1738,
2953:Core/Src/main.c **** 	    2063, 1921, 1909, 2147, 1814, 2008, 1993, 1903, 1983, 1667,
2954:Core/Src/main.c **** 	    1909, 1919, 2378, 2036, 2008, 2693, 2500, 2509, 1881, 1747,
2955:Core/Src/main.c **** 	    1718, 1959, 1879, 1644, 2298, 2448, 2628, 2337, 1812, 1832,
2956:Core/Src/main.c **** 	    1999, 1619, 1919, 2060, 2427, 2647, 2320, 1888, 2018, 2024,
2957:Core/Src/main.c **** 	    1643, 1933, 2025, 2281, 2537, 1939, 1534, 1824, 1810, 1722,
2958:Core/Src/main.c **** 	    1899, 2119, 2411, 2675, 2219, 1639, 1884, 1657, 1583, 1913,
2959:Core/Src/main.c **** 	    1947, 2444, 2695, 2251, 1719, 1794, 1438, 1436, 1770, 1748,
2960:Core/Src/main.c **** 	    2328, 2797, 2314, 1939, 1870, 1519, 1674, 1820, 1740, 2291,
2961:Core/Src/main.c **** 	    2691, 2318, 1968, 1883, 1408, 1645, 1717, 1558, 2114, 2598,
2962:Core/Src/main.c **** 	    2298, 2026, 1878, 1415, 1729, 1708, 1523, 2212, 2602, 2337,
2963:Core/Src/main.c **** 	    2212, 1883, 1479, 1718, 1617, 1443, 2111, 2491, 2310, 2238,
2964:Core/Src/main.c **** 	    1827, 1469, 1774, 1596, 1469, 2076, 2516, 2386, 2357, 1916,
2965:Core/Src/main.c **** 	    1564, 1808, 1491, 1391, 1989, 2383, 2420, 2367, 1904, 1642,
2966:Core/Src/main.c **** 	    1853, 1475, 1421, 1893, 2211, 2407, 2367, 1892, 1793, 1997,
2967:Core/Src/main.c **** 	    1557, 1525, 1843, 2155, 2361, 2314, 1800, 1713, 1967, 1549,
2968:Core/Src/main.c **** 	    1607, 1832, 2139, 2468, 2349, 1800, 1733, 1906, 1511, 1652,
2969:Core/Src/main.c **** 	    1802, 2081, 2530, 2396, 1887, 1857, 1866, 1488, 1621, 1650,
2970:Core/Src/main.c **** 	    1973, 2508, 2393, 1917, 1916, 1873, 1509, 1668, 1595, 1972,
2971:Core/Src/main.c **** 	    2552, 2412, 1939, 1930, 1850, 1551, 1740, 1605, 1977, 2580,
2972:Core/Src/main.c **** 	    2386, 1931, 1840, 1695, 1569, 1714, 1602, 2050, 2676, 2452,
2973:Core/Src/main.c **** 	    2038, 1930, 1685, 1633, 1729, 1558, 2053, 2677, 2455, 2063,
2974:Core/Src/main.c **** 	    1917, 1600, 1636, 1733, 1548, 2025, 2631, 2436, 2136, 1943,
2975:Core/Src/main.c **** 	    1616, 1759, 1780, 1598, 2064, 2636, 2432, 2191, 1969, 1580,
2976:Core/Src/main.c **** 	    1782, 1701, 1524, 1972, 2537, 2446, 2242, 2011, 1638, 1862,
2977:Core/Src/main.c **** 	    1732, 1565, 1999, 2488, 2472, 2373, 2037, 1686, 1921, 1659,
2978:Core/Src/main.c **** 	    1543, 1976, 2365, 2489, 2383, 2007, 1687, 1906, 1679, 1593,
2979:Core/Src/main.c **** 	    1865, 2345, 2498, 2521, 2022, 1742, 1967, 1598, 1604, 1858,
2980:Core/Src/main.c **** 	    2212, 2554, 2513, 2029, 1758, 1942, 1625, 1645, 1854, 2195,
2981:Core/Src/main.c **** 	    2530, 2515, 1992, 1783, 1943, 1632, 1711, 1810, 2107, 2555,
2982:Core/Src/main.c **** 	    2484, 1991, 1824, 1892, 1621, 1733, 1771, 2034, 2551, 2486,
2983:Core/Src/main.c **** 	    1997, 1869, 1881, 1697, 1785, 1742, 2000, 2547, 2435, 1968,
2984:Core/Src/main.c **** 	    1906, 1835, 1719, 1788, 1664, 1941, 2534, 2417, 1994, 1968,
2985:Core/Src/main.c **** 	    1817, 1739, 1788, 1634, 1873, 2517, 2419, 2077, 1984, 1754,
2986:Core/Src/main.c **** 	    1773, 1815, 1579, 1822, 2450, 2366, 2097, 2032, 1732, 1813,
2987:Core/Src/main.c **** 	    1811, 1560, 1837, 2418, 2397, 2165, 2039, 1683, 1772, 1716,
2988:Core/Src/main.c **** 	    1546, 1878, 2425, 2386, 2231, 2000, 1609, 1809, 1753, 1546,
2989:Core/Src/main.c **** 	    1896, 2384, 2378, 2266, 2050, 1646, 1788, 1708, 1539, 1840,
2990:Core/Src/main.c **** 	    2282, 2405, 2338, 2004, 1647, 1825, 1677, 1545, 1871, 2218,
2991:Core/Src/main.c **** 	    2385, 2392, 2006, 1642, 1890, 1726, 1557, 1831, 2167, 2345,
2992:Core/Src/main.c **** 	    2386, 2023, 1713, 1842, 1657, 1581, 1801, 2071, 2413, 2473,
2993:Core/Src/main.c **** 	    1991, 1729, 1829, 1629, 1591, 1834, 2018, 2407, 2506, 2009,
2994:Core/Src/main.c **** 	    1764, 1803, 1638, 1604, 1742, 1953, 2406, 2510, 2047, 1865,
2995:Core/Src/main.c **** 	    1805, 1617, 1660, 1715, 1887, 2420, 2512, 2024, 1879, 1802,
ARM GAS  C:\Users\kaush\AppData\Local\Temp\ccalbX8O.s 			page 54


2996:Core/Src/main.c **** 	    1612, 1669, 1758, 1921, 2412, 2482, 2043, 1907, 1724, 1648,
2997:Core/Src/main.c **** 	    1725, 1715, 1889, 2399, 2462, 2075, 1981, 1738, 1673, 1786,
2998:Core/Src/main.c **** 	    1680, 1851, 2378, 2455, 2089, 1982, 1728, 1672, 1783, 1674,
2999:Core/Src/main.c **** 	    1857, 2346, 2413, 2157, 2013, 1738, 1766, 1815, 1641, 1827,
3000:Core/Src/main.c **** 	    2320, 2375, 2197, 2108, 1746, 1773, 1821, 1598, 1781, 2232,
3001:Core/Src/main.c **** 	    2383, 2258, 2120, 1752, 1809, 1828, 1629, 1850, 2200, 2360,
3002:Core/Src/main.c **** 	    2325, 2088, 1729, 1835, 1801, 1599, 1818, 2197, 2361, 2358,
3003:Core/Src/main.c **** 	    2140, 1764, 1851, 1785, 1616, 1791, 2144, 2377, 2411, 2130,
3004:Core/Src/main.c **** 	    1772, 1870, 1753, 1653, 1838, 2086, 2315, 2439, 2102, 1793,
3005:Core/Src/main.c **** 	    1895, 1779, 1678, 1826, 2066, 2297, 2445, 2109, 1826, 1883,
3006:Core/Src/main.c **** 	    1763, 1719, 1799, 2005, 2325, 2463, 2115, 1864, 1892, 1711,
3007:Core/Src/main.c **** 	    1707, 1816, 1952, 2293, 2475, 2117, 1910, 1895, 1738, 1724,
3008:Core/Src/main.c **** 	    1777, 1906, 2266, 2467, 2156, 1978, 1868, 1711, 1767, 1728,
3009:Core/Src/main.c **** 	    1858, 2275, 2493, 2178, 2015, 1858, 1677, 1765, 1755, 1835,
3010:Core/Src/main.c **** 	    2284, 2492, 2197, 2020, 1827, 1699, 1770, 1727, 1825, 2270,
3011:Core/Src/main.c **** 	    2448, 2209, 2069, 1788, 1684, 1795, 1701, 1811, 2273, 2452,
3012:Core/Src/main.c **** 	    2236, 2061, 1778, 1680, 1795, 1733, 1803, 2227, 2404, 2249,
3013:Core/Src/main.c **** 	    2062, 1767, 1742, 1814, 1713, 1777, 2188, 2345, 2265, 2114,
3014:Core/Src/main.c **** 	    1762, 1778, 1831, 1679, 1759, 2150, 2332, 2282, 2110, 1779,
3015:Core/Src/main.c **** 	    1769, 1793, 1687, 1777, 2109, 2303, 2326, 2126, 1800, 1831,
3016:Core/Src/main.c **** 	    1847, 1664, 1755, 2025, 2239, 2306, 2156, 1762, 1843, 1779,
3017:Core/Src/main.c **** 	    1668, 1764, 2027, 2254, 2383, 2158, 1815, 1811, 1751, 1703,
3018:Core/Src/main.c **** 	    1789, 2002, 2225, 2389, 2113, 1823, 1820, 1734, 1685, 1780,
3019:Core/Src/main.c **** 	    1990, 2193, 2384, 2157, 1832, 1793, 1795, 1942, 1797, 1838,
3020:Core/Src/main.c **** 	    2050, 2364, 1947, 1964, 2090, 1895, 1855, 1730, 1699, 1801,
3021:Core/Src/main.c **** 	    2137, 2147, 2033, 2003, 1817, 1884, 1739, 1625, 2253, 2406,
3022:Core/Src/main.c **** 	    2484, 2131, 1829, 1740, 1515, 1886, 1930, 2346, 2398, 2099,
3023:Core/Src/main.c **** 	    1993, 1597, 1743, 1862, 1781, 1729, 1934, 2234, 2000, 2012,
3024:Core/Src/main.c **** 	    2073, 1835, 2012, 1685, 1593, 1945, 2121, 2488, 2295, 2209,
3025:Core/Src/main.c **** 	    1835, 1596, 1477, 1523, 2252, 2456, 2569, 2226, 1644, 1607,
3026:Core/Src/main.c **** 	    1550, 1810, 1947, 2328, 2424, 2029, 2007, 1590, 1789, 1970,
3027:Core/Src/main.c **** 	    1800, 1872, 1967, 2065, 2062, 2033, 1946, 1893, 2106, 1703,
3028:Core/Src/main.c **** 	    1586, 1927, 2044, 2520, 2360, 2292, 1900, 1603, 1577, 1513,
3029:Core/Src/main.c **** 	    2155, 2470, 2663, 2274, 1603, 1649, 1602, 1708, 2006, 2182,
3030:Core/Src/main.c **** 	    2258, 2188, 2106, 1638, 1837, 1980, 1775, 1945, 1852, 2001,
3031:Core/Src/main.c **** 	    2191, 2077, 2117, 2020, 2097, 1735, 1513, 1739, 1902, 2547,
3032:Core/Src/main.c **** 	    2420, 2369, 2013, 1624, 1581, 1552, 1971, 2296, 2685, 2327,
3033:Core/Src/main.c **** 	    1700, 1715, 1571, 1713, 2053, 2014, 2284, 2208, 1999, 1807,
3034:Core/Src/main.c **** 	    1746, 1930, 1916, 2108, 1804, 1976, 2203, 2015, 2110, 2045,
3035:Core/Src/main.c **** 	    2141, 1790, 1601, 1677, 1851, 2509, 2471, 2407, 1975, 1544,
3036:Core/Src/main.c **** 	    1628, 1569, 1830, 2298, 2582, 2340, 1952, 1699, 1554, 1744,
3037:Core/Src/main.c **** 	    1928, 1858, 2236, 2174, 2022, 1922, 1794, 2008, 1974, 2080,
3038:Core/Src/main.c **** 	    1695, 1816, 2091, 2102, 2279, 2114, 2154, 1881, 1542, 1581,
3039:Core/Src/main.c **** 	    1796, 2302, 2446, 2509, 2001, 1558, 1688, 1518, 1767, 2196,
3040:Core/Src/main.c **** 	    2434, 2417, 2026, 1713, 1652, 1745, 1873, 1845, 2187, 2089,
3041:Core/Src/main.c **** 	    2149, 2018, 1728, 1946, 1957, 2057, 1759, 1810, 1992, 2124,
3042:Core/Src/main.c **** 	    2319, 2115, 2127, 1905, 1549, 1629, 1738, 2176, 2494, 2447,
3043:Core/Src/main.c **** 	    2042, 1673, 1675, 1502, 1754, 2006, 2237, 2547, 2087, 1775,
3044:Core/Src/main.c **** 	    1711, 1736, 1886, 1871, 2128, 2016, 2132, 2067, 1793, 1974,
3045:Core/Src/main.c **** 	    1971, 2085, 1812, 1677, 1890, 2124, 2266, 2177, 2221, 1903,
3046:Core/Src/main.c **** 	    1570, 1662, 1601, 2046, 2508, 2427, 2181, 1729, 1636, 1564,
3047:Core/Src/main.c **** 	    1700, 1919, 2166, 2535, 2160, 1884, 1729, 1629, 1864, 1924,
3048:Core/Src/main.c **** 	    2112, 2042, 2127, 2074, 1771, 2004, 1803, 2057, 1775, 1640,
3049:Core/Src/main.c **** 	    1730, 2102, 2160, 2155, 2040, 2217, 1603, 1922, 1607, 2388,
3050:Core/Src/main.c **** 	    2494, 2341, 2303, 1480, 1355, 1504, 1424, 1809, 2115, 2492,
3051:Core/Src/main.c **** 	    2288, 2642, 1638, 2077, 2051, 1655, 1969, 2248, 1961, 2190,
3052:Core/Src/main.c **** 	    1092, 1954, 1673, 2145, 963, 2235, 843, 2388, 1829, 3537,
ARM GAS  C:\Users\kaush\AppData\Local\Temp\ccalbX8O.s 			page 55


3053:Core/Src/main.c **** 	    1836, 2346, 2925, 1152, 2139, 1160, 2133, 1760, 1764, 1233,
3054:Core/Src/main.c **** 	    1524, 1884, 1146, 2696, 1833, 3478, 2313, 3068, 1427, 1605,
3055:Core/Src/main.c **** 	    1985, 1287, 2018, 1235, 1612, 1705, 1813, 1787, 2299, 2536,
3056:Core/Src/main.c **** 	    1920, 2247, 1666, 2639, 2197, 2906, 1971, 1766, 1552, 1197,
3057:Core/Src/main.c **** 	    1483, 1217, 2092, 2032, 2624, 1956, 2188, 2111, 1650, 2185,
3058:Core/Src/main.c **** 	    2018, 2746, 2033, 2455, 1776, 1468, 1804, 1573, 1982, 1624,
3059:Core/Src/main.c **** 	    1919, 1881, 2297, 1985, 2458, 2274, 1869, 1825, 1847, 2195,
3060:Core/Src/main.c **** 	    2128, 2628, 2235, 2013, 1914, 1484, 1552, 1295, 1997, 2010,
3061:Core/Src/main.c **** 	    2625, 2052, 2216, 1799, 1762, 2061, 2200, 2511, 2299, 2333,
3062:Core/Src/main.c **** 	    1980, 1518, 1914, 1748, 1902, 1462, 1901, 1851, 2171, 2147,
3063:Core/Src/main.c **** 	    2434, 2024, 2170, 1992, 2159, 1940, 1995, 2334, 2074, 1718,
3064:Core/Src/main.c **** 	    1853, 1527, 1708, 1440, 2162, 2151, 2505, 2071, 2264, 1788,
3065:Core/Src/main.c **** 	    1902, 2045, 2180, 1923, 1941, 2041, 1976, 1669, 1974, 1741,
3066:Core/Src/main.c **** 	    1940, 1663, 2146, 2055, 2266, 1965, 2298, 1738, 1928, 1940,
3067:Core/Src/main.c **** 	    1935, 1741, 1793, 2116, 2148, 1838, 2094, 1736, 1929, 1608,
3068:Core/Src/main.c **** 	    2216, 2121, 2129, 1879, 2053, 1636, 1855, 2032, 1986, 1800,
3069:Core/Src/main.c **** 	    1782, 2010, 2097, 1897, 2092, 1849, 1970, 1603, 2182, 2099,
3070:Core/Src/main.c **** 	    2055, 1823, 2130, 1729, 1833, 2121, 1840, 1818, 1764, 1980,
3071:Core/Src/main.c **** 	    2088, 1932, 2053, 1809, 1968, 1666, 2251, 2266, 1997, 1813,
3072:Core/Src/main.c **** 	    2116, 1723, 1899, 2247, 1766, 1846, 1625, 1927, 2005, 2072,
3073:Core/Src/main.c **** 	    2041, 1952, 1923, 1671, 2318, 2292, 2027, 1870, 2107, 1735,
3074:Core/Src/main.c **** 	    1847, 2199, 1698, 1895, 1652, 2027, 2032, 2078, 1964, 2036,
3075:Core/Src/main.c **** 	    1886, 1780, 2332, 2335, 1981, 1852, 2067, 1750, 1879, 2240,
3076:Core/Src/main.c **** 	    1690, 1975, 1597, 2109, 2041, 2214, 1984, 2109, 1833, 1715,
3077:Core/Src/main.c **** 	    2237, 2254, 1999, 1919, 2117, 1820, 1898, 2252, 1719, 2059,
3078:Core/Src/main.c **** 	    1655, 2173, 1976, 2199, 1857, 2122, 1844, 1836, 2179, 2179,
3079:Core/Src/main.c **** 	    2040, 1948, 1976, 1942, 1967, 2109, 1870, 2015, 1774, 2066,
3080:Core/Src/main.c **** 	    1956, 2195, 1823, 1966, 1682, 1716, 2155, 2261, 2284, 2105,
3081:Core/Src/main.c **** 	    2196, 2092, 2075, 1799, 1253, 1365, 1618, 2040, 2161, 2276,
3082:Core/Src/main.c **** 	    2324, 2496, 2413, 2085, 1608, 1304, 1519, 1800, 2134, 2063,
3083:Core/Src/main.c **** 	    2254, 2480, 2467, 2101, 1536, 1286, 1425, 1869, 1977, 2042,
3084:Core/Src/main.c **** 	    2092, 2438, 2641, 2401, 1833, 1408, 1615, 1948, 2019, 1935,
3085:Core/Src/main.c **** 	    1856, 2234, 2490, 2399, 1838, 1422, 1425, 1834, 2002, 1958,
3086:Core/Src/main.c **** 	    1812, 2191, 2429, 2396, 1986, 1487, 1529, 1952, 2180, 2157,
3087:Core/Src/main.c **** 	    1958, 2137, 2318, 2298, 1825, 1366, 1429, 1747, 2115, 2167,
3088:Core/Src/main.c **** 	    1983, 2034, 2266, 2289, 1904, 1441, 1472, 1838, 2330, 2378,
3089:Core/Src/main.c **** 	    2128, 1992, 2162, 2243, 1967, 1464, 1426, 1760, 2159, 2269,
3090:Core/Src/main.c **** 	    1974, 1841, 2100, 2289, 2090, 1711, 1541, 1819, 2222, 2361,
3091:Core/Src/main.c **** 	    2121, 1873, 2046, 2214, 2136, 1744, 1419, 1600, 1989, 2233,
3092:Core/Src/main.c **** 	    2107, 1878, 1982, 2290, 2332, 1959, 1492, 1540, 1837, 2108,
3093:Core/Src/main.c **** 	    2158, 1962, 2069, 2344, 2385, 2046, 1452, 1439, 1714, 2006,
3094:Core/Src/main.c **** 	    2109, 1894, 1985, 2315, 2473, 2200, 1726, 1463, 1722, 1981,
3095:Core/Src/main.c **** 	    2073, 1872, 1885, 2264, 2472, 2305, 1829, 1450, 1629, 1947,
3096:Core/Src/main.c **** 	    2021, 1896, 1850, 2114, 2440, 2352, 1972, 1540, 1649, 1948,
3097:Core/Src/main.c **** 	    2101, 1974, 1782, 2045, 2356, 2424, 2031, 1539, 1499, 1873,
3098:Core/Src/main.c **** 	    2052, 2081, 1839, 1955, 2242, 2354, 2014, 1541, 1512, 1888,
3099:Core/Src/main.c **** 	    2133, 2241, 1944, 1972, 2179, 2338, 2043, 1647, 1492, 1794,
3100:Core/Src/main.c **** 	    2099, 2136, 1904, 1871, 2103, 2320, 2136, 1724, 1513, 1773,
3101:Core/Src/main.c **** 	    2118, 2213, 2014, 1850, 2082, 2312, 2240, 1878, 1549, 1668,
3102:Core/Src/main.c **** 	    2015, 2101, 1954, 1743, 2026, 2278, 2339, 1951, 1543, 1587,
3103:Core/Src/main.c **** 	    1974, 2132, 2105, 1882, 2028, 2279, 2370, 1990, 1546, 1482,
3104:Core/Src/main.c **** 	    1824, 2080, 2143, 1901, 1952, 2186, 2328, 2062, 1626, 1478,
3105:Core/Src/main.c **** 	    1769, 2085, 2208, 2023, 2006, 2213, 2324, 2101, 1658, 1453,
3106:Core/Src/main.c **** 	    1716, 2095, 2196, 2021, 1888, 2098, 2265, 2154, 1797, 1538,
3107:Core/Src/main.c **** 	    1739, 2090, 2195, 2015, 1846, 2042, 2263, 2260, 1912, 1575,
3108:Core/Src/main.c **** 	    1644, 1979, 2167, 2072, 1851, 1976, 2210, 2253, 1961, 1587,
3109:Core/Src/main.c **** 	    1613, 1942, 2169, 2124, 1870, 1928, 2143, 2311, 2033, 1663,
ARM GAS  C:\Users\kaush\AppData\Local\Temp\ccalbX8O.s 			page 56


3110:Core/Src/main.c **** 	    1572, 1853, 2109, 2168, 1922, 1859, 2116, 2265, 2091, 1678,
3111:Core/Src/main.c **** 	    1572, 1803, 2127, 2201, 1968, 1887, 2065, 2260, 2135, 1789,
3112:Core/Src/main.c **** 	    1583, 1807, 2101, 2187, 1982, 1836, 1997, 2230, 2191, 1839,
3113:Core/Src/main.c **** 	    1602, 1733, 2050, 2211, 2057, 1854, 1950, 2200, 2242, 1978,
3114:Core/Src/main.c **** 	    1602, 1640, 1950, 2164, 2104, 1883, 1956, 2147, 2253, 1967,
3115:Core/Src/main.c **** 	    1593, 1550, 1899, 2170, 2243, 1945, 1927, 2127, 2211, 2004,
3116:Core/Src/main.c **** 	    1643, 1571, 1836, 2164, 2255, 1968, 1882, 2051, 2237, 2073,
3117:Core/Src/main.c **** 	    1737, 1578, 1770, 2086, 2223, 2053, 1905, 2042, 2236, 2117,
3118:Core/Src/main.c **** 	    1805, 1605, 1775, 2108, 2201, 2046, 1844, 1952, 2215, 2217,
3119:Core/Src/main.c **** 	    1916, 1612, 1700, 2001, 2160, 2107, 1862, 1961, 2176, 2263,
3120:Core/Src/main.c **** 	    1971, 1596, 1608, 1922, 2164, 2181, 1944, 1925, 2094, 2224,
3121:Core/Src/main.c **** 	    2012, 1663, 1586, 1854, 2112, 2204, 1952, 1900, 2057, 2248,
3122:Core/Src/main.c **** 	    2033, 1731, 1543, 1807, 2145, 2260, 2088, 1875, 2019, 2146,
3123:Core/Src/main.c **** 	    2077, 1729, 1600, 1808, 2123, 2244, 2050, 1847, 1908, 2185,
3124:Core/Src/main.c **** 	    2133, 1860, 1647, 1767, 2088, 2203, 2132, 1872, 1917, 2112,
3125:Core/Src/main.c **** 	    2175, 1873, 1590, 1670, 2006, 2237, 2178, 1935, 1870, 2044,
3126:Core/Src/main.c **** 	    2202, 1997, 1667, 1640, 1930, 2177, 2183, 1938, 1875, 2039,
3127:Core/Src/main.c **** 	    2214, 2021, 1669, 1549, 1824, 2174, 2257, 2038, 1888, 2004,
3128:Core/Src/main.c **** 	    2168, 2076, 1770, 1606, 1814, 2116, 2216, 2037, 1847, 1951,
3129:Core/Src/main.c **** 	    2152, 2153, 1834, 1647, 1742, 2062, 2203, 2134, 1901, 1950,
3130:Core/Src/main.c **** 	    2122, 2162, 1861, 1613, 1709, 2037, 2230, 2166, 1896, 1880,
3131:Core/Src/main.c **** 	    2061, 2214, 1980, 1655, 1639, 1941, 2180, 2201, 1951, 1875,
3132:Core/Src/main.c **** 	    2023, 2196, 1998, 1653, 1585, 1894, 2197, 2283, 2033, 1890,
3133:Core/Src/main.c **** 	    1965, 2123, 2028, 1738, 1619, 1844, 2152, 2239, 2040, 1854,
3134:Core/Src/main.c **** 	    1952, 2139, 2106, 1803, 1606, 1772, 2096, 2266, 2138, 1894,
3135:Core/Src/main.c **** 	    1925, 2083, 2120, 1848, 1642, 1727, 2074, 2241, 2158, 1890,
3136:Core/Src/main.c **** 	    1878, 2047, 2180, 1956, 1668, 1674, 1996, 2186, 2188, 1954,
3137:Core/Src/main.c **** 	    1905, 2044, 2182, 1972, 1644, 1597, 1897, 2221, 2273, 2022,
3138:Core/Src/main.c **** 	    1879, 1975, 2120, 2031, 1735, 1611, 1849, 2167, 2263, 2043,
3139:Core/Src/main.c **** 	    1879, 1943, 2132, 2069, 1786, 1618, 1779, 2109, 2276, 2137,
3140:Core/Src/main.c **** 	    1902, 1921, 2082, 2081, 1829, 1654, 1781, 2101, 2262, 2141,
3141:Core/Src/main.c **** 	    1887, 1875, 2044, 2143, 1934, 1678, 1710, 2006, 2207, 2178,
3142:Core/Src/main.c **** 	    1966, 1890, 2024, 2149, 1973, 1661, 1646, 1921, 2224, 2255,
3143:Core/Src/main.c **** 	    1999, 1869, 1986, 2136, 2044, 1714, 1615, 1829, 2163, 2251,
3144:Core/Src/main.c **** 	    2040, 1893, 1958, 2095, 2082, 1754, 1609, 1796, 2138, 2288,
3145:Core/Src/main.c **** 	    2135, 1933, 1926, 2069, 2013, 1804, 1683, 1743, 2071, 2255,
3146:Core/Src/main.c **** 	    2101, 1907, 1889, 2062, 2185, 1939, 1714, 1786, 2018, 2304,
3147:Core/Src/main.c **** 	    2182, 1967, 1805, 1887, 2051, 1906, 1619, 1632, 1908, 2278,
3148:Core/Src/main.c **** 	    2341, 2036, 1758, 1850, 2056, 1985, 1699, 1754, 2063, 2443,
3149:Core/Src/main.c **** 	    2353, 1903, 1728, 1713, 1867, 1782, 1650, 1697, 1917, 2287,
3150:Core/Src/main.c **** 	    2303, 2124, 1864, 1849, 2164, 2268, 1885, 1694, 1738, 2092,
3151:Core/Src/main.c **** 	    2212, 1994, 1988, 1960, 2068, 1936, 1764, 1577, 1544, 1837,
3152:Core/Src/main.c **** 	    2277, 2338, 2154, 2016, 2064, 2191, 1863, 1555, 1619, 2052,
3153:Core/Src/main.c **** 	    2380, 2254, 1995, 1826, 1890, 1954, 1800, 1670, 1697, 1861,
3154:Core/Src/main.c **** 	    2199, 2330, 2043, 1820, 1909, 2251, 2148, 1763, 1705, 1886,
3155:Core/Src/main.c **** 	    2168, 2124, 1958, 1904, 1931, 2030, 2022, 1774, 1607, 1728,
3156:Core/Src/main.c **** 	    1985, 2353, 2237, 1986, 1941, 2124, 2169, 1803, 1571, 1817,
3157:Core/Src/main.c **** 	    2167, 2309, 2178, 1914, 1844, 1832, 1895, 1955, 1744, 1802,
3158:Core/Src/main.c **** 	    2020, 2283, 2239, 1892, 1831, 2100, 2306, 2088, 1736, 1699,
3159:Core/Src/main.c **** 	    1919, 2026, 2076, 1983, 1943, 2095, 2127, 2037, 1717, 1528,
3160:Core/Src/main.c **** 	    1699, 2132, 2412, 2248, 1984, 2023, 2188, 2003, 1660, 1521,
3161:Core/Src/main.c **** 	    1841, 2145, 2181, 2158, 1906, 1853, 1939, 2011, 1910, 1736,
3162:Core/Src/main.c **** 	    1809, 2137, 2311, 2170, 1884, 1832, 2164, 2194, 1949, 1688,
3163:Core/Src/main.c **** 	    1687, 1988, 2071, 2026, 1961, 1934, 1970, 2112, 1988, 1746,
3164:Core/Src/main.c **** 	    1630, 1885, 2309, 2333, 2082, 1890, 1993, 2127, 1858, 1641,
3165:Core/Src/main.c **** 	    1706, 1956, 2161, 2199, 1961, 1842, 1802, 1986, 2075, 1888,
3166:Core/Src/main.c **** 	    1754, 1852, 2185, 2282, 2031, 1805, 1901, 2197, 2151, 1820,
ARM GAS  C:\Users\kaush\AppData\Local\Temp\ccalbX8O.s 			page 57


3167:Core/Src/main.c **** 	    1611, 1774, 1903, 2081, 2073, 2001, 1948, 2021, 2114, 1914,
3168:Core/Src/main.c **** 	    1622, 1650, 2006, 2369, 2257, 2007, 1943, 2039, 2033, 1873,
3169:Core/Src/main.c **** 	    1603, 1799, 2015, 2213, 2188, 1972, 1798, 1829, 2027, 2100,
3170:Core/Src/main.c **** 	    1851, 1745, 1939, 2221, 2225, 1913, 1768, 2060, 2157, 2061,
3171:Core/Src/main.c **** 	    1793, 1689, 1800, 1996, 2136, 2115, 1946, 1892, 1994, 2061,
3172:Core/Src/main.c **** 	    1780, 1575, 1781, 2307, 2503, 2194, 1959, 1759, 1926, 1853,
3173:Core/Src/main.c **** 	    1625, 1839, 1847, 2103, 1867, 2030, 1648, 1673, 2266, 2326,
3174:Core/Src/main.c **** 	    2209, 2135, 1802, 1766, 2307, 2707, 2039, 1569, 2213, 1827,
3175:Core/Src/main.c **** 	    1633, 1423, 1868, 1629, 1855, 2401, 1956, 2004, 2305, 2789,
3176:Core/Src/main.c **** 	    2349, 1955, 1709, 1941, 2343, 2589, 2254, 1760, 1862, 2071,
3177:Core/Src/main.c **** 	    1713, 751, 2201, 2108, 1690, 2368, 1986, 1384, 1938, 2123,
3178:Core/Src/main.c **** 	    2031, 2015, 2350, 1620, 2391, 2036, 2479, 2073, 1651, 2025,
3179:Core/Src/main.c **** 	    2241, 2387, 1518, 2267, 719, 1981, 2502, 1897, 1952, 1990,
3180:Core/Src/main.c **** 	    2657, 2095, 2049, 1251, 1865, 2229, 2353, 1988, 1137, 1520,
3181:Core/Src/main.c **** 	    2434, 2026, 1260, 2488, 2390, 2316, 2328, 1945, 1831, 2246,
3182:Core/Src/main.c **** 	    3040, 1454, 1618, 1459, 1423, 2078, 1337, 1987, 1976, 2401,
3183:Core/Src/main.c **** 	    1954, 2175, 2434, 2034, 2240, 1512, 2184, 2803, 1868, 1412,
3184:Core/Src/main.c **** 	    1948, 2179, 1664, 1317, 1157, 1756, 2275, 2960, 1858, 1920,
3185:Core/Src/main.c **** 	    1736, 2470, 2319, 1538, 2388, 1978, 2091, 1723, 1607, 1467,
3186:Core/Src/main.c **** 	    1596, 2388, 1175, 1963, 2003, 2006, 2347, 2314, 2193, 2239,
3187:Core/Src/main.c **** 	    2281, 1965, 1988, 1908, 1877, 1707, 1682, 1615, 2360, 1728,
3188:Core/Src/main.c **** 	    1322, 2602, 2196, 2077, 1546, 1947, 2288, 2648, 2916, 1378,
3189:Core/Src/main.c **** 	    1950, 1613, 2114, 1928, 1175, 1773, 1998, 2405, 1921, 1782,
3190:Core/Src/main.c **** 	    1834, 2347, 2721, 1654, 1713, 2207, 1954, 1929, 2238, 1894,
3191:Core/Src/main.c **** 	    2265, 1732, 1696, 1693, 1818, 2004, 1499, 2051, 1914, 2642,
3192:Core/Src/main.c **** 	    2218, 1452, 2493, 1728, 2023, 1397, 1823, 2078, 2540, 2485,
3193:Core/Src/main.c **** 	    1284, 1858, 1834, 2013, 1995, 1590, 1983, 2438, 2211, 1810,
3194:Core/Src/main.c **** 	    1676, 1713, 2376, 2243, 1722, 1206, 2192, 1925, 1921, 2459,
3195:Core/Src/main.c **** 	    1697, 2311, 1834, 2016, 2077, 2093, 2014, 1493, 2426, 1923,
3196:Core/Src/main.c **** 	    2157, 1872, 1457, 2292, 1900, 1799, 1696, 1993, 2212, 2689,
3197:Core/Src/main.c **** 	    2420, 1580, 1665, 2202, 1971, 1998, 1742, 1643, 2432, 1762,
3198:Core/Src/main.c **** 	    1608, 1734, 1937, 2418, 1925, 1974, 1373, 2381, 2179, 1998,
3199:Core/Src/main.c **** 	    2421, 1693, 2188, 1894, 1785, 1691, 1872, 1912, 1642, 2308,
3200:Core/Src/main.c **** 	    2086, 1975, 1966, 1795, 2093, 2219, 1551, 1825, 1953, 2289,
3201:Core/Src/main.c **** 	    2484, 1928, 1553, 1362, 2303, 2079, 2018, 1934, 1616, 2630,
3202:Core/Src/main.c **** 	    1925, 1702, 1845, 2222, 2419, 1964, 1945, 1602, 2041, 1996,
3203:Core/Src/main.c **** 	    1881, 2199, 1957, 1862, 2077, 1788, 1870, 1986, 1892, 2072,
3204:Core/Src/main.c **** 	    2061, 2214, 1936, 2043, 1922, 1760, 2181, 1633, 1882, 2086,
3205:Core/Src/main.c **** 	    2087, 2162, 1724, 1865, 1858, 2033, 2092, 1923, 1994, 1956,
3206:Core/Src/main.c **** 	    2077, 2138, 1754, 1940, 2120, 1873, 1974, 1822, 1969, 1957,
3207:Core/Src/main.c **** 	    1922, 2149, 1922, 2060, 1914, 1955, 2015, 1875, 2041, 1923,
3208:Core/Src/main.c **** 	    1946, 2042, 1999, 1931, 1929, 1927, 1957, 2000, 2006, 2010,
3209:Core/Src/main.c **** 	    2014, 2047, 2006, 1965, 1910, 1913, 1984, 1929, 1988, 1955,
3210:Core/Src/main.c **** 	    1909, 1947, 1954, 1976, 1941, 1998, 2014, 1996, 2084, 1980,
3211:Core/Src/main.c **** 	    1953, 1972, 1993, 1969, 1943, 1922, 1914, 1955, 1973, 1962,
3212:Core/Src/main.c **** 	    1924, 1953, 2001, 2007, 1970, 1941, 2019, 1959, 2050, 2027,
3213:Core/Src/main.c **** 	    1949, 1963, 1955, 1999, 1929, 1903, 1909, 1945, 1983, 1987,
3214:Core/Src/main.c **** 	    2008, 1966, 1987, 2011, 2001, 1934, 1966, 2000, 1989, 1989,
3215:Core/Src/main.c **** 	    1932, 1921, 1926, 1997, 1995, 1963, 1940, 1948, 1990, 1977,
3216:Core/Src/main.c **** 	    1986, 1974, 2004, 2014, 1989, 1952, 1902, 1957, 1934, 1967,
3217:Core/Src/main.c **** 	    1975, 1942, 1948, 1981, 2032, 1987, 1975, 1974, 1991, 2014,
3218:Core/Src/main.c **** 	    1978, 1963, 1922, 1945, 1955, 1971, 1930, 1936, 1998, 2010,
3219:Core/Src/main.c **** 	    2004, 1956, 1921, 1983, 2031, 2003, 1969, 1954, 1968, 1995,
3220:Core/Src/main.c **** 	    1956, 1937, 1934, 1979, 1977, 1953, 1949, 1922, 1993, 2001,
3221:Core/Src/main.c **** 	    2004, 2002, 1976, 1987, 1973, 2000, 1948, 1938, 1952, 1959,
3222:Core/Src/main.c **** 	    1996, 1946, 1961, 1937, 1947, 1967, 1975, 1959, 1947, 2002,
3223:Core/Src/main.c **** 	    2020, 2006, 1971, 1952, 1979, 2017, 1986, 1920, 1930, 1936,
ARM GAS  C:\Users\kaush\AppData\Local\Temp\ccalbX8O.s 			page 58


3224:Core/Src/main.c **** 	    1975, 1947, 1956, 1967, 2001, 2018, 1978, 1959, 1919, 1981,
3225:Core/Src/main.c **** 	    2003, 1990, 1978, 1957, 1994, 1965, 1969, 1918, 1934, 1961,
3226:Core/Src/main.c **** 	    1960, 1994, 1955, 1979, 1986, 1991, 1979, 1980, 1957, 1958,
3227:Core/Src/main.c **** 	    2004, 1999, 1974, 1934, 1949, 1965, 1986, 1974, 1933, 1948,
3228:Core/Src/main.c **** 	    1970, 2006, 1950, 1952, 1967, 1996, 1999, 1962, 1946, 1920,
3229:Core/Src/main.c **** 	    1994, 2007, 1968, 1956, 1950, 1991, 1967, 1974, 1947, 1966,
3230:Core/Src/main.c **** 	    2006, 1989, 1970, 1948, 1965, 1973, 1967, 1971, 1958, 1935,
3231:Core/Src/main.c **** 	    1971, 1998, 1988, 1964, 1954, 1981, 1975, 1978, 1958, 1934,
3232:Core/Src/main.c **** 	    1972, 1985, 2012, 1966, 1960, 1987, 1989, 1980, 1929, 1929,
3233:Core/Src/main.c **** 	    1937, 1996, 2008, 1963, 1958, 1957, 2011, 1973, 1963, 1934,
3234:Core/Src/main.c **** 	    1957, 2003, 1993, 1963, 1947, 1968, 1973, 1976, 1962, 1962,
3235:Core/Src/main.c **** 	    1946, 1970, 2004, 1969, 1959, 1957, 2003, 1978, 1975, 1966,
3236:Core/Src/main.c **** 	    1943, 1974, 1979, 1987, 1941, 1960, 1971, 1984, 1979, 1941,
3237:Core/Src/main.c **** 	    1948, 1962, 2019, 1990, 1953, 1950, 1976, 1992, 1965, 1955,
3238:Core/Src/main.c **** 	    1939, 1976, 2006, 1999, 1944, 1942, 1973, 1979, 1978, 1954,
3239:Core/Src/main.c **** 	    1956, 1960, 1995, 2001, 1968, 1956, 1950, 1992, 1960, 1958,
3240:Core/Src/main.c **** 	    1948, 1954, 1992, 1995, 1990, 1961, 1963, 1976, 1983, 1969,
3241:Core/Src/main.c **** 	    1947, 1944, 1971, 2005, 1984, 1949, 1930, 1984, 1982, 1955,
3242:Core/Src/main.c **** 	    1951, 1956, 2002, 2026, 2004, 1952, 1949, 1965, 1972, 1948,
3243:Core/Src/main.c **** 	    1932, 1949, 1970, 1989, 1976, 1957, 1956, 1980, 2013, 1990,
3244:Core/Src/main.c **** 	    1968, 1963, 1969, 2001, 1980, 1958, 1958, 1960, 1969, 1951,
3245:Core/Src/main.c **** 	    1957, 1927, 1941, 1965, 1993, 1996, 1978, 1971, 2000, 1999,
3246:Core/Src/main.c **** 	    1964, 1937, 1952, 2006, 1998, 1977, 1948, 1933, 1969, 1960,
3247:Core/Src/main.c **** 	    1968, 1955, 1944, 1972, 1984, 1984, 1945, 1968, 1985, 2012,
3248:Core/Src/main.c **** 	    1999, 1939, 1956, 1958, 1979, 1966, 1965, 1971, 1976, 2002,
3249:Core/Src/main.c **** 	    1970, 1956, 1924, 1949, 1995, 2002, 1978, 1978, 1977, 1993,
3250:Core/Src/main.c **** 	    1974, 1930, 1934, 1972, 2002, 1983, 1961, 1942, 1946, 1991,
3251:Core/Src/main.c **** 	    1966, 1983, 1963, 1972, 1987, 1975, 1976, 1941, 1966, 1990,
3252:Core/Src/main.c **** 	    1989, 1972, 1929, 1946, 1965, 1978, 1976, 1981, 1975, 1983,
3253:Core/Src/main.c **** 	    1986, 1985, 1946, 1936, 1957, 1991, 1995, 1965, 1973, 1972,
3254:Core/Src/main.c **** 	    1980, 1956, 1927, 1947, 1973, 2013, 1984, 1973, 1961, 1948,
3255:Core/Src/main.c **** 	    1989, 1978, 1965, 1958, 1968, 1984, 1966, 1957, 1942, 1967,
3256:Core/Src/main.c **** 	    2008, 1994, 1973, 1942, 1961, 1985, 1978, 1976, 1968, 1969,
3257:Core/Src/main.c **** 	    1978, 1973, 1968, 1923, 1941, 1973, 1993, 1999, 1953, 1966,
3258:Core/Src/main.c **** 	    1988, 1984, 1967, 1941, 1983, 1993, 1996, 1975, 1947, 1938,
3259:Core/Src/main.c **** 	    1940, 1973, 1986, 1964, 1966, 1977, 1987, 1965, 1954, 1961,
3260:Core/Src/main.c **** 	    1985, 2011, 1982, 1958, 1947, 1941, 1974, 1965, 1974, 1964,
3261:Core/Src/main.c **** 	    1972, 1989, 1971, 1956, 1931, 1959, 2004, 1991, 1992, 1968,
3262:Core/Src/main.c **** 	    1968, 1981, 1969, 1943, 1941, 1975, 1994, 1987, 1973, 1947,
3263:Core/Src/main.c **** 	    1955, 1960, 1983, 1994, 1964, 1965, 1975, 1977, 1964, 1949,
3264:Core/Src/main.c **** 	    1968, 1981, 2005, 1966, 1938, 1949, 1954, 1979, 1987, 1987,
3265:Core/Src/main.c **** 	    1973, 1974, 1979, 1965, 1951, 1939, 1984, 2023, 1999, 1968,
3266:Core/Src/main.c **** 	    1944, 1951, 1957, 1931, 1937, 1980, 1985, 1986, 1956, 1943,
3267:Core/Src/main.c **** 	    1901, 2000, 2051, 2008, 1958, 1979, 1923, 1873, 2109, 2260,
3268:Core/Src/main.c **** 	    2024, 1731, 1934, 1886, 1931, 1847, 2276, 2384, 2369, 2173,
3269:Core/Src/main.c **** 	    1934, 1611, 1649, 1578, 1836, 2153, 2286, 2218, 2204, 2036,
3270:Core/Src/main.c **** 	    1815, 1630, 1863, 2163, 2182, 2125, 2099, 2023, 2018, 1709,
3271:Core/Src/main.c **** 	    1869, 2036, 2269, 2059, 1867, 1829, 1852, 1653, 1792, 2062,
3272:Core/Src/main.c **** 	    2330, 2246, 2139, 2030, 1948, 1753, 1779, 1864, 2230, 2190,
3273:Core/Src/main.c **** 	    2163, 2076, 1967, 1798, 1649, 1774, 2036, 2029, 2095, 2171,
3274:Core/Src/main.c **** 	    2148, 1875, 1774, 1862, 2121, 2081, 2138, 2065, 2061, 1942,
3275:Core/Src/main.c **** 	    1750, 1762, 2035, 2117, 2109, 1972, 1921, 1869, 1771, 1803,
3276:Core/Src/main.c **** 	    2075, 2081, 2118, 2042, 1990, 1923, 1859, 1866, 1997, 2094,
3277:Core/Src/main.c **** 	    2104, 1977, 1913, 1848, 1793, 1797, 1986, 2042, 2019, 1913,
3278:Core/Src/main.c **** 	    2013, 1922, 1799, 1824, 2089, 2157, 2114, 1985, 1909, 1847,
3279:Core/Src/main.c **** 	    1781, 1723, 1954, 2142, 2199, 2003, 1948, 1774, 1763, 1716,
3280:Core/Src/main.c **** 	    1926, 2155, 2166, 2109, 2132, 1925, 1805, 1744, 1896, 1990,
ARM GAS  C:\Users\kaush\AppData\Local\Temp\ccalbX8O.s 			page 59


3281:Core/Src/main.c **** 	    2092, 2016, 2018, 1881, 1848, 1745, 1949, 2050, 2071, 1992,
3282:Core/Src/main.c **** 	    2051, 1993, 1915, 1757, 1952, 2124, 2160, 2025, 2042, 1853,
3283:Core/Src/main.c **** 	    1862, 1745, 1823, 1983, 2144, 2085, 2042, 1939, 1914, 1807,
3284:Core/Src/main.c **** 	    1920, 2076, 2161, 2052, 2042, 1961, 1918, 1793, 1933, 2049,
3285:Core/Src/main.c **** 	    2119, 2040, 1984, 1874, 1857, 1808, 1842, 2099, 2217, 2110,
3286:Core/Src/main.c **** 	    2040, 1995, 1987, 1784, 1793, 2022, 2218, 2147, 2033, 1961,
3287:Core/Src/main.c **** 	    1878, 1811, 1789, 1939, 2115, 2201, 2088, 1993, 1896, 1806,
3288:Core/Src/main.c **** 	    1776, 2002, 2191, 2188, 2082, 2038, 1926, 1811, 1736, 1966,
3289:Core/Src/main.c **** 	    2078, 2151, 2046, 2012, 1893, 1837, 1777, 1899, 2108, 2179,
3290:Core/Src/main.c **** 	    2031, 2038, 1974, 1918, 1748, 1875, 2059, 2191, 2052, 2029,
3291:Core/Src/main.c **** 	    1908, 1876, 1772, 1842, 1968, 2101, 2105, 2043, 1920, 1882,
3292:Core/Src/main.c **** 	    1775, 1891, 2058, 2188, 2041, 2043, 1917, 1859, 1748, 1843,
3293:Core/Src/main.c **** 	    2042, 2128, 2076, 2030, 1901, 1846, 1753, 1831, 1991, 2173,
3294:Core/Src/main.c **** 	    2118, 2029, 1936, 1950, 1807, 1789, 1947, 2108, 2130, 2045,
3295:Core/Src/main.c **** 	    1931, 1841, 1781, 1799, 1923, 2068, 2122, 2138, 1985, 1904,
3296:Core/Src/main.c **** 	    1781, 1778, 1942, 2111, 2145, 2049, 2004, 1939, 1815, 1780,
3297:Core/Src/main.c **** 	    1891, 2034, 2071, 2051, 2009, 1965, 1887, 1862, 1918, 2028,
3298:Core/Src/main.c **** 	    2069, 2033, 1990, 1972, 1942, 1866, 1903, 1990, 2038, 2027,
3299:Core/Src/main.c **** 	    1990, 1968, 1905, 1902, 1928, 1977, 2026, 2025, 2031, 1981,
3300:Core/Src/main.c **** 	    1939, 1909, 1914, 1988, 2014, 2001, 1994, 1971, 1952, 1917,
3301:Core/Src/main.c **** 	    1925, 1987, 2007, 2017, 1997, 1974, 1963, 1926, 1934, 1964,
3302:Core/Src/main.c **** 	    2000, 2006, 1997, 1980, 1958, 1944, 1929, 1949, 1983, 2004,
3303:Core/Src/main.c **** 	    2007, 1986, 1972, 1951, 1942, 1953, 1976, 1985, 1997, 1983,
3304:Core/Src/main.c **** 	    1966, 1944, 1937, 1957, 1979, 2001, 1999, 1988, 1977, 1955,
3305:Core/Src/main.c **** 	    1936, 1941, 1969, 1989, 1996, 1986, 1979, 1959, 1945, 1946,
3306:Core/Src/main.c **** 	    1959, 1981, 1994, 1996, 1981, 1968, 1953, 1949, 1959, 1975,
3307:Core/Src/main.c **** 	    1987, 1987, 1981, 1964, 1952, 1948, 1958, 1978, 1988, 1992,
3308:Core/Src/main.c **** 	    1983, 1970, 1948, 1945, 1957, 1977, 1990, 1990, 1982, 1969,
3309:Core/Src/main.c **** 	    1957, 1946, 1955, 1975, 1990, 1989, 1969, 1962, 1950, 1949,
3310:Core/Src/main.c **** 	    1962, 1981, 1996, 1999, 1985, 1962, 1946, 1939, 1951, 1974,
3311:Core/Src/main.c **** 	    1989, 1991, 1982, 1972, 1950, 1940, 1949, 1972, 1989, 1995,
3312:Core/Src/main.c **** 	    1986, 1974, 1953, 1941, 1949, 1963, 1987, 1994, 1985, 1975,
3313:Core/Src/main.c **** 	    1959, 1945, 1944, 1965, 1983, 1990, 1985, 1974, 1963, 1952,
3314:Core/Src/main.c **** 	    1955, 1967, 1981, 1985, 1982, 1973, 1959, 1947, 1954, 1964,
3315:Core/Src/main.c **** 	    1981, 1980, 1979, 1975, 1964, 1951, 1952, 1964, 1983, 1989,
3316:Core/Src/main.c **** 	    1987, 1976, 1971, 1955, 1951, 1959, 1974, 1981, 1979, 1969,
3317:Core/Src/main.c **** 	    1966, 1955, 1954, 1963, 1978, 1986, 1982, 1973, 1964, 1952,
3318:Core/Src/main.c **** 	    1955, 1964, 1983, 1988, 1987, 1980, 1967, 1952, 1947, 1951,
3319:Core/Src/main.c **** 	    1971, 1982, 1984, 1979, 1977, 1967, 1956, 1958, 1969, 1979,
3320:Core/Src/main.c **** 	    1982, 1974, 1972, 1963, 1962, 1962, 1969, 1977, 1980, 1974,
3321:Core/Src/main.c **** 	    1969, 1964, 1960, 1958, 1973, 1979, 1980, 1977, 1971, 1965,
3322:Core/Src/main.c **** 	    1962, 1962, 1969, 1975, 1980, 1972, 1972, 1967, 1961, 1962,
3323:Core/Src/main.c **** 	    1967, 1978, 1980, 1969, 1970, 1967, 1966, 1963, 1970, 1980,
3324:Core/Src/main.c **** 	    1981, 1975, 1966, 1963, 1964, 1963, 1971, 1974, 1974, 1972,
3325:Core/Src/main.c **** 	    1968, 1963, 1961, 1967, 1970, 1980, 1980, 1972, 1970, 1968,
3326:Core/Src/main.c **** 	    1967, 1967, 1968, 1976, 1975, 1971, 1967, 1965, 1965, 1963,
3327:Core/Src/main.c **** 	    1967, 1973, 1974, 1974, 1966, 1975, 2096, 2142, 1699, 1670,
3328:Core/Src/main.c **** 	    1763, 1802, 1901, 2031, 1972, 2484, 2566, 2312, 1774, 1505,
3329:Core/Src/main.c **** 	    1472, 1573, 1536, 1473, 2127, 2523, 2469, 2048, 1792, 1677,
3330:Core/Src/main.c **** 	    1901, 1590, 1576, 2067, 2403, 2371, 2144, 1852, 1756, 2078,
3331:Core/Src/main.c **** 	    1749, 1594, 2016, 2225, 2209, 2019, 1668, 1671, 1960, 1741,
3332:Core/Src/main.c **** 	    1733, 2160, 2415, 2466, 2242, 1806, 1726, 1896, 1663, 1705,
3333:Core/Src/main.c **** 	    2078, 2413, 2547, 2316, 1842, 1691, 1744, 1511, 1579, 1887,
3334:Core/Src/main.c **** 	    2302, 2614, 2404, 1980, 1913, 1859, 1574, 1656, 1858, 2276,
3335:Core/Src/main.c **** 	    2612, 2387, 1986, 1946, 1810, 1537, 1617, 1763, 2155, 2575,
3336:Core/Src/main.c **** 	    2384, 2002, 1973, 1813, 1577, 1661, 1745, 2174, 2633, 2463,
3337:Core/Src/main.c **** 	    2102, 2019, 1806, 1588, 1632, 1656, 2084, 2561, 2422, 2093,
ARM GAS  C:\Users\kaush\AppData\Local\Temp\ccalbX8O.s 			page 60


3338:Core/Src/main.c **** 	    1976, 1737, 1596, 1642, 1631, 2080, 2582, 2473, 2225, 2073,
3339:Core/Src/main.c **** 	    1818, 1644, 1620, 1545, 1987, 2487, 2411, 2233, 2077, 1840,
3340:Core/Src/main.c **** 	    1710, 1634, 1508, 1918, 2386, 2377, 2254, 2097, 1908, 1892,
3341:Core/Src/main.c **** 	    1721, 1546, 1908, 2349, 2332, 2226, 2011, 1822, 1869, 1726,
3342:Core/Src/main.c **** 	    1561, 1914, 2339, 2359, 2261, 1998, 1800, 1877, 1716, 1590,
3343:Core/Src/main.c **** 	    1908, 2331, 2399, 2327, 2045, 1839, 1884, 1675, 1557, 1806,
3344:Core/Src/main.c **** 	    2178, 2356, 2307, 2031, 1864, 1939, 1719, 1623, 1808, 2145,
3345:Core/Src/main.c **** 	    2357, 2308, 2014, 1873, 1954, 1725, 1662, 1802, 2106, 2341,
3346:Core/Src/main.c **** 	    2278, 1953, 1796, 1864, 1667, 1681, 1799, 2108, 2409, 2350,
3347:Core/Src/main.c **** 	    2020, 1867, 1881, 1667, 1679, 1749, 2046, 2397, 2344, 2024,
3348:Core/Src/main.c **** 	    1850, 1832, 1642, 1673, 1694, 1979, 2386, 2354, 2057, 1890,
3349:Core/Src/main.c **** 	    1839, 1692, 1718, 1704, 1969, 2408, 2362, 2096, 1913, 1784,
3350:Core/Src/main.c **** 	    1659, 1675, 1629, 1898, 2370, 2354, 2128, 1954, 1784, 1707,
3351:Core/Src/main.c **** 	    1704, 1626, 1892, 2367, 2358, 2176, 2007, 1784, 1740, 1713,
3352:Core/Src/main.c **** 	    1602, 1856, 2325, 2334, 2174, 1992, 1739, 1741, 1705, 1597,
3353:Core/Src/main.c **** 	    1861, 2324, 2367, 2242, 2053, 1772, 1783, 1704, 1586, 1830,
3354:Core/Src/main.c **** 	    2264, 2342, 2256, 2048, 1760, 1806, 1710, 1592, 1821, 2205,
3355:Core/Src/main.c **** 	    2339, 2282, 2057, 1774, 1850, 1735, 1640, 1837, 2180, 2344,
3356:Core/Src/main.c **** 	    2313, 2053, 1776, 1848, 1716, 1636, 1811, 2091, 2328, 2332,
3357:Core/Src/main.c **** 	    2066, 1800, 1877, 1740, 1684, 1829, 2068, 2336, 2364, 2073,
3358:Core/Src/main.c **** 	    1826, 1873, 1726, 1686, 1811, 2012, 2327, 2378, 2078, 1843,
3359:Core/Src/main.c **** 	    1865, 1724, 1707, 1801, 1987, 2339, 2404, 2103, 1894, 1881,
3360:Core/Src/main.c **** 	    1744, 1737, 1782, 1944, 2320, 2387, 2089, 1897, 1846, 1750,
3361:Core/Src/main.c **** 	    1772, 1779, 1948, 2345, 2400, 2100, 1903, 1825, 1733, 1788,
3362:Core/Src/main.c **** 	    1795, 1966, 2367, 2404, 2114, 1929, 1758, 1714, 1783, 1770,
3363:Core/Src/main.c **** 	    1921, 2338, 2401, 2149, 1965, 1779, 1753, 1822, 1749, 1901,
3364:Core/Src/main.c **** 	    2313, 2384, 2170, 2009, 1795, 1794, 1811, 1714, 1845, 2227,
3365:Core/Src/main.c **** 	    2333, 2192, 2057, 1815, 1809, 1830, 1713, 1844, 2196, 2335,
3366:Core/Src/main.c **** 	    2247, 2100, 1819, 1819, 1807, 1692, 1821, 2149, 2317, 2277,
3367:Core/Src/main.c **** 	    2093, 1789, 1800, 1780, 1678, 1826, 2142, 2354, 2348, 2130,
3368:Core/Src/main.c **** 	    1802, 1796, 1750, 1652, 1802, 2107, 2344, 2375, 2135, 1811,
3369:Core/Src/main.c **** 	    1802, 1722, 1650, 1802, 2061, 2315, 2381, 2139, 1842, 1820,
3370:Core/Src/main.c **** 	    1749, 1697, 1832, 2036, 2288, 2375, 2118, 1834, 1803, 1730,
3371:Core/Src/main.c **** 	    1710, 1808, 1985, 2273, 2387, 2125, 1878, 1836, 1754, 1723,
3372:Core/Src/main.c **** 	    1782, 1941, 2252, 2379, 2133, 1933, 1856, 1750, 1732, 1762,
3373:Core/Src/main.c **** 	    1892, 2211, 2368, 2145, 1970, 1851, 1742, 1750, 1747, 1862,
3374:Core/Src/main.c **** 	    2204, 2384, 2183, 2014, 1846, 1735, 1746, 1716, 1827, 2189,
3375:Core/Src/main.c **** 	    2381, 2197, 2023, 1831, 1723, 1757, 1712, 1828, 2193, 2383,
3376:Core/Src/main.c **** 	    2209, 2040, 1814, 1724, 1761, 1709, 1830, 2184, 2360, 2223,
3377:Core/Src/main.c **** 	    2044, 1797, 1716, 1767, 1710, 1823, 2150, 2337, 2237, 2068,
3378:Core/Src/main.c **** 	    1806, 1748, 1803, 1729, 1814, 2116, 2293, 2240, 2066, 1809,
3379:Core/Src/main.c **** 	    1776, 1822, 1727, 1804, 2084, 2274, 2253, 2077, 1821, 1801,
3380:Core/Src/main.c **** 	    1816, 1715, 1792, 2060, 2249, 2290, 2117, 1868, 1819, 1799,
3381:Core/Src/main.c **** 	    1702, 1769, 2008, 2224, 2319, 2150, 1887, 1828, 1791, 1708,
3382:Core/Src/main.c **** 	    1757, 1980, 2218, 2353, 2164, 1899, 1837, 1779, 1709, 1760,
3383:Core/Src/main.c **** 	    1967, 2227, 2368, 2168, 1913, 1836, 1753, 1712, 1766, 1957,
3384:Core/Src/main.c **** 	    2218, 2373, 2175, 1934, 1841, 1750, 1734, 1782, 1934, 2196,
3385:Core/Src/main.c **** 	    2369, 2176, 1947, 1843, 1751, 1763, 1788, 1907, 2180, 2365,
3386:Core/Src/main.c **** 	    2187, 1973, 1852, 1760, 1782, 1785, 1874, 2153, 2352, 2199,
3387:Core/Src/main.c **** 	    2013, 1880, 1778, 1794, 1769, 1833, 2123, 2333, 2214, 2055,
3388:Core/Src/main.c **** 	    1903, 1787, 1799, 1752, 1807, 2104, 2319, 2240, 2095, 1904,
3389:Core/Src/main.c **** 	    1782, 1793, 1741, 1782, 2091, 2318, 2277, 2126, 1902, 1778,
3390:Core/Src/main.c **** 	    1790, 1742, 1781, 2104, 2313, 2255, 2094, 1878, 1787, 1792,
3391:Core/Src/main.c **** 	    1773, 1848, 2128, 2341, 2267, 2128, 1867, 1798, 1766, 1643,
3392:Core/Src/main.c **** 	    1846, 2163, 2298, 2243, 2238, 1940, 1914, 1846, 1618, 1607,
3393:Core/Src/main.c **** 	    1993, 2202, 2232, 2281, 1992, 2135, 1924, 1741, 1792, 1953,
3394:Core/Src/main.c **** 	    2101, 1957, 1892, 1721, 1721, 1898, 1800, 2011, 2126, 2223,
ARM GAS  C:\Users\kaush\AppData\Local\Temp\ccalbX8O.s 			page 61


3395:Core/Src/main.c **** 	    2439, 2136, 1996, 1754, 1819, 2031, 1873, 2048, 2218, 2404,
3396:Core/Src/main.c **** 	    2103, 1844, 1996, 1730, 1478, 1491, 1778, 2180, 2362, 2462,
3397:Core/Src/main.c **** 	    2062, 1941, 1808, 1743, 1801, 1863, 2261, 2219, 2141, 1997,
3398:Core/Src/main.c **** 	    1789, 1834, 1746, 1808, 1780, 1911, 2215, 2047, 2062, 1879,
3399:Core/Src/main.c **** 	    1842, 2100, 1916, 1922, 2106, 2354, 2231, 2006, 2108, 1826,
3400:Core/Src/main.c **** 	    1670, 1613, 1680, 2054, 2266, 2310, 1989, 1767, 1620, 1637,
3401:Core/Src/main.c **** 	    1807, 1851, 2208, 2287, 2234, 2154, 1840, 1859, 1819, 1872,
3402:Core/Src/main.c **** 	    1854, 1983, 2213, 2076, 2115, 1831, 1751, 2035, 1772, 1715,
3403:Core/Src/main.c **** 	    1954, 2271, 2293, 2141, 2166, 1866, 1734, 1653, 1605, 2054,
3404:Core/Src/main.c **** 	    2252, 2354, 2143, 1820, 1704, 1606, 1744, 1731, 2003, 2201,
3405:Core/Src/main.c **** 	    2248, 2201, 1921, 1947, 1877, 1837, 1922, 1946, 2131, 2134,
3406:Core/Src/main.c **** 	    2176, 1915, 1833, 2081, 1755, 1674, 1841, 2085, 2286, 2140,
3407:Core/Src/main.c **** 	    2162, 1889, 1763, 1715, 1650, 2044, 2192, 2337, 2201, 1873,
3408:Core/Src/main.c **** 	    1734, 1584, 1750, 1782, 1924, 2184, 2279, 2211, 1947, 1915,
3409:Core/Src/main.c **** 	    1823, 1809, 1989, 1909, 2100, 2251, 2233, 2032, 1909, 2060,
3410:Core/Src/main.c **** 	    1753, 1647, 1697, 1922, 2291, 2167, 2199, 1926, 1761, 1722,
3411:Core/Src/main.c **** 	    1640, 1944, 2095, 2329, 2280, 2033, 1890, 1656, 1832, 1817,
3412:Core/Src/main.c **** 	    1806, 2128, 2219, 2157, 1987, 1900, 1800, 1818, 2003, 1840,
3413:Core/Src/main.c **** 	    2017, 2232, 2194, 2134, 1992, 2062, 1825, 1731, 1683, 1875,
3414:Core/Src/main.c **** 	    2278, 2188, 2227, 1948, 1727, 1703, 1609, 1856, 1995, 2214,
3415:Core/Src/main.c **** 	    2322, 2129, 1958, 1729, 1883, 1868, 1815, 2146, 2206, 2199,
3416:Core/Src/main.c **** 	    2091, 1894, 1803, 1841, 1976, 1781, 1916, 2130, 2146, 2175,
3417:Core/Src/main.c **** 	    2009, 2032, 1886, 1757, 1691, 1820, 2217, 2239, 2271, 2046,
3418:Core/Src/main.c **** 	    1802, 1762, 1620, 1817, 1898, 2068, 2335, 2148, 1982, 1792,
3419:Core/Src/main.c **** 	    1875, 1846, 1796, 2114, 2131, 2233, 2169, 1923, 1889, 1894,
3420:Core/Src/main.c **** 	    1969, 1810, 1842, 2033, 2111, 2198, 2026, 2002, 1886, 1761,
3421:Core/Src/main.c **** 	    1709, 1721, 2089, 2207, 2235, 2152, 1891, 1784, 1578, 1827,
3422:Core/Src/main.c **** 	    2086, 2284, 2454, 2083, 1764, 1619, 1784, 2493, 1896, 2306,
3423:Core/Src/main.c **** 	    1955, 1732, 1946, 1956, 1914, 1535, 1981, 1840, 2319, 2378,
3424:Core/Src/main.c **** 	    2247, 2025, 1921, 1670, 1172, 1269, 2198, 1519, 1733, 2550,
3425:Core/Src/main.c **** 	    2712, 2827, 2652, 2236, 1574, 1592, 1774, 1958, 2420, 1965,
3426:Core/Src/main.c **** 	    2553, 1925, 1712, 2506, 2533, 1776, 901, 1611, 1229, 1831,
3427:Core/Src/main.c **** 	    1674, 1862, 1951, 2259, 1752, 2595, 3186, 1909, 1964, 1734,
3428:Core/Src/main.c **** 	    1144, 1812, 1856, 1522, 2096, 2927, 3243, 3470, 2631, 2365,
3429:Core/Src/main.c **** 	    2171, 668, 685, 1724, 2574, 1361, 1910, 1703, 838, 1503,
3430:Core/Src/main.c **** 	    2034, 2079, 2308, 2753, 3014, 2857, 2748, 2423, 1913, 1677,
3431:Core/Src/main.c **** 	    478, 1790, 1873, 1797, 1675, 2033, 1477, 1386, 2396, 1854,
3432:Core/Src/main.c **** 	    1616, 2061, 2883, 2506, 2479, 2263, 1714, 1457, 1276, 1823,
3433:Core/Src/main.c **** 	    2123, 1990, 1738, 1768, 1585, 1541, 2605, 2251, 1738, 2310,
3434:Core/Src/main.c **** 	    2616, 1812, 2021, 2223, 1422, 1408, 1388, 1836, 1803, 2034,
3435:Core/Src/main.c **** 	    1801, 1707, 1736, 1555, 2514, 2055, 1757, 2291, 2516, 2139,
3436:Core/Src/main.c **** 	    2091, 2311, 1430, 1078, 1599, 1754, 2229, 2082, 2016, 1907,
3437:Core/Src/main.c **** 	    1524, 1798, 2584, 2069, 1599, 2171, 2218, 1723, 2138, 2457,
3438:Core/Src/main.c **** 	    1539, 1707, 1642, 1663, 2203, 2177, 2130, 2121, 1878, 1790,
3439:Core/Src/main.c **** 	    2494, 2147, 1431, 2117, 2157, 1882, 2353, 2410, 1501, 1379,
3440:Core/Src/main.c **** 	    1618, 1454, 2305, 2491, 2432, 2117, 1702, 1924, 2419, 2408,
3441:Core/Src/main.c **** 	    1634, 2068, 2043, 1774, 2358, 2563, 1822, 1688, 1676, 1590,
3442:Core/Src/main.c **** 	    1858, 2463, 2458, 1959, 1873, 1893, 2023, 2098, 1613, 1902,
3443:Core/Src/main.c **** 	    1818, 1947, 2334, 2479, 2187, 1427, 1782, 1694, 1888, 2639,
3444:Core/Src/main.c **** 	    2634, 1907, 1467, 1920, 1904, 2049, 2020, 1801, 1682, 1708,
3445:Core/Src/main.c **** 	    2053, 2374, 2250, 1775, 1733, 1663, 1651, 2405, 2489, 1985,
3446:Core/Src/main.c **** 	    1657, 1931, 1820, 1983, 2001, 1873, 1840, 1858, 2122, 2363,
3447:Core/Src/main.c **** 	    2214, 1575, 1789, 1553, 1565, 2466, 2514, 1934, 1522, 1793,
3448:Core/Src/main.c **** 	    1576, 1959, 2290, 1768, 1984, 1761, 1932, 2383, 2220, 1917,
3449:Core/Src/main.c **** 	    1792, 1625, 1330, 2215, 2614, 1997, 1986, 1962, 1489, 1824,
3450:Core/Src/main.c **** 	    2029, 1681, 1954, 1947, 2055, 2269, 2245, 1782, 1836, 1660,
3451:Core/Src/main.c **** 	    1322, 2308, 2671, 2048, 2033, 1892, 1537, 1741, 2407, 1881,
ARM GAS  C:\Users\kaush\AppData\Local\Temp\ccalbX8O.s 			page 62


3452:Core/Src/main.c **** 	    1959, 1918, 1914, 2082, 2125, 2093, 1818, 1772, 1516, 1954,
3453:Core/Src/main.c **** 	    2354, 2073, 2168, 1962, 1784, 1783, 2053, 2060, 1943, 2047,
3454:Core/Src/main.c **** 	    2081, 2093, 1998, 2005, 1913, 1787, 1747, 2060, 2145, 2102,
3455:Core/Src/main.c **** 	    2187, 1915, 1926, 1788, 1987, 1949, 2030, 1989, 1911, 2109,
3456:Core/Src/main.c **** 	    1861, 2044, 1945, 1953, 1885, 2037, 2000, 2034, 2046, 1937,
3457:Core/Src/main.c **** 	    2013, 1889, 1989, 1972, 2026, 2037, 1986, 2014, 1896, 2020,
3458:Core/Src/main.c **** 	    1839, 1915, 1901, 1886, 2027, 1946, 2121, 1939, 2052, 1895,
3459:Core/Src/main.c **** 	    1916, 1905, 1931, 2162, 1985, 2084, 1923, 1993, 1892, 1959,
3460:Core/Src/main.c **** 	    1977, 1924, 2013, 1893, 2008, 1901, 1977, 1949, 1931, 1958,
3461:Core/Src/main.c **** 	    1959, 2088, 2002, 2079, 1945, 1954, 1935, 1947, 2015, 1950,
3462:Core/Src/main.c **** 	    2034, 1907, 2000, 1952, 1954, 1937, 1872, 1920, 1921, 2064,
3463:Core/Src/main.c **** 	    2044, 2098, 2026, 1922, 1942, 1914, 1979, 1965, 2026, 1941,
3464:Core/Src/main.c **** 	    1942, 1976, 1925, 1973, 1910, 1954, 1920, 2025, 2021, 2035,
3465:Core/Src/main.c **** 	    2024, 1913, 1988, 1916, 1997, 1976, 2002, 1953, 1929, 2001,
3466:Core/Src/main.c **** 	    1918, 1999, 1915, 1943, 1934, 2007, 2048, 2024, 2023, 1912,
3467:Core/Src/main.c **** 	    1926, 1896, 1945, 1995, 2008, 2003, 1958, 1990, 1961, 1986,
3468:Core/Src/main.c **** 	    1956, 1925, 1948, 1950, 2024, 1975, 1994, 1925, 1938, 1949,
3469:Core/Src/main.c **** 	    1958, 2036, 1981, 2005, 1936, 1986, 1968, 1974, 1975, 1899,
3470:Core/Src/main.c **** 	    1947, 1940, 2052, 2012, 2034, 1965, 1903, 1919, 1910, 1996,
3471:Core/Src/main.c **** 	    1979, 2006, 1952, 1955, 1977, 1960, 2006, 1946, 1966, 1961,
3472:Core/Src/main.c **** 	    2022, 2010, 1993, 1985, 1913, 1926, 1907, 1967, 1968, 1986,
3473:Core/Src/main.c **** 	    1974, 1961, 2005, 1950, 2016, 1952, 1948, 1956, 2010, 2050,
3474:Core/Src/main.c **** 	    1993, 2025, 1898, 1903, 1898, 1959, 2001, 2008, 2011, 1928,
3475:Core/Src/main.c **** 	    1967, 1913, 1978, 1961, 1955, 1972, 2000, 2050, 2012, 2055,
3476:Core/Src/main.c **** 	    1939, 1928, 1912, 1922, 1967, 1981, 2004, 1942, 1983, 1942,
3477:Core/Src/main.c **** 	    1963, 1983, 1938, 1960, 1963, 2026, 2003, 2034, 1962, 1916,
3478:Core/Src/main.c **** 	    1930, 1921, 2000, 1992, 2025, 1943, 1946, 1936, 1940, 1988,
3479:Core/Src/main.c **** 	    1951, 1991, 1960, 2006, 1996, 2024, 1987, 1942, 1950, 1919,
3480:Core/Src/main.c **** 	    1970, 1973, 2011, 1954, 1945, 1957, 1954, 1974, 1951, 1972,
3481:Core/Src/main.c **** 	    1958, 1993, 2013, 2013, 1999, 1934, 1946, 1925, 1961, 1999,
3482:Core/Src/main.c **** 	    2010, 1981, 1937, 1969, 1934, 1972, 1975, 1967, 1952, 1959,
3483:Core/Src/main.c **** 	    1995, 1987, 2014, 1955, 1949, 1932, 1929, 1979, 2001, 2003,
3484:Core/Src/main.c **** 	    1968, 1998, 1959, 1969, 1967, 1954, 1947, 1962, 1996, 1984,
3485:Core/Src/main.c **** 	    2002, 1958, 1934, 1931, 1936, 1983, 1998, 1999, 1965, 1979,
3486:Core/Src/main.c **** 	    1964, 1952, 1984, 1961, 1952, 1943, 1977, 1987, 2010, 1999,
3487:Core/Src/main.c **** 	    1952, 1945, 1915, 1958, 1980, 2002, 1979, 1984, 1973, 1954,
3488:Core/Src/main.c **** 	    1984, 1961, 1972, 1962, 1974, 1965, 1983, 1987, 1940, 1944,
3489:Core/Src/main.c **** 	    1948, 1971, 1987, 1995, 1981, 1947, 1956, 1959, 1979, 1971,
3490:Core/Src/main.c **** 	    1967, 1973, 1963, 1992, 1990, 1997, 1962, 1942, 1938, 1943,
3491:Core/Src/main.c **** 	    1989, 1998, 2014, 1959, 1950, 1936, 1950, 1953, 1956, 1985,
3492:Core/Src/main.c **** 	    1965, 1977, 1977, 1994, 1985, 1969, 1975, 1957, 1966, 1966,
3493:Core/Src/main.c **** 	    1995, 1949, 1952, 1972, 1973, 1984, 1977, 1993, 1957, 1951,
3494:Core/Src/main.c **** 	    1968, 1963, 1960, 1947, 1962, 1950, 1987, 2018, 2025, 1984,
3495:Core/Src/main.c **** 	    1948, 1952, 1943, 1960, 1957, 1991, 1967, 1952, 1986, 1980,
3496:Core/Src/main.c **** 	    1974, 1972, 1986, 1938, 1952, 1976, 1976, 1978, 1955, 1963,
3497:Core/Src/main.c **** 	    1959, 1969, 1968, 1992, 1978, 1955, 1969, 1975, 1950, 1945,
3498:Core/Src/main.c **** 	    1956, 1941, 1959, 2009, 2029, 2005, 1981, 1979, 1983, 1939,
3499:Core/Src/main.c **** 	    1961, 1984, 1951, 1927, 1951, 1974, 1960, 1981, 1983, 1948,
3500:Core/Src/main.c **** 	    1952, 1981, 1998, 1992, 1982, 1979, 1973, 1946, 1935, 1980,
3501:Core/Src/main.c **** 	    1964, 1953, 1975, 1993, 1960, 1972, 1977, 1936, 1946, 1974,
3502:Core/Src/main.c **** 	    2009, 1993, 1992, 1984, 1980, 1958, 1948, 1985, 1963, 1942,
3503:Core/Src/main.c **** 	    1963, 1986, 1965, 1986, 1996, 1945, 1936, 1955, 1980, 1979,
3504:Core/Src/main.c **** 	    1995, 1988, 1970, 1948, 1943, 1969, 1976, 1967, 1978, 2001,
3505:Core/Src/main.c **** 	    1968, 1978, 1987, 1963, 1946, 1974, 1990, 1967, 1982, 1971,
3506:Core/Src/main.c **** 	    1949, 1933, 1946, 1969, 1971, 1977, 1975, 1984, 1979, 1980,
3507:Core/Src/main.c **** 	    1996, 1971, 1946, 1957, 1973, 1970, 1979, 1983, 1959, 1942,
3508:Core/Src/main.c **** 	    1936, 1965, 1978, 1994, 1979, 1990, 1967, 1952, 1985, 1966,
ARM GAS  C:\Users\kaush\AppData\Local\Temp\ccalbX8O.s 			page 63


3509:Core/Src/main.c **** 	    1955, 1967, 1987, 1957, 1967, 1972, 1949, 1951, 1948, 1966,
3510:Core/Src/main.c **** 	    1980, 1985, 1972, 1972, 1972, 1956, 1991, 1981, 1957, 1965,
3511:Core/Src/main.c **** 	    1972, 1966, 1968, 1985, 1959, 1955, 1947, 1946, 1983, 1983,
3512:Core/Src/main.c **** 	    1981, 1982, 1970, 1947, 1976, 1977, 1958, 1976, 1981, 1967,
3513:Core/Src/main.c **** 	    1967, 1989, 1958, 1966, 1961, 1949, 1976, 1972, 1971, 1962,
3514:Core/Src/main.c **** 	    1978, 1961, 1984, 1996, 1959, 1959, 1954, 1956, 1961, 2000,
3515:Core/Src/main.c **** 	    2040, 1959, 1939, 1913, 1950, 1999, 1972, 1994, 1920, 1960,
3516:Core/Src/main.c **** 	    2027, 1992, 1990, 1974, 1956, 1892, 1985, 1913, 1963, 1940,
3517:Core/Src/main.c **** 	    1963, 1940, 2038, 2034, 1998, 2037, 1943, 1869, 1907, 2002,
3518:Core/Src/main.c **** 	    1907, 1939, 2011, 2051, 2131, 2042, 2062, 1796, 1787, 1753,
3519:Core/Src/main.c **** 	    1864, 2116, 2084, 2091, 1956, 1751, 1736, 2214, 2090, 2231,
3520:Core/Src/main.c **** 	    2209, 2184, 1998, 1820, 1994, 1634, 1916, 1834, 1860, 1795,
3521:Core/Src/main.c **** 	    1763, 1947, 1818, 2134, 2264, 2258, 1882, 2045, 1825, 1882,
3522:Core/Src/main.c **** 	    2078, 2156, 2296, 1899, 2205, 1598, 1833, 1970, 1894, 1969,
3523:Core/Src/main.c **** 	    1849, 1847, 1493, 1884, 1965, 1998, 2383, 2258, 2072, 1823,
3524:Core/Src/main.c **** 	    2129, 1876, 1949, 2265, 2185, 1892, 1783, 2019, 1669, 1741,
3525:Core/Src/main.c **** 	    2052, 2224, 1780, 1868, 1830, 1697, 1857, 2111, 2400, 2076,
3526:Core/Src/main.c **** 	    2217, 1794, 1959, 2059, 1932, 2192, 2066, 2012, 1560, 1893,
3527:Core/Src/main.c **** 	    1947, 1793, 2140, 2131, 1932, 1684, 2014, 1871, 1807, 2173,
3528:Core/Src/main.c **** 	    2225, 2009, 1943, 2178, 1848, 1890, 2080, 2216, 1849, 1931,
3529:Core/Src/main.c **** 	    1914, 1713, 1827, 1912, 2205, 1942, 2043, 1729, 1879, 1958,
3530:Core/Src/main.c **** 	    1944, 2241, 2167, 2186, 1717, 2047, 2046, 1811, 2102, 2156,
3531:Core/Src/main.c **** 	    1931, 1668, 2002, 1899, 1761, 2072, 2129, 1818, 1876, 2056,
3532:Core/Src/main.c **** 	    1816, 1877, 2065, 2230, 1980, 2072, 1983, 1851, 1913, 1940,
3533:Core/Src/main.c **** 	    2204, 1926, 2012, 1734, 1827, 1877, 1903, 2155, 2122, 2100,
3534:Core/Src/main.c **** 	    1663, 2010, 2031, 1839, 2118, 2247, 2008, 1780, 2117, 1965,
3535:Core/Src/main.c **** 	    1788, 2081, 2136, 1791, 1843, 1948, 1802, 1823, 1997, 2169,
3536:Core/Src/main.c **** 	    1925, 2062, 1965, 1880, 1923, 1983, 2235, 2009, 2103, 1843,
3537:Core/Src/main.c **** 	    1882, 1919, 1913, 2124, 2118, 2037, 1605, 1950, 1922, 1777,
3538:Core/Src/main.c **** 	    2062, 2246, 1974, 1783, 2113, 1996, 1839, 2102, 2215, 1854,
3539:Core/Src/main.c **** 	    1962, 1997, 1879, 1853, 1999, 2140, 1842, 2029, 1848, 1820,
3540:Core/Src/main.c **** 	    1875, 1940, 2154, 2015, 2144, 1827, 1935, 1954, 1909, 2165,
3541:Core/Src/main.c **** 	    2192, 2056, 1721, 2012, 1896, 1800, 2020, 2200, 1908, 1719,
3542:Core/Src/main.c **** 	    2034, 1920, 1811, 2027, 2245, 1849, 1953, 2053, 1945, 1897,
3543:Core/Src/main.c **** 	    2048, 2187, 1874, 2124, 1872, 1864, 1900, 1903, 2075, 1956,
3544:Core/Src/main.c **** 	    2119, 1735, 1918, 1899, 1835, 2117, 2173, 2069, 1787, 2041,
3545:Core/Src/main.c **** 	    1919, 1881, 2075, 2251, 1950, 1764, 2023, 1897, 1802, 1974,
3546:Core/Src/main.c **** 	    2236, 1833, 1907, 1988, 1893, 1881, 1993, 2173, 1903, 2147,
3547:Core/Src/main.c **** 	    1900, 1934, 1982, 1923, 2083, 2008, 2128, 1750, 1946, 1921,
3548:Core/Src/main.c **** 	    1812, 2046, 2104, 2039, 1774, 2012, 1924, 1829, 2051, 2250,
3549:Core/Src/main.c **** 	    1970, 1861, 2058, 1907, 1822, 1998, 2222, 1881, 1936, 1964,
3550:Core/Src/main.c **** 	    1879, 1858, 1940, 2121, 1906, 2080, 1881, 1937, 1982, 1938,
3551:Core/Src/main.c **** 	    2078, 2030, 2126, 1794, 1992, 1989, 1853, 2032, 2102, 2047,
3552:Core/Src/main.c **** 	    1763, 1984, 1915, 1789, 2000, 2199, 1944, 1861, 2047, 1921,
3553:Core/Src/main.c **** 	    1836, 1993, 2224, 1903, 1989, 1995, 1925, 1905, 1942, 2143,
3554:Core/Src/main.c **** 	    1912, 2041, 1828, 1915, 1943, 1881, 2045, 2030, 2098, 1790,
3555:Core/Src/main.c **** 	    1990, 1990, 1882, 2016, 2109, 2050, 1830, 2022, 1966, 1867,
3556:Core/Src/main.c **** 	    1989, 2112, 1954, 1908, 1996, 1932, 1890, 1959, 2090, 1919,
3557:Core/Src/main.c **** 	    1971, 1973, 1958, 1953, 1962, 2047, 1950, 2003, 1920, 1958,
3558:Core/Src/main.c **** 	    1976, 1943, 2000, 1993, 2002, 1891, 1968, 1979, 1937, 1975,
3559:Core/Src/main.c **** 	    2018, 1993, 1908, 1987, 1980, 1946, 1981, 2014, 1966, 1940,
3560:Core/Src/main.c **** 	    1979, 1969, 1955, 1975, 2003, 1957, 1962, 1962, 1963, 1964,
3561:Core/Src/main.c **** 	    1965, 1986, 1962, 1977, 1952, 1970, 1988, 1974, 1982, 1978,
3562:Core/Src/main.c **** 	    1973, 1931, 1958, 1978, 1967, 1973, 1985, 1973, 1944, 1973,
3563:Core/Src/main.c **** 	    1979, 1971, 1979, 1981, 1971, 1954, 1973, 1970, 1972, 1972,
3564:Core/Src/main.c **** 	    1963, 1962, 1959, 1966, 1972, 1981, 1981, 1971, 1970, 1962,
3565:Core/Src/main.c **** 	    1960, 1967, 1988, 1981, 1974, 1970, 1966, 1949, 1961, 1985,
ARM GAS  C:\Users\kaush\AppData\Local\Temp\ccalbX8O.s 			page 64


3566:Core/Src/main.c **** 	    1975, 1973, 1970, 1968, 1945, 1963, 1977, 1974, 1975, 1973,
3567:Core/Src/main.c **** 	    1971, 1955, 1968, 1978, 1982, 1981, 1966, 1965, 1955, 1961,
3568:Core/Src/main.c **** 	    1970, 1981, 1986, 1972, 1967, 1960, 1949, 1962, 1980, 1982,
3569:Core/Src/main.c **** 	    1974, 1970, 1972, 1956, 1962, 1980, 1977, 1976, 1971, 1971,
3570:Core/Src/main.c **** 	    1956, 1963, 1974, 1974, 1970, 1969, 1967, 1955, 1965, 1970,
3571:Core/Src/main.c **** 	    1981, 1981, 1971, 1963, 1955, 1961, 1967, 1986, 1991, 1973,
3572:Core/Src/main.c **** 	    1968, 1960, 1953, 1959, 1980, 1983, 1973, 1969, 1966, 1957,
3573:Core/Src/main.c **** 	    1965, 1979, 1976, 1976, 1971, 1972, 1958, 1962, 1976, 1971,
3574:Core/Src/main.c **** 	    1974, 1968, 1970, 1957, 1965, 1970, 1973, 1980, 1970, 1970,
3575:Core/Src/main.c **** 	    1957, 1963, 1967, 1980, 1992, 1974, 1972, 1963, 1959, 1958,
3576:Core/Src/main.c **** 	    1973, 1978, 1970, 1966, 1967, 1962, 1965, 1973, 1971, 1969,
3577:Core/Src/main.c **** 	    1960, 1979, 1971, 1986, 1984, 1970, 1965, 1967, 1962, 1946,
3578:Core/Src/main.c **** 	    1967, 1973, 1951, 1959, 1969, 1952, 1977, 2026, 1998, 1910,
3579:Core/Src/main.c **** 	    1870, 1994, 1841, 1786, 2012, 2181, 1851, 1822, 1927, 1823,
3580:Core/Src/main.c **** 	    1817, 1768, 2352, 2477, 2141, 1995, 1834, 1537, 1395, 1540,
3581:Core/Src/main.c **** 	    1959, 2378, 2453, 2212, 2110, 1865, 1799, 1579, 1863, 2385,
3582:Core/Src/main.c **** 	    2310, 2147, 2007, 1990, 1941, 1690, 1933, 2225, 2156, 2095,
3583:Core/Src/main.c **** 	    1780, 1756, 1788, 1664, 1873, 2160, 2383, 2292, 2060, 2003,
3584:Core/Src/main.c **** 	    1894, 1689, 1764, 2078, 2258, 2273, 2103, 2113, 1914, 1652,
3585:Core/Src/main.c **** 	    1631, 1850, 2093, 2163, 2116, 2214, 2012, 1867, 1765, 2015,
3586:Core/Src/main.c **** 	    2204, 2184, 2154, 2165, 1982, 1844, 1731, 1919, 2140, 2117,
3587:Core/Src/main.c **** 	    2070, 2104, 1880, 1846, 1701, 1964, 2143, 2144, 2111, 2114,
3588:Core/Src/main.c **** 	    1937, 1940, 1764, 1985, 2103, 2092, 2030, 2027, 1874, 1890,
3589:Core/Src/main.c **** 	    1680, 1878, 2032, 2066, 1992, 2017, 1913, 1943, 1746, 1972,
3590:Core/Src/main.c **** 	    2127, 2171, 2019, 1947, 1848, 1846, 1662, 1861, 2049, 2195,
3591:Core/Src/main.c **** 	    2036, 1989, 1908, 1833, 1624, 1743, 1993, 2221, 2119, 2096,
3592:Core/Src/main.c **** 	    2056, 1950, 1675, 1718, 1933, 2127, 1999, 1955, 1968, 1898,
3593:Core/Src/main.c **** 	    1723, 1730, 1957, 2155, 2037, 1969, 1996, 1919, 1794, 1771,
3594:Core/Src/main.c **** 	    2028, 2221, 2115, 1976, 1958, 1855, 1754, 1683, 1917, 2120,
3595:Core/Src/main.c **** 	    2081, 1972, 2003, 1924, 1869, 1778, 1965, 2155, 2135, 1995,
3596:Core/Src/main.c **** 	    1985, 1923, 1905, 1808, 1954, 2151, 2131, 1971, 1895, 1829,
3597:Core/Src/main.c **** 	    1852, 1776, 1920, 2172, 2218, 2094, 2001, 1929, 1897, 1807,
3598:Core/Src/main.c **** 	    1887, 2158, 2227, 2110, 1999, 1930, 1864, 1765, 1801, 2091,
3599:Core/Src/main.c **** 	    2198, 2145, 2005, 1961, 1894, 1818, 1822, 2123, 2232, 2212,
3600:Core/Src/main.c **** 	    2035, 1990, 1888, 1811, 1771, 2059, 2174, 2176, 1992, 1982,
3601:Core/Src/main.c **** 	    1868, 1822, 1754, 2066, 2176, 2232, 2026, 2043, 1898, 1849,
3602:Core/Src/main.c **** 	    1759, 2022, 2144, 2206, 2005, 2026, 1870, 1837, 1720, 1972,
3603:Core/Src/main.c **** 	    2088, 2185, 1987, 2034, 1883, 1884, 1767, 1978, 2132, 2206,
3604:Core/Src/main.c **** 	    2009, 2023, 1852, 1845, 1727, 1929, 2097, 2199, 2014, 2020,
3605:Core/Src/main.c **** 	    1842, 1839, 1703, 1900, 2093, 2206, 2062, 2054, 1891, 1857,
3606:Core/Src/main.c **** 	    1707, 1849, 2064, 2182, 2064, 2025, 1858, 1841, 1680, 1809,
3607:Core/Src/main.c **** 	    2022, 2187, 2098, 2047, 1901, 1873, 1714, 1802, 2017, 2175,
3608:Core/Src/main.c **** 	    2117, 2049, 1912, 1875, 1706, 1753, 1952, 2133, 2112, 2046,
3609:Core/Src/main.c **** 	    1945, 1920, 1753, 1778, 1949, 2140, 2125, 2056, 1958, 1938,
3610:Core/Src/main.c **** 	    1792, 1771, 1920, 2113, 2121, 2027, 1955, 1941, 1803, 1771,
3611:Core/Src/main.c **** 	    1892, 2111, 2145, 2055, 1987, 1961, 1861, 1790, 1902, 2114,
3612:Core/Src/main.c **** 	    2142, 2050, 1993, 1928, 1847, 1796, 1893, 2101, 2160, 2053,
3613:Core/Src/main.c **** 	    2002, 1952, 1867, 1800, 1892, 2130, 2168, 2092, 2021, 1956,
3614:Core/Src/main.c **** 	    1878, 1779, 1866, 2058, 2142, 2076, 2053, 1946, 1918, 1826,
3615:Core/Src/main.c **** 	    1871, 2051, 2155, 2100, 2039, 1974, 1935, 1820, 1848, 2040,
3616:Core/Src/main.c **** 	    2153, 2101, 2063, 1949, 1937, 1781, 1807, 1998, 2143, 2116,
3617:Core/Src/main.c **** 	    2072, 2006, 1958, 1810, 1828, 2002, 2112, 2116, 2081, 1978,
3618:Core/Src/main.c **** 	    1917, 1812, 1820, 1954, 2097, 2122, 2055, 1943, 1906, 1828,
3619:Core/Src/main.c **** 	    1808, 1964, 2108, 2168, 2062, 1968, 1926, 1847, 1792, 1924,
3620:Core/Src/main.c **** 	    2101, 2140, 2011, 1954, 1908, 1844, 1771, 1935, 2091, 2125,
3621:Core/Src/main.c **** 	    2012, 1988, 1899, 1857, 1798, 1936, 2067, 2145, 2046, 1995,
3622:Core/Src/main.c **** 	    1893, 1862, 1769, 1869, 2018, 2129, 2015, 2001, 1889, 1899,
ARM GAS  C:\Users\kaush\AppData\Local\Temp\ccalbX8O.s 			page 65


3623:Core/Src/main.c **** 	    1779, 1864, 2032, 2155, 2053, 2017, 1930, 1914, 1760, 1842,
3624:Core/Src/main.c **** 	    2014, 2134, 2028, 2045, 1922, 1884, 1757, 1843, 1993, 2124,
3625:Core/Src/main.c **** 	    2066, 2060, 1925, 1906, 1806, 1838, 1993, 2135, 2102, 2054,
3626:Core/Src/main.c **** 	    1919, 1906, 1799, 1820, 1964, 2129, 2100, 2038, 1938, 1915,
3627:Core/Src/main.c **** 	    1831, 1811, 1998, 2138, 2121, 2050, 1978, 1925, 1828, 1821,
3628:Core/Src/main.c **** 	    1969, 2094, 2115, 2057, 1972, 1907, 1858, 1815, 1947, 2077,
3629:Core/Src/main.c **** 	    2149, 2058, 2007, 1922, 1888, 1814, 1936, 2081, 2158, 2067,
3630:Core/Src/main.c **** 	    2007, 1932, 1883, 1786, 1899, 2058, 2159, 2049, 2041, 1943,
3631:Core/Src/main.c **** 	    1896, 1793, 1909, 2049, 2149, 2070, 2054, 1933, 1901, 1815,
3632:Core/Src/main.c **** 	    1890, 2029, 2145, 2058, 2034, 1922, 1912, 1809, 1876, 2023,
3633:Core/Src/main.c **** 	    2156, 2064, 2039, 1942, 1919, 1825, 1853, 2014, 2132, 2048,
3634:Core/Src/main.c **** 	    2032, 1947, 1926, 1814, 1851, 2005, 2112, 2046, 2039, 1947,
3635:Core/Src/main.c **** 	    1913, 1834, 1847, 1979, 2106, 2074, 2039, 1953, 1919, 1837,
3636:Core/Src/main.c **** 	    1822, 1949, 2086, 2069, 2042, 1959, 1931, 1847, 1813, 1946,
3637:Core/Src/main.c **** 	    2075, 2086, 2027, 1975, 1928, 1845, 1813, 1935, 2074, 2084,
3638:Core/Src/main.c **** 	    2036, 1981, 1919, 1850, 1820, 1920, 2046, 2102, 2041, 1982,
3639:Core/Src/main.c **** 	    1915, 1863, 1833, 1921, 2061, 2089, 2025, 1998, 1890, 1864,
3640:Core/Src/main.c **** 	    1763, 1867, 2067, 2150, 2058, 2030, 1956, 1884, 1834, 1806,
3641:Core/Src/main.c **** 	    2036, 2038, 1966, 2031, 1893, 1866, 1867, 1930, 2054, 2084,
3642:Core/Src/main.c **** 	    2118, 2068, 1880, 1826, 1752, 1805, 2239, 2105, 2327, 2222,
3643:Core/Src/main.c **** 	    2020, 1810, 1810, 1718, 1574, 1926, 2004, 1860, 1956, 1900,
3644:Core/Src/main.c **** 	    2228, 1840, 2095, 2259, 1931, 2094, 1652, 2267, 1843, 2051,
3645:Core/Src/main.c **** 	    2082, 2065, 2125, 1781, 1914, 1708, 1809, 1681, 1762, 2188,
3646:Core/Src/main.c **** 	    2033, 2072, 2080, 2321, 1886, 1886, 2043, 2157, 2023, 2043,
3647:Core/Src/main.c **** 	    2146, 1764, 1925, 1678, 2029, 1902, 2080, 2020, 1776, 1903,
3648:Core/Src/main.c **** 	    1680, 1971, 1926, 2235, 2263, 2026, 2156, 1824, 1967, 1789,
3649:Core/Src/main.c **** 	    2096, 2041, 1982, 2153, 1863, 1840, 1786, 1982, 1747, 1956,
3650:Core/Src/main.c **** 	    2131, 2088, 1948, 2004, 2128, 1771, 1969, 1947, 2279, 1948,
3651:Core/Src/main.c **** 	    2058, 2016, 1793, 1833, 1669, 2009, 1955, 2053, 2053, 1755,
3652:Core/Src/main.c **** 	    2048, 1722, 1964, 1930, 2353, 2127, 1959, 2043, 1863, 1825,
3653:Core/Src/main.c **** 	    1788, 2104, 2011, 2033, 1996, 1978, 1844, 1838, 1941, 1837,
3654:Core/Src/main.c **** 	    2066, 1965, 2106, 1896, 2033, 2068, 1810, 2085, 1977, 2122,
3655:Core/Src/main.c **** 	    1829, 1958, 1940, 1653, 1945, 1806, 2148, 2000, 2201, 1971,
3656:Core/Src/main.c **** 	    1864, 1952, 1821, 1966, 2073, 2303, 2060, 1976, 1937, 1916,
3657:Core/Src/main.c **** 	    1781, 1849, 2089, 1972, 1983, 1851, 1953, 1820, 1899, 2087,
3658:Core/Src/main.c **** 	    1944, 2287, 1935, 2083, 1829, 2046, 1940, 1796, 2182, 2021,
3659:Core/Src/main.c **** 	    2060, 1865, 2029, 1855, 1688, 1898, 1931, 2126, 2010, 2174,
3660:Core/Src/main.c **** 	    1999, 1919, 1914, 1948, 2021, 2107, 2200, 1947, 1970, 1803,
3661:Core/Src/main.c **** 	    1899, 1775, 1990, 2188, 1901, 2112, 1755, 1930, 1762, 2004,
3662:Core/Src/main.c **** 	    2054, 2056, 2265, 1978, 1994, 1875, 2031, 1912, 1846, 2174,
3663:Core/Src/main.c **** 	    2020, 1999, 1828, 2016, 1850, 1750, 1915, 2117, 2089, 2011,
3664:Core/Src/main.c **** 	    2125, 1890, 1980, 1755, 2004, 2020, 2166, 2124, 1885, 2054,
3665:Core/Src/main.c **** 	    1739, 1818, 1812, 2135, 2120, 1905, 2097, 1811, 1879, 1762,
3666:Core/Src/main.c **** 	    2046, 2126, 2015, 2192, 1986, 1944, 1794, 1978, 1877, 1924,
3667:Core/Src/main.c **** 	    2064, 2051, 1950, 1871, 2016, 1789, 1937, 1891, 2128, 1992,
3668:Core/Src/main.c **** 	    2064, 2027, 1893, 2020, 1793, 1996, 2042, 2105, 2034, 1794,
3669:Core/Src/main.c **** 	    2051, 1748, 1862, 1874, 2200, 2075, 1870, 2031, 1900, 1869,
3670:Core/Src/main.c **** 	    1797, 2134, 2106, 2013, 2013, 1984, 1888, 1861, 1954, 1932,
3671:Core/Src/main.c **** 	    2091, 1972, 1954, 1835, 1835, 1926, 1760, 2233, 2074, 2160,
3672:Core/Src/main.c **** 	    2018, 2014, 1973, 1651, 1909, 1771, 1948, 1801, 2267, 1893,
3673:Core/Src/main.c **** 	    1688, 2166, 1635, 1818, 1651, 2114, 2193, 1215, 1958, 2076,
3674:Core/Src/main.c **** 	    1730, 1831, 1992, 2306, 2223, 2345, 1641, 2167, 1618, 2489,
3675:Core/Src/main.c **** 	    1943, 1877, 2131, 1813, 2011, 1618, 2018, 1520, 2578, 1838,
3676:Core/Src/main.c **** 	    2896, 2508, 2268, 1908, 1789, 2351, 1575, 1148, 1981, 1806,
3677:Core/Src/main.c **** 	    1734, 1607, 2599, 1992, 2805, 2021, 3220, 1834, 1370, 1243,
3678:Core/Src/main.c **** 	    1546, 1095, 1629, 1668, 1990, 1979, 1688, 2073, 2508, 1604,
3679:Core/Src/main.c **** 	    2919, 1780, 3460, 1835, 1884, 1396, 2206, 1006, 1820, 1804,
ARM GAS  C:\Users\kaush\AppData\Local\Temp\ccalbX8O.s 			page 66


3680:Core/Src/main.c **** 	    2096, 1901, 1870, 2263, 2499, 1478, 2545, 2073, 2871, 1849,
3681:Core/Src/main.c **** 	    2241, 1108, 2331, 841, 2168, 1376, 2132, 2042, 1988, 2116,
3682:Core/Src/main.c **** 	    2224, 1847, 2370, 2267, 2260, 1894, 2451, 1019, 1985, 980,
3683:Core/Src/main.c **** 	    2272, 1446, 1749, 2247, 2191, 2022, 2068, 2161, 2020, 2400,
3684:Core/Src/main.c **** 	    1867, 2444, 1966, 1432, 1730, 1539, 2049, 1776, 1723, 2230,
3685:Core/Src/main.c **** 	    2320, 2129, 1922, 2691, 1493, 2501, 1484, 2974, 1593, 1656,
3686:Core/Src/main.c **** 	    1617, 2151, 1292, 2015, 1764, 2513, 1931, 2122, 1950, 2698,
3687:Core/Src/main.c **** 	    1274, 2478, 1461, 2853, 1380, 1933, 1219, 2533, 1141, 2174,
3688:Core/Src/main.c **** 	    1889, 2244, 2007, 1989, 2208, 2414, 1321, 2311, 1909, 2276,
3689:Core/Src/main.c **** 	    1600, 2211, 1404, 2214, 1423, 2316, 1998, 1959, 2197, 2163,
3690:Core/Src/main.c **** 	    2110, 2119, 1769, 1958, 2252, 1850, 1995, 2037, 1538, 1998,
3691:Core/Src/main.c **** 	    1413, 2257, 2012, 1935, 2155, 2212, 1989, 1938, 2107, 1727,
3692:Core/Src/main.c **** 	    2208, 1742, 2325, 1922, 1597, 1952, 1944, 1905, 2043, 1842,
3693:Core/Src/main.c **** 	    2177, 2147, 1767, 1900, 2157, 1608, 2228, 1600, 2584, 1811,
3694:Core/Src/main.c **** 	    1855, 1558, 2446, 1672, 2172, 1826, 2295, 2097, 1857, 1816,
3695:Core/Src/main.c **** 	    2296, 1405, 2261, 1699, 2471, 1765, 2091, 1414, 2495, 1358,
3696:Core/Src/main.c **** 	    2478, 1845, 2326, 1836, 2066, 1874, 2170, 1415, 1961, 2103,
3697:Core/Src/main.c **** 	    2091, 1711, 2080, 1650, 2410, 1302, 2341, 2062, 2125, 1864,
3698:Core/Src/main.c **** 	    2177, 2029, 2018, 1659, 1736, 2338, 1792, 2102, 1906, 1821,
3699:Core/Src/main.c **** 	    1964, 1788, 2070, 2137, 2064, 1940, 2267, 1844, 1955, 1935,
3700:Core/Src/main.c **** 	    1669, 2386, 1610, 2409, 1895, 1845, 1633, 2101, 1971, 2042,
3701:Core/Src/main.c **** 	    1949, 1983, 2304, 1668, 1994, 1970, 1730, 2053, 1858, 2257,
3702:Core/Src/main.c **** 	    1945, 1976, 1753, 2149, 1723, 2206, 1937, 2017, 2110, 1749,
3703:Core/Src/main.c **** 	    2063, 2032, 1778, 1897, 1899, 2154, 1990, 1948, 1817, 2107,
3704:Core/Src/main.c **** 	    1709, 2186, 2059, 2034, 1941, 1947, 1966, 2173, 1874, 1962,
3705:Core/Src/main.c **** 	    1920, 2081, 2055, 2061, 1784, 1929, 1755, 1984, 2029, 1990,
3706:Core/Src/main.c **** 	    1847, 2019, 1986, 2078, 1987, 1937, 1933, 2026, 2021, 2185,
3707:Core/Src/main.c **** 	    1876, 1914, 1935, 2000, 1954, 2038, 1898, 1952, 1956, 1942,
3708:Core/Src/main.c **** 	    1951, 1865, 1858, 1984, 1993, 2140, 2046, 1916, 1945, 2041,
3709:Core/Src/main.c **** 	    1966, 2029, 1932, 1961, 2002, 1904, 1976, 1914, 1879, 1947,
3710:Core/Src/main.c **** 	    1981, 1995, 2056, 1914, 1902, 2021, 1964, 2048, 1998, 1986,
3711:Core/Src/main.c **** 	    2028, 1959, 1981, 1963, 1857, 1912, 1999, 1967, 2020, 1962,
3712:Core/Src/main.c **** 	    1951, 1954, 1927, 1946, 2015, 1929, 2025, 1972, 1996, 1987,
3713:Core/Src/main.c **** 	    1934, 1947, 2035, 2018, 2014, 1971, 1944, 1925, 1905, 1909,
3714:Core/Src/main.c **** 	    1982, 1941, 1978, 1958, 1969, 1960, 1992, 1948, 2035, 2029,
3715:Core/Src/main.c **** 	    2052, 1996, 1967, 1959, 1946, 1902, 1951, 1939, 1963, 1955,
3716:Core/Src/main.c **** 	    1955, 1941, 1958, 1954, 1985, 2025, 2037, 2003, 1968, 1957,
3717:Core/Src/main.c **** 	    1976, 1916, 1956, 1989, 2009, 1970, 1987, 1951, 1950, 1923,
3718:Core/Src/main.c **** 	    1948, 1988, 1996, 1974, 1945, 1955, 1950, 1963, 1953, 2016,
3719:Core/Src/main.c **** 	    2022, 1994, 1997, 1986, 1965, 1929, 1952, 1979, 1984, 1961,
3720:Core/Src/main.c **** 	    1965, 1943, 1928, 1931, 1954, 1972, 2010, 2004, 1998, 1992,
3721:Core/Src/main.c **** 	    1966, 1966, 1947, 1996, 1985, 1986, 1974, 1966, 1929, 1937,
3722:Core/Src/main.c **** 	    1946, 1973, 1989, 1983, 1987, 1948, 1956, 1956, 1954, 1980,
3723:Core/Src/main.c **** 	    1995, 2008, 1977, 1994, 1956, 1959, 1947, 1975, 1978, 1992,
3724:Core/Src/main.c **** 	    1970, 1962, 1945, 1962, 1948, 1958, 1964, 1991, 1971, 1971,
3725:Core/Src/main.c **** 	    1971, 1966, 1944, 1972, 2013, 2018, 1998, 1969, 1966, 1943,
3726:Core/Src/main.c **** 	    1942, 1956, 1955, 1991, 1962, 1977, 1939, 1970, 1927, 1960,
3727:Core/Src/main.c **** 	    1991, 2010, 2003, 1966, 1980, 1946, 1949, 1953, 1987, 1983,
3728:Core/Src/main.c **** 	    1988, 1975, 1958, 1962, 1939, 1958, 1959, 1992, 1988, 1970,
3729:Core/Src/main.c **** 	    1972, 1960, 1947, 1942, 1986, 1982, 1994, 1984, 1975, 1971,
3730:Core/Src/main.c **** 	    1943, 1966, 1969, 1978, 1999, 1969, 1970, 1952, 1950, 1941,
3731:Core/Src/main.c **** 	    1976, 1988, 1994, 1978, 1975, 1975, 1942, 1962, 1965, 1981,
3732:Core/Src/main.c **** 	    1975, 1992, 1963, 1957, 1952, 1949, 1969, 1965, 2013, 1968,
3733:Core/Src/main.c **** 	    1982, 1969, 1965, 1948, 1959, 1985, 1990, 1983, 1970, 1971,
3734:Core/Src/main.c **** 	    1951, 1948, 1950, 1964, 1995, 1983, 1968, 1969, 1970, 1937,
3735:Core/Src/main.c **** 	    1951, 1977, 2007, 1972, 1988, 1980, 1961, 1930, 1960, 1980,
3736:Core/Src/main.c **** 	    1980, 1974, 2003, 1975, 1958, 1953, 1957, 1953, 1969, 1986,
ARM GAS  C:\Users\kaush\AppData\Local\Temp\ccalbX8O.s 			page 67


3737:Core/Src/main.c **** 	    1965, 1965, 1970, 1953, 1959, 1986, 2005, 1981, 1987, 1975,
3738:Core/Src/main.c **** 	    1960, 1949, 1961, 1977, 1968, 1988, 1976, 1955, 1939, 1945,
3739:Core/Src/main.c **** 	    1949, 1956, 1992, 2003, 1985, 1979, 1977, 1978, 1952, 1965,
3740:Core/Src/main.c **** 	    1978, 1978, 1973, 1963, 1975, 1944, 1966, 1945, 1989, 1975,
3741:Core/Src/main.c **** 	    1991, 1957, 1965, 1951, 1954, 1962, 1984, 2008, 1984, 1984,
3742:Core/Src/main.c **** 	    1970, 1953, 1946, 1947, 1988, 1983, 1990, 1971, 1978, 1943,
3743:Core/Src/main.c **** 	    1947, 1951, 1972, 1982, 1976, 1972, 1965, 1970, 1965, 1964,
3744:Core/Src/main.c **** 	    1973, 2008, 1983, 1971, 1961, 1970, 1946, 1953, 1953, 1990,
3745:Core/Src/main.c **** 	    1962, 1970, 1955, 1970, 1935, 1974, 1966, 1999, 1996, 2001,
3746:Core/Src/main.c **** 	    1982, 1978, 1953, 1959, 1936, 1983, 1968, 1975, 1955, 1981,
3747:Core/Src/main.c **** 	    1943, 1978, 1978, 2012, 1982, 1987, 1956, 1961, 1935, 1949,
3748:Core/Src/main.c **** 	    1953, 1970, 1989, 1981, 1964, 1967, 1963, 1954, 1973, 1992,
3749:Core/Src/main.c **** 	    2004, 1968, 1967, 1968, 1948, 1940, 1964, 1968, 1981, 1994,
3750:Core/Src/main.c **** 	    1981, 1973, 1969, 1956, 1968, 1961, 2013, 1973, 1966, 1951,
3751:Core/Src/main.c **** 	    1973, 1931, 1962, 1962, 1997, 1975, 1978, 1976, 1967, 1945,
3752:Core/Src/main.c **** 	    1976, 1970, 2001, 1988, 1975, 1945, 1975, 1932, 1955, 1951,
3753:Core/Src/main.c **** 	    2001, 1968, 1971, 1974, 1990, 1931, 1976, 1975, 2000, 1972,
3754:Core/Src/main.c **** 	    1997, 1956, 1965, 1927, 1969, 1949, 1979, 1984, 1979, 1957,
3755:Core/Src/main.c **** 	    1974, 1950, 1956, 1975, 2001, 1992, 1987, 1970, 1974, 1928,
3756:Core/Src/main.c **** 	    1965, 1958, 1976, 1984, 1996, 1959, 1962, 1968, 1957, 1962,
3757:Core/Src/main.c **** 	    1976, 2012, 1972, 1953, 1966, 1959, 1934, 1964, 1982, 1993,
3758:Core/Src/main.c **** 	    1977, 1982, 1967, 1959, 1944, 1976, 1961, 2003, 1982, 1969,
3759:Core/Src/main.c **** 	    1951, 1966, 1937, 1952, 1976, 1997, 1973, 1985, 1980, 1975,
3760:Core/Src/main.c **** 	    1926, 1988, 1971, 1999, 1968, 1992, 1941, 1951, 1941, 1968,
3761:Core/Src/main.c **** 	    1962, 1990, 1993, 1971, 1969, 1975, 1948, 1953, 1973, 2004,
3762:Core/Src/main.c **** 	    1976, 1989, 1956, 1964, 1929, 1969, 1962, 1978, 1990, 1981,
3763:Core/Src/main.c **** 	    1970, 1969, 1967, 1952, 1962, 1995, 1992, 1976, 1952, 1973,
3764:Core/Src/main.c **** 	    1942, 1948, 1975, 1990, 1979, 1981, 1971, 1955, 1952, 1951,
3765:Core/Src/main.c **** 	    1977, 1978, 1994, 1993, 1948, 1962, 1950, 1957, 1963, 1981,
3766:Core/Src/main.c **** 	    1995, 1989, 1974, 1965, 1984, 1934, 1990, 1989, 1993, 1990,
3767:Core/Src/main.c **** 	    1948, 1915, 1955, 1942, 1946, 1974, 1955, 2035, 1979, 1962,
3768:Core/Src/main.c **** 	    2004, 1920, 1985, 1986, 1988, 1974, 1984, 1937, 1988, 1914,
3769:Core/Src/main.c **** 	    1961, 2004, 1929, 1994, 2003, 1967, 1955, 1928, 1963, 2015,
3770:Core/Src/main.c **** 	    1961, 1976, 1996, 1942, 1972, 1925, 1968, 2016, 1906, 1997,
3771:Core/Src/main.c **** 	    2047, 1980, 1976, 1908, 1879, 1975, 1915, 1908, 1976, 1989,
3772:Core/Src/main.c **** 	    2025, 2055, 2007, 2009, 1929, 2002, 1948, 1932, 2015, 2033,
3773:Core/Src/main.c **** 	    2026, 2092, 2005, 1828, 1907, 1766, 1806, 1922, 1929, 2016,
3774:Core/Src/main.c **** 	    2182, 2194, 2115, 1940, 1905, 1896, 1870, 1969, 1975, 2062,
3775:Core/Src/main.c **** 	    2166, 1950, 1976, 1881, 1826, 1834, 1943, 1897, 2100, 2122,
3776:Core/Src/main.c **** 	    2012, 2006, 1907, 1880, 1985, 2013, 1975, 2042, 2135, 2034,
3777:Core/Src/main.c **** 	    1894, 1830, 1918, 1873, 2028, 1952, 2023, 2108, 1987, 1886,
3778:Core/Src/main.c **** 	    1921, 1846, 1935, 2068, 1985, 2091, 2168, 2051, 1966, 1842,
3779:Core/Src/main.c **** 	    1856, 1914, 1992, 1933, 1976, 2094, 2116, 1894, 1870, 1861,
3780:Core/Src/main.c **** 	    1861, 2021, 2003, 2030, 2173, 2102, 1964, 1942, 1810, 1823,
3781:Core/Src/main.c **** 	    2004, 1969, 2012, 2112, 2078, 1965, 1842, 1833, 1865, 2001,
3782:Core/Src/main.c **** 	    2007, 2016, 2130, 2197, 1916, 1877, 1847, 1856, 1978, 2033,
3783:Core/Src/main.c **** 	    1942, 2118, 2058, 1927, 1895, 1846, 1823, 2045, 2007, 2036,
3784:Core/Src/main.c **** 	    2061, 2110, 1935, 1873, 1835, 1932, 1982, 2096, 1965, 2054,
3785:Core/Src/main.c **** 	    2113, 1913, 1792, 1844, 1826, 2009, 2065, 1996, 2071, 2131,
3786:Core/Src/main.c **** 	    1946, 1932, 1812, 1870, 1970, 2055, 2014, 2055, 2116, 1991,
3787:Core/Src/main.c **** 	    1840, 1802, 1844, 1874, 2022, 1968, 2028, 2189, 2042, 1894,
3788:Core/Src/main.c **** 	    1886, 1831, 1934, 2052, 1998, 2031, 2133, 2004, 1943, 1788,
3789:Core/Src/main.c **** 	    1809, 1866, 2030, 2000, 2013, 2099, 2084, 1869, 1835, 1857,
3790:Core/Src/main.c **** 	    1906, 2067, 2065, 2003, 2179, 2019, 1867, 1815, 1826, 1873,
3791:Core/Src/main.c **** 	    2063, 2002, 2040, 2061, 2029, 1912, 1827, 1815, 1913, 2050,
3792:Core/Src/main.c **** 	    2109, 2013, 2085, 2075, 1912, 1809, 1865, 1859, 2047, 2042,
3793:Core/Src/main.c **** 	    1980, 2096, 2072, 1887, 1852, 1804, 1887, 2026, 2044, 2026,
ARM GAS  C:\Users\kaush\AppData\Local\Temp\ccalbX8O.s 			page 68


3794:Core/Src/main.c **** 	    2075, 2090, 1997, 1860, 1815, 1869, 1975, 2065, 1994, 2036,
3795:Core/Src/main.c **** 	    2115, 1969, 1859, 1856, 1843, 1979, 2051, 2003, 2065, 2113,
3796:Core/Src/main.c **** 	    1967, 1898, 1817, 1874, 1973, 2070, 2014, 2037, 2082, 1994,
3797:Core/Src/main.c **** 	    1859, 1801, 1852, 1971, 2089, 2045, 2038, 2116, 1990, 1866,
3798:Core/Src/main.c **** 	    1812, 1868, 1960, 2090, 2049, 2048, 2087, 1992, 1851, 1791,
3799:Core/Src/main.c **** 	    1845, 1927, 2075, 2069, 2052, 2104, 2029, 1892, 1817, 1858,
3800:Core/Src/main.c **** 	    1920, 2078, 2053, 2026, 2087, 2025, 1893, 1814, 1846, 1899,
3801:Core/Src/main.c **** 	    2056, 2045, 2028, 2061, 2045, 1921, 1841, 1877, 1918, 2066,
3802:Core/Src/main.c **** 	    2076, 2023, 2057, 2041, 1908, 1821, 1840, 1885, 2049, 2058,
3803:Core/Src/main.c **** 	    2023, 2044, 2051, 1925, 1842, 1839, 1906, 2051, 2089, 2058,
3804:Core/Src/main.c **** 	    2042, 2067, 1935, 1835, 1823, 1866, 2012, 2065, 2042, 2030,
3805:Core/Src/main.c **** 	    2067, 1942, 1852, 1822, 1879, 2014, 2082, 2054, 2046, 2078,
3806:Core/Src/main.c **** 	    1970, 1869, 1816, 1877, 1986, 2063, 2042, 2009, 2061, 1963,
3807:Core/Src/main.c **** 	    1872, 1812, 1874, 1971, 2070, 2051, 2021, 2059, 1977, 1917,
3808:Core/Src/main.c **** 	    1854, 1900, 1967, 2032, 2025, 2003, 2015, 1973, 1918, 1870,
3809:Core/Src/main.c **** 	    1914, 1958, 2022, 2020, 1993, 2009, 1981, 1939, 1899, 1927,
3810:Core/Src/main.c **** 	    1959, 2014, 2010, 1994, 1999, 1969, 1947, 1909, 1931, 1958,
3811:Core/Src/main.c **** 	    1997, 2002, 1995, 1986, 1978, 1952, 1921, 1943, 1958, 1992,
3812:Core/Src/main.c **** 	    2003, 1992, 1986, 1974, 1956, 1934, 1941, 1957, 1991, 1989,
3813:Core/Src/main.c **** 	    1990, 1981, 1966, 1960, 1942, 1949, 1966, 1983, 1991, 1992,
3814:Core/Src/main.c **** 	    1972, 1963, 1956, 1948, 1958, 1970, 1985, 1991, 1986, 1970,
3815:Core/Src/main.c **** 	    1958, 1952, 1951, 1959, 1971, 1988, 1985, 1985, 1973, 1954,
3816:Core/Src/main.c **** 	    1956, 1959, 1963, 1975, 1980, 1982, 1983, 1970, 1954, 1957,
3817:Core/Src/main.c **** 	    1957, 1970, 1973, 1979, 1979, 1981, 1970, 1957, 1956, 1962,
3818:Core/Src/main.c **** 	    1965, 1973, 1982, 1980, 1982, 1978, 1956, 1953, 1957, 1963,
3819:Core/Src/main.c **** 	    1968, 1980, 1978, 1987, 1978, 1963, 1958, 1956, 1959, 1969,
3820:Core/Src/main.c **** 	    1978, 1983, 1985, 1978, 1966, 1954, 1956, 1960, 1966, 1978,
3821:Core/Src/main.c **** 	    1977, 1982, 1983, 1963, 1954, 1959, 1963, 1972, 1982, 1980,
3822:Core/Src/main.c **** 	    1984, 1976, 1961, 1952, 1950, 1961, 1972, 1980, 1986, 1981,
3823:Core/Src/main.c **** 	    1976, 1962, 1952, 1949, 1966, 1970, 1990, 1985, 1980, 1979,
3824:Core/Src/main.c **** 	    1968, 1951, 1957, 1960, 1973, 1980, 1983, 1977, 1976, 1960,
3825:Core/Src/main.c **** 	    1955, 1951, 1966, 1970, 1982, 1984, 1980, 1978, 1968, 1953,
3826:Core/Src/main.c **** 	    1953, 1954, 1988, 1984, 1996, 1987, 2006, 1972, 1955, 1943,
3827:Core/Src/main.c **** 	    1966, 1959, 1972, 1981, 1977, 1976, 1970, 1945, 1941, 1964,
3828:Core/Src/main.c **** 	    1996, 1996, 1990, 2025, 2061, 2050, 1796, 1925, 2121, 1917,
3829:Core/Src/main.c **** 	    1659, 1953, 2034, 2276, 2081, 2406, 2333, 2388, 2152, 1984,
3830:Core/Src/main.c **** 	    1673, 1917, 1714, 1967, 2167, 2338, 2126, 2115, 1856, 1987,
3831:Core/Src/main.c **** 	    1667, 1934, 2300, 2161, 2092, 1993, 1974, 1968, 1735, 1972,
3832:Core/Src/main.c **** 	    2147, 2240, 2017, 1828, 1783, 1798, 1693, 1872, 2133, 2454,
3833:Core/Src/main.c **** 	    2169, 2036, 2018, 1962, 1771, 1777, 1990, 2354, 2145, 2100,
3834:Core/Src/main.c **** 	    2087, 1947, 1736, 1595, 1796, 2173, 2048, 2061, 2062, 2021,
3835:Core/Src/main.c **** 	    1903, 1731, 1877, 2258, 2053, 2055, 1980, 1983, 1912, 1711,
3836:Core/Src/main.c **** 	    1796, 2098, 1987, 1973, 1853, 1895, 1903, 1710, 1790, 2104,
3837:Core/Src/main.c **** 	    2076, 2037, 1840, 1940, 1959, 1771, 1800, 2107, 2089, 1996,
3838:Core/Src/main.c **** 	    1749, 1854, 1883, 1738, 1755, 2057, 2100, 2015, 1717, 1881,
3839:Core/Src/main.c **** 	    1892, 1845, 1823, 2155, 2241, 2106, 1760, 1841, 1784, 1776,
3840:Core/Src/main.c **** 	    1742, 2109, 2252, 2179, 1849, 1899, 1716, 1771, 1667, 2064,
3841:Core/Src/main.c **** 	    2257, 2259, 1999, 2061, 1835, 1846, 1662, 2002, 2127, 2196,
3842:Core/Src/main.c **** 	    1922, 2022, 1800, 1902, 1694, 2028, 2108, 2216, 1969, 2050,
3843:Core/Src/main.c **** 	    1823, 1990, 1754, 2079, 2146, 2258, 2002, 2052, 1784, 1933,
3844:Core/Src/main.c **** 	    1695, 1981, 2055, 2257, 2000, 2080, 1860, 2021, 1779, 2015,
3845:Core/Src/main.c **** 	    2109, 2271, 2034, 2054, 1866, 2029, 1788, 2004, 2107, 2263,
3846:Core/Src/main.c **** 	    2010, 1980, 1794, 1935, 1750, 1947, 2137, 2346, 2152, 2062,
3847:Core/Src/main.c **** 	    1888, 1952, 1749, 1874, 2094, 2317, 2151, 2045, 1898, 1892,
3848:Core/Src/main.c **** 	    1708, 1790, 2028, 2256, 2159, 2037, 1936, 1918, 1750, 1775,
3849:Core/Src/main.c **** 	    2042, 2256, 2197, 2043, 1976, 1906, 1752, 1713, 1934, 2174,
3850:Core/Src/main.c **** 	    2148, 1997, 1966, 1890, 1781, 1719, 1919, 2140, 2183, 2020,
ARM GAS  C:\Users\kaush\AppData\Local\Temp\ccalbX8O.s 			page 69


3851:Core/Src/main.c **** 	    2008, 1920, 1828, 1726, 1892, 2111, 2137, 1989, 1980, 1883,
3852:Core/Src/main.c **** 	    1832, 1716, 1831, 2069, 2122, 1987, 1972, 1889, 1886, 1776,
3853:Core/Src/main.c **** 	    1872, 2106, 2152, 2012, 1942, 1842, 1849, 1758, 1840, 2088,
3854:Core/Src/main.c **** 	    2145, 2046, 1943, 1840, 1844, 1756, 1811, 2077, 2170, 2111,
3855:Core/Src/main.c **** 	    1977, 1882, 1870, 1788, 1793, 2045, 2134, 2111, 1961, 1892,
3856:Core/Src/main.c **** 	    1858, 1778, 1773, 2009, 2140, 2170, 2006, 1940, 1899, 1818,
3857:Core/Src/main.c **** 	    1782, 2001, 2138, 2183, 2019, 1963, 1903, 1836, 1762, 1943,
3858:Core/Src/main.c **** 	    2095, 2165, 2023, 2007, 1946, 1884, 1805, 1959, 2114, 2186,
3859:Core/Src/main.c **** 	    2034, 2015, 1942, 1899, 1809, 1953, 2113, 2165, 2010, 1998,
3860:Core/Src/main.c **** 	    1922, 1903, 1808, 1942, 2117, 2186, 2042, 2035, 1947, 1926,
3861:Core/Src/main.c **** 	    1819, 1941, 2127, 2191, 2041, 2018, 1899, 1909, 1800, 1919,
3862:Core/Src/main.c **** 	    2127, 2192, 2058, 2024, 1909, 1914, 1799, 1910, 2106, 2200,
3863:Core/Src/main.c **** 	    2086, 2047, 1894, 1910, 1780, 1874, 2063, 2171, 2086, 2038,
3864:Core/Src/main.c **** 	    1891, 1909, 1791, 1861, 2034, 2168, 2105, 2041, 1896, 1913,
3865:Core/Src/main.c **** 	    1792, 1844, 2008, 2154, 2116, 2037, 1895, 1897, 1786, 1799,
3866:Core/Src/main.c **** 	    1968, 2118, 2125, 2027, 1917, 1920, 1823, 1803, 1950, 2103,
3867:Core/Src/main.c **** 	    2123, 2013, 1910, 1895, 1833, 1799, 1941, 2097, 2127, 1987,
3868:Core/Src/main.c **** 	    1917, 1866, 1829, 1785, 1937, 2099, 2168, 2008, 1948, 1872,
3869:Core/Src/main.c **** 	    1847, 1762, 1906, 2079, 2163, 2014, 1967, 1853, 1865, 1753,
3870:Core/Src/main.c **** 	    1894, 2059, 2172, 2025, 2015, 1859, 1867, 1752, 1880, 2044,
3871:Core/Src/main.c **** 	    2184, 2068, 2043, 1878, 1885, 1735, 1862, 2015, 2165, 2066,
3872:Core/Src/main.c **** 	    2078, 1889, 1911, 1766, 1849, 2009, 2161, 2076, 2094, 1926,
3873:Core/Src/main.c **** 	    1924, 1784, 1846, 1986, 2146, 2099, 2089, 1931, 1942, 1799,
3874:Core/Src/main.c **** 	    1848, 1984, 2124, 2099, 2083, 1937, 1946, 1845, 1861, 1998,
3875:Core/Src/main.c **** 	    2128, 2105, 2072, 1956, 1927, 1840, 1844, 1985, 2123, 2137,
3876:Core/Src/main.c **** 	    2059, 1967, 1930, 1852, 1833, 1976, 2123, 2155, 2066, 1980,
3877:Core/Src/main.c **** 	    1919, 1876, 1817, 1945, 2089, 2150, 2055, 2005, 1909, 1876,
3878:Core/Src/main.c **** 	    1809, 1930, 2074, 2160, 2057, 2026, 1927, 1889, 1799, 1910,
3879:Core/Src/main.c **** 	    2053, 2149, 2050, 2037, 1924, 1902, 1790, 1871, 2030, 2129,
3880:Core/Src/main.c **** 	    2037, 2042, 1935, 1924, 1818, 1861, 2014, 2121, 2030, 2028,
3881:Core/Src/main.c **** 	    1930, 1926, 1825, 1861, 2003, 2101, 2023, 2015, 1917, 1914,
3882:Core/Src/main.c **** 	    1834, 1855, 2013, 2098, 2029, 2019, 1931, 1909, 1838, 1847,
3883:Core/Src/main.c **** 	    2003, 2092, 2043, 2000, 1929, 1898, 1838, 1834, 1996, 2087,
3884:Core/Src/main.c **** 	    2063, 2001, 1923, 1892, 1851, 1829, 1988, 2088, 2087, 2016,
3885:Core/Src/main.c **** 	    1949, 1881, 1845, 1820, 1965, 2067, 2108, 2018, 1968, 1891,
3886:Core/Src/main.c **** 	    1852, 1821, 1957, 2064, 2119, 2024, 1988, 1901, 1878, 1817,
3887:Core/Src/main.c **** 	    1937, 2058, 2135, 2018, 1999, 1907, 1890, 1826, 1914, 2043,
3888:Core/Src/main.c **** 	    2141, 2023, 2003, 1905, 1885, 1818, 1965, 2090, 2226, 2092,
3889:Core/Src/main.c **** 	    2069, 2001, 1954, 1875, 1879, 2011, 2045, 2016, 2168, 2004,
3890:Core/Src/main.c **** 	    1666, 1662, 1756, 1781, 2157, 2626, 2254, 1998, 2254, 1743,
3891:Core/Src/main.c **** 	    1682, 1852, 2484, 1842, 1849, 1923, 1634, 1661, 2031, 2579,
3892:Core/Src/main.c **** 	    2083, 2107, 1877, 1678, 1646, 1906, 2141, 1783, 2338, 2120,
3893:Core/Src/main.c **** 	    2146, 1896, 2234, 2045, 1618, 2012, 1903, 1951, 1810, 2169,
3894:Core/Src/main.c **** 	    1924, 1723, 1933, 1913, 2163, 2065, 2326, 1897, 1980, 1797,
3895:Core/Src/main.c **** 	    1830, 1941, 2218, 2373, 1800, 2024, 1698, 1841, 1601, 2084,
3896:Core/Src/main.c **** 	    2266, 1700, 2134, 1780, 2003, 1755, 2229, 2151, 1793, 2193,
3897:Core/Src/main.c **** 	    1841, 2056, 1793, 2247, 1911, 1843, 1946, 2052, 2015, 1960,
3898:Core/Src/main.c **** 	    2139, 1732, 1829, 1572, 1945, 1983, 2147, 2187, 1643, 2172,
3899:Core/Src/main.c **** 	    1684, 2003, 1908, 2466, 2219, 1699, 2070, 1642, 1832, 1617,
3900:Core/Src/main.c **** 	    2323, 2254, 1845, 2039, 1783, 1935, 1672, 2167, 2064, 2151,
3901:Core/Src/main.c **** 	    1971, 1996, 1881, 1866, 2018, 1645, 2089, 1967, 2179, 1966,
3902:Core/Src/main.c **** 	    2130, 2041, 1529, 1925, 1662, 2156, 1917, 2360, 2116, 1747,
3903:Core/Src/main.c **** 	    2053, 1692, 2051, 1933, 2443, 2129, 1817, 1928, 1773, 1790,
3904:Core/Src/main.c **** 	    1798, 2308, 2049, 1980, 1863, 1937, 1827, 1883, 2130, 1894,
3905:Core/Src/main.c **** 	    2226, 1863, 2117, 1877, 2167, 2006, 1760, 2151, 1886, 2074,
3906:Core/Src/main.c **** 	    1830, 2222, 2022, 1686, 1982, 1875, 2157, 1885, 2277, 1924,
3907:Core/Src/main.c **** 	    1823, 1805, 1841, 1991, 2132, 2302, 1948, 2027, 1860, 1916,
ARM GAS  C:\Users\kaush\AppData\Local\Temp\ccalbX8O.s 			page 70


3908:Core/Src/main.c **** 	    1800, 2068, 2238, 1805, 2042, 1704, 1988, 1742, 2158, 2174,
3909:Core/Src/main.c **** 	    2018, 2126, 1853, 1986, 1819, 2153, 1966, 1906, 2138, 1920,
3910:Core/Src/main.c **** 	    2001, 1837, 2156, 1807, 1843, 1886, 2058, 1978, 2038, 2091,
3911:Core/Src/main.c **** 	    1756, 1931, 1716, 2042, 2036, 2293, 2228, 1785, 2011, 1707,
3912:Core/Src/main.c **** 	    1911, 1804, 2340, 2224, 1854, 1952, 1736, 1872, 1680, 2150,
3913:Core/Src/main.c **** 	    2072, 2040, 1989, 1900, 1923, 1899, 2043, 1842, 2112, 2001,
3914:Core/Src/main.c **** 	    2042, 1888, 2030, 2058, 1646, 1980, 1842, 2137, 1880, 2213,
3915:Core/Src/main.c **** 	    2115, 1727, 1933, 1751, 2064, 1942, 2264, 2084, 1806, 1925,
3916:Core/Src/main.c **** 	    1743, 1934, 1933, 2320, 2000, 1976, 1835, 1871, 1804, 1899,
3917:Core/Src/main.c **** 	    2149, 1975, 2096, 1846, 1968, 1845, 2096, 2109, 1835, 2235,
3918:Core/Src/main.c **** 	    1872, 2059, 1746, 2170, 2011, 1693, 2031, 1948, 2093, 1853,
3919:Core/Src/main.c **** 	    2150, 1980, 1790, 1872, 1879, 2126, 2012, 2219, 1903, 1941,
3920:Core/Src/main.c **** 	    1814, 1870, 1904, 2179, 2271, 1895, 2026, 1759, 1939, 1728,
3921:Core/Src/main.c **** 	    2185, 2207, 1900, 2037, 1782, 1932, 1665, 2091, 2065, 1896,
3922:Core/Src/main.c **** 	    2211, 2113, 2177, 2013, 2178, 1821, 1750, 1774, 1977, 1866,
3923:Core/Src/main.c **** 	    1769, 2136, 1681, 1859, 1914, 2044, 2158, 2206, 2404, 1986,
3924:Core/Src/main.c **** 	    2290, 1680, 1960, 1836, 2171, 1929, 1597, 1900, 1525, 1876,
3925:Core/Src/main.c **** 	    1800, 2328, 2436, 2045, 2074, 1837, 1715, 1866, 1828, 1656,
3926:Core/Src/main.c **** 	    2098, 1841, 2212, 1781, 2333, 1936, 1955, 2104, 1858, 2736,
3927:Core/Src/main.c **** 	    1556, 2012, 2063, 1715, 1591, 1754, 1732, 1854, 1799, 2722,
3928:Core/Src/main.c **** 	    1792, 1763, 2013, 2423, 1616, 2505, 2442, 1619, 1768, 1987,
3929:Core/Src/main.c **** 	    2415, 1150, 2096, 2112, 1763, 1414, 2591, 1417, 1651, 2503,
3930:Core/Src/main.c **** 	    2459, 2000, 1898, 2181, 1667, 1741, 2238, 2398, 1082, 2199,
3931:Core/Src/main.c **** 	    2297, 1639, 1949, 2392, 1271, 1388, 2032, 2789, 1867, 1779,
3932:Core/Src/main.c **** 	    2700, 1664, 1518, 2429, 2425, 1352, 2346, 1976, 2222, 1386,
3933:Core/Src/main.c **** 	    1958, 1714, 1473, 2406, 2792, 1698, 1765, 2548, 1356, 2011,
3934:Core/Src/main.c **** 	    2122, 2188, 1499, 1759, 2287, 1990, 1465, 2670, 1845, 1476,
3935:Core/Src/main.c **** 	    2255, 2368, 1776, 2088, 2164, 1852, 1604, 1866, 2494, 1433,
3936:Core/Src/main.c **** 	    2171, 2240, 1716, 1565, 2479, 1730, 1976, 2195, 2134, 1934,
3937:Core/Src/main.c **** 	    1576, 2438, 1786, 1631, 2391, 2373, 1354, 2138, 1935, 1645,
3938:Core/Src/main.c **** 	    1922, 2440, 2205, 1563, 1656, 2409, 1809, 1933, 2677, 1837,
3939:Core/Src/main.c **** 	    1636, 2111, 2133, 1702, 1923, 1760, 2011, 1530, 2608, 2143,
3940:Core/Src/main.c **** 	    1515, 2178, 2275, 1744, 1927, 2324, 1740, 1821, 2021, 2432,
3941:Core/Src/main.c **** 	    1454, 1474, 2139, 2015, 1818, 2707, 2072, 1518, 1857, 2111,
3942:Core/Src/main.c **** 	    2083, 1874, 2225, 2079, 1485, 1934, 2339, 1450, 2097, 2081,
3943:Core/Src/main.c **** 	    2109, 1733, 2270, 1867, 1716, 1926, 2361, 1985, 1502, 2391,
3944:Core/Src/main.c **** 	    1839, 1662, 2219, 2224, 1625, 1860, 2147, 2335, 1703, 2031,
3945:Core/Src/main.c **** 	    2120, 1442, 1836, 2405, 1926, 2037, 2231, 1842, 1659, 1771,
3946:Core/Src/main.c **** 	    2045, 1800, 2118, 2255, 2229, 1258, 2308, 1933, 1690, 2217,
3947:Core/Src/main.c **** 	    2315, 2115, 1679, 2131, 2007, 1594, 1666, 2339, 1781, 1944,
3948:Core/Src/main.c **** 	    2253, 1948, 1830, 2170, 1975, 1783, 1862, 2169, 2140, 1853,
3949:Core/Src/main.c **** 	    2204, 2039, 1227, 1949, 2279, 1937, 2299, 1990, 2132, 1408,
3950:Core/Src/main.c **** 	    2058, 2125, 1853, 1848, 2306, 2032, 1662, 2305, 1821, 1689,
3951:Core/Src/main.c **** 	    1649, 2084, 1995, 2188, 2074, 2087, 2348, 2762, 2493, 1834,
3952:Core/Src/main.c **** 	    1674, 1834, 2066, 1679, 1778, 2231, 2252, 2619, 2425, 1851,
3953:Core/Src/main.c **** 	    1794, 1966, 1705, 1734, 2181, 2399, 2581, 2264, 1930, 2098,
3954:Core/Src/main.c **** 	    1822, 1751, 1923, 1885, 2285, 2577, 1978, 1543, 1830, 1787,
3955:Core/Src/main.c **** 	    1623, 2000, 2069, 2375, 2614, 2228, 1677, 1793, 1639, 1598,
3956:Core/Src/main.c **** 	    1849, 1899, 2435, 2690, 2214, 1771, 1804, 1342, 1537, 1761,
3957:Core/Src/main.c **** 	    1688, 2278, 2779, 2281, 1950, 1911, 1493, 1656, 1807, 1715,
3958:Core/Src/main.c **** 	    2242, 2631, 2320, 2001, 1876, 1476, 1680, 1748, 1575, 2129,
3959:Core/Src/main.c **** 	    2560, 2282, 2090, 1905, 1425, 1749, 1704, 1512, 2135, 2601,
3960:Core/Src/main.c **** 	    2344, 2253, 1891, 1501, 1750, 1617, 1494, 2048, 2475, 2334,
3961:Core/Src/main.c **** 	    2260, 1824, 1470, 1757, 1575, 1457, 2041, 2481, 2399, 2403,
3962:Core/Src/main.c **** 	    1923, 1582, 1812, 1528, 1405, 1959, 2389, 2432, 2373, 1893,
3963:Core/Src/main.c **** 	    1642, 1832, 1477, 1481, 1854, 2206, 2420, 2379, 1897, 1786,
3964:Core/Src/main.c **** 	    1983, 1561, 1564, 1834, 2154, 2356, 2332, 1816, 1732, 1920,
ARM GAS  C:\Users\kaush\AppData\Local\Temp\ccalbX8O.s 			page 71


3965:Core/Src/main.c **** 	    1582, 1590, 1778, 2093, 2457, 2346, 1862, 1780, 1876, 1537,
3966:Core/Src/main.c **** 	    1667, 1773, 2048, 2517, 2387, 1939, 1863, 1879, 1492, 1614,
3967:Core/Src/main.c **** 	    1633, 1959, 2472, 2403, 2003, 1909, 1880, 1549, 1676, 1581,
3968:Core/Src/main.c **** 	    1958, 2538, 2412, 2002, 1954, 1842, 1580, 1728, 1607, 1966,
3969:Core/Src/main.c **** 	    2559, 2406, 1983, 1839, 1701, 1618, 1703, 1614, 2059, 2651,
3970:Core/Src/main.c **** 	    2448, 2103, 1919, 1680, 1663, 1725, 1552, 2041, 2660, 2445,
3971:Core/Src/main.c **** 	    2115, 1921, 1634, 1688, 1744, 1576, 2020, 2588, 2429, 2191,
3972:Core/Src/main.c **** 	    1918, 1616, 1808, 1775, 1607, 2059, 2591, 2415, 2226, 1989,
3973:Core/Src/main.c **** 	    1594, 1832, 1711, 1548, 1954, 2478, 2441, 2288, 2010, 1665,
3974:Core/Src/main.c **** 	    1882, 1698, 1569, 1966, 2403, 2451, 2383, 2061, 1696, 1942,
3975:Core/Src/main.c **** 	    1661, 1581, 1928, 2279, 2439, 2386, 2050, 1690, 1908, 1649,
3976:Core/Src/main.c **** 	    1589, 1865, 2262, 2530, 2493, 2088, 1750, 1958, 1591, 1589,
3977:Core/Src/main.c **** 	    1862, 2183, 2559, 2493, 2020, 1751, 1931, 1614, 1644, 1808,
3978:Core/Src/main.c **** 	    2127, 2510, 2485, 2007, 1808, 1921, 1648, 1725, 1813, 2045,
3979:Core/Src/main.c **** 	    2565, 2504, 1994, 1821, 1894, 1644, 1722, 1767, 1978, 2519,
3980:Core/Src/main.c **** 	    2483, 2021, 1854, 1872, 1732, 1792, 1720, 1948, 2510, 2423,
3981:Core/Src/main.c **** 	    2014, 1953, 1847, 1723, 1802, 1672, 1887, 2467, 2429, 2028,
3982:Core/Src/main.c **** 	    1990, 1824, 1742, 1758, 1637, 1883, 2453, 2396, 2113, 2022,
3983:Core/Src/main.c **** 	    1751, 1785, 1815, 1572, 1823, 2423, 2369, 2099, 2050, 1749,
3984:Core/Src/main.c **** 	    1803, 1794, 1584, 1817, 2363, 2421, 2192, 2023, 1711, 1791,
3985:Core/Src/main.c **** 	    1701, 1550, 1893, 2375, 2377, 2251, 2012, 1609, 1801, 1754,
3986:Core/Src/main.c **** 	    1543, 1884, 2326, 2372, 2251, 2048, 1668, 1782, 1713, 1567,
3987:Core/Src/main.c **** 	    1836, 2210, 2406, 2346, 1987, 1671, 1842, 1664, 1548, 1878,
3988:Core/Src/main.c **** 	    2179, 2350, 2386, 2022, 1647, 1855, 1731, 1581, 1808, 2112,
3989:Core/Src/main.c **** 	    2370, 2366, 2024, 1776, 1829, 1651, 1616, 1808, 1999, 2410,
3990:Core/Src/main.c **** 	    2481, 1997, 1771, 1848, 1635, 1613, 1822, 2030, 2370, 2498,
3991:Core/Src/main.c **** 	    2061, 1781, 1788, 1648, 1646, 1724, 1953, 2427, 2481, 2054,
3992:Core/Src/main.c **** 	    1907, 1806, 1620, 1688, 1721, 1869, 2408, 2526, 2040, 1905,
3993:Core/Src/main.c **** 	    1804, 1640, 1676, 1757, 1935, 2377, 2467, 2078, 1944, 1715,
3994:Core/Src/main.c **** 	    1663, 1770, 1695, 1882, 2389, 2437, 2074, 2004, 1754, 1674,
3995:Core/Src/main.c **** 	    1799, 1687, 1823, 2349, 2445, 2123, 2010, 1757, 1717, 1783,
3996:Core/Src/main.c **** 	    1669, 1868, 2299, 2402, 2155, 2062, 1738, 1766, 1841, 1612,
3997:Core/Src/main.c **** 	    1822, 2266, 2363, 2200, 2121, 1776, 1763, 1819, 1626, 1778,
3998:Core/Src/main.c **** 	    2211, 2363, 2293, 2116, 1777, 1813, 1811, 1622, 1838, 2187,
3999:Core/Src/main.c **** 	    2348, 2335, 2090, 1754, 1828, 1815, 1623, 1823, 2181, 2346,
4000:Core/Src/main.c **** 	    2354, 2125, 1792, 1820, 1784, 1617, 1804, 2140, 2367, 2411,
4001:Core/Src/main.c **** 	    2123, 1796, 1865, 1737, 1678, 1830, 2091, 2317, 2444, 2112,
4002:Core/Src/main.c **** 	    1797, 1887, 1770, 1707, 1803, 2069, 2287, 2418, 2103, 1879,
4003:Core/Src/main.c **** 	    1878, 1777, 1730, 1783, 1988, 2312, 2467, 2113, 1913, 1891,
4004:Core/Src/main.c **** 	    1726, 1716, 1813, 1933, 2263, 2460, 2135, 1944, 1890, 1739,
4005:Core/Src/main.c **** 	    1744, 1770, 1901, 2265, 2444, 2174, 2003, 1851, 1718, 1766,
4006:Core/Src/main.c **** 	    1714, 1854, 2263, 2485, 2190, 2026, 1833, 1682, 1754, 1734,
4007:Core/Src/main.c **** 	    1845, 2265, 2476, 2197, 2024, 1816, 1705, 1777, 1716, 1824,
4008:Core/Src/main.c **** 	    2254, 2413, 2225, 2063, 1772, 1696, 1791, 1705, 1814, 2257,
4009:Core/Src/main.c **** 	    2407, 2238, 2067, 1774, 1695, 1797, 1725, 1806, 2197, 2383,
4010:Core/Src/main.c **** 	    2247, 2070, 1773, 1752, 1822, 1695, 1777, 2156, 2304, 2271,
4011:Core/Src/main.c **** 	    2123, 1785, 1789, 1825, 1673, 1750, 2140, 2302, 2294, 2127,
4012:Core/Src/main.c **** 	    1805, 1785, 1784, 1692, 1762, 2074, 2272, 2340, 2141, 1820,
4013:Core/Src/main.c **** 	    1841, 1832, 1671, 1764, 2005, 2210, 2333, 2156, 1790, 1846,
4014:Core/Src/main.c **** 	    1782, 1665, 1753, 2026, 2257, 2387, 2166, 1828, 1826, 1738,
4015:Core/Src/main.c **** 	    1711, 1795, 1996, 2244, 2391, 2132, 1843, 1820, 1725, 1675,
4016:Core/Src/main.c **** 	    1773, 1973, 2178, 2388, 2169, 1857, 1805, 1758, 1836, 1878,
4017:Core/Src/main.c **** 	    1796, 2045, 2307, 1940, 1844, 1933, 1923, 1895, 1849, 1720,
4018:Core/Src/main.c **** 	    1916, 2016, 2120, 1944, 1973, 1797, 1899, 1859, 1630, 2232,
4019:Core/Src/main.c **** 	    2459, 2418, 2166, 1903, 1696, 1526, 1816, 1943, 2245, 2489,
4020:Core/Src/main.c **** 	    2125, 2009, 1673, 1645, 1846, 1740, 1771, 1988, 2225, 2064,
4021:Core/Src/main.c **** 	    1958, 2070, 1854, 2009, 1797, 1567, 1974, 2132, 2448, 2287,
ARM GAS  C:\Users\kaush\AppData\Local\Temp\ccalbX8O.s 			page 72


4022:Core/Src/main.c **** 	    2153, 1910, 1561, 1510, 1540, 2150, 2451, 2478, 2257, 1662,
4023:Core/Src/main.c **** 	    1640, 1597, 1738, 1961, 2301, 2460, 2124, 1990, 1646, 1710,
4024:Core/Src/main.c **** 	    1953, 1833, 1948, 2022, 2060, 2120, 1976, 1914, 1959, 2080,
4025:Core/Src/main.c **** 	    1789, 1627, 1901, 2047, 2442, 2381, 2224, 1968, 1633, 1570,
4026:Core/Src/main.c **** 	    1544, 2052, 2459, 2567, 2296, 1682, 1661, 1616, 1667, 1963,
4027:Core/Src/main.c **** 	    2151, 2287, 2299, 2089, 1689, 1782, 1920, 1808, 2003, 1908,
4028:Core/Src/main.c **** 	    1988, 2222, 2055, 2077, 2064, 2087, 1780, 1561, 1697, 1938,
4029:Core/Src/main.c **** 	    2459, 2422, 2313, 2031, 1687, 1572, 1580, 1859, 2274, 2636,
4030:Core/Src/main.c **** 	    2356, 1785, 1704, 1571, 1669, 2006, 1999, 2314, 2292, 2000,
4031:Core/Src/main.c **** 	    1806, 1728, 1852, 1944, 2116, 1876, 1990, 2183, 2008, 2069,
4032:Core/Src/main.c **** 	    2036, 2118, 1828, 1635, 1658, 1857, 2433, 2426, 2367, 2011,
4033:Core/Src/main.c **** 	    1614, 1623, 1595, 1739, 2240, 2563, 2372, 2015, 1717, 1565,
4034:Core/Src/main.c **** 	    1709, 1879, 1868, 2249, 2208, 2061, 1923, 1773, 1962, 1985,
4035:Core/Src/main.c **** 	    2071, 1768, 1848, 2088, 2092, 2242, 2100, 2114, 1909, 1608,
4036:Core/Src/main.c **** 	    1567, 1788, 2262, 2410, 2447, 2031, 1648, 1663, 1527, 1725,
4037:Core/Src/main.c **** 	    2146, 2402, 2483, 2100, 1728, 1646, 1710, 1838, 1859, 2213,
4038:Core/Src/main.c **** 	    2137, 2154, 2012, 1740, 1884, 1966, 2068, 1814, 1798, 1995,
4039:Core/Src/main.c **** 	    2117, 2246, 2081, 2114, 1941, 1594, 1651, 1719, 2109, 2450,
4040:Core/Src/main.c **** 	    2402, 2074, 1730, 1685, 1519, 1702, 1967, 2219, 2557, 2153,
4041:Core/Src/main.c **** 	    1822, 1709, 1682, 1874, 1868, 2115, 2055, 2165, 2045, 1788,
4042:Core/Src/main.c **** 	    1952, 1953, 2051, 1865, 1702, 1883, 2110, 2240, 2145, 2173,
4043:Core/Src/main.c **** 	    1959, 1615, 1659, 1598, 2015, 2459, 2377, 2231, 1774, 1624,
4044:Core/Src/main.c **** 	    1591, 1681, 1866, 2133, 2563, 2213, 1912, 1743, 1601, 1837,
4045:Core/Src/main.c **** 	    1917, 2131, 2090, 2125, 2001, 1822, 1881, 1881, 2052, 1952,
4046:Core/Src/main.c **** 	    1602, 1994, 2391, 2546, 2477, 2043, 1990, 1537, 1667, 1497,
4047:Core/Src/main.c **** 	    1815, 2182, 2305, 2177, 1808, 1745, 1986, 1332, 1868, 2219,
4048:Core/Src/main.c **** 	    2384, 2584, 2554, 1921, 1974, 1941, 1734, 2018, 1945, 1881,
4049:Core/Src/main.c **** 	    1873, 1405, 1199, 2212, 1872, 2030, 1549, 2041, 1707, 2377,
4050:Core/Src/main.c **** 	    3729, 1593, 2487, 785, 1444, 716, 1787, 1892, 2383, 2329,
4051:Core/Src/main.c **** 	    1429, 2433, 1930, 2473, 2124, 2756, 1960, 1871, 2290, 614,
4052:Core/Src/main.c **** 	    1438, 453, 1574, 1634, 2466, 1857, 2931, 2169, 2334, 2366,
4053:Core/Src/main.c **** 	    2429, 2504, 1490, 1743, 1621, 1635, 2296, 1549, 1945, 1080,
4054:Core/Src/main.c **** 	    1629, 1459, 2406, 2399, 2954, 2648, 2193, 1911, 2117, 2044,
4055:Core/Src/main.c **** 	    1370, 1845, 1918, 1965, 2326, 1800, 1713, 1615, 2089, 1954,
4056:Core/Src/main.c **** 	    2537, 2140, 2511, 2290, 1925, 2080, 2273, 2282, 1268, 1727,
4057:Core/Src/main.c **** 	    1593, 1974, 2510, 2372, 2085, 1829, 1832, 1708, 2003, 2165,
4058:Core/Src/main.c **** 	    2429, 2650, 1986, 1896, 1887, 1899, 1351, 2083, 1957, 2144,
4059:Core/Src/main.c **** 	    2257, 2321, 1670, 1916, 2017, 2204, 2186, 2165, 2058, 2198,
4060:Core/Src/main.c **** 	    1764, 2039, 2014, 2155, 1340, 2027, 1602, 2062, 2364, 2584,
4061:Core/Src/main.c **** 	    2000, 2032, 1727, 2015, 1973, 2247, 2126, 2269, 1561, 1904,
4062:Core/Src/main.c **** 	    1715, 1854, 1438, 2205, 1793, 2153, 2279, 2436, 1910, 1980,
4063:Core/Src/main.c **** 	    1760, 2173, 1901, 2144, 1872, 1893, 1480, 1939, 1891, 2010,
4064:Core/Src/main.c **** 	    1487, 2165, 1700, 2133, 2279, 2504, 2079, 1825, 1667, 1943,
4065:Core/Src/main.c **** 	    1792, 2089, 1898, 1959, 1441, 1985, 1797, 2039, 1662, 2146,
4066:Core/Src/main.c **** 	    1794, 2079, 2147, 2280, 1967, 1778, 1676, 1993, 1814, 2046,
4067:Core/Src/main.c **** 	    2026, 1889, 1581, 2105, 1829, 2081, 1702, 2042, 1730, 2058,
4068:Core/Src/main.c **** 	    2093, 2179, 2018, 1605, 1765, 2024, 1834, 2139, 2195, 1851,
4069:Core/Src/main.c **** 	    1658, 2108, 1832, 2098, 1825, 1906, 1784, 1941, 1970, 2176,
4070:Core/Src/main.c **** 	    2053, 1620, 1922, 2008, 1883, 2073, 2300, 1840, 1846, 2118,
4071:Core/Src/main.c **** 	    1842, 2057, 1804, 1858, 1900, 1966, 2063, 2161, 2083, 1549,
4072:Core/Src/main.c **** 	    1994, 1971, 1956, 2071, 2365, 1808, 1966, 2084, 1909, 2082,
4073:Core/Src/main.c **** 	    1881, 1869, 1983, 1914, 2039, 2139, 2154, 1595, 2157, 1858,
4074:Core/Src/main.c **** 	    1955, 1933, 2413, 1822, 2168, 2133, 1985, 2042, 1851, 1865,
4075:Core/Src/main.c **** 	    1961, 1967, 1966, 1974, 1967, 1967, 1967, 1966, 1971, 1970
4076:Core/Src/main.c **** 	};
4077:Core/Src/main.c **** 
4078:Core/Src/main.c **** uint32_t PIANO_LUT[NS_L] = {
ARM GAS  C:\Users\kaush\AppData\Local\Temp\ccalbX8O.s 			page 73


4079:Core/Src/main.c **** 	    1901, 1901, 1901, 1901, 1901, 1901, 1901, 1901, 1901, 1901,
4080:Core/Src/main.c **** 	    1900, 1900, 1900, 1901, 1900, 1900, 1899, 1900, 1901, 1901,
4081:Core/Src/main.c **** 	    1900, 1902, 1902, 1899, 1901, 1901, 1901, 1362, 1692, 1636,
4082:Core/Src/main.c **** 	    2426, 1417, 2573, 1454, 3000, 1571, 3651, 1190, 1188, 1503,
4083:Core/Src/main.c **** 	    2081, 1542, 2343, 1634, 2422, 1838, 3294, 2026, 779, 1506,
4084:Core/Src/main.c **** 	    1891, 1674, 1947, 1813, 2111, 2039, 2452, 2582, 777, 1722,
4085:Core/Src/main.c **** 	    1775, 1933, 1782, 2133, 1843, 2300, 2028, 3077, 805, 1648,
4086:Core/Src/main.c **** 	    1613, 2071, 1519, 2239, 1568, 2510, 1582, 3190, 1000, 1691,
4087:Core/Src/main.c **** 	    1515, 2206, 1419, 2430, 1446, 2626, 1445, 3232, 1367, 1599,
4088:Core/Src/main.c **** 	    1402, 2267, 1321, 2385, 1353, 2608, 1393, 2964, 1661, 1615,
4089:Core/Src/main.c **** 	    1349, 2312, 1347, 2399, 1455, 2486, 1492, 2744, 1997, 1614,
4090:Core/Src/main.c **** 	    1279, 2242, 1406, 2250, 1532, 2348, 1658, 2382, 2200, 1660,
4091:Core/Src/main.c **** 	    1313, 2168, 1572, 2077, 1733, 2137, 1872, 2094, 2439, 1713,
4092:Core/Src/main.c **** 	    1330, 1940, 1785, 1849, 1905, 1923, 2090, 1860, 2510, 1809,
4093:Core/Src/main.c **** 	    1459, 1763, 1975, 1683, 2089, 1762, 2249, 1694, 2534, 1939,
4094:Core/Src/main.c **** 	    1584, 1520, 2097, 1578, 2118, 1607, 2338, 1639, 2408, 1990,
4095:Core/Src/main.c **** 	    1723, 1413, 2148, 1559, 2172, 1563, 2367, 1655, 2308, 2108,
4096:Core/Src/main.c **** 	    1863, 1348, 2147, 1544, 2141, 1548, 2286, 1748, 2148, 2113,
4097:Core/Src/main.c **** 	    1983, 1339, 2145, 1600, 2063, 1679, 2089, 1918, 1966, 2205,
4098:Core/Src/main.c **** 	    2044, 1425, 1988, 1753, 1954, 1758, 1959, 1989, 1904, 2115,
4099:Core/Src/main.c **** 	    2140, 1459, 1881, 1827, 1911, 1871, 1886, 2043, 1898, 2056,
4100:Core/Src/main.c **** 	    2254, 1569, 1721, 1887, 1845, 1923, 1812, 2032, 1927, 1957,
4101:Core/Src/main.c **** 	    2277, 1705, 1632, 1919, 1818, 1955, 1789, 1994, 1955, 1908,
4102:Core/Src/main.c **** 	    2230, 1899, 1540, 1939, 1769, 1970, 1788, 1946, 1987, 1904,
4103:Core/Src/main.c **** 	    2122, 2059, 1531, 1915, 1769, 1977, 1814, 1914, 1977, 1942,
4104:Core/Src/main.c **** 	    2018, 2200, 1555, 1861, 1794, 1953, 1845, 1883, 1970, 1949,
4105:Core/Src/main.c **** 	    1930, 2228, 1636, 1797, 1804, 1928, 1884, 1883, 1929, 2012,
4106:Core/Src/main.c **** 	    1848, 2240, 1732, 1730, 1837, 1893, 1900, 1866, 1903, 2046,
4107:Core/Src/main.c **** 	    1813, 2166, 1856, 1680, 1855, 1861, 1944, 1882, 1884, 2044,
4108:Core/Src/main.c **** 	    1847, 2082, 1977, 1650, 1851, 1833, 1935, 1905, 1879, 2014,
4109:Core/Src/main.c **** 	    1921, 1976, 2082, 1677, 1835, 1829, 1918, 1906, 1880, 1969,
4110:Core/Src/main.c **** 	    1975, 1912, 2093, 1724, 1816, 1836, 1915, 1900, 1896, 1917,
4111:Core/Src/main.c **** 	    1997, 1870, 2100, 1796, 1790, 1840, 1923, 1893, 1910, 1880,
4112:Core/Src/main.c **** 	    2009, 1855, 2063, 1862, 1756, 1836, 1918, 1894, 1908, 1881,
4113:Core/Src/main.c **** 	    1994, 1872, 2031, 1926, 1764, 1816, 1928, 1905, 1927, 1860,
4114:Core/Src/main.c **** 	    1993, 1893, 1987, 1975, 1773, 1789, 1888, 1927, 1908, 1863,
4115:Core/Src/main.c **** 	    1965, 1911, 1943, 1999, 1816, 1774, 1869, 1938, 1926, 1884,
4116:Core/Src/main.c **** 	    1951, 1941, 1915, 2022, 1837, 1791, 1835, 1930, 1910, 1890,
4117:Core/Src/main.c **** 	    1913, 1968, 1885, 2012, 1860, 1799, 1836, 1908, 1910, 1901,
4118:Core/Src/main.c **** 	    1911, 1983, 1913, 1987, 1890, 1815, 1815, 1911, 1884, 1898,
4119:Core/Src/main.c **** 	    1899, 1963, 1935, 1962, 1939, 1831, 1817, 1892, 1895, 1901,
4120:Core/Src/main.c **** 	    1887, 1948, 1925, 1948, 1944, 1869, 1811, 1884, 1890, 1905,
4121:Core/Src/main.c **** 	    1889, 1936, 1924, 1916, 1941, 1876, 1833, 1867, 1913, 1901,
4122:Core/Src/main.c **** 	    1900, 1923, 1951, 1916, 1939, 1897, 1853, 1857, 1911, 1884,
4123:Core/Src/main.c **** 	    1905, 1903, 1944, 1908, 1930, 1910, 1866, 1855, 1910, 1882,
4124:Core/Src/main.c **** 	    1906, 1889, 1952, 1890, 1930, 1896, 1895, 1845, 1915, 1863,
4125:Core/Src/main.c **** 	    1906, 1880, 1957, 1898, 1928, 1907, 1911, 1844, 1912, 1867,
4126:Core/Src/main.c **** 	    1905, 1867, 1943, 1918, 1923, 1908, 1937, 1850, 1914, 1863,
4127:Core/Src/main.c **** 	    1906, 1858, 1918, 1929, 1919, 1905, 1939, 1847, 1908, 1874,
4128:Core/Src/main.c **** 	    1898, 1872, 1877, 1921, 1917, 1915, 1938, 1883, 1891, 1887,
4129:Core/Src/main.c **** 	    1896, 1907, 1878, 1902, 1934, 1908, 1933, 1901, 1878, 1885,
4130:Core/Src/main.c **** 	    1888, 1905, 1886, 1879, 1939, 1897, 1919, 1915, 1890, 1881,
4131:Core/Src/main.c **** 	    1885, 1902, 1916, 1889, 1926, 1911, 1905, 1930, 1885, 1884,
4132:Core/Src/main.c **** 	    1877, 1891, 1915, 1883, 1917, 1905, 1891, 1935, 1894, 1891,
4133:Core/Src/main.c **** 	    1864, 1890, 1910, 1895, 1907, 1925, 1878, 1943, 1893, 1916,
4134:Core/Src/main.c **** 	    1872, 1904, 1904, 1900, 1883, 1931, 1862, 1936, 1891, 1909,
4135:Core/Src/main.c **** 	    1874, 1893, 1903, 1902, 1876, 1937, 1874, 1934, 1908, 1914,
ARM GAS  C:\Users\kaush\AppData\Local\Temp\ccalbX8O.s 			page 74


4136:Core/Src/main.c **** 	    1885, 1885, 1900, 1914, 1864, 1930, 1870, 1927, 1904, 1923,
4137:Core/Src/main.c **** 	    1887, 1888, 1894, 1926, 1862, 1920, 1873, 1914, 1905, 1921,
4138:Core/Src/main.c **** 	    1898, 1908, 1884, 1941, 1861, 1910, 1886, 1897, 1906, 1910,
4139:Core/Src/main.c **** 	    1897, 1904, 1898, 1930, 1889, 1889, 1904, 1895, 1902, 1901,
4140:Core/Src/main.c **** 	    1900, 1893, 1908, 1924, 1904, 1881, 1912, 1894, 1903, 1885,
4141:Core/Src/main.c **** 	    1907, 1869, 1907, 1913, 1916, 1874, 1926, 1898, 1923, 1872,
4142:Core/Src/main.c **** 	    1911, 1877, 1912, 1911, 1920, 1874, 1927, 1891, 1932, 1857,
4143:Core/Src/main.c **** 	    1913, 1875, 1913, 1908, 1921, 1877, 1915, 1889, 1939, 1865,
4144:Core/Src/main.c **** 	    1900, 1685, 1954, 1802, 2022, 1829, 1994, 1855, 2034, 1831,
4145:Core/Src/main.c **** 	    2139, 1680, 1934, 1799, 1986, 1849, 2021, 1823, 2020, 1832,
4146:Core/Src/main.c **** 	    2110, 1739, 1841, 1815, 1960, 1834, 1983, 1835, 2015, 1820,
4147:Core/Src/main.c **** 	    2052, 1832, 1826, 1860, 1952, 1866, 1987, 1850, 1984, 1864,
4148:Core/Src/main.c **** 	    2001, 1903, 1768, 1855, 1912, 1869, 1949, 1877, 1955, 1915,
4149:Core/Src/main.c **** 	    1925, 1973, 1771, 1885, 1889, 1898, 1913, 1911, 1901, 1967,
4150:Core/Src/main.c **** 	    1875, 2035, 1761, 1864, 1868, 1903, 1875, 1939, 1859, 1998,
4151:Core/Src/main.c **** 	    1832, 2046, 1802, 1872, 1867, 1926, 1860, 1977, 1837, 2022,
4152:Core/Src/main.c **** 	    1824, 2048, 1838, 1856, 1833, 1935, 1830, 1976, 1819, 2016,
4153:Core/Src/main.c **** 	    1819, 2019, 1867, 1871, 1819, 1956, 1826, 1986, 1830, 2002,
4154:Core/Src/main.c **** 	    1853, 1985, 1901, 1868, 1809, 1944, 1822, 1970, 1837, 1980,
4155:Core/Src/main.c **** 	    1884, 1940, 1935, 1875, 1828, 1937, 1844, 1946, 1872, 1937,
4156:Core/Src/main.c **** 	    1928, 1912, 1964, 1878, 1834, 1911, 1862, 1912, 1901, 1895,
4157:Core/Src/main.c **** 	    1946, 1876, 1967, 1881, 1848, 1887, 1893, 1880, 1937, 1864,
4158:Core/Src/main.c **** 	    1965, 1869, 1983, 1895, 1859, 1855, 1909, 1854, 1953, 1838,
4159:Core/Src/main.c **** 	    1971, 1861, 1980, 1916, 1876, 1838, 1927, 1852, 1956, 1842,
4160:Core/Src/main.c **** 	    1945, 1888, 1948, 1957, 1884, 1842, 1902, 1869, 1928, 1874,
4161:Core/Src/main.c **** 	    1903, 1902, 1907, 1960, 1902, 1840, 1896, 1879, 1921, 1895,
4162:Core/Src/main.c **** 	    1900, 1914, 1905, 1956, 1924, 1850, 1886, 1880, 1899, 1902,
4163:Core/Src/main.c **** 	    1890, 1917, 1891, 1941, 1926, 1865, 1876, 1898, 1893, 1912,
4164:Core/Src/main.c **** 	    1888, 1928, 1894, 1930, 1931, 1874, 1856, 1906, 1892, 1916,
4165:Core/Src/main.c **** 	    1888, 1922, 1901, 1917, 1932, 1880, 1849, 1901, 1900, 1915,
4166:Core/Src/main.c **** 	    1891, 1916, 1910, 1911, 1925, 1894, 1850, 1896, 1904, 1905,
4167:Core/Src/main.c **** 	    1894, 1906, 1920, 1909, 1918, 1904, 1856, 1888, 1910, 1899,
4168:Core/Src/main.c **** 	    1898, 1901, 1913, 1915, 1911, 1921, 1866, 1881, 1912, 1903,
4169:Core/Src/main.c **** 	    1897, 1898, 1899, 1921, 1895, 1930, 1876, 1877, 1916, 1904,
4170:Core/Src/main.c **** 	    1897, 1908, 1893, 1919, 1888, 1925, 1885, 1864, 1912, 1912,
4171:Core/Src/main.c **** 	    1892, 1914, 1890, 1922, 1890, 1924, 1902, 1865, 1898, 1923,
4172:Core/Src/main.c **** 	    1891, 1916, 1885, 1920, 1889, 1914, 1911, 1871, 1881, 1925,
4173:Core/Src/main.c **** 	    1887, 1908, 1890, 1909, 1902, 1902, 1916, 1870, 1883, 1925,
4174:Core/Src/main.c **** 	    1906, 1903, 1904, 1900, 1915, 1893, 1926, 1869, 1883, 1900,
4175:Core/Src/main.c **** 	    1917, 1888, 1914, 932, 1577, 2236, 1730, 1717, 1765, 2505,
4176:Core/Src/main.c **** 	    1623, 2336, 2706, 1662, 1253, 1708, 2323, 1715, 1473, 2099,
4177:Core/Src/main.c **** 	    2261, 1572, 2548, 2382, 2067, 1138, 1599, 2228, 1339, 1946,
4178:Core/Src/main.c **** 	    1755, 2207, 1694, 2256, 2667, 1279, 1832, 1418, 2438, 1548,
4179:Core/Src/main.c **** 	    1667, 2366, 1578, 2332, 2038, 2523, 1577, 1321, 2126, 1740,
4180:Core/Src/main.c **** 	    1795, 1644, 2167, 1828, 1915, 2323, 2204, 1475, 1558, 1990,
4181:Core/Src/main.c **** 	    1926, 1735, 1711, 2319, 1621, 2244, 2249, 2072, 1658, 1287,
4182:Core/Src/main.c **** 	    2414, 1441, 1892, 1812, 1967, 2104, 1615, 2776, 1557, 1724,
4183:Core/Src/main.c **** 	    1677, 1948, 1990, 1383, 2314, 1786, 1934, 2137, 2253, 1954,
4184:Core/Src/main.c **** 	    1358, 1940, 1934, 1714, 1753, 2056, 1866, 1949, 2062, 2365,
4185:Core/Src/main.c **** 	    1626, 1541, 2042, 1746, 1982, 1502, 2293, 1782, 1858, 2448,
4186:Core/Src/main.c **** 	    1806, 2060, 1259, 2197, 1816, 1605, 2163, 1646, 2214, 1654,
4187:Core/Src/main.c **** 	    2385, 2018, 1523, 1888, 1773, 2060, 1630, 1964, 2017, 1810,
4188:Core/Src/main.c **** 	    2030, 2201, 1930, 1690, 1698, 1969, 1880, 1613, 2164, 1720,
4189:Core/Src/main.c **** 	    2081, 1914, 2141, 2055, 1347, 2179, 1628, 2065, 1737, 1870,
4190:Core/Src/main.c **** 	    2194, 1512, 2464, 1830, 2020, 1623, 1739, 2152, 1531, 2069,
4191:Core/Src/main.c **** 	    1798, 2001, 1822, 2154, 2042, 1748, 1762, 1798, 2062, 1662,
4192:Core/Src/main.c **** 	    2069, 1816, 1961, 1919, 2081, 2127, 1604, 1908, 1701, 2038,
ARM GAS  C:\Users\kaush\AppData\Local\Temp\ccalbX8O.s 			page 75


4193:Core/Src/main.c **** 	    1733, 1952, 1954, 1797, 2085, 1976, 2131, 1604, 1838, 1866,
4194:Core/Src/main.c **** 	    1877, 1907, 1813, 2076, 1733, 2137, 2016, 2028, 1684, 1743,
4195:Core/Src/main.c **** 	    1975, 1757, 1937, 1805, 2024, 1804, 2047, 2129, 1820, 1807,
4196:Core/Src/main.c **** 	    1696, 2066, 1723, 1949, 1896, 1910, 1975, 1985, 2184, 1731,
4197:Core/Src/main.c **** 	    1845, 1763, 1930, 1828, 1816, 1999, 1787, 2049, 1951, 2115,
4198:Core/Src/main.c **** 	    1755, 1779, 1888, 1820, 1971, 1779, 2040, 1785, 2033, 2052,
4199:Core/Src/main.c **** 	    1973, 1873, 1679, 1991, 1784, 1972, 1818, 1916, 1891, 1927,
4200:Core/Src/main.c **** 	    2146, 1818, 1909, 1674, 1980, 1863, 1909, 1926, 1807, 1995,
4201:Core/Src/main.c **** 	    1896, 2138, 1843, 1855, 1785, 1871, 1945, 1801, 1965, 1787,
4202:Core/Src/main.c **** 	    2000, 1918, 2049, 1878, 1794, 1886, 1833, 2018, 1798, 1965,
4203:Core/Src/main.c **** 	    1814, 1980, 1988, 1939, 1958, 1712, 1945, 1814, 1996, 1839,
4204:Core/Src/main.c **** 	    1855, 1926, 1881, 2067, 1879, 1944, 1728, 1902, 1914, 1919,
4205:Core/Src/main.c **** 	    1905, 1815, 1989, 1876, 2056, 1918, 1874, 1810, 1816, 1984,
4206:Core/Src/main.c **** 	    1838, 1934, 1800, 1980, 1904, 1268, 2061, 1721, 2095, 1966,
4207:Core/Src/main.c **** 	    2121, 1881, 1988, 2211, 2465, 1081, 1943, 1606, 1978, 1881,
4208:Core/Src/main.c **** 	    2097, 1977, 2015, 2047, 2705, 1235, 1776, 1468, 1988, 1729,
4209:Core/Src/main.c **** 	    2080, 1766, 2095, 1793, 2640, 1523, 1717, 1675, 1943, 1849,
4210:Core/Src/main.c **** 	    2162, 1751, 2121, 1780, 2689, 1730, 1631, 1622, 1908, 1720,
4211:Core/Src/main.c **** 	    2146, 1715, 2025, 1748, 2438, 2005, 1528, 1720, 1882, 1779,
4212:Core/Src/main.c **** 	    2148, 1818, 2017, 1739, 2338, 2265, 1572, 1618, 1858, 1771,
4213:Core/Src/main.c **** 	    2009, 1876, 1926, 1820, 1924, 2430, 1648, 1639, 1785, 1858,
4214:Core/Src/main.c **** 	    1983, 1951, 1935, 1921, 1847, 2415, 1886, 1645, 1702, 1845,
4215:Core/Src/main.c **** 	    1858, 2028, 1786, 2059, 1717, 2332, 1939, 1736, 1688, 1861,
4216:Core/Src/main.c **** 	    1810, 2084, 1818, 2035, 1778, 2251, 2041, 1776, 1623, 1927,
4217:Core/Src/main.c **** 	    1674, 2123, 1760, 2036, 1762, 2167, 2088, 1792, 1632, 1944,
4218:Core/Src/main.c **** 	    1715, 2039, 1846, 1985, 1819, 2092, 2167, 1894, 1562, 1983,
4219:Core/Src/main.c **** 	    1745, 1976, 1839, 1935, 1849, 1918, 2196, 1943, 1581, 1850,
4220:Core/Src/main.c **** 	    1874, 1903, 1926, 1914, 1926, 1845, 2190, 2097, 1656, 1735,
4221:Core/Src/main.c **** 	    1900, 1855, 1947, 1839, 1993, 1789, 2105, 2077, 1800, 1675,
4222:Core/Src/main.c **** 	    1916, 1822, 2001, 1802, 1989, 1858, 2014, 2104, 1905, 1681,
4223:Core/Src/main.c **** 	    1915, 1759, 2054, 1761, 1997, 1814, 2026, 2028, 1986, 1673,
4224:Core/Src/main.c **** 	    1915, 1746, 2002, 1814, 1947, 1847, 1972, 2049, 2076, 1645,
4225:Core/Src/main.c **** 	    1967, 1762, 1954, 1829, 1929, 1848, 1940, 2029, 2128, 1663,
4226:Core/Src/main.c **** 	    1847, 1846, 1897, 1868, 1869, 1877, 1902, 1976, 2195, 1768,
4227:Core/Src/main.c **** 	    1774, 1865, 1891, 1939, 1812, 1924, 1867, 1956, 2163, 1927,
4228:Core/Src/main.c **** 	    1680, 1878, 1842, 1986, 1802, 1896, 1882, 1891, 2084, 2033,
4229:Core/Src/main.c **** 	    1672, 1888, 1792, 2044, 1799, 1942, 1852, 1945, 1966, 2114,
4230:Core/Src/main.c **** 	    1715, 1873, 1785, 1998, 1881, 1881, 1865, 1939, 1937, 2133,
4231:Core/Src/main.c **** 	    1750, 1888, 1754, 1953, 1867, 1934, 1794, 1974, 1888, 2151,
4232:Core/Src/main.c **** 	    1783, 1867, 1849, 1871, 1920, 1913, 1844, 1934, 1863, 2132,
4233:Core/Src/main.c **** 	    1808, 1854, 1852, 1910, 1882, 1915, 1858, 1934, 1873, 2056,
4234:Core/Src/main.c **** 	    1936, 1754, 1913, 1875, 1945, 1871, 1856, 1935, 1859, 2005,
4235:Core/Src/main.c **** 	    2006, 1776, 1857, 1871, 1962, 1896, 1855, 1883, 1918, 1888,
4236:Core/Src/main.c **** 	    2110, 1752, 1903, 1825, 1959, 1934, 1862, 1881, 1921, 1881,
4237:Core/Src/main.c **** 	    2116, 1813, 1876, 1816, 1904, 1925, 1925, 1892, 1915, 1539,
4238:Core/Src/main.c **** 	    2215, 2029, 1733, 1646, 2078, 2097, 1850, 1675, 2020, 1976,
4239:Core/Src/main.c **** 	    1804, 1876, 2054, 1899, 1708, 1836, 2385, 1690, 1760, 1718,
4240:Core/Src/main.c **** 	    2227, 1878, 1543, 2106, 2026, 1709, 1827, 2099, 2159, 1490,
4241:Core/Src/main.c **** 	    1874, 2225, 1947, 1536, 1982, 2073, 1965, 1630, 2065, 2093,
4242:Core/Src/main.c **** 	    1717, 1775, 2012, 1990, 1705, 1766, 2135, 1974, 1781, 1834,
4243:Core/Src/main.c **** 	    2158, 1918, 1747, 1745, 2096, 1902, 1725, 1983, 2001, 1965,
4244:Core/Src/main.c **** 	    1686, 2041, 2077, 1618, 1795, 1894, 2124, 1795, 1705, 2113,
4245:Core/Src/main.c **** 	    2017, 1842, 1836, 1980, 1940, 1706, 1813, 2219, 1850, 1720,
4246:Core/Src/main.c **** 	    1870, 2201, 1984, 1556, 1904, 2072, 1784, 1722, 2008, 2131,
4247:Core/Src/main.c **** 	    1683, 1812, 2142, 2082, 1565, 1815, 2092, 2012, 1691, 1817,
4248:Core/Src/main.c **** 	    2177, 1894, 1746, 1991, 2005, 1882, 1562, 2060, 2094, 1769,
4249:Core/Src/main.c **** 	    1722, 2008, 2114, 1839, 1676, 2094, 1949, 1731, 1848, 2045,
ARM GAS  C:\Users\kaush\AppData\Local\Temp\ccalbX8O.s 			page 76


4250:Core/Src/main.c **** 	    1992, 1705, 1878, 2210, 1846, 1763, 1799, 2081, 1899, 1687,
4251:Core/Src/main.c **** 	    1933, 2047, 1861, 1782, 1995, 2055, 1795, 1728, 2023, 2069,
4252:Core/Src/main.c **** 	    1713, 1809, 2021, 2100, 1720, 1769, 2123, 1906, 1717, 1890,
4253:Core/Src/main.c **** 	    2074, 1893, 1670, 1990, 2055, 1800, 1851, 1918, 1907, 1908,
4254:Core/Src/main.c **** 	    1872, 1925, 1863, 1920, 1986, 1839, 1897, 1883, 1922, 1924,
4255:Core/Src/main.c **** 	    1862, 1900, 1896, 1900, 1937, 1875, 1913, 1887, 1868, 1338,
4256:Core/Src/main.c **** 	    1814, 2096, 1835, 2203, 1559, 2272, 2594, 1918, 1153, 1478,
4257:Core/Src/main.c **** 	    2166, 1910, 2214, 1557, 2293, 2474, 2217, 1153, 1450, 2050,
4258:Core/Src/main.c **** 	    1753, 2182, 1484, 2135, 2247, 2373, 1287, 1567, 2130, 1769,
4259:Core/Src/main.c **** 	    2279, 1511, 2172, 2170, 2540, 1300, 1500, 2037, 1738, 2134,
4260:Core/Src/main.c **** 	    1514, 2163, 1933, 2481, 1350, 1615, 2033, 1760, 2257, 1528,
4261:Core/Src/main.c **** 	    2154, 1931, 2578, 1460, 1471, 2012, 1760, 2181, 1521, 2132,
4262:Core/Src/main.c **** 	    1792, 2580, 1534, 1501, 1992, 1780, 2179, 1573, 2203, 1796,
4263:Core/Src/main.c **** 	    2491, 1710, 1485, 1977, 1745, 2167, 1588, 2152, 1716, 2517,
4264:Core/Src/main.c **** 	    1712, 1459, 1964, 1790, 2142, 1572, 2232, 1751, 2412, 1877,
4265:Core/Src/main.c **** 	    1481, 1936, 1780, 2100, 1624, 2146, 1763, 2366, 1952, 1475,
4266:Core/Src/main.c **** 	    1882, 1795, 2167, 1594, 2091, 1772, 2335, 2058, 1530, 1851,
4267:Core/Src/main.c **** 	    1794, 2085, 1683, 2056, 1764, 2185, 2110, 1626, 1855, 1757,
4268:Core/Src/main.c **** 	    2111, 1663, 2086, 1781, 2125, 2107, 1636, 1756, 1847, 2002,
4269:Core/Src/main.c **** 	    1683, 2138, 1498, 2428, 1939, 1947, 1578, 2103, 2064, 1566,
4270:Core/Src/main.c **** 	    2171, 1557, 2390, 1861, 2033, 1517, 2036, 2033, 1734, 1983,
4271:Core/Src/main.c **** 	    1593, 2286, 1852, 2082, 1417, 2039, 1937, 1836, 2105, 1580,
4272:Core/Src/main.c **** 	    2254, 1812, 2176, 1372, 2105, 1850, 1851, 2016, 1813, 2153,
4273:Core/Src/main.c **** 	    1716, 2286, 1328, 2107, 1867, 1832, 1929, 1698, 2363, 1712,
4274:Core/Src/main.c **** 	    2304, 1287, 2134, 1793, 1966, 1842, 1732, 2180, 1816, 2420,
4275:Core/Src/main.c **** 	    1242, 2072, 1795, 2003, 1870, 1709, 2180, 1657, 2507, 1367,
4276:Core/Src/main.c **** 	    2091, 1705, 2056, 1788, 1825, 2166, 1656, 2413, 1382, 2207,
4277:Core/Src/main.c **** 	    1663, 2066, 1780, 1733, 2192, 1666, 2458, 1327, 2091, 1761,
4278:Core/Src/main.c **** 	    2093, 1746, 1766, 2143, 1664, 2445, 1450, 2076, 1684, 2199,
4279:Core/Src/main.c **** 	    1799, 1686, 2140, 1645, 2418, 1485, 2070, 1686, 2059, 1862,
4280:Core/Src/main.c **** 	    1790, 2063, 1607, 2437, 1535, 2025, 1666, 2152, 1791, 1821,
4281:Core/Src/main.c **** 	    2177, 1623, 2303, 1574, 2015, 1700, 2064, 1813, 1816, 2133,
4282:Core/Src/main.c **** 	    1705, 2254, 1593, 1986, 1653, 2147, 1807, 1812, 2051, 1753,
4283:Core/Src/main.c **** 	    2360, 1657, 1907, 1649, 2119, 1805, 1788, 2086, 1763, 2193,
4284:Core/Src/main.c **** 	    1800, 1967, 1595, 2098, 1808, 1855, 1991, 1852, 2080, 1907,
4285:Core/Src/main.c **** 	    1854, 1791, 1922, 1901, 1802, 1941, 1897, 2021, 1995, 1787,
4286:Core/Src/main.c **** 	    1819, 2004, 1843, 1797, 1940, 1936, 1971, 1946, 1857, 1822,
4287:Core/Src/main.c **** 	    1943, 1944, 1815, 1860, 1944, 1942, 2028, 1819, 1814, 1972,
4288:Core/Src/main.c **** 	    1899, 1915, 1836, 1925, 1927, 1985, 1859, 1794, 1942, 1876,
4289:Core/Src/main.c **** 	    1883, 1872, 2012, 1870, 1987, 1840, 1820, 1956, 1853, 1910,
4290:Core/Src/main.c **** 	    1831, 2018, 1942, 1962, 1867, 1787, 1930, 1889, 1915, 1792,
4291:Core/Src/main.c **** 	    1994, 1907, 2068, 1840, 1787, 1948, 1829, 1951, 1780, 2020,
4292:Core/Src/main.c **** 	    1879, 2027, 1955, 1783, 1876, 1868, 1919, 1796, 1977, 1892,
4293:Core/Src/main.c **** 	    2047, 1911, 1845, 1899, 1816, 1934, 1788, 1985, 1893, 1984,
4294:Core/Src/main.c **** 	    1944, 1847, 1941, 1858, 1857, 1809, 1968, 1894, 1975, 1950,
4295:Core/Src/main.c **** 	    1848, 1912, 1886, 1970, 1757, 1911, 1914, 1947, 1936, 1840,
4296:Core/Src/main.c **** 	    1915, 1907, 1917, 1878, 1900, 1870, 1942, 1931, 1856, 1909,
4297:Core/Src/main.c **** 	    1897, 1937, 1869, 1958, 1878, 1886, 1949, 1823, 1860, 1917,
4298:Core/Src/main.c **** 	    1932, 1873, 1895, 1933, 1930, 1922, 1846, 1892, 1870, 1919,
4299:Core/Src/main.c **** 	    1882, 1943, 1905, 1912, 1965, 1855, 1866, 1918, 1867, 1852,
4300:Core/Src/main.c **** 	    1684, 1941, 994, 2738, 1509, 2109, 2663, 2246, 2489, 825,
4301:Core/Src/main.c **** 	    1751, 2197, 1288, 2957, 1469, 2911, 2269, 623, 2253, 1099,
4302:Core/Src/main.c **** 	    2443, 1935, 1772, 2804, 1863, 1517, 1413, 1870, 2310, 1489,
4303:Core/Src/main.c **** 	    2654, 1742, 2786, 1106, 1447, 2136, 1520, 2268, 1935, 1865,
4304:Core/Src/main.c **** 	    3057, 521, 2274, 1361, 2230, 1919, 1819, 2425, 2298, 1413,
4305:Core/Src/main.c **** 	    1597, 1538, 2371, 1251, 2621, 1637, 2646, 1477, 1351, 2088,
4306:Core/Src/main.c **** 	    1720, 1914, 2281, 1575, 3047, 1075, 1862, 1627, 1809, 2034,
ARM GAS  C:\Users\kaush\AppData\Local\Temp\ccalbX8O.s 			page 77


4307:Core/Src/main.c **** 	    1846, 2140, 2330, 1615, 1682, 1485, 2283, 1413, 2488, 1788,
4308:Core/Src/main.c **** 	    2277, 2111, 1176, 2060, 1655, 1830, 2284, 1546, 2688, 1698,
4309:Core/Src/main.c **** 	    1570, 1802, 1704, 2123, 1816, 2117, 2126, 2086, 1576, 1543,
4310:Core/Src/main.c **** 	    2106, 1693, 2024, 2059, 1789, 2558, 1101, 1933, 1811, 1798,
4311:Core/Src/main.c **** 	    2213, 1703, 2259, 2230, 1362, 1919, 1554, 2218, 1656, 2194,
4312:Core/Src/main.c **** 	    1905, 2228, 1667, 1541, 2000, 1816, 1797, 2290, 1629, 2652,
4313:Core/Src/main.c **** 	    1350, 1741, 1924, 1743, 2020, 1904, 1949, 2382, 1478, 1906,
4314:Core/Src/main.c **** 	    1615, 2111, 1696, 2115, 1955, 2144, 1890, 1496, 1874, 1974,
4315:Core/Src/main.c **** 	    1652, 2368, 1559, 2455, 1797, 1513, 1999, 1744, 1944, 2048,
4316:Core/Src/main.c **** 	    1808, 2347, 1811, 1682, 1737, 1950, 1795, 2043, 1896, 2108,
4317:Core/Src/main.c **** 	    2081, 1515, 1855, 1935, 1786, 2037, 1892, 2064, 2151, 1480,
4318:Core/Src/main.c **** 	    1859, 1884, 1808, 1970, 1854, 2078, 2127, 1644, 1851, 1838,
4319:Core/Src/main.c **** 	    2076, 1805, 2007, 1810, 2290, 1572, 1800, 1958, 1814, 2076,
4320:Core/Src/main.c **** 	    1884, 1832, 2156, 1646, 1817, 1877, 2009, 1798, 2143, 1832,
4321:Core/Src/main.c **** 	    2150, 1681, 1772, 1857, 1978, 1884, 1991, 1895, 2198, 1700,
4322:Core/Src/main.c **** 	    1582, 1959, 1907, 1855, 2091, 1785, 2313, 1797, 1648, 1819,
4323:Core/Src/main.c **** 	    1944, 1879, 1952, 1941, 2080, 1975, 1690, 1792, 1913, 1855,
4324:Core/Src/main.c **** 	    2011, 1805, 2140, 1921, 1670, 1954, 1880, 1795, 2007, 1883,
4325:Core/Src/main.c **** 	    2060, 1925, 1664, 1890, 2016, 1867, 1846, 1947, 1984, 2050,
4326:Core/Src/main.c **** 	    1674, 1833, 1978, 1919, 1896, 1892, 1900, 2112, 1584, 1875,
4327:Core/Src/main.c **** 	    1971, 1892, 2017, 1855, 1886, 2026, 1720, 1885, 1852, 2029,
4328:Core/Src/main.c **** 	    1861, 2048, 1877, 1946, 1769, 1723, 2004, 1905, 1935, 2001,
4329:Core/Src/main.c **** 	    1895, 2100, 1659, 1776, 1927, 1909, 1903, 1987, 1932, 2099,
4330:Core/Src/main.c **** 	    1785, 1727, 1829, 1936, 1941, 1885, 1975, 1987, 1948, 1736,
4331:Core/Src/main.c **** 	    1832, 1950, 1725, 2107, 1777, 2153, 1825, 1726, 2030, 1799,
4332:Core/Src/main.c **** 	    1965, 1879, 2001, 1923, 1915, 1770, 1871, 1965, 1836, 1919,
4333:Core/Src/main.c **** 	    1896, 2053, 1911, 1745, 1809, 1981, 1887, 1905, 1925, 1921,
4334:Core/Src/main.c **** 	    2074, 1683, 1942, 1870, 1909, 1953, 1845, 1987, 1900, 1854,
4335:Core/Src/main.c **** 	    1789, 1940, 1919, 1903, 1997, 1906, 1911, 1788, 1872, 1904,
4336:Core/Src/main.c **** 	    1891, 1876, 2010, 1912, 2005, 1792, 1785, 1938, 1827, 1989,
4337:Core/Src/main.c **** 	    1857, 2018, 1976, 1869, 1786, 1888, 1973, 1806, 1919, 1948,
4338:Core/Src/main.c **** 	    2004, 1859, 1840, 1875, 1876, 1897, 1909, 1974, 1899, 1964,
4339:Core/Src/main.c **** 	    1780, 1972, 1837, 1886, 1922, 1898, 2008, 1853, 1896, 1837,
4340:Core/Src/main.c **** 	    1941, 1848, 1854, 2016, 1874, 1993, 1764, 1989, 1877, 1903,
4341:Core/Src/main.c **** 	    1851, 1891, 1970, 1923, 1846, 1863, 1931, 1885, 1929, 1909,
4342:Core/Src/main.c **** 	    1915, 1902, 1837, 1937, 1837, 1992, 1825, 2030, 1829, 1944,
4343:Core/Src/main.c **** 	    1864, 1852, 1911, 1831, 1984, 1896, 1959, 1933, 1801, 1912,
4344:Core/Src/main.c **** 	    1872, 1969, 1795, 1959, 1917, 1974, 1854, 1890, 1862, 1921,
4345:Core/Src/main.c **** 	    1877, 1907, 1956, 1884, 1931, 1849, 1908, 1891, 1885, 1935,
4346:Core/Src/main.c **** 	    1866, 1978, 1855, 1944, 1837, 1891, 1874, 1900, 1967, 1859,
4347:Core/Src/main.c **** 	    1923, 1887, 1908, 1890, 1871, 1911, 1891, 1935, 1884, 1905,
4348:Core/Src/main.c **** 	    1910, 1915, 1884, 1868, 1936, 1891, 1912, 1863, 1913, 1901,
4349:Core/Src/main.c **** 	    1953, 1861, 1901, 1878, 1910, 1913, 1882, 1880, 1952, 1888,
4350:Core/Src/main.c **** 	    1960, 1823, 1955, 1825, 1926, 1917, 1912, 1874, 1932, 1890,
4351:Core/Src/main.c **** 	    1877, 1862, 1916, 1877, 1959, 1859, 1935, 1911, 1903, 1853,
4352:Core/Src/main.c **** 	    1932, 1873, 1937, 1898, 1916, 1880, 1901, 1913, 1863, 1896,
4353:Core/Src/main.c **** 	    1903, 1892, 1938, 1861, 1919, 1873, 1972, 1806, 1947, 1914,
4354:Core/Src/main.c **** 	    1875, 1936, 1860, 1919, 1888, 1913, 1896, 1891, 1920, 1875,
4355:Core/Src/main.c **** 	    1925, 1882, 1903, 1880, 1932, 1905, 1896, 1904, 1887, 1889,
4356:Core/Src/main.c **** 	    1900, 1889, 1895, 1964, 1873, 1887, 1925, 1869, 1899, 1866,
4357:Core/Src/main.c **** 	    1919, 1922, 1922, 1918, 1893, 1903, 1884, 1881, 1878, 1927,
4358:Core/Src/main.c **** 	    1898, 1941, 1892, 1890, 1908, 1875, 1895, 1885, 1931, 1884,
4359:Core/Src/main.c **** 	    1944, 1905, 1854, 1925, 1865, 1929, 1878, 1894, 1916, 1887,
4360:Core/Src/main.c **** 	    1950, 1834, 1907, 1917, 1909, 1911, 1892, 1929, 1899, 1889,
4361:Core/Src/main.c **** 	    1878, 1912, 1906, 1879, 1910, 1929, 1894, 1916, 1893, 1866,
4362:Core/Src/main.c **** 	    1903, 1892, 1918, 1909, 1730, 1997, 1802, 1955, 1899, 1870,
4363:Core/Src/main.c **** 	    1993, 2012, 1810, 1985, 1754, 2027, 1782, 2026, 1908, 2039,
ARM GAS  C:\Users\kaush\AppData\Local\Temp\ccalbX8O.s 			page 78


4364:Core/Src/main.c **** 	    1865, 1769, 1916, 1911, 1857, 1984, 1802, 2105, 1797, 1878,
4365:Core/Src/main.c **** 	    1889, 1874, 1920, 1894, 1965, 1978, 1849, 1866, 1822, 1954,
4366:Core/Src/main.c **** 	    1858, 1916, 1933, 1942, 2009, 1709, 1936, 1895, 1864, 1979,
4367:Core/Src/main.c **** 	    1827, 2057, 1916, 1774, 1943, 1798, 2003, 1796, 1973, 1933,
4368:Core/Src/main.c **** 	    1957, 1855, 1871, 1907, 1922, 1871, 1950, 1858, 2045, 1740,
4369:Core/Src/main.c **** 	    1916, 1891, 1890, 1899, 1931, 1903, 2004, 1756, 1946, 1847,
4370:Core/Src/main.c **** 	    1968, 1857, 1934, 1959, 1944, 1870, 1841, 1859, 1924, 1849,
4371:Core/Src/main.c **** 	    1992, 1825, 2052, 1815, 1862, 1945, 1853, 1896, 1915, 1891,
4372:Core/Src/main.c **** 	    2034, 1824, 1904, 1866, 1912, 1915, 1866, 1929, 1909, 1885,
4373:Core/Src/main.c **** 	    1872, 1891, 1943, 1856, 1947, 1889, 1964, 1902, 1766, 1964,
4374:Core/Src/main.c **** 	    1885, 1909, 1923, 1896, 1970, 1874, 1854, 1888, 1878, 1951,
4375:Core/Src/main.c **** 	    1852, 1965, 1908, 1941, 1855, 1873, 1919, 1868, 1910, 1919,
4376:Core/Src/main.c **** 	    1895, 1978, 1783, 1946, 1897, 1884, 1928, 1878, 1942, 1910,
4377:Core/Src/main.c **** 	    1864, 1912, 1853, 1947, 1864, 1946, 1905, 1927, 1848, 1859,
4378:Core/Src/main.c **** 	    1935, 1888, 1908, 1912, 1905, 1961, 1862, 1875, 1889, 1902,
4379:Core/Src/main.c **** 	    1901, 1914, 1909, 1918, 1883, 1869, 1896, 1925, 1892, 1900,
4380:Core/Src/main.c **** 	    1895, 1943, 1890, 1851, 1931, 1881, 1924, 1923, 1898, 1922,
4381:Core/Src/main.c **** 	    1864, 1874, 1900, 1913, 1900, 1916, 1923, 1926, 1883, 1840,
4382:Core/Src/main.c **** 	    1898, 1892, 1928, 1886, 1931, 1926, 1912, 1850, 1895, 1890,
4383:Core/Src/main.c **** 	    1898, 1928, 1903, 1915, 1915, 1866, 1891, 1875, 1932, 1879,
4384:Core/Src/main.c **** 	    1938, 1888, 1927, 1869, 1884, 1902, 1912, 1899, 1917, 1905,
4385:Core/Src/main.c **** 	    1924, 1864, 1884, 1895, 1895, 1903, 1907, 1914, 1951, 1864,
4386:Core/Src/main.c **** 	    1886, 1879, 1925, 1882, 1903, 1915, 1928, 1897, 1894, 1880,
4387:Core/Src/main.c **** 	    1917, 1860, 1928, 1894, 1926, 1884, 1883, 1904, 1899, 1900,
4388:Core/Src/main.c **** 	    1907, 1904, 1932, 1886, 1895, 1881, 1918, 1881, 1901, 1933,
4389:Core/Src/main.c **** 	    1892, 1915, 1875, 1884, 1907, 1881, 1918, 1906, 1923, 1916,
4390:Core/Src/main.c **** 	    1878, 1907, 1893, 1908, 1879, 1901, 1926, 1915, 1879, 1882,
4391:Core/Src/main.c **** 	    1905, 1911, 1879, 1920, 1882, 1914, 1906, 1887, 1901, 1919,
4392:Core/Src/main.c **** 	    1891, 1915, 1894, 1918, 1880, 1898, 1892, 1917, 1891, 1917,
4393:Core/Src/main.c **** 	    1904, 1901, 1893, 1896, 1903, 1914, 1854, 1929, 1887, 1930,
4394:Core/Src/main.c **** 	    1898, 1866, 1904, 1922, 1875, 1900, 1915, 1916, 1887, 1892,
4395:Core/Src/main.c **** 	    1918, 1902, 1868, 1911, 1903, 1918, 1892, 1895, 1889, 1917,
4396:Core/Src/main.c **** 	    1884, 1911, 1911, 1883, 1913, 1898, 1896, 1925, 1871, 1912,
4397:Core/Src/main.c **** 	    1914, 1899, 1902, 1888, 1904, 1905, 1894, 1909, 1898, 1881,
4398:Core/Src/main.c **** 	    1926, 1889, 1879, 1917, 1903, 1902, 1903, 1897, 1923, 1891,
4399:Core/Src/main.c **** 	    1880, 1909, 1904, 1903, 1901, 1889, 1915, 1897, 1883, 1910,
4400:Core/Src/main.c **** 	    1894, 1913, 1896, 1900, 1913, 1908, 1861, 1925, 1909, 1885,
4401:Core/Src/main.c **** 	    1924, 1894, 1903, 1893, 1891, 1915, 1888, 1900, 1905, 1902,
4402:Core/Src/main.c **** 	    1905, 1899, 1882, 1906, 1904, 1896, 1904, 1907, 1907, 1910,
4403:Core/Src/main.c **** 	    1875, 1915, 1916, 1866, 1920, 1897, 1901, 1914, 1885, 1917,
4404:Core/Src/main.c **** 	    1876, 1918, 1905, 1890, 1896, 1906, 1895, 1902, 1916, 1887,
4405:Core/Src/main.c **** 	    1914, 1894, 1888, 1911, 1878, 1902, 1911, 1890, 1924, 1910,
4406:Core/Src/main.c **** 	    1870, 1928, 1875, 1903, 1897, 1910, 1923, 1877, 1921, 1903,
4407:Core/Src/main.c **** 	    1889, 1883, 1905, 1911, 1890, 1914, 1880, 1923, 1892, 1884,
4408:Core/Src/main.c **** 	    1918, 1898, 1919, 1899, 1876, 1925, 1886, 1887, 1904, 1907,
4409:Core/Src/main.c **** 	    1907, 1905, 1895, 1910, 1870, 1901, 1908, 1903, 1905, 1914,
4410:Core/Src/main.c **** 	    1902, 1894, 1905, 1889, 1899, 1901, 1899, 1929, 1881, 1914,
4411:Core/Src/main.c **** 	    1895, 1878, 1906, 1896, 1896, 1913, 1902, 1908, 1865, 1895,
4412:Core/Src/main.c **** 	    1902, 1895, 1912, 1926, 1902, 1911, 1930, 1854, 1893, 1894,
4413:Core/Src/main.c **** 	    1901, 1927, 1899, 1912, 1911, 1913, 1852, 1889, 1880, 1924,
4414:Core/Src/main.c **** 	    1910, 1901, 1913, 1890, 1931, 1864, 1889, 1916, 1893, 1913,
4415:Core/Src/main.c **** 	    1908, 1915, 1876, 1947, 1865, 1889, 1900, 1890, 1922, 1874,
4416:Core/Src/main.c **** 	    1917, 1893, 1933, 1889, 1886, 1894, 1905, 1915, 1890, 1910,
4417:Core/Src/main.c **** 	    1890, 1947, 1885, 1872, 1905, 1895, 1906, 1893, 1918, 1879,
4418:Core/Src/main.c **** 	    1947, 1880, 1882, 1898, 1899, 1917, 1887, 1919, 1897, 1920,
4419:Core/Src/main.c **** 	    1901, 1881, 1896, 1891, 1920, 1889, 1922, 1876, 1934, 1897,
4420:Core/Src/main.c **** 	    1878, 1899, 1891, 1903, 1901, 1913, 1898, 1921, 1911, 1873,
ARM GAS  C:\Users\kaush\AppData\Local\Temp\ccalbX8O.s 			page 79


4421:Core/Src/main.c **** 	    1896, 1900, 1908, 1884, 1924, 1895, 1918, 1896, 1897, 1877,
4422:Core/Src/main.c **** 	    1906, 1893, 1898, 1917, 1891, 1928, 1900, 1884, 1906, 1896,
4423:Core/Src/main.c **** 	    1890, 1897, 1913, 1907, 1907, 1905, 1892, 1891, 1904, 1904,
4424:Core/Src/main.c **** 	    1890, 1902, 1908, 1896, 1921, 1896, 1872, 1915, 1611, 1770,
4425:Core/Src/main.c **** 	    2278, 1351, 2378, 1557, 2112, 1911, 1594, 2397, 1390, 2219,
4426:Core/Src/main.c **** 	    1779, 1801, 2188, 1446, 2342, 1610, 1946, 2099, 1529, 2355,
4427:Core/Src/main.c **** 	    1485, 2130, 1893, 1617, 2327, 1442, 2251, 1741, 1816, 2177,
4428:Core/Src/main.c **** 	    1474, 2340, 1563, 1998, 2006, 1595, 2295, 1531, 2146, 1848,
4429:Core/Src/main.c **** 	    1729, 2215, 1498, 2234, 1714, 1855, 2135, 1530, 2292, 1623,
4430:Core/Src/main.c **** 	    1966, 2011, 1602, 2278, 1539, 2142, 1841, 1738, 2218, 1525,
4431:Core/Src/main.c **** 	    2213, 1684, 1929, 2049, 1594, 2260, 1604, 2050, 1900, 1706,
4432:Core/Src/main.c **** 	    2197, 1586, 2132, 1823, 1805, 2108, 1635, 2143, 1716, 1934,
4433:Core/Src/main.c **** 	    2021, 1654, 2191, 1655, 2028, 1895, 1744, 2148, 1608, 2139,
4434:Core/Src/main.c **** 	    1776, 1864, 2069, 1639, 2175, 1678, 1988, 1949, 1729, 2128,
4435:Core/Src/main.c **** 	    1683, 2050, 1848, 1819, 2098, 1668, 2098, 1780, 1896, 2006,
4436:Core/Src/main.c **** 	    1706, 2117, 1724, 1992, 1921, 1759, 2109, 1690, 2051, 1829,
4437:Core/Src/main.c **** 	    1861, 2043, 1724, 2075, 1768, 1951, 1933, 1784, 2068, 1734,
4438:Core/Src/main.c **** 	    2015, 1881, 1823, 2023, 1759, 2019, 1842, 1874, 2010, 1754,
4439:Core/Src/main.c **** 	    2052, 1791, 1930, 1930, 1796, 2049, 1761, 2000, 1865, 1868,
4440:Core/Src/main.c **** 	    1992, 1756, 2044, 1792, 1934, 1916, 1878, 1942, 1873, 1921,
4441:Core/Src/main.c **** 	    1867, 1925, 1885, 1908, 1905, 1896, 1932, 1866, 1920, 1885,
4442:Core/Src/main.c **** 	    1898, 1908, 1879, 1930, 1890, 1901, 1918, 1873, 1915, 1896,
4443:Core/Src/main.c **** 	    1904, 1907, 1883, 1919, 1888, 1919, 1896, 1891, 1914, 1884,
4444:Core/Src/main.c **** 	    1922, 1879, 1912, 1895, 1897, 1923, 1878, 1912, 1903, 1899,
4445:Core/Src/main.c **** 	    1901, 1895, 1905, 1907, 1893, 1892, 1923, 1887, 1904, 1899,
4446:Core/Src/main.c **** 	    1896, 1907, 1894, 1908, 1900, 1891, 1909, 1897, 1902, 1897,
4447:Core/Src/main.c **** 	    1905, 1894, 1907, 1901, 1896, 1905, 1892, 1898, 1909, 1884,
4448:Core/Src/main.c **** 	    1928, 1888, 1892, 1922, 1886, 1908, 1885, 1903, 1915, 1897,
4449:Core/Src/main.c **** 	    1917, 1881, 1916, 1882, 1909, 1895, 1891, 1924, 1880, 1921,
4450:Core/Src/main.c **** 	    1898, 1889, 1914, 1873, 1929, 1891, 1896, 1922, 1884, 1903,
4451:Core/Src/main.c **** 	    1887, 1908, 1898, 1898, 1911, 1891, 1917, 1890, 1908, 1894,
4452:Core/Src/main.c **** 	    1879, 1940, 1875, 1916, 1899, 1894, 1918, 1873, 1927, 1888,
4453:Core/Src/main.c **** 	    1894, 1916, 1896, 1913, 1883, 1915, 1886, 1899, 1918, 1880,
4454:Core/Src/main.c **** 	    1915, 1893, 1905, 1913, 1877, 1922, 1886, 1898, 1911, 1899,
4455:Core/Src/main.c **** 	    1913, 1880, 1916, 1891, 1905, 1906, 1891, 1920, 1874, 1930,
4456:Core/Src/main.c **** 	    706, 2214, 1788, 1991, 2270, 1602, 2361, 2572, 515, 2404,
4457:Core/Src/main.c **** 	    1152, 2481, 1778, 1756, 2345, 2335, 1233, 1652, 1520, 2359,
4458:Core/Src/main.c **** 	    1503, 2250, 1594, 2874, 1145, 1709, 1990, 1879, 2115, 1960,
4459:Core/Src/main.c **** 	    1749, 2970, 954, 2082, 1465, 2105, 2001, 1743, 1996, 2422,
4460:Core/Src/main.c **** 	    1595, 1717, 1562, 2327, 1646, 2222, 1665, 2555, 1798, 1366,
4461:Core/Src/main.c **** 	    2021, 1758, 1966, 2013, 1550, 2646, 1556, 1690, 1817, 1780,
4462:Core/Src/main.c **** 	    2254, 1644, 2037, 2231, 1938, 1603, 1636, 2035, 1891, 1888,
4463:Core/Src/main.c **** 	    1930, 1999, 2346, 1192, 2091, 1720, 2011, 2014, 1692, 2264,
4464:Core/Src/main.c **** 	    2151, 1384, 2030, 1490, 2366, 1602, 2041, 1979, 2181, 1580,
4465:Core/Src/main.c **** 	    1735, 1868, 2091, 1693, 2191, 1712, 2579, 1332, 1914, 1794,
4466:Core/Src/main.c **** 	    1921, 1954, 1811, 1930, 2389, 1361, 2051, 1536, 2260, 1738,
4467:Core/Src/main.c **** 	    1921, 1992, 2181, 1765, 1688, 1775, 2114, 1651, 2182, 1641,
4468:Core/Src/main.c **** 	    2413, 1683, 1646, 1980, 1804, 1997, 1910, 1773, 2405, 1606,
4469:Core/Src/main.c **** 	    1884, 1720, 1958, 1940, 1793, 2035, 2036, 1963, 1654, 1790,
4470:Core/Src/main.c **** 	    2051, 1730, 2067, 1817, 2085, 2102, 1481, 2049, 1756, 1950,
4471:Core/Src/main.c **** 	    1887, 1822, 2191, 1922, 1702, 1872, 1800, 2067, 1693, 2091,
4472:Core/Src/main.c **** 	    1907, 2123, 1693, 1764, 1972, 1834, 1883, 1966, 1843, 2292,
4473:Core/Src/main.c **** 	    1512, 1971, 1828, 1922, 1927, 1834, 2031, 2098, 1663, 1884,
4474:Core/Src/main.c **** 	    1767, 2073, 1709, 2040, 1865, 2119, 1796, 1701, 1982, 1915,
4475:Core/Src/main.c **** 	    1822, 2042, 1775, 2304, 1653, 1798, 1897, 1863, 1938, 1825,
4476:Core/Src/main.c **** 	    1934, 2156, 1757, 1851, 1794, 2026, 1802, 1935, 1904, 2068,
4477:Core/Src/main.c **** 	    1948, 1644, 1944, 1918, 1818, 2004, 1764, 2163, 1892, 1697,
ARM GAS  C:\Users\kaush\AppData\Local\Temp\ccalbX8O.s 			page 80


4478:Core/Src/main.c **** 	    1983, 1816, 1961, 1844, 1911, 2062, 1927, 1788, 1848, 1938,
4479:Core/Src/main.c **** 	    1852, 1860, 1967, 1910, 2093, 1663, 1920, 1957, 1800, 1941,
4480:Core/Src/main.c **** 	    1867, 1999, 2079, 1671, 1963, 1840, 1915, 1829, 1915, 1971,
4481:Core/Src/main.c **** 	    2019, 1782, 1849, 1919, 1910, 1793, 2005, 1848, 2117, 1787,
4482:Core/Src/main.c **** 	    1835, 1977, 1819, 1854, 1943, 1856, 2122, 1764, 1881, 1921,
4483:Core/Src/main.c **** 	    1894, 1841, 1919, 1912, 2020, 1890, 1812, 1918, 1934, 1770,
4484:Core/Src/main.c **** 	    1984, 1853, 1990, 1930, 1760, 1978, 1887, 1820, 1969, 1855,
4485:Core/Src/main.c **** 	    2007, 1921, 1799, 1945, 1896, 1877, 1891, 1927, 1927, 1954,
4486:Core/Src/main.c **** 	    1815, 1890, 1955, 1826, 1899, 1949, 1880, 2016, 1764, 1946,
4487:Core/Src/main.c **** 	    1922, 1828, 1547, 2127, 1151, 1546, 2504, 1515, 1930, 2537,
4488:Core/Src/main.c **** 	    988, 2167, 926, 2205, 2327, 1418, 2354, 2599, 1299, 1641,
4489:Core/Src/main.c **** 	    1247, 2459, 1663, 1930, 1923, 2953, 1252, 1500, 1987, 2005,
4490:Core/Src/main.c **** 	    1823, 1939, 1940, 3265, 747, 1952, 1774, 1889, 1792, 1674,
4491:Core/Src/main.c **** 	    2317, 2678, 1081, 1991, 1760, 2150, 1329, 2253, 2145, 2444,
4492:Core/Src/main.c **** 	    1495, 1638, 2189, 1579, 1497, 2403, 1732, 2569, 1335, 1943,
4493:Core/Src/main.c **** 	    2142, 1280, 2026, 2030, 2068, 2223, 1698, 2066, 1707, 1581,
4494:Core/Src/main.c **** 	    1795, 2165, 1994, 1851, 2311, 1571, 2003, 1484, 1818, 2380,
4495:Core/Src/main.c **** 	    1589, 2204, 2252, 1509, 2073, 1221, 2266, 1882, 1799, 2151,
4496:Core/Src/main.c **** 	    2182, 1720, 1721, 1700, 2129, 1705, 2099, 1809, 2635, 1368,
4497:Core/Src/main.c **** 	    1866, 1851, 1806, 1970, 1787, 2011, 2529, 1155, 2204, 1582,
4498:Core/Src/main.c **** 	    2035, 1777, 1865, 2210, 2161, 1576, 1955, 1784, 1930, 1536,
4499:Core/Src/main.c **** 	    2332, 1764, 2308, 1580, 1868, 2055, 1498, 1952, 2181, 1720,
4500:Core/Src/main.c **** 	    2387, 1458, 2184, 1722, 1607, 2018, 1993, 1937, 1994, 1931,
4501:Core/Src/main.c **** 	    1977, 1644, 1843, 1771, 2256, 1686, 2048, 2189, 1648, 1945,
4502:Core/Src/main.c **** 	    1559, 2000, 2110, 1548, 2297, 1987, 1799, 1830, 1595, 2140,
4503:Core/Src/main.c **** 	    1753, 1976, 2004, 2080, 1796, 1775, 1862, 1800, 1938, 1962,
4504:Core/Src/main.c **** 	    1836, 2314, 1536, 2045, 1729, 1815, 2033, 1790, 2021, 2150,
4505:Core/Src/main.c **** 	    1620, 2031, 1595, 2043, 1781, 1997, 1911, 2098, 1831, 1812,
4506:Core/Src/main.c **** 	    1834, 1893, 1815, 2128, 1696, 2325, 1693, 1876, 1828, 1727,
4507:Core/Src/main.c **** 	    1984, 1923, 1825, 2213, 1714, 2005, 1715, 1887, 1875, 1980,
4508:Core/Src/main.c **** 	    1891, 2045, 1974, 1828, 1811, 1848, 1792, 2114, 1701, 2127,
4509:Core/Src/main.c **** 	    1949, 1773, 1934, 1721, 1954, 1970, 1764, 2131, 1925, 1903,
4510:Core/Src/main.c **** 	    1790, 1789, 1931, 1898, 1893, 1928, 2095, 1817, 1817, 1859,
4511:Core/Src/main.c **** 	    1837, 2003, 1816, 1946, 2184, 1715, 1963, 1724, 1905, 1952,
4512:Core/Src/main.c **** 	    1798, 1999, 2081, 1797, 1886, 1766, 1948, 1838, 1936, 1884,
4513:Core/Src/main.c **** 	    2154, 1838, 1813, 1874, 1853, 1885, 1929, 1811, 2197, 1770,
4514:Core/Src/main.c **** 	    1873, 1849, 1869, 1933, 1893, 1874, 2080, 1864, 1876, 1801,
4515:Core/Src/main.c **** 	    1938, 1837, 1993, 1836, 2009, 1949, 1775, 1886, 1869, 1886,
4516:Core/Src/main.c **** 	    2013, 1793, 2057, 1920, 1818, 1851, 1838, 1957, 1928, 1865,
4517:Core/Src/main.c **** 	    1987, 1980, 1819, 1796, 1903, 1917, 1934, 1879, 1914, 2087,
4518:Core/Src/main.c **** 	    1760, 1819, 1895, 1926, 1207, 2020, 2028, 1876, 2181, 2526,
4519:Core/Src/main.c **** 	    1790, 1639, 1600, 2099, 1772, 2264, 2904, 1277, 1480, 2101,
4520:Core/Src/main.c **** 	    1451, 1968, 2155, 2379, 1633, 1480, 1961, 2103, 1649, 2477,
4521:Core/Src/main.c **** 	    2390, 1074, 2008, 1708, 1762, 2341, 1996, 2225, 1216, 1886,
4522:Core/Src/main.c **** 	    1968, 1882, 1877, 2857, 1629, 1349, 2140, 1459, 2159, 1880,
4523:Core/Src/main.c **** 	    2404, 1843, 1312, 2033, 1738, 1977, 2009, 2733, 1029, 2047,
4524:Core/Src/main.c **** 	    1754, 1683, 2226, 1858, 2593, 1230, 1774, 1979, 1899, 1766,
4525:Core/Src/main.c **** 	    2375, 2183, 1215, 2239, 1316, 2337, 1769, 2273, 2009, 1379,
4526:Core/Src/main.c **** 	    2067, 1727, 2005, 1840, 2795, 1186, 1841, 1901, 1619, 2271,
4527:Core/Src/main.c **** 	    1590, 2740, 1382, 1708, 1879, 1970, 1832, 2175, 2324, 1244,
4528:Core/Src/main.c **** 	    2292, 1365, 2113, 1843, 2140, 2215, 1277, 2002, 1879, 1881,
4529:Core/Src/main.c **** 	    1690, 2650, 1631, 1688, 1908, 1675, 2316, 1532, 2549, 1623,
4530:Core/Src/main.c **** 	    1699, 1823, 2010, 1778, 2134, 2315, 1383, 2071, 1562, 2030,
4531:Core/Src/main.c **** 	    1912, 1922, 2465, 1385, 1811, 1837, 1959, 1717, 2427, 1808,
4532:Core/Src/main.c **** 	    1844, 1773, 1698, 2068, 1754, 2271, 1977, 1558, 1918, 1994,
4533:Core/Src/main.c **** 	    1674, 2068, 2248, 1638, 1969, 1565, 2116, 1855, 1872, 2286,
4534:Core/Src/main.c **** 	    1761, 1630, 2023, 1736, 1964, 2178, 1975, 1705, 1864, 1737,
ARM GAS  C:\Users\kaush\AppData\Local\Temp\ccalbX8O.s 			page 81


4535:Core/Src/main.c **** 	    1980, 1857, 2075, 2281, 1398, 1854, 2021, 1690, 2046, 2077,
4536:Core/Src/main.c **** 	    2005, 1794, 1692, 1851, 1997, 1810, 2197, 1964, 1600, 2073,
4537:Core/Src/main.c **** 	    1719, 1851, 2118, 2024, 1845, 1763, 1837, 1991, 1793, 1920,
4538:Core/Src/main.c **** 	    2266, 1600, 1756, 2042, 1739, 2076, 1897, 2051, 1817, 1732,
4539:Core/Src/main.c **** 	    1867, 1984, 1861, 2117, 2038, 1545, 2019, 1774, 1818, 2095,
4540:Core/Src/main.c **** 	    1955, 2052, 1683, 1800, 1962, 1863, 1865, 2230, 1773, 1759,
4541:Core/Src/main.c **** 	    1955, 1734, 2016, 1945, 2012, 1925, 1700, 1899, 1924, 1791,
4542:Core/Src/main.c **** 	    2038, 2129, 1661, 1928, 1829, 1858, 2037, 1879, 2085, 1775,
4543:Core/Src/main.c **** 	    1752, 1965, 1849, 1907, 2135, 1862, 1716, 1945, 1756, 1981,
4544:Core/Src/main.c **** 	    1971, 1992, 2042, 1676, 1865, 1951, 1782, 2019, 2058, 1795,
4545:Core/Src/main.c **** 	    1887, 1823, 1825, 2014, 1871, 2058, 1874, 1765, 1951, 1842,
4546:Core/Src/main.c **** 	    1892, 2084, 1893, 1789, 1912, 1814, 1901, 1972, 1924, 2032,
4547:Core/Src/main.c **** 	    1727, 1855, 1964, 1798, 2001, 2022, 1841, 1875, 1817, 1872,
4548:Core/Src/main.c **** 	    1935, 1942, 1989, 1943, 1704, 1973, 1810, 1887, 2053, 1929,
4549:Core/Src/main.c **** 	    1827, 1899, 1784, 1938, 1913, 1695, 2265, 1429, 2174, 1797,
4550:Core/Src/main.c **** 	    1845, 3140, 875, 2156, 1603, 1884, 2089, 1860, 2997, 889,
4551:Core/Src/main.c **** 	    2133, 1773, 1517, 2164, 1794, 2426, 1298, 2003, 2105, 1615,
4552:Core/Src/main.c **** 	    2135, 2240, 1876, 1576, 1789, 2108, 1611, 2107, 2344, 1419,
4553:Core/Src/main.c **** 	    1840, 1687, 2125, 1802, 1873, 2875, 1061, 2073, 1599, 1868,
4554:Core/Src/main.c **** 	    2034, 1710, 2699, 1241, 1985, 1789, 1626, 2232, 1830, 2497,
4555:Core/Src/main.c **** 	    1274, 2072, 1857, 1569, 2137, 2030, 2074, 1569, 1778, 2222,
4556:Core/Src/main.c **** 	    1549, 2008, 2258, 1770, 1766, 1713, 2011, 1872, 1835, 2393,
4557:Core/Src/main.c **** 	    1494, 1932, 1739, 1977, 1930, 1903, 2494, 1329, 1936, 1811,
4558:Core/Src/main.c **** 	    1736, 2148, 1754, 2489, 1359, 1868, 2000, 1637, 2146, 1953,
4559:Core/Src/main.c **** 	    2228, 1561, 1860, 2013, 1626, 2037, 2039, 1989, 1645, 1798,
4560:Core/Src/main.c **** 	    2116, 1680, 1994, 2171, 1807, 1840, 1741, 1974, 1974, 1774,
4561:Core/Src/main.c **** 	    2332, 1528, 1945, 1821, 1828, 2042, 1893, 2275, 1517, 1881,
4562:Core/Src/main.c **** 	    1938, 1710, 2121, 1801, 2359, 1466, 1845, 1985, 1732, 2066,
4563:Core/Src/main.c **** 	    1984, 2034, 1819, 1697, 1965, 1747, 2050, 2035, 1900, 1795,
4564:Core/Src/main.c **** 	    1860, 1891, 1831, 1942, 2183, 1677, 1948, 1789, 1938, 1922,
4565:Core/Src/main.c **** 	    1886, 2163, 1654, 1850, 1958, 1764, 2072, 1955, 2063, 1700,
4566:Core/Src/main.c **** 	    1812, 1943, 1790, 1971, 2031, 2041, 1686, 1851, 1903, 1830,
4567:Core/Src/main.c **** 	    1965, 2009, 1986, 1769, 1849, 1860, 1877, 1933, 2070, 1888,
4568:Core/Src/main.c **** 	    1766, 1991, 1772, 1934, 1931, 2089, 1814, 1771, 1974, 1828,
4569:Core/Src/main.c **** 	    1898, 1937, 2052, 1796, 1767, 1982, 1794, 2038, 1900, 2027,
4570:Core/Src/main.c **** 	    1773, 1850, 1897, 1844, 1963, 2032, 1931, 1757, 1884, 1891,
4571:Core/Src/main.c **** 	    1842, 1968, 1994, 1987, 1746, 1897, 1857, 1896, 1904, 2092,
4572:Core/Src/main.c **** 	    1807, 1857, 1911, 1818, 1959, 1891, 2086, 1814, 1817, 1931,
4573:Core/Src/main.c **** 	    1837, 1927, 1909, 2043, 1777, 1870, 1901, 1861, 1987, 1918,
4574:Core/Src/main.c **** 	    1992, 1803, 1850, 1904, 1852, 1967, 1982, 1898, 1785, 1891,
4575:Core/Src/main.c **** 	    1851, 1947, 1944, 2036, 1906, 1781, 1895, 1829, 1916, 1944,
4576:Core/Src/main.c **** 	    2000, 1885, 1844, 1857, 1816, 1963, 1910, 2027, 1865, 1892,
4577:Core/Src/main.c **** 	    1922, 1780, 1950, 1943, 1963, 1815, 1902, 1880, 1871, 1925,
4578:Core/Src/main.c **** 	    1940, 1966, 1788, 1929, 1883, 1870, 1962, 1961, 1901, 1820,
4579:Core/Src/main.c **** 	    1917, 1843, 1934, 1906, 2032, 1866, 1826, 1913, 1817, 1940,
4580:Core/Src/main.c **** 	    1920, 2008, 1866, 1835, 1895, 1821, 1963, 1201, 1910, 1655,
4581:Core/Src/main.c **** 	    2546, 1448, 2448, 1412, 2594, 1278, 3554, 1177, 1368, 1570,
4582:Core/Src/main.c **** 	    2391, 1481, 2384, 1386, 2405, 1492, 3422, 1891, 1092, 1388,
4583:Core/Src/main.c **** 	    2215, 1663, 2033, 1683, 2103, 1645, 2589, 2423, 1066, 1668,
4584:Core/Src/main.c **** 	    2151, 1808, 1941, 1806, 2018, 1898, 2196, 2952, 975, 1565,
4585:Core/Src/main.c **** 	    1924, 1967, 1748, 1986, 1689, 2178, 1630, 3016, 1190, 1641,
4586:Core/Src/main.c **** 	    1886, 2137, 1598, 2141, 1575, 2299, 1487, 3078, 1443, 1583,
4587:Core/Src/main.c **** 	    1600, 2303, 1515, 2170, 1502, 2352, 1314, 2809, 1764, 1606,
4588:Core/Src/main.c **** 	    1568, 2319, 1574, 2145, 1498, 2402, 1399, 2629, 2157, 1566,
4589:Core/Src/main.c **** 	    1410, 2250, 1584, 2168, 1482, 2341, 1573, 2188, 2338, 1620,
4590:Core/Src/main.c **** 	    1479, 2218, 1738, 2011, 1644, 2076, 1831, 1962, 2505, 1747,
4591:Core/Src/main.c **** 	    1416, 1971, 1837, 1973, 1721, 1963, 1991, 1700, 2483, 1823,
ARM GAS  C:\Users\kaush\AppData\Local\Temp\ccalbX8O.s 			page 82


4592:Core/Src/main.c **** 	    1599, 1853, 1977, 1843, 1881, 1751, 2158, 1616, 2492, 2024,
4593:Core/Src/main.c **** 	    1556, 1736, 2018, 1782, 2031, 1578, 2267, 1541, 2317, 2081,
4594:Core/Src/main.c **** 	    1669, 1665, 2130, 1663, 2109, 1561, 2176, 1664, 2205, 2263,
4595:Core/Src/main.c **** 	    1770, 1503, 2122, 1665, 2117, 1604, 2126, 1696, 2074, 2177,
4596:Core/Src/main.c **** 	    1902, 1501, 2105, 1759, 2024, 1705, 1943, 1878, 1868, 2362,
4597:Core/Src/main.c **** 	    1932, 1541, 1956, 1835, 1965, 1835, 1816, 2024, 1729, 2215,
4598:Core/Src/main.c **** 	    2061, 1520, 1923, 1883, 1918, 1920, 1702, 2074, 1762, 2155,
4599:Core/Src/main.c **** 	    2197, 1643, 1756, 1965, 1819, 1981, 1768, 1989, 1812, 1958,
4600:Core/Src/main.c **** 	    2235, 1777, 1653, 2025, 1802, 1987, 1682, 2003, 1830, 1992,
4601:Core/Src/main.c **** 	    2225, 1928, 1596, 1922, 1815, 1976, 1742, 1944, 1933, 1903,
4602:Core/Src/main.c **** 	    2099, 2089, 1576, 1983, 1786, 2005, 1749, 1866, 1944, 1892,
4603:Core/Src/main.c **** 	    2059, 2159, 1607, 1870, 1874, 1957, 1871, 1815, 1946, 1910,
4604:Core/Src/main.c **** 	    1920, 2203, 1679, 1842, 1894, 1921, 1896, 1785, 1931, 1928,
4605:Core/Src/main.c **** 	    1966, 2139, 1791, 1753, 1869, 1930, 1892, 1818, 1899, 1907,
4606:Core/Src/main.c **** 	    1952, 2102, 1882, 1706, 1927, 1894, 1952, 1799, 1886, 1909,
4607:Core/Src/main.c **** 	    1944, 2053, 1973, 1648, 1895, 1866, 1953, 1876, 1926, 1885,
4608:Core/Src/main.c **** 	    1964, 1918, 2118, 1649, 1912, 1862, 1964, 1810, 1897, 1860,
4609:Core/Src/main.c **** 	    1991, 1908, 2125, 1721, 1848, 1858, 1962, 1820, 1946, 1824,
4610:Core/Src/main.c **** 	    1997, 1840, 2139, 1787, 1861, 1849, 1972, 1859, 1875, 1854,
4611:Core/Src/main.c **** 	    1959, 1881, 2082, 1864, 1810, 1847, 1927, 1895, 1862, 1729,
4612:Core/Src/main.c **** 	    2050, 1874, 1990, 1982, 1782, 1993, 1803, 1901, 1886, 1857,
4613:Core/Src/main.c **** 	    2006, 1963, 1963, 1910, 1818, 1819, 1859, 1961, 1925, 1856,
4614:Core/Src/main.c **** 	    1880, 1966, 1918, 1998, 1825, 1959, 1772, 1954, 1833, 1894,
4615:Core/Src/main.c **** 	    1908, 1972, 1963, 1926, 1880, 1861, 1803, 1973, 1872, 1975,
4616:Core/Src/main.c **** 	    1732, 2003, 1839, 1996, 1900, 1877, 1906, 1858, 1888, 1904,
4617:Core/Src/main.c **** 	    1813, 2060, 1886, 2018, 1857, 1881, 1807, 1910, 1884, 1992,
4618:Core/Src/main.c **** 	    1777, 1975, 1866, 1986, 1926, 1862, 1920, 1842, 1874, 1907,
4619:Core/Src/main.c **** 	    1828, 2006, 1815, 2038, 1846, 1932, 1829, 1930, 1924, 1895,
4620:Core/Src/main.c **** 	    1917, 1842, 1889, 1912, 1910, 1950, 1852, 1964, 1830, 1909,
4621:Core/Src/main.c **** 	    1857, 1925, 1921, 1925, 1981, 1882, 1868, 1854, 1943, 1862,
4622:Core/Src/main.c **** 	    1956, 1821, 1966, 1854, 1952, 1930, 1858, 1931, 1877, 1850,
4623:Core/Src/main.c **** 	    1920, 1836, 1999, 1812, 2026, 1839, 1938, 1820, 1917, 1901,
4624:Core/Src/main.c **** 	    1895, 1906, 1900, 1885, 1940, 1910, 1964, 1852, 1940, 1816,
4625:Core/Src/main.c **** 	    1896, 1833, 1956, 1861, 1986, 1885, 1970, 1827, 1903, 1887,
4626:Core/Src/main.c **** 	    1899, 1922, 1876, 1900, 1914, 1885, 1985, 1829, 1985, 1789,
4627:Core/Src/main.c **** 	    1940, 1844, 1893, 1924, 1893, 1952, 1914, 1896, 1859, 1898,
4628:Core/Src/main.c **** 	    1917, 1906, 1881, 1884, 1925, 1856, 1983, 1898, 1926, 1866,
4629:Core/Src/main.c **** 	    1882, 1893, 1859, 1907, 1899, 1948, 1888, 1944, 1822, 1914,
4630:Core/Src/main.c **** 	    1913, 1902, 1936, 1857, 1938, 1887, 1903, 1951, 1865, 1908,
4631:Core/Src/main.c **** 	    1862, 1928, 1855, 1940, 1865, 1934, 1866, 1961, 1858, 1909,
4632:Core/Src/main.c **** 	    1889, 1906, 1898, 1868, 1897, 1887, 1885, 1997, 1866, 1956,
4633:Core/Src/main.c **** 	    1851, 1913, 1855, 1913, 1896, 1926, 1883, 1957, 1891, 1856,
4634:Core/Src/main.c **** 	    1887, 1904, 1896, 1919, 1889, 1912, 1861, 1935, 1933, 1911,
4635:Core/Src/main.c **** 	    1887, 1911, 1870, 1916, 1883, 1913, 1903, 1892, 1925, 1885,
4636:Core/Src/main.c **** 	    1904, 1910, 1906, 1884, 1894, 1897, 1888, 1899, 1930, 1912,
4637:Core/Src/main.c **** 	    1890, 1891, 1888, 1918, 1873, 1930, 1919, 1898, 1928, 1864,
4638:Core/Src/main.c **** 	    1917, 1868, 1916, 1902, 1885, 1902, 1913, 1900, 1898, 1913,
4639:Core/Src/main.c **** 	    1903, 1869, 1919, 1895, 1923, 1875, 1945, 1876, 1935, 1848,
4640:Core/Src/main.c **** 	    1915, 1861, 1920, 1914, 1906, 1894, 1910, 1890, 1908, 1903,
4641:Core/Src/main.c **** 	    1916, 1874, 1915, 1861, 1957, 1843, 1941, 1883, 1924, 1904,
4642:Core/Src/main.c **** 	    1903, 1882, 1899, 1909, 1915, 1898, 1894, 1880, 1915, 1882,
4643:Core/Src/main.c **** 	    1933, 1613, 1984, 1809, 2038, 1841, 1994, 1862, 2074, 1782,
4644:Core/Src/main.c **** 	    2136, 1694, 1927, 1834, 1986, 1861, 2068, 1749, 2005, 1831,
4645:Core/Src/main.c **** 	    2120, 1702, 1860, 1832, 2015, 1799, 1959, 1863, 1965, 1837,
4646:Core/Src/main.c **** 	    2058, 1845, 1848, 1853, 1938, 1861, 1990, 1818, 2013, 1846,
4647:Core/Src/main.c **** 	    2043, 1887, 1754, 1871, 1900, 1856, 1954, 1886, 1937, 1932,
4648:Core/Src/main.c **** 	    1907, 1994, 1749, 1873, 1941, 1857, 1959, 1923, 1869, 1947,
ARM GAS  C:\Users\kaush\AppData\Local\Temp\ccalbX8O.s 			page 83


4649:Core/Src/main.c **** 	    1876, 2044, 1756, 1850, 1880, 1951, 1846, 1948, 1841, 1975,
4650:Core/Src/main.c **** 	    1871, 2013, 1834, 1868, 1858, 1932, 1868, 1972, 1845, 1998,
4651:Core/Src/main.c **** 	    1855, 2070, 1797, 1849, 1833, 1966, 1829, 1969, 1833, 1998,
4652:Core/Src/main.c **** 	    1821, 1986, 1896, 1832, 1839, 1986, 1840, 2011, 1810, 1970,
4653:Core/Src/main.c **** 	    1855, 1972, 1904, 1856, 1809, 1986, 1839, 1933, 1875, 1941,
4654:Core/Src/main.c **** 	    1882, 1944, 1948, 1881, 1788, 1959, 1862, 1920, 1871, 1956,
4655:Core/Src/main.c **** 	    1894, 1939, 1966, 1874, 1793, 1915, 1911, 1901, 1904, 1912,
4656:Core/Src/main.c **** 	    1920, 1871, 1948, 1916, 1797, 1920, 1906, 1892, 1911, 1887,
4657:Core/Src/main.c **** 	    1927, 1882, 1970, 1938, 1839, 1853, 1968, 1827, 1916, 1876,
4658:Core/Src/main.c **** 	    1930, 1876, 1940, 1967, 1870, 1836, 1934, 1870, 1901, 1890,
4659:Core/Src/main.c **** 	    1931, 1896, 1935, 1935, 1882, 1836, 1935, 1879, 1905, 1891,
4660:Core/Src/main.c **** 	    1910, 1907, 1890, 1955, 1900, 1826, 1927, 1891, 1908, 1883,
4661:Core/Src/main.c **** 	    1912, 1899, 1921, 1903, 1939, 1838, 1914, 1915, 1881, 1895,
4662:Core/Src/main.c **** 	    1883, 1925, 1895, 1939, 1927, 1864, 1875, 1898, 1906, 1886,
4663:Core/Src/main.c **** 	    1891, 1939, 1910, 1924, 1925, 1855, 1868, 1909, 1881, 1922,
4664:Core/Src/main.c **** 	    1869, 1932, 1903, 1907, 1943, 1887, 1859, 1910, 1895, 1906,
4665:Core/Src/main.c **** 	    1897, 1889, 1907, 1917, 1904, 1932, 1838, 1929, 1889, 1902,
4666:Core/Src/main.c **** 	    1889, 1896, 1889, 1934, 1928, 1925, 1850, 1901, 1890, 1908,
4667:Core/Src/main.c **** 	    1890, 1917, 1891, 1907, 1920, 1927, 1843, 1915, 1893, 1908,
4668:Core/Src/main.c **** 	    1902, 1893, 1898, 1887, 1922, 1938, 1858, 1901, 1906, 1897,
4669:Core/Src/main.c **** 	    1889, 1912, 1899, 1901, 1913, 1929, 1882, 1869, 1915, 1878,
4670:Core/Src/main.c **** 	    1890, 1905, 1914, 1887, 1923, 1938, 1908, 1858, 1918, 1888,
4671:Core/Src/main.c **** 	    1892, 1897, 1920, 1887, 1907, 1903, 1933, 1849, 1932, 1885,
4672:Core/Src/main.c **** 	    1900, 1881, 1914, 1891, 1902, 1913, 1934, 1870, 1907, 1886,
4673:Core/Src/main.c **** 	    1905, 1873, 1927, 1889, 1916, 1901, 1950, 1878, 1896, 1892,
4674:Core/Src/main.c **** 	    1893, 1880, 1903, 743, 1447, 2137, 1884, 2249, 2119, 2029,
4675:Core/Src/main.c **** 	    1373, 2710, 2507, 1387, 1110, 2041, 1964, 1820, 2246, 1997,
4676:Core/Src/main.c **** 	    1883, 2056, 2983, 1242, 1434, 1613, 1908, 2029, 1602, 2717,
4677:Core/Src/main.c **** 	    1055, 2429, 2386, 1749, 1563, 1197, 2635, 1349, 2351, 2050,
4678:Core/Src/main.c **** 	    1639, 2209, 2221, 2449, 942, 1738, 1929, 1847, 1955, 2022,
4679:Core/Src/main.c **** 	    1839, 1697, 2417, 2176, 1499, 1357, 2162, 1766, 2025, 2047,
4680:Core/Src/main.c **** 	    1860, 1931, 1979, 2744, 1229, 1683, 1727, 1930, 2024, 1664,
4681:Core/Src/main.c **** 	    2390, 1259, 2406, 2224, 1724, 1599, 1488, 2385, 1503, 2268,
4682:Core/Src/main.c **** 	    1876, 1740, 2093, 2231, 2129, 1238, 1824, 1905, 1902, 1935,
4683:Core/Src/main.c **** 	    2034, 1730, 1890, 2335, 2018, 1583, 1475, 2219, 1692, 2106,
4684:Core/Src/main.c **** 	    1944, 1819, 1968, 2008, 2486, 1251, 1809, 1805, 1905, 2030,
4685:Core/Src/main.c **** 	    1740, 2268, 1378, 2429, 2118, 1673, 1686, 1649, 2237, 1618,
4686:Core/Src/main.c **** 	    2153, 1913, 1729, 2169, 2156, 1972, 1430, 1862, 1941, 1866,
4687:Core/Src/main.c **** 	    1894, 2062, 1670, 2055, 2174, 1968, 1607, 1579, 2223, 1670,
4688:Core/Src/main.c **** 	    2110, 1879, 1818, 2037, 1979, 2395, 1281, 1944, 1825, 1866,
4689:Core/Src/main.c **** 	    2042, 1738, 2145, 1576, 2308, 2059, 1637, 1798, 1748, 2073,
4690:Core/Src/main.c **** 	    1746, 2097, 1823, 1887, 2029, 2187, 1791, 1627, 1935, 1804,
4691:Core/Src/main.c **** 	    2017, 1815, 2019, 1718, 2039, 2184, 1802, 1754, 1689, 2079,
4692:Core/Src/main.c **** 	    1785, 1987, 1914, 1793, 2007, 2061, 2099, 1536, 1901, 1852,
4693:Core/Src/main.c **** 	    1927, 1892, 1920, 1921, 1787, 2227, 1933, 1801, 1677, 1943,
4694:Core/Src/main.c **** 	    1926, 1803, 2053, 1748, 1977, 1959, 2184, 1771, 1689, 1961,
4695:Core/Src/main.c **** 	    1796, 2000, 1792, 2010, 1742, 2035, 2149, 1774, 1820, 1777,
4696:Core/Src/main.c **** 	    2036, 1776, 1978, 1877, 1813, 1964, 2090, 1961, 1657, 1931,
4697:Core/Src/main.c **** 	    1850, 1942, 1869, 1954, 1842, 1845, 2197, 1845, 1826, 1744,
4698:Core/Src/main.c **** 	    2020, 1857, 1878, 2021, 1729, 1978, 1983, 2079, 1719, 1764,
4699:Core/Src/main.c **** 	    2009, 1817, 1964, 1856, 1914, 1786, 2071, 2050, 1776, 1780,
4700:Core/Src/main.c **** 	    1905, 1964, 1823, 1979, 1860, 1828, 1992, 2057, 1873, 1679,
4701:Core/Src/main.c **** 	    1986, 1863, 1934, 1873, 1970, 1823, 1892, 2149, 1828, 1805,
4702:Core/Src/main.c **** 	    1823, 1963, 1884, 1865, 2005, 1761, 1957, 1996, 2005, 1747,
4703:Core/Src/main.c **** 	    1821, 1960, 1855, 1932, 1927, 1869, 1846, 2016, 1982, 1826,
4704:Core/Src/main.c **** 	    1813, 1925, 1921, 1837, 2024, 1819, 1874, 1938, 2033, 1874,
4705:Core/Src/main.c **** 	    1757, 1977, 1825, 1940, 1895, 777, 2313, 1707, 2196, 1832,
ARM GAS  C:\Users\kaush\AppData\Local\Temp\ccalbX8O.s 			page 84


4706:Core/Src/main.c **** 	    2255, 1925, 1932, 2245, 2624, 746, 2157, 1637, 1934, 1730,
4707:Core/Src/main.c **** 	    2267, 2017, 1963, 2058, 2920, 962, 1769, 1634, 1903, 1656,
4708:Core/Src/main.c **** 	    2169, 1928, 1980, 1748, 2827, 1351, 1594, 1869, 1881, 1748,
4709:Core/Src/main.c **** 	    2174, 1935, 2074, 1689, 2819, 1744, 1350, 1864, 1784, 1738,
4710:Core/Src/main.c **** 	    2026, 1931, 2057, 1621, 2484, 2098, 1330, 1894, 1832, 1780,
4711:Core/Src/main.c **** 	    1985, 1979, 2054, 1745, 2231, 2460, 1318, 1834, 1771, 1809,
4712:Core/Src/main.c **** 	    1831, 1995, 1964, 1836, 1896, 2542, 1462, 1761, 1796, 1889,
4713:Core/Src/main.c **** 	    1763, 2118, 1855, 2020, 1741, 2617, 1618, 1706, 1754, 1917,
4714:Core/Src/main.c **** 	    1690, 2137, 1772, 2112, 1584, 2530, 1793, 1669, 1757, 1996,
4715:Core/Src/main.c **** 	    1641, 2153, 1752, 2147, 1566, 2456, 1989, 1693, 1645, 2035,
4716:Core/Src/main.c **** 	    1602, 2111, 1736, 2170, 1586, 2246, 2135, 1753, 1595, 2049,
4717:Core/Src/main.c **** 	    1647, 2057, 1789, 2146, 1677, 2095, 2246, 1857, 1555, 1968,
4718:Core/Src/main.c **** 	    1748, 1940, 1831, 2044, 1789, 1902, 2230, 1946, 1571, 1887,
4719:Core/Src/main.c **** 	    1857, 1875, 1889, 1972, 1932, 1780, 2251, 2044, 1666, 1771,
4720:Core/Src/main.c **** 	    1940, 1802, 1914, 1883, 2017, 1693, 2174, 2041, 1771, 1681,
4721:Core/Src/main.c **** 	    2008, 1765, 2005, 1804, 2061, 1689, 2134, 2091, 1855, 1632,
4722:Core/Src/main.c **** 	    2036, 1739, 2025, 1755, 2091, 1683, 2050, 2070, 1961, 1569,
4723:Core/Src/main.c **** 	    2027, 1726, 2039, 1752, 2080, 1748, 1975, 2061, 2098, 1558,
4724:Core/Src/main.c **** 	    2005, 1734, 2013, 1787, 2020, 1796, 1901, 2012, 2173, 1595,
4725:Core/Src/main.c **** 	    1929, 1783, 1952, 1814, 1975, 1820, 1921, 1941, 2222, 1710,
4726:Core/Src/main.c **** 	    1840, 1865, 1895, 1877, 1911, 1854, 1930, 1880, 2198, 1830,
4727:Core/Src/main.c **** 	    1781, 1888, 1867, 1907, 1896, 1853, 1903, 1885, 2118, 1953,
4728:Core/Src/main.c **** 	    1711, 1936, 1823, 1946, 1877, 1870, 1898, 1905, 2035, 2039,
4729:Core/Src/main.c **** 	    1694, 1935, 1809, 1957, 1873, 1902, 1834, 1955, 1944, 2141,
4730:Core/Src/main.c **** 	    1662, 1929, 1810, 1951, 1876, 1930, 1806, 1951, 1875, 2173,
4731:Core/Src/main.c **** 	    1738, 1879, 1836, 1935, 1888, 1951, 1790, 1994, 1811, 2176,
4732:Core/Src/main.c **** 	    1789, 1840, 1841, 1902, 1913, 1969, 1789, 2013, 1794, 2128,
4733:Core/Src/main.c **** 	    1878, 1800, 1853, 1887, 1891, 1971, 1769, 2011, 1811, 2062,
4734:Core/Src/main.c **** 	    1942, 1808, 1838, 1887, 1892, 1967, 1818, 1974, 1848, 1972,
4735:Core/Src/main.c **** 	    1995, 1821, 1832, 1893, 1902, 1937, 1873, 1909, 1927, 1877,
4736:Core/Src/main.c **** 	    2049, 1826, 1821, 1901, 1877, 1922, 1912, 2099, 1684, 1423,
4737:Core/Src/main.c **** 	    2278, 2110, 1483, 1601, 2372, 2173, 1542, 1510, 2354, 2070,
4738:Core/Src/main.c **** 	    1548, 1855, 2305, 1836, 1545, 1939, 2536, 1506, 1557, 1911,
4739:Core/Src/main.c **** 	    2455, 1720, 1455, 2144, 2222, 1644, 1774, 2022, 2214, 1426,
4740:Core/Src/main.c **** 	    1886, 2274, 2072, 1402, 1809, 2274, 2167, 1360, 1853, 2205,
4741:Core/Src/main.c **** 	    1966, 1530, 2014, 2188, 1779, 1538, 2180, 2191, 1676, 1477,
4742:Core/Src/main.c **** 	    2319, 2137, 1725, 1533, 2214, 2092, 1644, 1833, 2090, 1979,
4743:Core/Src/main.c **** 	    1576, 1857, 2324, 1773, 1623, 1824, 2359, 1870, 1471, 2039,
4744:Core/Src/main.c **** 	    2195, 1820, 1653, 2019, 2151, 1658, 1714, 2297, 1967, 1624,
4745:Core/Src/main.c **** 	    1685, 2259, 2054, 1536, 1807, 2149, 1959, 1685, 1853, 2210,
4746:Core/Src/main.c **** 	    1790, 1732, 1933, 2249, 1683, 1634, 2056, 2213, 1738, 1610,
4747:Core/Src/main.c **** 	    2064, 2119, 1670, 1830, 2024, 2044, 1573, 1933, 2147, 1923,
4748:Core/Src/main.c **** 	    1609, 1907, 2143, 1952, 1595, 1952, 2083, 1933, 1731, 1906,
4749:Core/Src/main.c **** 	    2090, 1796, 1710, 2093, 2014, 1781, 1639, 2170, 2052, 1666,
4750:Core/Src/main.c **** 	    1790, 2073, 2031, 1701, 1859, 2076, 1868, 1759, 1937, 2089,
4751:Core/Src/main.c **** 	    1791, 1739, 1964, 2108, 1834, 1688, 1972, 2042, 1857, 1727,
4752:Core/Src/main.c **** 	    1988, 2018, 1784, 1823, 2056, 1940, 1797, 1872, 2022, 1908,
4753:Core/Src/main.c **** 	    1797, 1857, 1961, 1917, 1922, 1866, 1929, 1862, 1944, 1894,
4754:Core/Src/main.c **** 	    1889, 1844, 1886, 1916, 1976, 1919, 1802, 1917, 1934, 1157,
4755:Core/Src/main.c **** 	    1570, 2035, 2049, 1872, 2193, 2227, 2878, 1608, 1016, 1418,
4756:Core/Src/main.c **** 	    2069, 1960, 1976, 2196, 2210, 2720, 2067, 1085, 1294, 1986,
4757:Core/Src/main.c **** 	    1871, 1906, 1983, 2124, 2435, 2255, 1112, 1495, 2003, 2002,
4758:Core/Src/main.c **** 	    1963, 1915, 2180, 2310, 2392, 1111, 1472, 1931, 1894, 1934,
4759:Core/Src/main.c **** 	    1890, 2233, 1926, 2451, 1226, 1504, 1916, 1956, 2058, 1866,
4760:Core/Src/main.c **** 	    2288, 1987, 2481, 1293, 1413, 1888, 1943, 1971, 1793, 2295,
4761:Core/Src/main.c **** 	    1911, 2508, 1324, 1430, 1865, 1917, 2039, 1758, 2327, 1838,
4762:Core/Src/main.c **** 	    2587, 1554, 1344, 1823, 1898, 2053, 1683, 2271, 1869, 2460,
ARM GAS  C:\Users\kaush\AppData\Local\Temp\ccalbX8O.s 			page 85


4763:Core/Src/main.c **** 	    1652, 1386, 1808, 1864, 2048, 1677, 2303, 1833, 2506, 1743,
4764:Core/Src/main.c **** 	    1392, 1829, 1868, 1969, 1715, 2246, 1870, 2351, 1878, 1394,
4765:Core/Src/main.c **** 	    1811, 1889, 2013, 1650, 2215, 1852, 2356, 1960, 1403, 1776,
4766:Core/Src/main.c **** 	    1901, 2035, 1662, 2144, 1892, 2236, 2060, 1416, 1699, 1941,
4767:Core/Src/main.c **** 	    2037, 1727, 2122, 1915, 2186, 2073, 1500, 1636, 1909, 2173,
4768:Core/Src/main.c **** 	    1523, 2408, 1520, 2437, 1978, 1705, 1625, 1867, 2297, 1345,
4769:Core/Src/main.c **** 	    2396, 1599, 2440, 1943, 1719, 1583, 1815, 2203, 1545, 2168,
4770:Core/Src/main.c **** 	    1695, 2282, 1924, 1854, 1536, 1836, 2117, 1624, 2335, 1596,
4771:Core/Src/main.c **** 	    2262, 1941, 1980, 1442, 1955, 2066, 1652, 2113, 1836, 2134,
4772:Core/Src/main.c **** 	    1872, 2002, 1419, 1896, 2084, 1691, 2121, 1769, 2328, 1789,
4773:Core/Src/main.c **** 	    2060, 1408, 1939, 1920, 1828, 2050, 1869, 2118, 1943, 2179,
4774:Core/Src/main.c **** 	    1297, 1880, 1992, 1812, 1991, 1795, 2289, 1791, 2227, 1401,
4775:Core/Src/main.c **** 	    1920, 1856, 1814, 1936, 1896, 2185, 1850, 2208, 1448, 1990,
4776:Core/Src/main.c **** 	    1810, 1828, 1913, 1828, 2161, 1865, 2248, 1410, 1927, 1927,
4777:Core/Src/main.c **** 	    1890, 1817, 1854, 2155, 1783, 2327, 1446, 2002, 1777, 2001,
4778:Core/Src/main.c **** 	    1880, 1792, 2066, 1820, 2224, 1540, 1895, 1897, 1887, 1917,
4779:Core/Src/main.c **** 	    1910, 2057, 1728, 2264, 1508, 1971, 1792, 2079, 1801, 1923,
4780:Core/Src/main.c **** 	    2137, 1711, 2176, 1580, 1897, 1825, 1959, 1886, 1868, 2100,
4781:Core/Src/main.c **** 	    1778, 2216, 1538, 1897, 1759, 2061, 1787, 1964, 2065, 1795,
4782:Core/Src/main.c **** 	    2254, 1679, 1781, 1779, 2061, 1799, 1921, 2029, 1820, 2176,
4783:Core/Src/main.c **** 	    1730, 1877, 1695, 2102, 1770, 1898, 2033, 1839, 2097, 1807,
4784:Core/Src/main.c **** 	    1811, 1882, 1923, 1830, 1892, 2001, 1890, 2007, 1960, 1692,
4785:Core/Src/main.c **** 	    1821, 2071, 1819, 1843, 1972, 1893, 2040, 1889, 1785, 1788,
4786:Core/Src/main.c **** 	    2019, 1898, 1841, 1959, 1920, 1933, 1973, 1770, 1796, 1992,
4787:Core/Src/main.c **** 	    1866, 1949, 1960, 1879, 1961, 1947, 1816, 1703, 2020, 1868,
4788:Core/Src/main.c **** 	    1887, 1956, 2008, 1884, 1955, 1804, 1752, 2013, 1804, 1949,
4789:Core/Src/main.c **** 	    1938, 2013, 1906, 1937, 1896, 1661, 2020, 1811, 1938, 1890,
4790:Core/Src/main.c **** 	    2000, 1910, 2013, 1849, 1691, 1978, 1875, 1908, 1863, 2049,
4791:Core/Src/main.c **** 	    1880, 1939, 1952, 1722, 1976, 1813, 1950, 1864, 1997, 1864,
4792:Core/Src/main.c **** 	    1935, 1958, 1730, 1990, 1853, 1928, 1856, 2008, 1881, 1901,
4793:Core/Src/main.c **** 	    1966, 1707, 1980, 1886, 1922, 1854, 2004, 1922, 1862, 1986,
4794:Core/Src/main.c **** 	    1723, 1941, 1868, 1956, 1830, 1996, 1897, 1899, 1956, 1755,
4795:Core/Src/main.c **** 	    1923, 1890, 1925, 1874, 1986, 1930, 1859, 2015, 1740, 1939,
4796:Core/Src/main.c **** 	    1860, 1938, 1844, 1994, 1920, 1849, 1991, 1782, 1880, 1925,
4797:Core/Src/main.c **** 	    1886, 1865, 1961, 1962, 1858, 1974, 1794, 1904, 1897, 1915,
4798:Core/Src/main.c **** 	    1836, 1983, 1953, 1862, 1985, 1797, 1879, 1883, 1924, 1837,
4799:Core/Src/main.c **** 	    1731, 2258, 959, 2891, 838, 2315, 2724, 2119, 2505, 694,
4800:Core/Src/main.c **** 	    2277, 1931, 1007, 3076, 1309, 3184, 2051, 695, 2592, 932,
4801:Core/Src/main.c **** 	    2383, 1688, 1906, 2961, 1549, 1910, 1341, 1999, 2004, 1372,
4802:Core/Src/main.c **** 	    2950, 1488, 3014, 939, 1680, 2207, 1143, 2458, 1698, 2058,
4803:Core/Src/main.c **** 	    3036, 489, 2575, 1275, 2103, 1777, 1792, 2609, 2086, 1581,
4804:Core/Src/main.c **** 	    1757, 1528, 2412, 1014, 2745, 1543, 2626, 1560, 1289, 2476,
4805:Core/Src/main.c **** 	    1360, 1947, 2272, 1505, 3229, 827, 2156, 1627, 1765, 1968,
4806:Core/Src/main.c **** 	    1757, 2382, 2115, 1658, 1903, 1482, 2329, 1168, 2518, 1917,
4807:Core/Src/main.c **** 	    2175, 2206, 1118, 2271, 1572, 1511, 2597, 1362, 2819, 1578,
4808:Core/Src/main.c **** 	    1617, 2105, 1462, 2155, 1664, 2221, 2260, 1867, 1917, 1433,
4809:Core/Src/main.c **** 	    2167, 1539, 1988, 2168, 1740, 2584, 1149, 2032, 1884, 1524,
4810:Core/Src/main.c **** 	    2348, 1596, 2324, 2223, 1386, 2145, 1482, 2078, 1683, 2045,
4811:Core/Src/main.c **** 	    2145, 2005, 1875, 1602, 1971, 1874, 1642, 2382, 1572, 2602,
4812:Core/Src/main.c **** 	    1417, 1813, 2092, 1490, 2126, 1863, 1977, 2443, 1334, 2090,
4813:Core/Src/main.c **** 	    1572, 2035, 1754, 2015, 2118, 2055, 1973, 1629, 1792, 1990,
4814:Core/Src/main.c **** 	    1532, 2388, 1633, 2384, 1856, 1589, 2060, 1607, 1894, 2080,
4815:Core/Src/main.c **** 	    1780, 2356, 1809, 1787, 1791, 1852, 1778, 1998, 2000, 2093,
4816:Core/Src/main.c **** 	    2039, 1674, 1796, 1949, 1635, 2083, 1841, 2142, 2093, 1573,
4817:Core/Src/main.c **** 	    1981, 1748, 1761, 1976, 1821, 2154, 2007, 1752, 1901, 1903,
4818:Core/Src/main.c **** 	    1975, 1742, 2055, 1839, 2181, 1666, 1816, 1953, 1775, 2045,
4819:Core/Src/main.c **** 	    1967, 1789, 2190, 1600, 1907, 1827, 1830, 1972, 2044, 1950,
ARM GAS  C:\Users\kaush\AppData\Local\Temp\ccalbX8O.s 			page 86


4820:Core/Src/main.c **** 	    2065, 1723, 1871, 1755, 1948, 1770, 2136, 1939, 2148, 1749,
4821:Core/Src/main.c **** 	    1651, 1934, 1804, 1856, 2076, 1804, 2334, 1801, 1681, 1850,
4822:Core/Src/main.c **** 	    1809, 1942, 1940, 1916, 2087, 1962, 1783, 1729, 1881, 1834,
4823:Core/Src/main.c **** 	    2034, 1910, 1998, 2020, 1678, 1973, 1775, 1773, 2080, 1853,
4824:Core/Src/main.c **** 	    2070, 1945, 1698, 1971, 1838, 1864, 1863, 2025, 1972, 2015,
4825:Core/Src/main.c **** 	    1719, 1847, 1945, 1887, 1854, 1961, 1883, 2131, 1656, 1838,
4826:Core/Src/main.c **** 	    1924, 1855, 2066, 1845, 1884, 2141, 1670, 1928, 1742, 2000,
4827:Core/Src/main.c **** 	    1869, 2041, 1880, 1964, 1862, 1751, 1908, 1861, 1880, 2062,
4828:Core/Src/main.c **** 	    1876, 2111, 1720, 1817, 1906, 1847, 1906, 2000, 1884, 2163,
4829:Core/Src/main.c **** 	    1745, 1771, 1872, 1875, 1912, 1920, 1966, 1981, 1989, 1745,
4830:Core/Src/main.c **** 	    1789, 1920, 1788, 2093, 1802, 2094, 1898, 1765, 1978, 1721,
4831:Core/Src/main.c **** 	    1970, 1974, 1938, 1922, 1955, 1768, 1901, 1869, 1838, 1965,
4832:Core/Src/main.c **** 	    1920, 2018, 1914, 1791, 1803, 1947, 1875, 1895, 1979, 1863,
4833:Core/Src/main.c **** 	    2098, 1698, 1944, 1819, 1907, 1984, 1850, 1958, 2006, 1803,
4834:Core/Src/main.c **** 	    1805, 1930, 1907, 1889, 1947, 1847, 2017, 1827, 1869, 1883,
4835:Core/Src/main.c **** 	    1880, 1939, 1978, 1850, 2000, 1813, 1866, 1935, 1847, 1968,
4836:Core/Src/main.c **** 	    1909, 1926, 1994, 1824, 1786, 1887, 1946, 1847, 1994, 1899,
4837:Core/Src/main.c **** 	    1975, 1910, 1774, 1915, 1829, 1916, 1947, 1879, 2060, 1901,
4838:Core/Src/main.c **** 	    1825, 1922, 1811, 1948, 1862, 1893, 1977, 1924, 1847, 1866,
4839:Core/Src/main.c **** 	    1902, 1855, 1933, 1921, 1902, 1991, 1798, 1929, 1874, 1913,
4840:Core/Src/main.c **** 	    1911, 1860, 1968, 1953, 1805, 1906, 1851, 1933, 1903, 1884,
4841:Core/Src/main.c **** 	    1921, 1922, 1886, 1870, 1928, 1875, 1890, 1974, 1830, 1991,
4842:Core/Src/main.c **** 	    1795, 1896, 1899, 1884, 1961, 1847, 1964, 1921, 1848, 1896,
4843:Core/Src/main.c **** 	    1855, 1938, 1882, 1930, 1912, 1944, 1877, 1839, 1866, 1935,
4844:Core/Src/main.c **** 	    1875, 1951, 1874, 1967, 1947, 1821, 1887, 1847, 1954, 1880,
4845:Core/Src/main.c **** 	    1895, 1995, 1865, 1962, 1816, 1903, 1852, 1887, 1950, 1865,
4846:Core/Src/main.c **** 	    1982, 1854, 1916, 1920, 1855, 1907, 1868, 1942, 1922, 1876,
4847:Core/Src/main.c **** 	    1922, 1895, 1918, 1881, 1871, 1953, 1867, 1913, 1868, 1905,
4848:Core/Src/main.c **** 	    1940, 1843, 1956, 1824, 1949, 1935, 1831, 1953, 1876, 1941,
4849:Core/Src/main.c **** 	    1911, 1862, 1930, 1845, 1939, 1882, 1908, 1895, 1892, 1937,
4850:Core/Src/main.c **** 	    1892, 1877, 1889, 1890, 1953, 1869, 1934, 1891, 1926, 1914,
4851:Core/Src/main.c **** 	    1826, 1943, 1894, 1900, 1902, 1891, 1953, 1890, 1870, 1898,
4852:Core/Src/main.c **** 	    1908, 1907, 1875, 1893, 1929, 1923, 1901, 1878, 1894, 1883,
4853:Core/Src/main.c **** 	    1904, 1887, 1883, 1949, 1882, 1951, 1871, 1879, 1930, 1854,
4854:Core/Src/main.c **** 	    1925, 1875, 1907, 1925, 1889, 1918, 1879, 1925, 1881, 1913,
4855:Core/Src/main.c **** 	    1855, 1902, 1900, 1893, 1929, 1881, 1942, 1925, 1877, 1884,
4856:Core/Src/main.c **** 	    1887, 1913, 1924, 1869, 1905, 1946, 1867, 1921, 1844, 1910,
4857:Core/Src/main.c **** 	    1917, 1882, 1906, 1880, 1937, 1863, 1953, 1877, 1918, 1919,
4858:Core/Src/main.c **** 	    1873, 1939, 1845, 1921, 1904, 1871, 1952, 1874, 1913, 1906,
4859:Core/Src/main.c **** 	    1874, 1903, 1912, 1893, 1925, 1903, 1902, 1906, 1885, 1891,
4860:Core/Src/main.c **** 	    1890, 1914, 1893, 1940, 1875, 1898, 1922, 1863, 1921, 1855,
4861:Core/Src/main.c **** 	    1932, 1910, 1867, 1946, 1642, 2028, 1811, 1899, 1965, 1878,
4862:Core/Src/main.c **** 	    2062, 1934, 1832, 1965, 1724, 2046, 1747, 2109, 1881, 2019,
4863:Core/Src/main.c **** 	    1931, 1685, 1979, 1872, 1858, 1987, 1780, 2177, 1737, 1889,
4864:Core/Src/main.c **** 	    1919, 1838, 1956, 1868, 1999, 1934, 1863, 1901, 1757, 2017,
4865:Core/Src/main.c **** 	    1805, 1965, 1959, 1883, 2060, 1640, 1969, 1888, 1803, 2046,
4866:Core/Src/main.c **** 	    1808, 2061, 1887, 1755, 2017, 1714, 2010, 1831, 2002, 1952,
4867:Core/Src/main.c **** 	    1878, 1903, 1795, 1935, 1927, 1841, 2034, 1818, 2093, 1700,
4868:Core/Src/main.c **** 	    1895, 1886, 1835, 1983, 1904, 1932, 2023, 1732, 1984, 1756,
4869:Core/Src/main.c **** 	    1988, 1878, 1931, 1954, 1930, 1912, 1810, 1844, 1956, 1788,
4870:Core/Src/main.c **** 	    2064, 1794, 2058, 1811, 1849, 1963, 1788, 1968, 1923, 1873,
4871:Core/Src/main.c **** 	    2060, 1751, 1953, 1819, 1909, 1925, 1868, 1979, 1893, 1894,
4872:Core/Src/main.c **** 	    1857, 1838, 1965, 1813, 1998, 1922, 1943, 1915, 1775, 1948,
4873:Core/Src/main.c **** 	    1823, 1914, 1938, 1877, 2026, 1868, 1888, 1853, 1842, 1949,
4874:Core/Src/main.c **** 	    1851, 1987, 1897, 1944, 1880, 1844, 1922, 1840, 1907, 1948,
4875:Core/Src/main.c **** 	    1855, 1989, 1806, 1937, 1860, 1905, 1947, 1882, 1954, 1898,
4876:Core/Src/main.c **** 	    1851, 1911, 1835, 1971, 1832, 1978, 1913, 1919, 1866, 1848,
ARM GAS  C:\Users\kaush\AppData\Local\Temp\ccalbX8O.s 			page 87


4877:Core/Src/main.c **** 	    1905, 1899, 1876, 1971, 1890, 1960, 1865, 1867, 1885, 1895,
4878:Core/Src/main.c **** 	    1903, 1915, 1924, 1944, 1854, 1902, 1852, 1933, 1860, 1935,
4879:Core/Src/main.c **** 	    1927, 1896, 1920, 1849, 1898, 1893, 1874, 1954, 1886, 1945,
4880:Core/Src/main.c **** 	    1885, 1877, 1892, 1889, 1899, 1905, 1917, 1942, 1883, 1881,
4881:Core/Src/main.c **** 	    1887, 1877, 1917, 1871, 1943, 1911, 1921, 1891, 1872, 1907,
4882:Core/Src/main.c **** 	    1869, 1918, 1904, 1897, 1941, 1855, 1909, 1870, 1922, 1892,
4883:Core/Src/main.c **** 	    1906, 1926, 1905, 1884, 1881, 1879, 1916, 1896, 1939, 1884,
4884:Core/Src/main.c **** 	    1948, 1856, 1890, 1886, 1885, 1917, 1920, 1902, 1949, 1862,
4885:Core/Src/main.c **** 	    1902, 1882, 1901, 1899, 1908, 1928, 1926, 1862, 1911, 1868,
4886:Core/Src/main.c **** 	    1901, 1890, 1917, 1899, 1921, 1895, 1870, 1914, 1892, 1892,
4887:Core/Src/main.c **** 	    1937, 1881, 1926, 1884, 1890, 1913, 1884, 1913, 1912, 1917,
4888:Core/Src/main.c **** 	    1879, 1877, 1886, 1901, 1906, 1898, 1935, 1913, 1908, 1916,
4889:Core/Src/main.c **** 	    1828, 1924, 1901, 1888, 1942, 1905, 1903, 1917, 1850, 1913,
4890:Core/Src/main.c **** 	    1876, 1907, 1903, 1919, 1907, 1918, 1875, 1896, 1889, 1909,
4891:Core/Src/main.c **** 	    1895, 1919, 1885, 1942, 1864, 1891, 1923, 1866, 1928, 1919,
4892:Core/Src/main.c **** 	    1868, 1947, 1866, 1910, 1888, 1897, 1907, 1888, 1902, 1913,
4893:Core/Src/main.c **** 	    1876, 1879, 1921, 1901, 1890, 1917, 1907, 1925, 1866, 1872,
4894:Core/Src/main.c **** 	    1939, 1884, 1890, 1930, 1897, 1936, 1865, 1879, 1925, 1878,
4895:Core/Src/main.c **** 	    1911, 1895, 1931, 1903, 1881, 1899, 1906, 1894, 1889, 1927,
4896:Core/Src/main.c **** 	    1902, 1900, 1899, 1881, 1920, 1882, 1898, 1932, 1896, 1884,
4897:Core/Src/main.c **** 	    1912, 1890, 1908, 1867, 1912, 1917, 1898, 1904, 1900, 1904,
4898:Core/Src/main.c **** 	    1891, 1896, 1898, 1911, 1909, 1882, 1936, 1867, 1899, 1900,
4899:Core/Src/main.c **** 	    1892, 1928, 1885, 1902, 1914, 1887, 1891, 1894, 1922, 1896,
4900:Core/Src/main.c **** 	    1902, 1910, 1906, 1894, 1878, 1912, 1895, 1901, 1922, 1894,
4901:Core/Src/main.c **** 	    1918, 1886, 1876, 1914, 1891, 1894, 1919, 1909, 1916, 1897,
4902:Core/Src/main.c **** 	    1895, 1894, 1895, 1884, 1907, 1920, 1897, 1908, 1894, 1912,
4903:Core/Src/main.c **** 	    1896, 1865, 1930, 1887, 1910, 1897, 1889, 1924, 1888, 1898,
4904:Core/Src/main.c **** 	    1907, 1910, 1888, 1885, 1914, 1878, 1916, 1885, 1919, 1910,
4905:Core/Src/main.c **** 	    1884, 1907, 1898, 1900, 1898, 1894, 1918, 1908, 1890, 1895,
4906:Core/Src/main.c **** 	    1902, 1887, 1903, 1899, 1905, 1909, 1900, 1892, 1914, 1879,
4907:Core/Src/main.c **** 	    1913, 1902, 1901, 1908, 1898, 1910, 1892, 1896, 1897, 1898,
4908:Core/Src/main.c **** 	    1908, 1889, 1913, 1892, 1906, 1906, 1887, 1916, 1888, 1904,
4909:Core/Src/main.c **** 	    1912, 1877, 1919, 1904, 1892, 1916, 1885, 1910, 1904, 1891,
4910:Core/Src/main.c **** 	    1905, 1899, 1901, 1897, 1900, 1895, 1915, 1898, 1864, 1909,
4911:Core/Src/main.c **** 	    1891, 1919, 1900, 1896, 1931, 1906, 1925, 1869, 1885, 1907,
4912:Core/Src/main.c **** 	    1895, 1897, 1906, 1912, 1912, 1932, 1843, 1884, 1891, 1900,
4913:Core/Src/main.c **** 	    1909, 1910, 1906, 1925, 1923, 1861, 1890, 1887, 1925, 1887,
4914:Core/Src/main.c **** 	    1902, 1946, 1884, 1934, 1860, 1884, 1912, 1889, 1893, 1912,
4915:Core/Src/main.c **** 	    1915, 1897, 1917, 1873, 1907, 1893, 1898, 1903, 1906, 1909,
4916:Core/Src/main.c **** 	    1892, 1928, 1895, 1885, 1885, 1913, 1892, 1899, 1923, 1882,
4917:Core/Src/main.c **** 	    1940, 1880, 1884, 1893, 1912, 1890, 1901, 1914, 1906, 1926,
4918:Core/Src/main.c **** 	    1887, 1886, 1898, 1906, 1895, 1892, 1922, 1901, 1907, 1900,
4919:Core/Src/main.c **** 	    1883, 1890, 1911, 1897, 1899, 1917, 1898, 1913, 1905, 1879,
4920:Core/Src/main.c **** 	    1882, 1920, 1896, 1898, 1907, 1899, 1918, 1906, 1881, 1883,
4921:Core/Src/main.c **** 	    1911, 1899, 1886, 1906, 1909, 1911, 1907, 1901, 1883, 1912,
4922:Core/Src/main.c **** 	    1891, 1893, 1901, 1914, 1892, 1918, 1898, 1884, 1911, 1888,
4923:Core/Src/main.c **** 	    1897, 1909, 1894, 1908, 1906, 1910, 1871, 1909, 273, 1736,
4924:Core/Src/main.c **** 	    2070, 1547, 2713, 1902, 2556, 3061, 298, 2447, 887, 2592,
4925:Core/Src/main.c **** 	    1729, 2134, 2455, 2435, 1510, 1002, 1713, 2215, 1419, 2800,
4926:Core/Src/main.c **** 	    1227, 3352, 1034, 1239, 2278, 1368, 2425, 1981, 1813, 3298,
4927:Core/Src/main.c **** 	    821, 2080, 1151, 2122, 1987, 1848, 2272, 2230, 1997, 1174,
4928:Core/Src/main.c **** 	    1570, 2361, 1312, 2748, 1435, 2767, 2029, 853, 2287, 1348,
4929:Core/Src/main.c **** 	    2081, 2205, 1489, 2977, 1467, 1706, 1586, 1715, 2294, 1622,
4930:Core/Src/main.c **** 	    2341, 1983, 2331, 1395, 1422, 2255, 1439, 2372, 1875, 2001,
4931:Core/Src/main.c **** 	    2678, 754, 2248, 1545, 1904, 2320, 1589, 2544, 2059, 1426,
4932:Core/Src/main.c **** 	    1864, 1420, 2365, 1546, 2327, 1915, 2350, 1646, 1302, 2194,
4933:Core/Src/main.c **** 	    1681, 1972, 2304, 1567, 2951, 1055, 1896, 1791, 1680, 2255,
ARM GAS  C:\Users\kaush\AppData\Local\Temp\ccalbX8O.s 			page 88


4934:Core/Src/main.c **** 	    1699, 2123, 2353, 1472, 1915, 1408, 2304, 1622, 2225, 1926,
4935:Core/Src/main.c **** 	    2200, 2027, 1237, 2040, 1846, 1691, 2475, 1403, 2719, 1583,
4936:Core/Src/main.c **** 	    1560, 2066, 1518, 2216, 1841, 1942, 2406, 1671, 1866, 1509,
4937:Core/Src/main.c **** 	    2092, 1767, 1975, 2101, 1871, 2330, 1279, 1912, 2023, 1561,
4938:Core/Src/main.c **** 	    2421, 1572, 2310, 2119, 1299, 2166, 1484, 2139, 1913, 1852,
4939:Core/Src/main.c **** 	    2321, 1847, 1820, 1621, 1920, 1942, 1820, 2170, 1796, 2374,
4940:Core/Src/main.c **** 	    1510, 1743, 1991, 1658, 2157, 1860, 1943, 2335, 1441, 1950,
4941:Core/Src/main.c **** 	    1691, 1956, 1961, 1911, 2059, 2107, 1799, 1670, 1811, 1994,
4942:Core/Src/main.c **** 	    1756, 2197, 1728, 2288, 1802, 1571, 2016, 1741, 2008, 2044,
4943:Core/Src/main.c **** 	    1772, 2344, 1687, 1768, 1801, 1855, 1970, 1886, 1971, 2079,
4944:Core/Src/main.c **** 	    1949, 1677, 1769, 2008, 1763, 2094, 1834, 2071, 2105, 1510,
4945:Core/Src/main.c **** 	    1966, 1801, 1887, 2029, 1732, 2203, 1927, 1700, 1868, 1805,
4946:Core/Src/main.c **** 	    2007, 1854, 1982, 1975, 2067, 1738, 1749, 1959, 1822, 1959,
4947:Core/Src/main.c **** 	    1948, 1858, 2219, 1566, 1892, 1903, 1833, 2037, 1817, 2012,
4948:Core/Src/main.c **** 	    2098, 1655, 1922, 1768, 2013, 1848, 1966, 1948, 2019, 1822,
4949:Core/Src/main.c **** 	    1690, 1964, 1901, 1870, 2035, 1792, 2204, 1747, 1741, 1958,
4950:Core/Src/main.c **** 	    1833, 1988, 1895, 1881, 2113, 1763, 1797, 1838, 1980, 1920,
4951:Core/Src/main.c **** 	    1913, 1937, 1984, 1960, 1688, 1891, 1984, 1832, 2018, 1815,
4952:Core/Src/main.c **** 	    2038, 1943, 1650, 1968, 1868, 1976, 1919, 1865, 2023, 1906,
4953:Core/Src/main.c **** 	    1764, 1855, 1928, 1965, 1871, 1959, 1901, 2027, 1692, 1849,
4954:Core/Src/main.c **** 	    1947, 1914, 1918, 1924, 1900, 2050, 1669, 1903, 1884, 1956,
4955:Core/Src/main.c **** 	    651, 2123, 1336, 2187, 2534, 1317, 2262, 1706, 2601, 2235,
4956:Core/Src/main.c **** 	    2308, 833, 1930, 1662, 1857, 2733, 1026, 2543, 1566, 2544,
4957:Core/Src/main.c **** 	    2290, 1827, 1450, 1483, 1989, 1664, 2662, 973, 2353, 1759,
4958:Core/Src/main.c **** 	    2170, 2738, 1166, 1982, 1242, 2281, 1826, 2288, 1420, 2104,
4959:Core/Src/main.c **** 	    2195, 1887, 2824, 991, 2061, 1360, 1972, 2224, 1684, 1854,
4960:Core/Src/main.c **** 	    1741, 2359, 1813, 2645, 965, 2061, 1603, 1779, 2626, 1284,
4961:Core/Src/main.c **** 	    2252, 1631, 2347, 2135, 2109, 1411, 1643, 2015, 1541, 2588,
4962:Core/Src/main.c **** 	    1177, 2171, 1853, 1961, 2431, 1707, 1735, 1591, 1954, 1793,
4963:Core/Src/main.c **** 	    2356, 1354, 2064, 2036, 1929, 2537, 1415, 1890, 1585, 1924,
4964:Core/Src/main.c **** 	    1982, 2014, 1663, 1866, 2191, 1876, 2492, 1375, 1800, 1809,
4965:Core/Src/main.c **** 	    1745, 2278, 1708, 1839, 1918, 2019, 2098, 2178, 1581, 1729,
4966:Core/Src/main.c **** 	    1818, 1807, 2245, 1651, 1803, 1948, 2002, 2170, 2017, 1598,
4967:Core/Src/main.c **** 	    1760, 1803, 1858, 2252, 1673, 1848, 2030, 1929, 2297, 1842,
4968:Core/Src/main.c **** 	    1611, 1857, 1745, 2033, 2026, 1717, 1880, 1946, 1987, 2190,
4969:Core/Src/main.c **** 	    1835, 1597, 1918, 1734, 2078, 2009, 1589, 2070, 1839, 2126,
4970:Core/Src/main.c **** 	    2109, 1792, 1690, 1821, 1827, 2019, 2016, 1589, 2080, 1856,
4971:Core/Src/main.c **** 	    2132, 2081, 1615, 1866, 1718, 1983, 1975, 1980, 1681, 2024,
4972:Core/Src/main.c **** 	    1909, 2051, 2160, 1524, 1930, 1690, 2011, 1987, 1820, 1824,
4973:Core/Src/main.c **** 	    1912, 2061, 1959, 2142, 1535, 1951, 1700, 1962, 2115, 1649,
4974:Core/Src/main.c **** 	    2038, 1793, 2165, 1997, 1973, 1666, 1795, 1863, 1850, 2163,
4975:Core/Src/main.c **** 	    1593, 2041, 1804, 2097, 2093, 1780, 1805, 1741, 1965, 1854,
4976:Core/Src/main.c **** 	    2079, 1636, 2050, 1854, 2034, 2155, 1685, 1949, 1635, 1991,
4977:Core/Src/main.c **** 	    1874, 1940, 1764, 1934, 2040, 1917, 2167, 1615, 1951, 1726,
4978:Core/Src/main.c **** 	    1898, 2022, 1792, 1947, 1838, 2073, 1933, 2071, 1662, 1925,
4979:Core/Src/main.c **** 	    1821, 1881, 2090, 1671, 1980, 1781, 2044, 2005, 1954, 1787,
4980:Core/Src/main.c **** 	    1799, 1922, 1812, 2075, 1690, 1970, 1899, 1983, 2097, 1860,
4981:Core/Src/main.c **** 	    1859, 1758, 1898, 1908, 1973, 1755, 1920, 1930, 1964, 2068,
4982:Core/Src/main.c **** 	    1765, 1918, 1786, 1935, 1924, 1914, 1868, 1874, 1974, 1917,
4983:Core/Src/main.c **** 	    2043, 1770, 1892, 1849, 1884, 1972, 1808, 1883, 1872, 1958,
4984:Core/Src/main.c **** 	    1978, 1984, 1823, 1880, 1865, 1864, 1970, 1813, 1924, 1923,
4985:Core/Src/main.c **** 	    1973, 1984, 1925, 1841, 1846, 1872, 1852, 1965, 1795, 1929,
4986:Core/Src/main.c **** 	    1947, 1928, 2151, 1702, 1574, 1829, 2126, 1700, 1717, 2126,
4987:Core/Src/main.c **** 	    1863, 1781, 1773, 2185, 2074, 1521, 1978, 2124, 1799, 1650,
4988:Core/Src/main.c **** 	    1728, 2273, 1811, 1803, 2074, 2132, 1677, 1591, 2066, 2065,
4989:Core/Src/main.c **** 	    1732, 1763, 2113, 2232, 1600, 1835, 2037, 1926, 1693, 1819,
4990:Core/Src/main.c **** 	    2133, 2044, 1480, 2032, 2048, 1968, 1663, 1903, 2183, 1775,
ARM GAS  C:\Users\kaush\AppData\Local\Temp\ccalbX8O.s 			page 89


4991:Core/Src/main.c **** 	    1750, 1905, 2026, 1764, 1731, 2258, 1927, 1915, 1661, 2084,
4992:Core/Src/main.c **** 	    1924, 1613, 1941, 2038, 1947, 1814, 1938, 2107, 1777, 1665,
4993:Core/Src/main.c **** 	    2009, 2044, 1792, 1745, 2021, 2061, 1700, 1887, 2040, 2087,
4994:Core/Src/main.c **** 	    1611, 1876, 2167, 1782, 1743, 1704, 2243, 1888, 1699, 2053,
4995:Core/Src/main.c **** 	    2061, 1826, 1611, 2004, 2089, 1756, 1733, 2077, 2185, 1677,
4996:Core/Src/main.c **** 	    1771, 2036, 2025, 1710, 1804, 2069, 2053, 1537, 1946, 2117,
4997:Core/Src/main.c **** 	    1942, 1740, 1809, 2203, 1854, 1637, 1949, 2012, 1884, 1657,
4998:Core/Src/main.c **** 	    2112, 2037, 1847, 1690, 1983, 2082, 1671, 1816, 2078, 1955,
4999:Core/Src/main.c **** 	    1876, 1754, 2093, 1919, 1663, 1940, 2048, 1899, 1766, 1871,
5000:Core/Src/main.c **** 	    2110, 1796, 1814, 1927, 2091, 1760, 1776, 2076, 1911, 1823,
5001:Core/Src/main.c **** 	    1749, 2058, 2054, 1687, 1935, 1978, 1907, 1741, 1856, 2029,
5002:Core/Src/main.c **** 	    1895, 1821, 1983, 1922, 1926, 1865, 1875, 1870, 1907, 1924,
5003:Core/Src/main.c **** 	    1874, 1944, 1825, 1954, 1907, 1846, 1990, 1828, 1915, 1890,
5004:Core/Src/main.c **** 	    1870, 1941, 1856, 1911, 1952, 1920, 1899, 1926, 1873, 1899,
5005:Core/Src/main.c **** 	    1864, 1905, 1908, 1927, 1859, 1954, 1892, 1869, 1930, 1831,
5006:Core/Src/main.c **** 	    1976, 1869, 1849, 1977, 1821, 1923, 1864, 1956, 1939, 1906,
5007:Core/Src/main.c **** 	    1864, 1937, 1897, 1829, 1914, 1923, 1925, 1910, 1882, 1971,
5008:Core/Src/main.c **** 	    1870, 1800, 1911, 1915, 1885, 1948, 1842, 1998, 1868, 1860,
5009:Core/Src/main.c **** 	    1926, 1885, 1913, 1872, 1935, 1901, 1922, 1847, 1889, 1945,
5010:Core/Src/main.c **** 	    1868, 1957, 1879, 1912, 1900, 1845, 1946, 1884, 1869, 1927,
5011:Core/Src/main.c **** 	    1909, 1913, 1946, 1835, 1921, 1879, 1893, 1931, 1925, 1902,
5012:Core/Src/main.c **** 	    1905, 1876, 1889, 1931, 1864, 1895, 1922, 1875, 1979, 1831,
5013:Core/Src/main.c **** 	    1919, 1881, 1871, 1923, 1916, 1925, 1906, 1893, 1887, 1940,
5014:Core/Src/main.c **** 	    1871, 1880, 1929, 1878, 1931, 1875, 1889, 1896, 1868, 1927,
5015:Core/Src/main.c **** 	    1953, 1876, 1907, 1898, 1886, 1921, 1858, 1918, 1916, 1891,
5016:Core/Src/main.c **** 	    1927, 1942, 1881, 1871, 1873, 1913, 1935, 1881, 1881, 1947,
5017:Core/Src/main.c **** 	    1859, 1915, 1889, 1913, 1560, 1661, 1892, 1830, 2572, 1364,
5018:Core/Src/main.c **** 	    2011, 2396, 2072, 3101, 1351, 1430, 1475, 1710, 2140, 2205,
5019:Core/Src/main.c **** 	    1404, 2191, 2127, 2223, 2706, 1396, 1634, 1405, 1733, 2025,
5020:Core/Src/main.c **** 	    2118, 1443, 2068, 2106, 2203, 2692, 1149, 1868, 1464, 2002,
5021:Core/Src/main.c **** 	    2146, 1866, 1718, 2008, 2254, 2067, 2638, 973, 2007, 1412,
5022:Core/Src/main.c **** 	    1873, 2312, 1451, 2053, 1712, 2365, 2009, 2465, 1112, 1907,
5023:Core/Src/main.c **** 	    1655, 1752, 2609, 1120, 2416, 1652, 2400, 2222, 1932, 1482,
5024:Core/Src/main.c **** 	    1587, 1932, 1552, 2634, 990, 2414, 1746, 2167, 2469, 1457,
5025:Core/Src/main.c **** 	    1928, 1360, 2148, 1628, 2421, 1308, 2227, 2037, 1917, 2763,
5026:Core/Src/main.c **** 	    1050, 2139, 1299, 2109, 1945, 1934, 1692, 1898, 2283, 1799,
5027:Core/Src/main.c **** 	    2685, 1050, 2108, 1477, 1899, 2284, 1490, 2113, 1670, 2386,
5028:Core/Src/main.c **** 	    1866, 2394, 1296, 1885, 1750, 1699, 2498, 1286, 2270, 1609,
5029:Core/Src/main.c **** 	    2286, 2109, 1999, 1603, 1646, 1973, 1663, 2463, 1292, 2266,
5030:Core/Src/main.c **** 	    1770, 2128, 2320, 1610, 1811, 1509, 2044, 1752, 2252, 1391,
5031:Core/Src/main.c **** 	    2185, 1912, 1997, 2439, 1431, 1989, 1507, 2005, 1954, 2054,
5032:Core/Src/main.c **** 	    1624, 2058, 2047, 1929, 2407, 1341, 2052, 1523, 1964, 2050,
5033:Core/Src/main.c **** 	    1804, 1756, 1958, 2004, 2090, 2135, 1520, 1929, 1662, 1928,
5034:Core/Src/main.c **** 	    2116, 1766, 1855, 1980, 1989, 2169, 2013, 1521, 1924, 1681,
5035:Core/Src/main.c **** 	    1958, 2091, 1653, 1973, 1885, 2061, 2132, 1914, 1591, 1882,
5036:Core/Src/main.c **** 	    1749, 1959, 2113, 1591, 2105, 1801, 2137, 2129, 1819, 1717,
5037:Core/Src/main.c **** 	    1776, 1842, 1890, 2066, 1567, 2145, 1822, 2135, 2147, 1642,
5038:Core/Src/main.c **** 	    1887, 1625, 1963, 1918, 2003, 1672, 2083, 1921, 2065, 2192,
5039:Core/Src/main.c **** 	    1498, 2003, 1604, 1982, 1972, 1806, 1859, 1894, 2027, 1984,
5040:Core/Src/main.c **** 	    2181, 1521, 2026, 1646, 1966, 2064, 1661, 2031, 1794, 2116,
5041:Core/Src/main.c **** 	    2005, 2051, 1632, 1906, 1765, 1879, 2177, 1517, 2123, 1752,
5042:Core/Src/main.c **** 	    2076, 2093, 1818, 1822, 1761, 1880, 1876, 2129, 1598, 2071,
5043:Core/Src/main.c **** 	    1840, 2017, 2203, 1671, 1951, 1675, 1907, 1930, 1977, 1711,
5044:Core/Src/main.c **** 	    1947, 1907, 1969, 2212, 1631, 1992, 1715, 1917, 2032, 1801,
5045:Core/Src/main.c **** 	    1887, 1853, 2013, 1979, 2109, 1668, 1913, 1778, 1862, 2080,
5046:Core/Src/main.c **** 	    1707, 1965, 1841, 1964, 2047, 1965, 1752, 1846, 1835, 1896,
5047:Core/Src/main.c **** 	    2089, 1707, 1966, 1872, 1967, 2107, 1838, 1845, 1810, 1834,
ARM GAS  C:\Users\kaush\AppData\Local\Temp\ccalbX8O.s 			page 90


5048:Core/Src/main.c **** 	    1933, 1994, 1751, 1915, 1897, 1847, 2630, 1337, 2214, 1546,
5049:Core/Src/main.c **** 	    1733, 2468, 1392, 2212, 1701, 1934, 2204, 1604, 2368, 1440,
5050:Core/Src/main.c **** 	    1949, 1925, 1747, 2287, 1335, 2307, 1753, 1907, 2303, 1387,
5051:Core/Src/main.c **** 	    2282, 1495, 1932, 2189, 1540, 2252, 1570, 2108, 2133, 1683,
5052:Core/Src/main.c **** 	    2196, 1509, 2107, 1782, 1811, 2211, 1429, 2256, 1683, 2126,
5053:Core/Src/main.c **** 	    2058, 1421, 2349, 1430, 2176, 1903, 1694, 2262, 1451, 2322,
5054:Core/Src/main.c **** 	    1849, 1891, 1986, 1546, 2193, 1712, 1997, 1935, 1690, 2194,
5055:Core/Src/main.c **** 	    1689, 2156, 1919, 1670, 2073, 1589, 2229, 1762, 1775, 2163,
5056:Core/Src/main.c **** 	    1582, 2333, 1657, 2060, 1922, 1579, 2240, 1619, 2127, 1710,
5057:Core/Src/main.c **** 	    1841, 2151, 1695, 2211, 1681, 1955, 1904, 1740, 2164, 1689,
5058:Core/Src/main.c **** 	    1974, 1879, 1840, 2232, 1665, 2040, 1822, 1782, 2127, 1659,
5059:Core/Src/main.c **** 	    2163, 1709, 1877, 2095, 1778, 2161, 1561, 2049, 1839, 1832,
5060:Core/Src/main.c **** 	    2097, 1649, 2123, 1714, 2005, 2063, 1728, 2043, 1672, 2017,
5061:Core/Src/main.c **** 	    1976, 1776, 2060, 1732, 2038, 1917, 1856, 2064, 1636, 2009,
5062:Core/Src/main.c **** 	    1814, 1952, 2010, 1683, 2125, 1754, 2055, 1914, 1817, 2024,
5063:Core/Src/main.c **** 	    1646, 2066, 1858, 1897, 1952, 1760, 2097, 1835, 1946, 1896,
5064:Core/Src/main.c **** 	    1774, 2004, 1796, 1984, 1885, 1846, 1975, 1857, 2009, 1858,
5065:Core/Src/main.c **** 	    1877, 1893, 1852, 1979, 1880, 1905, 1867, 1921, 1942, 1909,
5066:Core/Src/main.c **** 	    1906, 1821, 1933, 1831, 1939, 1910, 1866, 1944, 1884, 1985,
5067:Core/Src/main.c **** 	    1903, 1880, 1856, 1900, 1894, 1921, 1908, 1864, 1942, 1868,
5068:Core/Src/main.c **** 	    1963, 1884, 1873, 1863, 1904, 1890, 1930, 1880, 1848, 1982,
5069:Core/Src/main.c **** 	    1828, 1984, 1878, 1862, 1944, 1844, 1973, 1869, 1911, 1888,
5070:Core/Src/main.c **** 	    1928, 1916, 1897, 1920, 1847, 1939, 1849, 1931, 1887, 1861,
5071:Core/Src/main.c **** 	    1943, 1905, 1910, 1912, 1875, 1880, 1931, 1869, 1952, 1877,
5072:Core/Src/main.c **** 	    1877, 1942, 1882, 1940, 1866, 1893, 1892, 1927, 1882, 1911,
5073:Core/Src/main.c **** 	    1908, 1851, 1942, 1873, 1946, 1875, 1860, 1944, 1881, 1898,
5074:Core/Src/main.c **** 	    1895, 1906, 1931, 1924, 1896, 1922, 1856, 1887, 1908, 1894,
5075:Core/Src/main.c **** 	    1903, 1877, 1913, 1908, 1924, 1875, 1909, 1873, 1890, 1937,
5076:Core/Src/main.c **** 	    1879, 1933, 1859, 1914, 1936, 1894, 1894, 1879, 1882, 1912,
5077:Core/Src/main.c **** 	    1902, 1910, 1915, 1855, 1925, 1932, 1906, 1884, 1870, 1885,
5078:Core/Src/main.c **** 	    1914, 1913, 1895, 1906, 1879, 1906, 1968, 1884, 1905, 1872,
5079:Core/Src/main.c **** 	    1889, 1946, 1869, 1903, 1894, 1880, 1927, 1191, 1852, 1042,
5080:Core/Src/main.c **** 	    2591, 1323, 2486, 1539, 2735, 1704, 3475, 1465, 1336, 1017,
5081:Core/Src/main.c **** 	    2244, 1484, 2434, 1660, 2361, 1769, 3374, 1929, 1323, 965,
5082:Core/Src/main.c **** 	    1954, 1664, 1806, 1941, 2042, 2033, 2554, 2466, 1242, 1475,
5083:Core/Src/main.c **** 	    1697, 1882, 1826, 1980, 2063, 2109, 2287, 2939, 1161, 1553,
5084:Core/Src/main.c **** 	    1520, 2051, 1447, 2123, 1641, 2440, 1693, 3068, 1307, 1655,
5085:Core/Src/main.c **** 	    1457, 2234, 1394, 2270, 1517, 2451, 1663, 3050, 1579, 1697,
5086:Core/Src/main.c **** 	    1216, 2421, 1267, 2284, 1300, 2528, 1454, 2956, 1709, 1786,
5087:Core/Src/main.c **** 	    1175, 2355, 1462, 2301, 1453, 2386, 1561, 2748, 2046, 1763,
5088:Core/Src/main.c **** 	    1134, 2231, 1486, 2281, 1438, 2317, 1601, 2403, 2202, 1819,
5089:Core/Src/main.c **** 	    1234, 2041, 1716, 2038, 1807, 2018, 1844, 2140, 2402, 1927,
5090:Core/Src/main.c **** 	    1189, 1913, 1779, 1917, 1868, 1920, 2035, 1887, 2459, 1962,
5091:Core/Src/main.c **** 	    1439, 1610, 2007, 1685, 2105, 1744, 2166, 1821, 2393, 2132,
5092:Core/Src/main.c **** 	    1541, 1534, 2020, 1639, 2082, 1660, 2253, 1674, 2356, 2026,
5093:Core/Src/main.c **** 	    1818, 1303, 2168, 1567, 2117, 1684, 2189, 1800, 2196, 2182,
5094:Core/Src/main.c **** 	    1929, 1302, 2133, 1540, 2110, 1596, 2228, 1773, 2192, 2067,
5095:Core/Src/main.c **** 	    2077, 1327, 2013, 1713, 1902, 1823, 1971, 1990, 1985, 2229,
5096:Core/Src/main.c **** 	    2016, 1496, 1831, 1854, 1844, 1827, 1904, 2005, 1927, 2200,
5097:Core/Src/main.c **** 	    2029, 1650, 1635, 2006, 1759, 1928, 1787, 2035, 1935, 2120,
5098:Core/Src/main.c **** 	    2191, 1685, 1615, 1998, 1750, 1942, 1750, 2011, 1925, 2071,
5099:Core/Src/main.c **** 	    2206, 1860, 1475, 2003, 1752, 1955, 1757, 1967, 1939, 2006,
5100:Core/Src/main.c **** 	    2197, 1998, 1533, 1894, 1796, 1890, 1815, 1951, 1886, 2006,
5101:Core/Src/main.c **** 	    2091, 2154, 1539, 1875, 1815, 1871, 1837, 1911, 1908, 1944,
5102:Core/Src/main.c **** 	    2029, 2209, 1632, 1810, 1870, 1826, 1885, 1891, 1899, 2002,
5103:Core/Src/main.c **** 	    1894, 2283, 1670, 1776, 1901, 1839, 1900, 1884, 1906, 1973,
5104:Core/Src/main.c **** 	    1927, 2163, 1848, 1654, 1924, 1879, 1823, 1923, 1867, 1953,
ARM GAS  C:\Users\kaush\AppData\Local\Temp\ccalbX8O.s 			page 91


5105:Core/Src/main.c **** 	    1955, 2102, 1940, 1630, 1904, 1908, 1870, 1839, 1941, 1918,
5106:Core/Src/main.c **** 	    1975, 2010, 2062, 1581, 1900, 1863, 1886, 1897, 1874, 1961,
5107:Core/Src/main.c **** 	    1965, 1947, 2195, 1546, 1917, 1850, 1901, 1866, 1921, 1860,
5108:Core/Src/main.c **** 	    2034, 1837, 2203, 1691, 1795, 1887, 1917, 1816, 1986, 1816,
5109:Core/Src/main.c **** 	    2032, 1834, 2168, 1800, 1801, 1824, 1976, 1779, 1987, 1877,
5110:Core/Src/main.c **** 	    1977, 1846, 2118, 1908, 1747, 1851, 1908, 1823, 1963, 1759,
5111:Core/Src/main.c **** 	    2083, 1775, 2067, 2029, 1660, 1954, 1850, 1897, 1989, 1852,
5112:Core/Src/main.c **** 	    1988, 1834, 1947, 2062, 1727, 1838, 1897, 1876, 1907, 1922,
5113:Core/Src/main.c **** 	    1939, 1894, 1895, 2053, 1788, 1854, 1797, 1994, 1782, 2019,
5114:Core/Src/main.c **** 	    1904, 1950, 1900, 2012, 1902, 1759, 1846, 1942, 1781, 2028,
5115:Core/Src/main.c **** 	    1824, 2054, 1817, 2019, 1928, 1714, 1878, 1921, 1792, 2042,
5116:Core/Src/main.c **** 	    1816, 2065, 1844, 1986, 1983, 1751, 1827, 1928, 1810, 1974,
5117:Core/Src/main.c **** 	    1872, 2003, 1862, 1985, 1945, 1826, 1812, 1889, 1862, 1877,
5118:Core/Src/main.c **** 	    1946, 1978, 1854, 1993, 1928, 1867, 1794, 1893, 1906, 1817,
5119:Core/Src/main.c **** 	    1974, 1907, 1950, 1923, 1945, 1915, 1734, 1934, 1870, 1851,
5120:Core/Src/main.c **** 	    1966, 1889, 1968, 1936, 1930, 1967, 1725, 1924, 1901, 1819,
5121:Core/Src/main.c **** 	    1954, 1896, 1977, 1916, 1941, 1975, 1750, 1882, 1875, 1889,
5122:Core/Src/main.c **** 	    1870, 1926, 1954, 1871, 1995, 1915, 1857, 1815, 1892, 1893,
5123:Core/Src/main.c **** 	    1866, 1934, 1919, 1909, 1939, 1978, 1898, 1797, 1931, 1852,
5124:Core/Src/main.c **** 	    1873, 1936, 1893, 1900, 1913, 1931, 1995, 1750, 1953, 1881,
5125:Core/Src/main.c **** 	    1834, 1968, 1871, 1942, 1887, 1913, 1998, 1782, 1923, 1858,
5126:Core/Src/main.c **** 	    1907, 1862, 1948, 1884, 1883, 1950, 1935, 1865, 1869, 1890,
5127:Core/Src/main.c **** 	    1901, 1858, 1964, 1899, 1887, 1902, 1976, 1868, 1876, 1887,
5128:Core/Src/main.c **** 	    1907, 1891, 1923, 1910, 1893, 1888, 1941, 1927, 1796, 1933,
5129:Core/Src/main.c **** 	    1872, 1896, 1950, 1896, 1924, 1884, 1938, 1947, 1829, 1894,
5130:Core/Src/main.c **** 	    1890, 1894, 1893, 1954, 1861, 1918, 1894, 1933, 1858, 1872,
5131:Core/Src/main.c **** 	    1879, 1917, 1863, 1978, 1882, 1905, 1910, 1940, 1857, 1897,
5132:Core/Src/main.c **** 	    1870, 1928, 1849, 1967, 1892, 1923, 1875, 1962, 1880, 1868,
5133:Core/Src/main.c **** 	    1911, 1878, 1869, 1930, 1906, 1919, 1873, 1931, 1914, 1863,
5134:Core/Src/main.c **** 	    1927, 1895, 1873, 1909, 1912, 1905, 1881, 1928, 1909, 1870,
5135:Core/Src/main.c **** 	    1907, 1894, 1895, 1877, 1943, 1873, 1907, 1908, 1932, 1882,
5136:Core/Src/main.c **** 	    1890, 1899, 1901, 1881, 1938, 1878, 1918, 1877, 1966, 1885,
5137:Core/Src/main.c **** 	    1896, 1893, 1892, 1887, 1932, 1854, 1925, 1848, 1972, 1903,
5138:Core/Src/main.c **** 	    1887, 1913, 1896, 1881, 1932, 1862, 1899, 1858, 1941, 1926,
5139:Core/Src/main.c **** 	    1897, 1908, 1891, 1883, 1913, 1890, 1886, 1867, 1940, 1923,
5140:Core/Src/main.c **** 	    1913, 1911, 1920, 1870, 1887, 1906, 1874, 1897, 1885, 1945,
5141:Core/Src/main.c **** 	    1891, 1915, 1943, 1876, 1898, 1888, 1875, 1900, 1896, 1923,
5142:Core/Src/main.c **** 	    1882, 1715, 1983, 1798, 2004, 1859, 1934, 1878, 1983, 1900,
5143:Core/Src/main.c **** 	    2114, 1718, 1982, 1791, 1972, 1861, 1994, 1798, 1962, 1895,
5144:Core/Src/main.c **** 	    2132, 1713, 1875, 1810, 1967, 1834, 1961, 1829, 1960, 1850,
5145:Core/Src/main.c **** 	    2127, 1814, 1851, 1819, 1971, 1862, 1981, 1821, 1955, 1861,
5146:Core/Src/main.c **** 	    2082, 1901, 1775, 1854, 1891, 1875, 1970, 1856, 1893, 1872,
5147:Core/Src/main.c **** 	    1992, 1995, 1769, 1869, 1913, 1883, 1936, 1929, 1882, 1894,
5148:Core/Src/main.c **** 	    1914, 2061, 1779, 1851, 1861, 1912, 1868, 1938, 1871, 1918,
5149:Core/Src/main.c **** 	    1878, 2057, 1810, 1898, 1847, 1939, 1844, 1991, 1846, 1961,
5150:Core/Src/main.c **** 	    1834, 2086, 1831, 1863, 1854, 1939, 1816, 1974, 1837, 1974,
5151:Core/Src/main.c **** 	    1809, 2037, 1878, 1865, 1822, 1982, 1810, 1980, 1837, 1968,
5152:Core/Src/main.c **** 	    1856, 1986, 1926, 1850, 1825, 1954, 1844, 1943, 1862, 1936,
5153:Core/Src/main.c **** 	    1856, 1977, 1937, 1862, 1833, 1926, 1896, 1887, 1910, 1921,
5154:Core/Src/main.c **** 	    1892, 1924, 1980, 1873, 1832, 1890, 1925, 1867, 1917, 1899,
5155:Core/Src/main.c **** 	    1918, 1900, 1973, 1868, 1861, 1852, 1952, 1828, 1959, 1871,
5156:Core/Src/main.c **** 	    1947, 1872, 1988, 1896, 1855, 1847, 1960, 1827, 1942, 1863,
5157:Core/Src/main.c **** 	    1975, 1839, 1971, 1888, 1890, 1821, 1959, 1858, 1927, 1889,
5158:Core/Src/main.c **** 	    1955, 1877, 1949, 1911, 1878, 1827, 1933, 1888, 1901, 1888,
5159:Core/Src/main.c **** 	    1951, 1875, 1933, 1916, 1898, 1833, 1888, 1928, 1879, 1916,
5160:Core/Src/main.c **** 	    1930, 1885, 1926, 1916, 1925, 1831, 1877, 1916, 1878, 1906,
5161:Core/Src/main.c **** 	    1933, 1911, 1895, 1935, 1907, 1865, 1843, 1920, 1887, 1902,
ARM GAS  C:\Users\kaush\AppData\Local\Temp\ccalbX8O.s 			page 92


5162:Core/Src/main.c **** 	    1927, 1922, 1911, 1918, 1939, 1874, 1834, 1917, 1880, 1905,
5163:Core/Src/main.c **** 	    1899, 1938, 1886, 1936, 1908, 1913, 1835, 1897, 1902, 1870,
5164:Core/Src/main.c **** 	    1914, 1924, 1895, 1933, 1905, 1932, 1826, 1914, 1884, 1899,
5165:Core/Src/main.c **** 	    1871, 1940, 1890, 1921, 1921, 1936, 1849, 1894, 1899, 1898,
5166:Core/Src/main.c **** 	    1893, 1923, 1891, 1926, 1894, 1967, 1840, 1904, 1879, 1886,
5167:Core/Src/main.c **** 	    1886, 1932, 1903, 1903, 1892, 1951, 1880, 1880, 1896, 1898,
5168:Core/Src/main.c **** 	    1871, 1943, 1894, 1921, 1875, 1930, 1902, 1873, 1904, 1888,
5169:Core/Src/main.c **** 	    1874, 1924, 1914, 1914, 1873, 1934, 1900, 1885, 1899, 1907,
5170:Core/Src/main.c **** 	    1871, 1918, 1911, 1939, 1867, 1918, 1910, 1872, 1897, 1907,
5171:Core/Src/main.c **** 	    1870, 1903, 1893, 1940, 1878, 1918, 1922, 1870, 1883, 1921,
5172:Core/Src/main.c **** 	    1886, 1891, 1903, 1915, 1913, 1906, 1928, 1896, 1850, 1930,
5173:Core/Src/main.c **** 	    1893, 1899, 1895, 823, 1435, 2207, 1674, 2006, 1745, 2249,
5174:Core/Src/main.c **** 	    1606, 2561, 2963, 1678, 1043, 1748, 2199, 1849, 1509, 2025,
5175:Core/Src/main.c **** 	    2112, 1588, 2899, 2483, 2009, 1041, 1511, 2274, 1301, 2122,
5176:Core/Src/main.c **** 	    1588, 2090, 1806, 2474, 2776, 1139, 1767, 1407, 2372, 1629,
5177:Core/Src/main.c **** 	    1677, 2236, 1495, 2431, 2283, 2535, 1475, 1312, 2032, 1786,
5178:Core/Src/main.c **** 	    1822, 1714, 1970, 1779, 2105, 2434, 2277, 1350, 1617, 1887,
5179:Core/Src/main.c **** 	    1941, 1868, 1625, 2236, 1562, 2466, 2367, 2038, 1624, 1187,
5180:Core/Src/main.c **** 	    2420, 1439, 1994, 1720, 1854, 2110, 1824, 2829, 1562, 1611,
5181:Core/Src/main.c **** 	    1685, 1916, 2019, 1468, 2180, 1717, 2003, 2313, 2342, 1820,
5182:Core/Src/main.c **** 	    1405, 1852, 2001, 1712, 1814, 1919, 1819, 2089, 2204, 2378,
5183:Core/Src/main.c **** 	    1518, 1530, 2034, 1740, 2065, 1504, 2159, 1728, 2000, 2531,
5184:Core/Src/main.c **** 	    1815, 1978, 1258, 2139, 1848, 1701, 2117, 1544, 2201, 1822,
5185:Core/Src/main.c **** 	    2444, 2009, 1476, 1843, 1746, 2087, 1732, 1864, 1941, 1862,
5186:Core/Src/main.c **** 	    2164, 2266, 1913, 1653, 1637, 1942, 1916, 1659, 2110, 1646,
5187:Core/Src/main.c **** 	    2139, 2015, 2189, 2017, 1310, 2117, 1620, 2106, 1769, 1810,
5188:Core/Src/main.c **** 	    2118, 1620, 2534, 1879, 1964, 1610, 1699, 2147, 1595, 2072,
5189:Core/Src/main.c **** 	    1742, 1961, 1923, 2221, 2068, 1689, 1718, 1791, 2007, 1751,
5190:Core/Src/main.c **** 	    2007, 1798, 1970, 1989, 2154, 2060, 1608, 1846, 1698, 2035,
5191:Core/Src/main.c **** 	    1730, 1930, 1901, 1858, 2168, 1959, 2158, 1555, 1832, 1820,
5192:Core/Src/main.c **** 	    1873, 1937, 1765, 2085, 1797, 2174, 2071, 1963, 1729, 1685,
5193:Core/Src/main.c **** 	    1944, 1754, 1935, 1771, 2028, 1876, 2122, 2098, 1853, 1739,
5194:Core/Src/main.c **** 	    1670, 2014, 1726, 1969, 1831, 1978, 1965, 2073, 2185, 1684,
5195:Core/Src/main.c **** 	    1868, 1666, 1963, 1762, 1850, 2000, 1802, 2150, 1954, 2123,
5196:Core/Src/main.c **** 	    1707, 1766, 1874, 1814, 1919, 1804, 2002, 1865, 2079, 2048,
5197:Core/Src/main.c **** 	    1989, 1787, 1744, 1897, 1788, 1943, 1774, 2014, 1852, 2058,
5198:Core/Src/main.c **** 	    2033, 1866, 1893, 1654, 1986, 1773, 1933, 1887, 1856, 2064,
5199:Core/Src/main.c **** 	    1898, 2154, 1822, 1877, 1755, 1845, 1926, 1804, 1939, 1843,
5200:Core/Src/main.c **** 	    2012, 1959, 2032, 1882, 1789, 1851, 1840, 1943, 1816, 1970,
5201:Core/Src/main.c **** 	    1848, 2029, 1968, 1980, 1896, 1748, 1926, 1772, 1961, 1796,
5202:Core/Src/main.c **** 	    1931, 1939, 1936, 2079, 1835, 1958, 1724, 1921, 1841, 1873,
5203:Core/Src/main.c **** 	    1947, 1847, 2030, 1921, 2025, 1882, 1878, 1829, 1823, 1880,
5204:Core/Src/main.c **** 	    1831, 1915, 1871, 2033, 1926, 706, 1953, 1973, 1906, 1410,
5205:Core/Src/main.c **** 	    2287, 1909, 2494, 2322, 2715, 668, 1810, 1810, 1867, 1437,
5206:Core/Src/main.c **** 	    2233, 2005, 2397, 2179, 3015, 980, 1531, 1613, 1941, 1337,
5207:Core/Src/main.c **** 	    2139, 1849, 2311, 1946, 2888, 1386, 1447, 1747, 2003, 1433,
5208:Core/Src/main.c **** 	    2150, 1899, 2282, 1894, 2854, 1764, 1299, 1681, 2018, 1387,
5209:Core/Src/main.c **** 	    1979, 1916, 2156, 1889, 2475, 2137, 1228, 1714, 2093, 1486,
5210:Core/Src/main.c **** 	    1920, 1929, 2188, 1964, 2282, 2434, 1273, 1599, 1990, 1686,
5211:Core/Src/main.c **** 	    1699, 1938, 2036, 2085, 1958, 2557, 1426, 1521, 1928, 1841,
5212:Core/Src/main.c **** 	    1662, 1978, 1979, 2225, 1817, 2677, 1601, 1540, 1727, 1973,
5213:Core/Src/main.c **** 	    1534, 1985, 1827, 2270, 1786, 2522, 1821, 1529, 1690, 2057,
5214:Core/Src/main.c **** 	    1455, 2131, 1712, 2303, 1733, 2495, 2037, 1542, 1582, 2079,
5215:Core/Src/main.c **** 	    1439, 2043, 1735, 2254, 1739, 2271, 2212, 1672, 1484, 2136,
5216:Core/Src/main.c **** 	    1487, 2027, 1727, 2258, 1815, 2077, 2342, 1808, 1480, 2035,
5217:Core/Src/main.c **** 	    1641, 1915, 1743, 2157, 1882, 1945, 2240, 1962, 1459, 1973,
5218:Core/Src/main.c **** 	    1743, 1819, 1876, 1992, 2054, 1871, 2243, 2044, 1508, 1890,
ARM GAS  C:\Users\kaush\AppData\Local\Temp\ccalbX8O.s 			page 93


5219:Core/Src/main.c **** 	    1846, 1719, 1950, 1828, 2095, 1859, 2140, 2121, 1556, 1760,
5220:Core/Src/main.c **** 	    1979, 1627, 2078, 1745, 2114, 1827, 2128, 2196, 1663, 1654,
5221:Core/Src/main.c **** 	    2059, 1579, 2069, 1749, 2123, 1797, 2058, 2162, 1830, 1490,
5222:Core/Src/main.c **** 	    2117, 1587, 2031, 1751, 2116, 1872, 1995, 2159, 2033, 1440,
5223:Core/Src/main.c **** 	    2061, 1663, 1952, 1763, 2077, 1897, 1985, 2022, 2187, 1433,
5224:Core/Src/main.c **** 	    1957, 1738, 1875, 1870, 1946, 1977, 1987, 1941, 2239, 1531,
5225:Core/Src/main.c **** 	    1883, 1776, 1840, 1909, 1895, 1987, 2016, 1934, 2210, 1673,
5226:Core/Src/main.c **** 	    1761, 1862, 1763, 1934, 1869, 1951, 1982, 1931, 2191, 1786,
5227:Core/Src/main.c **** 	    1678, 1942, 1762, 1917, 1872, 1957, 1948, 1931, 2142, 1945,
5228:Core/Src/main.c **** 	    1582, 1946, 1801, 1887, 1894, 1952, 1963, 1932, 2018, 2088,
5229:Core/Src/main.c **** 	    1560, 1887, 1800, 1892, 1881, 1947, 1947, 1978, 1916, 2145,
5230:Core/Src/main.c **** 	    1633, 1862, 1828, 1870, 1906, 1922, 1928, 2021, 1869, 2139,
5231:Core/Src/main.c **** 	    1702, 1847, 1823, 1847, 1889, 1939, 1904, 2013, 1892, 2099,
5232:Core/Src/main.c **** 	    1812, 1807, 1868, 1839, 1850, 1970, 1864, 2007, 1880, 2071,
5233:Core/Src/main.c **** 	    1882, 1764, 1896, 1842, 1818, 1946, 1893, 1967, 1930, 2005,
5234:Core/Src/main.c **** 	    1969, 1733, 1884, 1899, 1824, 1943, 1881, 1974, 1933, 1946,
5235:Core/Src/main.c **** 	    2031, 1727, 1821, 1874, 1867, 1924, 1867, 2168, 1961, 1474,
5236:Core/Src/main.c **** 	    1981, 2147, 1715, 1484, 2039, 2265, 1831, 1610, 2046, 2170,
5237:Core/Src/main.c **** 	    1757, 1713, 2052, 2021, 1638, 1716, 2390, 1905, 1720, 1710,
5238:Core/Src/main.c **** 	    2233, 1936, 1494, 1947, 2085, 1793, 1792, 1987, 2314, 1645,
5239:Core/Src/main.c **** 	    1752, 2092, 2054, 1622, 1757, 1987, 2113, 1651, 2012, 2091,
5240:Core/Src/main.c **** 	    1889, 1680, 1833, 2064, 1843, 1651, 2016, 2009, 1982, 1742,
5241:Core/Src/main.c **** 	    2088, 1997, 1780, 1713, 2014, 1966, 1781, 1803, 2055, 2075,
5242:Core/Src/main.c **** 	    1769, 1885, 2056, 1771, 1751, 1847, 2085, 1855, 1702, 2030,
5243:Core/Src/main.c **** 	    2081, 1914, 1799, 1881, 1988, 1771, 1776, 2114, 1900, 1802,
5244:Core/Src/main.c **** 	    1830, 2167, 2025, 1612, 1826, 2004, 1884, 1793, 1867, 2124,
5245:Core/Src/main.c **** 	    1763, 1868, 2088, 2068, 1678, 1720, 2020, 2042, 1714, 1877,
5246:Core/Src/main.c **** 	    2013, 1956, 1816, 1960, 1981, 1869, 1622, 1971, 2023, 1886,
5247:Core/Src/main.c **** 	    1737, 1965, 2084, 1898, 1747, 1990, 1890, 1794, 1838, 2053,
5248:Core/Src/main.c **** 	    2002, 1747, 1852, 2158, 1896, 1811, 1778, 2006, 1872, 1735,
5249:Core/Src/main.c **** 	    1994, 1992, 1889, 1824, 1946, 2062, 1782, 1778, 1939, 2002,
5250:Core/Src/main.c **** 	    1825, 1789, 2024, 2025, 1783, 1818, 2055, 1971, 1742, 1812,
5251:Core/Src/main.c **** 	    2036, 1916, 1741, 1945, 2013, 1849, 1817, 1958, 1975, 1835,
5252:Core/Src/main.c **** 	    1865, 1908, 1944, 1864, 1966, 1856, 1899, 1893, 1955, 1907,
5253:Core/Src/main.c **** 	    1843, 1872, 1894, 1918, 1931, 1863, 1905, 1886, 1950, 892,
5254:Core/Src/main.c **** 	    2225, 1517, 1876, 2060, 2018, 2526, 2707, 1896, 885, 1893,
5255:Core/Src/main.c **** 	    1644, 1844, 2107, 1943, 2525, 2647, 2235, 781, 1837, 1657,
5256:Core/Src/main.c **** 	    1614, 2103, 1786, 2380, 2272, 2410, 917, 1913, 1812, 1682,
5257:Core/Src/main.c **** 	    2165, 1773, 2451, 2158, 2532, 940, 1805, 1773, 1615, 2130,
5258:Core/Src/main.c **** 	    1702, 2418, 1991, 2603, 949, 1823, 1823, 1618, 2214, 1750,
5259:Core/Src/main.c **** 	    2454, 1909, 2662, 1135, 1663, 1863, 1544, 2108, 1663, 2461,
5260:Core/Src/main.c **** 	    1812, 2632, 1247, 1665, 1902, 1577, 2150, 1565, 2476, 1841,
5261:Core/Src/main.c **** 	    2697, 1367, 1605, 1950, 1557, 2144, 1582, 2405, 1711, 2611,
5262:Core/Src/main.c **** 	    1528, 1522, 1948, 1582, 2145, 1580, 2494, 1730, 2508, 1651,
5263:Core/Src/main.c **** 	    1533, 1956, 1555, 2159, 1609, 2377, 1774, 2502, 1698, 1437,
5264:Core/Src/main.c **** 	    1958, 1608, 2069, 1622, 2387, 1763, 2419, 1872, 1485, 1904,
5265:Core/Src/main.c **** 	    1607, 2041, 1615, 2373, 1839, 2294, 1968, 1493, 1903, 1613,
5266:Core/Src/main.c **** 	    2081, 1667, 2245, 1881, 2246, 2009, 1499, 1870, 1631, 2220,
5267:Core/Src/main.c **** 	    1356, 2667, 1320, 2609, 1820, 1799, 1842, 1621, 2291, 1172,
5268:Core/Src/main.c **** 	    2642, 1497, 2516, 1759, 1821, 1706, 1691, 2245, 1479, 2351,
5269:Core/Src/main.c **** 	    1519, 2496, 1828, 1806, 1704, 1698, 2144, 1560, 2524, 1440,
5270:Core/Src/main.c **** 	    2416, 1850, 2008, 1537, 1810, 1958, 1613, 2341, 1724, 2266,
5271:Core/Src/main.c **** 	    1740, 2055, 1477, 1755, 1982, 1619, 2325, 1654, 2480, 1758,
5272:Core/Src/main.c **** 	    2067, 1494, 1873, 1863, 1716, 2183, 1758, 2297, 1866, 2247,
5273:Core/Src/main.c **** 	    1367, 1904, 1867, 1650, 2156, 1697, 2330, 1726, 2314, 1452,
5274:Core/Src/main.c **** 	    1865, 1808, 1775, 2056, 1768, 2301, 1700, 2317, 1498, 2010,
5275:Core/Src/main.c **** 	    1762, 1788, 2081, 1685, 2263, 1701, 2361, 1426, 1988, 1844,
ARM GAS  C:\Users\kaush\AppData\Local\Temp\ccalbX8O.s 			page 94


5276:Core/Src/main.c **** 	    1775, 1951, 1771, 2292, 1607, 2409, 1433, 2039, 1738, 1956,
5277:Core/Src/main.c **** 	    1943, 1673, 2282, 1621, 2360, 1463, 1991, 1792, 1918, 2048,
5278:Core/Src/main.c **** 	    1736, 2184, 1585, 2405, 1440, 2017, 1722, 2002, 1938, 1840,
5279:Core/Src/main.c **** 	    2248, 1584, 2316, 1551, 1929, 1738, 1942, 1935, 1749, 2274,
5280:Core/Src/main.c **** 	    1671, 2297, 1527, 2009, 1678, 1975, 1927, 1792, 2160, 1736,
5281:Core/Src/main.c **** 	    2363, 1623, 1885, 1773, 1928, 1870, 1803, 2167, 1682, 2238,
5282:Core/Src/main.c **** 	    1782, 1924, 1631, 2025, 1862, 1806, 2034, 1862, 2089, 1837,
5283:Core/Src/main.c **** 	    1885, 1821, 1884, 1892, 1870, 1979, 1886, 2028, 1917, 1792,
5284:Core/Src/main.c **** 	    1840, 1967, 1819, 1852, 2008, 1894, 1955, 1919, 1852, 1778,
5285:Core/Src/main.c **** 	    1949, 1923, 1846, 1926, 1979, 1903, 1958, 1846, 1797, 1916,
5286:Core/Src/main.c **** 	    1903, 1960, 1926, 1918, 1933, 1890, 1852, 1802, 1922, 1862,
5287:Core/Src/main.c **** 	    1922, 1970, 1981, 1821, 1971, 1826, 1795, 1915, 1934, 1912,
5288:Core/Src/main.c **** 	    1882, 2040, 1918, 1891, 1893, 1803, 1877, 1862, 1959, 1895,
5289:Core/Src/main.c **** 	    1966, 1865, 2036, 1845, 1787, 1890, 1890, 1913, 1886, 2033,
5290:Core/Src/main.c **** 	    1855, 1958, 1955, 1773, 1868, 1868, 1948, 1840, 2027, 1886,
5291:Core/Src/main.c **** 	    1968, 1878, 1867, 1853, 1832, 1953, 1873, 2010, 1859, 1959,
5292:Core/Src/main.c **** 	    1926, 1804, 1899, 1846, 1907, 1857, 2009, 1908, 1939, 1945,
5293:Core/Src/main.c **** 	    1836, 1844, 1895, 1932, 1804, 1980, 1885, 1937, 1935, 1882,
5294:Core/Src/main.c **** 	    1843, 1861, 1968, 1894, 1933, 1896, 1947, 1926, 1870, 1860,
5295:Core/Src/main.c **** 	    1863, 1923, 1875, 2017, 1883, 1897, 1916, 1884, 1826, 1864,
5296:Core/Src/main.c **** 	    1926, 1859, 1943, 1939, 1937, 1916, 1889, 1826, 1854, 1954,
5297:Core/Src/main.c **** 	    1883, 1931, 1897, 1949, 1931, 1915, 1831, 1851, 1891, 1909,
5298:Core/Src/main.c **** 	    1577, 2412, 1254, 2575, 1549, 2245, 2188, 2286, 2030, 1331,
5299:Core/Src/main.c **** 	    2140, 1991, 1439, 2947, 1119, 3018, 1763, 1207, 2347, 1042,
5300:Core/Src/main.c **** 	    2556, 1859, 1676, 2766, 1508, 1922, 1564, 1926, 2155, 1672,
5301:Core/Src/main.c **** 	    2453, 1660, 2697, 1187, 1869, 2003, 1444, 2496, 1507, 2059,
5302:Core/Src/main.c **** 	    2716, 775, 2552, 1166, 2440, 1905, 1597, 2486, 1992, 1699,
5303:Core/Src/main.c **** 	    1803, 1567, 2403, 1276, 2533, 1458, 2621, 1470, 1588, 2240,
5304:Core/Src/main.c **** 	    1548, 2185, 2028, 1537, 2970, 926, 2331, 1429, 1985, 2102,
5305:Core/Src/main.c **** 	    1613, 2269, 2091, 1639, 2006, 1448, 2402, 1394, 2419, 1702,
5306:Core/Src/main.c **** 	    2230, 2098, 1302, 2188, 1574, 1947, 2287, 1291, 2822, 1427,
5307:Core/Src/main.c **** 	    1910, 1827, 1650, 2315, 1568, 2157, 2151, 1884, 1955, 1436,
5308:Core/Src/main.c **** 	    2217, 1670, 2038, 1967, 1767, 2524, 1237, 2090, 1809, 1772,
5309:Core/Src/main.c **** 	    2311, 1381, 2456, 2014, 1503, 2179, 1400, 2385, 1551, 2036,
5310:Core/Src/main.c **** 	    2094, 1870, 1942, 1551, 2060, 1898, 1764, 2251, 1564, 2556,
5311:Core/Src/main.c **** 	    1420, 1866, 2018, 1581, 2226, 1695, 1997, 2357, 1360, 2188,
5312:Core/Src/main.c **** 	    1488, 2131, 1793, 1901, 2173, 1839, 2066, 1662, 1879, 2022,
5313:Core/Src/main.c **** 	    1539, 2334, 1565, 2343, 1830, 1603, 2138, 1598, 2081, 1863,
5314:Core/Src/main.c **** 	    1852, 2251, 1743, 1897, 1754, 1915, 1911, 1827, 2014, 1952,
5315:Core/Src/main.c **** 	    2070, 1697, 1849, 1969, 1771, 2040, 1786, 2068, 2062, 1522,
5316:Core/Src/main.c **** 	    2070, 1719, 1951, 1869, 1778, 2155, 1925, 1815, 1929, 1855,
5317:Core/Src/main.c **** 	    2104, 1720, 1983, 1873, 2116, 1702, 1831, 1981, 1845, 2014,
5318:Core/Src/main.c **** 	    1836, 1797, 2205, 1562, 1979, 1833, 1886, 1986, 1879, 2005,
5319:Core/Src/main.c **** 	    1987, 1730, 1902, 1790, 2040, 1785, 1992, 1937, 2087, 1759,
5320:Core/Src/main.c **** 	    1714, 1949, 1848, 1887, 1976, 1817, 2267, 1777, 1741, 1933,
5321:Core/Src/main.c **** 	    1784, 1992, 1832, 1958, 2076, 1904, 1878, 1717, 1936, 1798,
5322:Core/Src/main.c **** 	    1916, 1951, 2003, 2045, 1704, 1999, 1787, 1794, 1941, 1848,
5323:Core/Src/main.c **** 	    2087, 1979, 1714, 2038, 1795, 1854, 1842, 1893, 2045, 1978,
5324:Core/Src/main.c **** 	    1836, 1877, 1898, 1951, 1733, 1931, 1867, 2117, 1745, 1877,
5325:Core/Src/main.c **** 	    1997, 1792, 1980, 1830, 1868, 2112, 1692, 1974, 1869, 1904,
5326:Core/Src/main.c **** 	    1919, 1936, 1876, 1957, 1836, 1834, 1891, 1953, 1822, 2011,
5327:Core/Src/main.c **** 	    1911, 2027, 1785, 1769, 1992, 1830, 1880, 2009, 1845, 2110,
5328:Core/Src/main.c **** 	    1810, 1817, 1893, 1830, 1941, 1863, 1981, 1962, 1965, 1832,
5329:Core/Src/main.c **** 	    1796, 1964, 1714, 1991, 1886, 2027, 1960, 1759, 2057, 1763,
5330:Core/Src/main.c **** 	    1879, 1894, 1932, 1922, 2003, 1781, 1987, 1865, 1833, 1859,
5331:Core/Src/main.c **** 	    1865, 1990, 1923, 1893, 1830, 1980, 1908, 1745, 2014, 1798,
5332:Core/Src/main.c **** 	    2102, 1718, 1997, 1929, 1854, 1923, 1809, 1943, 1951, 1801,
ARM GAS  C:\Users\kaush\AppData\Local\Temp\ccalbX8O.s 			page 95


5333:Core/Src/main.c **** 	    1940, 1903, 1968, 1826, 2000, 1857, 1928, 1824, 1886, 1874,
5334:Core/Src/main.c **** 	    1973, 1793, 2036, 1867, 1968, 1834, 1816, 1940, 1872, 1902,
5335:Core/Src/main.c **** 	    1939, 1914, 2037, 1809, 1880, 1858, 1962, 1776, 1940, 1938,
5336:Core/Src/main.c **** 	    1935, 1934, 1835, 1873, 1935, 1816, 1971, 1903, 1921, 1949,
5337:Core/Src/main.c **** 	    1863, 1939, 1841, 1876, 1914, 1914, 1936, 1921, 1879, 1883,
5338:Core/Src/main.c **** 	    1923, 1831, 1898, 1954, 1845, 1981, 1834, 1921, 1926, 1888,
5339:Core/Src/main.c **** 	    1871, 1941, 1893, 1956, 1827, 1889, 1926, 1893, 1903, 1956,
5340:Core/Src/main.c **** 	    1858, 1948, 1859, 1892, 1892, 1895, 1841, 2060, 1802, 2000,
5341:Core/Src/main.c **** 	    1850, 1854, 1912, 1885, 1906, 1913, 1937, 1939, 1857, 1912,
5342:Core/Src/main.c **** 	    1848, 1964, 1790, 2003, 1890, 1937, 1863, 1866, 1893, 1893,
5343:Core/Src/main.c **** 	    1859, 1988, 1929, 1867, 1951, 1820, 1897, 1904, 1845, 1960,
5344:Core/Src/main.c **** 	    1912, 1980, 1833, 1933, 1834, 1889, 1875, 1899, 1999, 1839,
5345:Core/Src/main.c **** 	    1977, 1832, 1941, 1870, 1838, 1910, 1928, 1931, 1905, 1895,
5346:Core/Src/main.c **** 	    1887, 1919, 1879, 1868, 1969, 1884, 1913, 1868, 1953, 1843,
5347:Core/Src/main.c **** 	    1942, 1840, 1958, 1861, 1924, 1920, 1858, 1912, 1885, 1928,
5348:Core/Src/main.c **** 	    1938, 1843, 1959, 1862, 1927, 1865, 1941, 1841, 1947, 1883,
5349:Core/Src/main.c **** 	    1900, 1883, 1918, 1866, 1905, 1902, 1950, 1901, 1890, 1900,
5350:Core/Src/main.c **** 	    1908, 1863, 1922, 1873, 1963, 1863, 1944, 1896, 1884, 1867,
5351:Core/Src/main.c **** 	    1860, 1910, 1908, 1943, 1904, 1911, 1926, 1867, 1877, 1892,
5352:Core/Src/main.c **** 	    1898, 1918, 1895, 1930, 1910, 1887, 1884, 1878, 1919, 1920,
5353:Core/Src/main.c **** 	    1871, 1951, 1861, 1947, 1871, 1883, 1916, 1894, 1884, 1919,
5354:Core/Src/main.c **** 	    1912, 1916, 1845, 1935, 1896, 1917, 1861, 1930, 1890, 1910,
5355:Core/Src/main.c **** 	    1881, 1934, 1888, 1939, 1837, 1939, 1874, 1914, 1886, 1882,
5356:Core/Src/main.c **** 	    1935, 1915, 1887, 1905, 1863, 1941, 1825, 1945, 1888, 1935,
5357:Core/Src/main.c **** 	    1907, 1892, 1913, 1894, 1882, 1893, 1888, 1936, 1874, 1936,
5358:Core/Src/main.c **** 	    1904, 1892, 1892, 1874, 1921, 1913, 1848, 1950, 1873, 1962,
5359:Core/Src/main.c **** 	    1876, 1866, 1935, 1868, 1935, 1863, 1918, 1924, 1890, 1898,
5360:Core/Src/main.c **** 	    1893, 1930, 1859, 1897, 1676, 2021, 1836, 1912, 1982, 1843,
5361:Core/Src/main.c **** 	    1993, 1979, 1811, 1975, 1785, 1972, 1885, 1997, 1866, 2010,
5362:Core/Src/main.c **** 	    1844, 1805, 1932, 1902, 1905, 1935, 1784, 2092, 1801, 1862,
5363:Core/Src/main.c **** 	    1943, 1825, 2028, 1893, 1887, 1958, 1820, 1896, 1818, 1936,
5364:Core/Src/main.c **** 	    1901, 1932, 1888, 1924, 2008, 1710, 1964, 1871, 1908, 1988,
5365:Core/Src/main.c **** 	    1808, 1982, 1914, 1778, 1978, 1797, 1985, 1896, 1884, 1930,
5366:Core/Src/main.c **** 	    1919, 1850, 1882, 1892, 1959, 1891, 1947, 1837, 2026, 1741,
5367:Core/Src/main.c **** 	    1903, 1893, 1872, 1975, 1878, 1904, 1997, 1756, 1971, 1815,
5368:Core/Src/main.c **** 	    1975, 1882, 1919, 1916, 1973, 1853, 1830, 1870, 1941, 1855,
5369:Core/Src/main.c **** 	    1977, 1800, 2039, 1831, 1869, 1917, 1859, 1949, 1921, 1845,
5370:Core/Src/main.c **** 	    2024, 1816, 1912, 1842, 1943, 1937, 1882, 1884, 1916, 1910,
5371:Core/Src/main.c **** 	    1832, 1865, 1960, 1865, 2001, 1852, 1942, 1933, 1762, 1932,
5372:Core/Src/main.c **** 	    1856, 1961, 1931, 1857, 1986, 1896, 1855, 1849, 1879, 1961,
5373:Core/Src/main.c **** 	    1867, 1968, 1880, 1967, 1832, 1853, 1921, 1882, 1918, 1933,
5374:Core/Src/main.c **** 	    1854, 2038, 1768, 1925, 1863, 1922, 1941, 1852, 1950, 1943,
5375:Core/Src/main.c **** 	    1835, 1922, 1812, 1995, 1826, 1983, 1863, 1960, 1875, 1847,
5376:Core/Src/main.c **** 	    1914, 1893, 1895, 1932, 1852, 2028, 1835, 1893, 1848, 1939,
5377:Core/Src/main.c **** 	    1887, 1917, 1869, 1980, 1850, 1916, 1849, 1948, 1864, 1913,
5378:Core/Src/main.c **** 	    1911, 1936, 1911, 1842, 1884, 1930, 1863, 1964, 1838, 1990,
5379:Core/Src/main.c **** 	    1866, 1881, 1881, 1912, 1902, 1883, 1926, 1953, 1901, 1868,
5380:Core/Src/main.c **** 	    1865, 1917, 1888, 1890, 1909, 1933, 1916, 1890, 1865, 1917,
5381:Core/Src/main.c **** 	    1892, 1896, 1908, 1911, 1953, 1838, 1907, 1890, 1914, 1877,
5382:Core/Src/main.c **** 	    1908, 1925, 1910, 1881, 1874, 1907, 1924, 1875, 1942, 1879,
5383:Core/Src/main.c **** 	    1941, 1869, 1880, 1890, 1917, 1877, 1926, 1902, 1950, 1854,
5384:Core/Src/main.c **** 	    1875, 1911, 1909, 1888, 1926, 1896, 1951, 1864, 1917, 1851,
5385:Core/Src/main.c **** 	    1915, 1872, 1913, 1910, 1920, 1900, 1887, 1881, 1940, 1860,
5386:Core/Src/main.c **** 	    1925, 1878, 1936, 1890, 1893, 1904, 1917, 1884, 1913, 1890,
5387:Core/Src/main.c **** 	    1910, 1893, 1878, 1888, 1926, 1892, 1917, 1889, 1925, 1891,
5388:Core/Src/main.c **** 	    1885, 1888, 1932, 1881, 1912, 1907, 1901, 1919, 1866, 1909,
5389:Core/Src/main.c **** 	    1898, 1882, 1923, 1889, 1923, 1873, 1914, 1883, 1921, 1901,
ARM GAS  C:\Users\kaush\AppData\Local\Temp\ccalbX8O.s 			page 96


5390:Core/Src/main.c **** 	    1876, 1930, 1900, 1916, 1877, 1893, 1912, 1890, 1911, 1901,
5391:Core/Src/main.c **** 	    1911, 1893, 1907, 1890, 1915, 1888, 1892, 1886, 1908, 1918,
5392:Core/Src/main.c **** 	    1900, 1872, 1917, 1912, 1890, 1895, 1914, 1904, 1908, 1868,
5393:Core/Src/main.c **** 	    1952, 1875, 1909, 1872, 1914, 1915, 1874, 1908, 1905, 1907,
5394:Core/Src/main.c **** 	    1902, 1885, 1945, 1856, 1911, 1884, 1925, 1905, 1880, 1919,
5395:Core/Src/main.c **** 	    1914, 1878, 1909, 1870, 1927, 1875, 1930, 1905, 1914, 1893,
5396:Core/Src/main.c **** 	    1888, 1907, 1890, 1885, 1927, 1884, 1939, 1867, 1921, 1896,
5397:Core/Src/main.c **** 	    1887, 1889, 1905, 1917, 1908, 1881, 1922, 1887, 1898, 1894,
5398:Core/Src/main.c **** 	    1919, 1902, 1888, 1902, 1907, 1898, 1894, 1880, 1931, 1889,
5399:Core/Src/main.c **** 	    1918, 1901, 1891, 1915, 1875, 1905, 1906, 1913, 1903, 1887,
5400:Core/Src/main.c **** 	    1907, 1902, 1880, 1907, 1895, 1905, 1910, 1923, 1889, 1896,
5401:Core/Src/main.c **** 	    1896, 1904, 1886, 1912, 1893, 1927, 1880, 1915, 1897, 1887,
5402:Core/Src/main.c **** 	    1888, 1904, 1904, 1917, 1897, 1919, 1868, 1925, 1868, 1906,
5403:Core/Src/main.c **** 	    1905, 1909, 1901, 1908, 1905, 1901, 1863, 1918, 1890, 1920,
5404:Core/Src/main.c **** 	    1884, 1931, 1893, 1889, 1892, 1913, 1897, 1903, 1890, 1926,
5405:Core/Src/main.c **** 	    1881, 1905, 1881, 1909, 1902, 1903, 1898, 1915, 1893, 1897,
5406:Core/Src/main.c **** 	    1872, 1930, 1897, 1906, 1899, 1916, 1899, 1885, 1899, 1898,
5407:Core/Src/main.c **** 	    1902, 1899, 1899, 1926, 1876, 1913, 1870, 1914, 1904, 1908,
5408:Core/Src/main.c **** 	    1892, 1910, 1903, 1907, 1879, 1904, 1900, 1906, 1893, 1924,
5409:Core/Src/main.c **** 	    1890, 1907, 1887, 1909, 1896, 1897, 1887, 1913, 1855, 1915,
5410:Core/Src/main.c **** 	    1890, 1916, 1915, 1904, 1898, 1912, 1923, 1857, 1903, 1901,
5411:Core/Src/main.c **** 	    1916, 1908, 1880, 1925, 1884, 1934, 1842, 1908, 1893, 1902,
5412:Core/Src/main.c **** 	    1903, 1903, 1917, 1898, 1931, 1864, 1906, 1905, 1887, 1913,
5413:Core/Src/main.c **** 	    1899, 1908, 1895, 1932, 1882, 1883, 1884, 1903, 1912, 1890,
5414:Core/Src/main.c **** 	    1919, 1891, 1942, 1869, 1898, 1889, 1906, 1904, 1902, 1906,
5415:Core/Src/main.c **** 	    1906, 1924, 1877, 1881, 1907, 1892, 1914, 1885, 1933, 1873,
5416:Core/Src/main.c **** 	    1939, 1871, 1899, 1884, 1912, 1904, 1901, 1914, 1897, 1913,
5417:Core/Src/main.c **** 	    1900, 1868, 1918, 1879, 1923, 1893, 1910, 1899, 1926, 1886,
5418:Core/Src/main.c **** 	    1882, 1891, 1919, 1894, 1909, 1891, 1912, 1909, 1900, 1884,
5419:Core/Src/main.c **** 	    1902, 1891, 1916, 1889, 1925, 1890, 1911, 1895, 1892, 1895,
5420:Core/Src/main.c **** 	    1892, 1904, 1908, 1898, 1906, 1908, 1922, 1874, 1895, 1890,
5421:Core/Src/main.c **** 	    1916, 1896, 1904, 1905, 1913, 1909, 1891, 1878, 1901, 1896,
5422:Core/Src/main.c **** 	    1905, 1905, 1914, 1900, 1919, 1873, 1905, 1878, 1881, 1634,
5423:Core/Src/main.c **** 	    2330, 1442, 2217, 1793, 1907, 2050, 1611, 2259, 1620, 1967,
5424:Core/Src/main.c **** 	    1996, 1726, 2166, 1616, 2104, 1832, 1799, 2148, 1639, 2143,
5425:Core/Src/main.c **** 	    1756, 1933, 2012, 1659, 2187, 1647, 2030, 1917, 1796, 2123,
5426:Core/Src/main.c **** 	    1648, 2119, 1770, 1886, 2038, 1702, 2122, 1751, 1995, 1942,
5427:Core/Src/main.c **** 	    1761, 2082, 1687, 2025, 1879, 1857, 2045, 1717, 2082, 1802,
5428:Core/Src/main.c **** 	    1885, 2016, 1723, 2097, 1726, 2015, 1911, 1801, 2084, 1699,
5429:Core/Src/main.c **** 	    2049, 1837, 1885, 2003, 1713, 2100, 1756, 1979, 1922, 1807,
5430:Core/Src/main.c **** 	    2042, 1742, 2027, 1864, 1844, 2038, 1749, 2053, 1785, 1946,
5431:Core/Src/main.c **** 	    1948, 1771, 2053, 1783, 1987, 1904, 1814, 2038, 1729, 2054,
5432:Core/Src/main.c **** 	    1811, 1915, 1972, 1785, 2063, 1752, 1981, 1899, 1810, 2045,
5433:Core/Src/main.c **** 	    1742, 2037, 1838, 1902, 1993, 1757, 2040, 1786, 1942, 1942,
5434:Core/Src/main.c **** 	    1794, 2050, 1771, 2010, 1854, 1850, 2001, 1761, 2017, 1832,
5435:Core/Src/main.c **** 	    1922, 1977, 1770, 2051, 1773, 1965, 1898, 1839, 2016, 1767,
5436:Core/Src/main.c **** 	    2014, 1861, 1862, 1982, 1776, 2023, 1803, 1954, 1930, 1815,
5437:Core/Src/main.c **** 	    2030, 1768, 1977, 1889, 1846, 2014, 1758, 2034, 1834, 1905,
5438:Core/Src/main.c **** 	    1940, 1795, 2017, 1787, 1954, 1910, 1870, 1943, 1871, 1928,
5439:Core/Src/main.c **** 	    1876, 1916, 1891, 1907, 1897, 1908, 1904, 1902, 1890, 1906,
5440:Core/Src/main.c **** 	    1894, 1900, 1903, 1899, 1899, 1905, 1902, 1895, 1901, 1900,
5441:Core/Src/main.c **** 	    1909, 1897, 1895, 1903, 1898, 1906, 1897, 1899, 1912, 1892,
5442:Core/Src/main.c **** 	    1908, 1889, 1905, 1900, 1894, 1902, 1897, 1905, 1897, 1898,
5443:Core/Src/main.c **** 	    1905, 1895, 1912, 1896, 1903, 1903, 1892, 1903, 1900, 1897,
5444:Core/Src/main.c **** 	    1920, 1875, 1928, 1886, 1894, 1903, 1895, 1923, 1883, 1907,
5445:Core/Src/main.c **** 	    1911, 1885, 1913, 1878, 1917, 1886, 1911, 1901, 1891, 1917,
5446:Core/Src/main.c **** 	    1886, 1908, 1893, 1892, 1931, 1871, 1925, 1891, 1896, 1915,
ARM GAS  C:\Users\kaush\AppData\Local\Temp\ccalbX8O.s 			page 97


5447:Core/Src/main.c **** 	    1882, 1912, 1895, 1897, 1918, 1882, 1920, 1887, 1909, 1896,
5448:Core/Src/main.c **** 	    1895, 1904, 1897, 1906, 1899, 1901, 1910, 1889, 1911, 1885,
5449:Core/Src/main.c **** 	    1909, 1899, 1896, 1901, 1910, 1900, 1901, 1888, 1906, 1894,
5450:Core/Src/main.c **** 	    1905, 1899, 1908, 1900, 1904, 1892, 1908, 1893, 1905, 1894,
5451:Core/Src/main.c **** 	    1909, 1898, 1905, 1895, 1903, 1893, 1904, 1890, 1921, 1884,
5452:Core/Src/main.c **** 	    1913, 1891, 1908, 1897, 1901, 1896, 1901, 1900, 1905, 1895,
5453:Core/Src/main.c **** 	    1908, 1890, 1919, 1888, 1910, 1885, 1905, 1903, 1899, 1905,
5454:Core/Src/main.c **** 	    861, 1917, 2242, 1734, 1888, 1886, 2271, 2396, 593, 2063,
5455:Core/Src/main.c **** 	    1768, 1990, 1789, 1833, 2417, 2401, 1062, 1602, 1836, 2165,
5456:Core/Src/main.c **** 	    1473, 2189, 1873, 2612, 1232, 1549, 2235, 1848, 1829, 2113,
5457:Core/Src/main.c **** 	    1849, 2844, 1111, 1764, 1866, 1953, 1846, 1858, 2013, 2452,
5458:Core/Src/main.c **** 	    1499, 1612, 1885, 2173, 1600, 2141, 1876, 2461, 1779, 1276,
5459:Core/Src/main.c **** 	    2154, 1791, 1779, 2045, 1722, 2518, 1702, 1457, 2061, 1829,
5460:Core/Src/main.c **** 	    1991, 1766, 2057, 2234, 2029, 1401, 1897, 2021, 1734, 1924,
5461:Core/Src/main.c **** 	    2001, 2016, 2286, 1129, 2168, 1846, 1829, 1973, 1900, 2147,
5462:Core/Src/main.c **** 	    2217, 1290, 2062, 1741, 2027, 1680, 2117, 1939, 2293, 1431,
5463:Core/Src/main.c **** 	    1822, 2011, 1868, 1748, 2187, 1749, 2555, 1277, 1947, 1914,
5464:Core/Src/main.c **** 	    1827, 1880, 1947, 1897, 2369, 1424, 1961, 1767, 2068, 1674,
5465:Core/Src/main.c **** 	    2098, 1896, 2251, 1746, 1666, 1965, 1949, 1649, 2212, 1659,
5466:Core/Src/main.c **** 	    2411, 1660, 1676, 2055, 1769, 1900, 1955, 1850, 2301, 1735,
5467:Core/Src/main.c **** 	    1801, 1847, 1954, 1777, 1919, 1995, 2008, 2055, 1531, 2010,
5468:Core/Src/main.c **** 	    1963, 1689, 2090, 1803, 2107, 2122, 1418, 2148, 1723, 1940,
5469:Core/Src/main.c **** 	    1902, 1885, 2114, 2018, 1623, 1946, 1846, 1948, 1739, 2120,
5470:Core/Src/main.c **** 	    1826, 2273, 1563, 1901, 1972, 1736, 1931, 1992, 1787, 2340,
5471:Core/Src/main.c **** 	    1444, 2073, 1813, 1869, 1884, 1940, 1913, 2172, 1663, 1944,
5472:Core/Src/main.c **** 	    1818, 1974, 1704, 2153, 1729, 2190, 1779, 1785, 2015, 1820,
5473:Core/Src/main.c **** 	    1809, 2139, 1667, 2297, 1657, 1873, 1925, 1815, 1861, 1957,
5474:Core/Src/main.c **** 	    1856, 2130, 1814, 1855, 1851, 1981, 1719, 2063, 1831, 2042,
5475:Core/Src/main.c **** 	    2011, 1649, 2018, 1858, 1735, 2089, 1713, 2154, 1918, 1697,
5476:Core/Src/main.c **** 	    2017, 1804, 1889, 1891, 1913, 2032, 1960, 1786, 1864, 1957,
5477:Core/Src/main.c **** 	    1788, 1910, 1958, 1847, 2173, 1640, 1962, 1940, 1747, 2023,
5478:Core/Src/main.c **** 	    1851, 1916, 2140, 1623, 2029, 1803, 1915, 1876, 1939, 1880,
5479:Core/Src/main.c **** 	    2050, 1776, 1882, 1906, 1892, 1802, 2102, 1730, 2196, 1721,
5480:Core/Src/main.c **** 	    1869, 1967, 1789, 1919, 1980, 1778, 2154, 1681, 1952, 1843,
5481:Core/Src/main.c **** 	    1927, 1854, 1978, 1861, 2013, 1881, 1836, 1869, 1959, 1757,
5482:Core/Src/main.c **** 	    2083, 1755, 2052, 1901, 1764, 1963, 1842, 1860, 2016, 1793,
5483:Core/Src/main.c **** 	    2055, 1851, 1880, 1876, 1880, 1883, 1938, 1929, 1895, 1975,
5484:Core/Src/main.c **** 	    1819, 1855, 1945, 1788, 2009, 1884, 1891, 2037, 1740, 1965,
5485:Core/Src/main.c **** 	    1836, 1882, 1542, 1140, 1880, 1805, 2314, 1636, 1809, 2651,
5486:Core/Src/main.c **** 	    710, 1854, 1437, 2442, 2251, 1317, 2575, 2418, 1117, 1466,
5487:Core/Src/main.c **** 	    1420, 2939, 1375, 1988, 2046, 2611, 1212, 1185, 2256, 2334,
5488:Core/Src/main.c **** 	    1572, 2172, 1832, 3150, 579, 1753, 2004, 2104, 1773, 1772,
5489:Core/Src/main.c **** 	    2306, 2527, 799, 2034, 1688, 2479, 1289, 2293, 2242, 2133,
5490:Core/Src/main.c **** 	    1431, 1597, 2063, 1927, 1359, 2665, 1647, 2393, 1343, 1818,
5491:Core/Src/main.c **** 	    2072, 1508, 2043, 2219, 1899, 2155, 1517, 2109, 1501, 1810,
5492:Core/Src/main.c **** 	    1993, 2184, 1979, 1679, 2218, 1634, 1593, 1880, 1951, 2482,
5493:Core/Src/main.c **** 	    1511, 1989, 2391, 1386, 1785, 1530, 2443, 1960, 1578, 2160,
5494:Core/Src/main.c **** 	    2220, 1610, 1447, 1894, 2471, 1597, 1997, 1885, 2565, 1292,
5495:Core/Src/main.c **** 	    1457, 2179, 2076, 1760, 1860, 2005, 2590, 1008, 1870, 1930,
5496:Core/Src/main.c **** 	    2206, 1614, 1904, 2279, 2163, 1338, 1821, 1940, 2209, 1336,
5497:Core/Src/main.c **** 	    2352, 1915, 2189, 1434, 1742, 2184, 1775, 1639, 2359, 1820,
5498:Core/Src/main.c **** 	    2285, 1328, 2086, 1863, 1751, 1820, 2172, 2003, 1905, 1678,
5499:Core/Src/main.c **** 	    2045, 1668, 1970, 1719, 2365, 1838, 1877, 2023, 1708, 1840,
5500:Core/Src/main.c **** 	    1766, 1926, 2304, 1574, 2133, 1959, 1779, 1732, 1773, 2107,
5501:Core/Src/main.c **** 	    1896, 1906, 2066, 1973, 1743, 1691, 2024, 1850, 1904, 2031,
5502:Core/Src/main.c **** 	    1874, 2169, 1501, 1890, 1963, 1830, 2009, 1908, 1990, 2100,
5503:Core/Src/main.c **** 	    1548, 1945, 1832, 2007, 1786, 2052, 1934, 2037, 1713, 1787,
ARM GAS  C:\Users\kaush\AppData\Local\Temp\ccalbX8O.s 			page 98


5504:Core/Src/main.c **** 	    1952, 1980, 1753, 2161, 1758, 2177, 1630, 1806, 1948, 1872,
5505:Core/Src/main.c **** 	    1860, 2034, 1830, 2152, 1661, 1904, 1784, 2010, 1808, 2036,
5506:Core/Src/main.c **** 	    1909, 2019, 1861, 1752, 1818, 2035, 1712, 2104, 1793, 2119,
5507:Core/Src/main.c **** 	    1878, 1678, 1921, 1913, 1866, 1971, 1857, 2167, 1828, 1784,
5508:Core/Src/main.c **** 	    1830, 1970, 1841, 1853, 2001, 1993, 1953, 1727, 1845, 2041,
5509:Core/Src/main.c **** 	    1724, 1983, 1946, 1997, 2008, 1640, 1974, 1878, 1825, 1933,
5510:Core/Src/main.c **** 	    1930, 2034, 1892, 1773, 1889, 1904, 1884, 1837, 2069, 1901,
5511:Core/Src/main.c **** 	    1999, 1792, 1819, 1972, 1786, 1914, 1995, 1845, 2081, 1720,
5512:Core/Src/main.c **** 	    1886, 1920, 1848, 1933, 1929, 1921, 2019, 1814, 1833, 1898,
5513:Core/Src/main.c **** 	    1933, 1838, 1977, 1875, 2007, 1866, 1729, 2007, 1891, 1845,
5514:Core/Src/main.c **** 	    1961, 1865, 2078, 1809, 1773, 2001, 1888, 1869, 1905, 1939,
5515:Core/Src/main.c **** 	    1997, 1826, 1797, 1969, 1946, 1790, 1942, 1946, 1943, 1910,
5516:Core/Src/main.c **** 	    1740, 2021, 1910, 1777, 1355, 2096, 2130, 1345, 2689, 2137,
5517:Core/Src/main.c **** 	    1981, 1526, 1599, 2382, 1379, 2463, 2612, 1474, 1492, 2190,
5518:Core/Src/main.c **** 	    1284, 2047, 2300, 1922, 2052, 1287, 2396, 1684, 1731, 2561,
5519:Core/Src/main.c **** 	    2241, 1191, 1985, 1980, 1475, 2579, 1641, 2315, 1340, 1766,
5520:Core/Src/main.c **** 	    2184, 1514, 2318, 2417, 1681, 1333, 2340, 1312, 2039, 2093,
5521:Core/Src/main.c **** 	    2169, 2110, 1061, 2359, 1557, 1915, 2103, 2485, 1391, 1959,
5522:Core/Src/main.c **** 	    1918, 1398, 2487, 1601, 2586, 1270, 1872, 2205, 1445, 2081,
5523:Core/Src/main.c **** 	    2139, 2179, 1196, 2333, 1391, 2233, 1827, 2028, 2283, 1156,
5524:Core/Src/main.c **** 	    2334, 1554, 2035, 2013, 2372, 1470, 1851, 2007, 1376, 2422,
5525:Core/Src/main.c **** 	    1578, 2692, 1338, 1755, 2148, 1562, 2049, 2011, 2360, 1355,
5526:Core/Src/main.c **** 	    2249, 1409, 2055, 1924, 1897, 2356, 1209, 2318, 1693, 1779,
5527:Core/Src/main.c **** 	    2018, 2307, 1746, 1663, 2101, 1556, 2286, 1473, 2593, 1630,
5528:Core/Src/main.c **** 	    1584, 2120, 1635, 2017, 1990, 2221, 1532, 2084, 1615, 1926,
5529:Core/Src/main.c **** 	    1967, 1852, 2509, 1260, 2068, 1846, 1746, 1957, 2162, 1943,
5530:Core/Src/main.c **** 	    1798, 1889, 1656, 2104, 1696, 2279, 1878, 1594, 2161, 1671,
5531:Core/Src/main.c **** 	    1804, 2028, 2162, 1699, 1900, 1762, 2006, 1846, 1799, 2381,
5532:Core/Src/main.c **** 	    1581, 1818, 1974, 1671, 2144, 1943, 1986, 1830, 1852, 1757,
5533:Core/Src/main.c **** 	    1893, 1897, 2112, 2112, 1433, 2150, 1791, 1715, 2083, 1988,
5534:Core/Src/main.c **** 	    2026, 1738, 1755, 1946, 1906, 1802, 2245, 1810, 1731, 2088,
5535:Core/Src/main.c **** 	    1591, 2063, 1973, 1978, 1911, 1735, 1917, 1903, 1816, 1975,
5536:Core/Src/main.c **** 	    2176, 1556, 1956, 1921, 1726, 2182, 1804, 2085, 1797, 1765,
5537:Core/Src/main.c **** 	    1950, 1839, 1910, 2170, 1870, 1612, 2096, 1692, 1909, 2014,
5538:Core/Src/main.c **** 	    1943, 2079, 1638, 1875, 1962, 1820, 1933, 2118, 1714, 1928,
5539:Core/Src/main.c **** 	    1920, 1671, 2113, 1863, 2024, 1857, 1753, 2032, 1788, 1859,
5540:Core/Src/main.c **** 	    2084, 1991, 1665, 1990, 1844, 1843, 2061, 1795, 2117, 1722,
5541:Core/Src/main.c **** 	    1843, 1983, 1744, 2023, 2033, 1780, 1841, 1977, 1742, 1959,
5542:Core/Src/main.c **** 	    1960, 2013, 1981, 1630, 2044, 1851, 1793, 2030, 1998, 1781,
5543:Core/Src/main.c **** 	    1918, 1846, 1830, 2074, 1818, 2093, 1768, 1847, 2039, 1708,
5544:Core/Src/main.c **** 	    1991, 2041, 1884, 1779, 1915, 1851, 1892, 1954, 1876, 2098,
5545:Core/Src/main.c **** 	    1666, 1973, 1871, 1817, 2020, 1937, 1844, 1903, 1904, 1792,
5546:Core/Src/main.c **** 	    1975, 1896, 2034, 1851, 1755, 2076, 1731, 1952, 1947, 1991,
5547:Core/Src/main.c **** 	    1811, 1899, 1838, 1881, 1963, 1704, 1766, 1462, 2467, 1939,
5548:Core/Src/main.c **** 	    1894, 3093, 907, 1660, 1742, 2214, 2270, 1803, 3032, 660,
5549:Core/Src/main.c **** 	    1896, 1861, 1842, 2229, 1721, 2690, 930, 1847, 2283, 1803,
5550:Core/Src/main.c **** 	    2240, 2026, 2226, 1260, 1684, 2302, 1755, 2155, 2229, 1526,
5551:Core/Src/main.c **** 	    1622, 1701, 2362, 1839, 1975, 2793, 1012, 1836, 1693, 2175,
5552:Core/Src/main.c **** 	    2029, 1648, 2824, 987, 1828, 1893, 1929, 2302, 1612, 2688,
5553:Core/Src/main.c **** 	    1068, 1947, 1982, 1712, 2321, 1806, 2261, 1291, 1818, 2325,
5554:Core/Src/main.c **** 	    1554, 2147, 2186, 1844, 1502, 1778, 2246, 1881, 1764, 2480,
5555:Core/Src/main.c **** 	    1380, 1792, 1772, 2176, 2050, 1718, 2594, 1100, 1969, 1843,
5556:Core/Src/main.c **** 	    1878, 2262, 1577, 2644, 1091, 1928, 2055, 1719, 2254, 1816,
5557:Core/Src/main.c **** 	    2332, 1327, 1890, 2062, 1724, 2088, 2025, 1995, 1433, 1904,
5558:Core/Src/main.c **** 	    2174, 1761, 1931, 2319, 1606, 1728, 1839, 2058, 2065, 1599,
5559:Core/Src/main.c **** 	    2491, 1334, 1886, 1927, 1888, 2179, 1697, 2424, 1222, 1993,
5560:Core/Src/main.c **** 	    2004, 1764, 2174, 1775, 2426, 1172, 1896, 2149, 1746, 2052,
ARM GAS  C:\Users\kaush\AppData\Local\Temp\ccalbX8O.s 			page 99


5561:Core/Src/main.c **** 	    1986, 2135, 1513, 1767, 2102, 1865, 1901, 2142, 1806, 1706,
5562:Core/Src/main.c **** 	    1895, 1967, 1912, 1827, 2303, 1473, 1942, 1894, 1943, 1965,
5563:Core/Src/main.c **** 	    1755, 2395, 1382, 1888, 2028, 1870, 2006, 1878, 2151, 1480,
5564:Core/Src/main.c **** 	    1945, 1905, 1996, 1877, 2047, 1994, 1472, 2031, 1901, 1952,
5565:Core/Src/main.c **** 	    1923, 2058, 1907, 1562, 1970, 1895, 1965, 1887, 2135, 1758,
5566:Core/Src/main.c **** 	    1678, 2045, 1847, 1962, 1929, 2112, 1655, 1795, 1988, 1932,
5567:Core/Src/main.c **** 	    1870, 1924, 2104, 1539, 1902, 1989, 1951, 1967, 1915, 2035,
5568:Core/Src/main.c **** 	    1559, 1950, 1902, 2003, 1920, 2021, 1901, 1568, 2015, 1871,
5569:Core/Src/main.c **** 	    1954, 1952, 2040, 1852, 1630, 2014, 1883, 1963, 1875, 2122,
5570:Core/Src/main.c **** 	    1718, 1772, 1985, 1877, 1998, 1850, 2073, 1687, 1854, 1986,
5571:Core/Src/main.c **** 	    1880, 1977, 1890, 2014, 1615, 1966, 1952, 1927, 1956, 1906,
5572:Core/Src/main.c **** 	    1957, 1635, 1965, 1949, 1933, 1949, 1958, 1838, 1696, 1978,
5573:Core/Src/main.c **** 	    1892, 2002, 1907, 2035, 1776, 1760, 1997, 1862, 1973, 1891,
5574:Core/Src/main.c **** 	    2040, 1685, 1859, 1957, 1892, 2004, 1857, 2061, 1669, 1919,
5575:Core/Src/main.c **** 	    1954, 1898, 1988, 1884, 1962, 1677, 1960, 1901, 1931, 1952,
5576:Core/Src/main.c **** 	    1928, 1894, 1730, 1969, 1926, 1922, 1922, 1996, 1786, 1791,
5577:Core/Src/main.c **** 	    1940, 1935, 1955, 1882, 2035, 1744, 1851, 1923, 1926, 1952,
5578:Core/Src/main.c **** 	    1898, 2000, 1700, 1942, 1896, 1904, 1946, 1166, 2186, 950,
5579:Core/Src/main.c **** 	    2709, 1404, 2740, 1250, 2448, 1342, 3171, 1172, 1793, 1200,
5580:Core/Src/main.c **** 	    2390, 1616, 2505, 1393, 2225, 1733, 3144, 1688, 1419, 1110,
5581:Core/Src/main.c **** 	    2116, 1880, 2191, 1868, 1841, 1808, 2343, 2207, 1271, 1672,
5582:Core/Src/main.c **** 	    1867, 2057, 1954, 1981, 1850, 2054, 2146, 2731, 1051, 1672,
5583:Core/Src/main.c **** 	    1504, 2215, 1783, 2293, 1481, 2321, 1496, 2894, 1137, 1892,
5584:Core/Src/main.c **** 	    1489, 2340, 1569, 2387, 1376, 2437, 1518, 3012, 1410, 1799,
5585:Core/Src/main.c **** 	    1145, 2467, 1403, 2554, 1299, 2435, 1332, 2781, 1501, 1972,
5586:Core/Src/main.c **** 	    1240, 2443, 1457, 2390, 1451, 2355, 1418, 2721, 1879, 1851,
5587:Core/Src/main.c **** 	    1119, 2286, 1504, 2465, 1439, 2371, 1493, 2307, 2006, 1849,
5588:Core/Src/main.c **** 	    1377, 2199, 1678, 2203, 1710, 2057, 1722, 2165, 2225, 1942,
5589:Core/Src/main.c **** 	    1240, 1917, 1840, 2019, 1931, 1923, 1978, 1807, 2276, 1857,
5590:Core/Src/main.c **** 	    1629, 1691, 2070, 1819, 2032, 1732, 2051, 1764, 2425, 2014,
5591:Core/Src/main.c **** 	    1650, 1484, 2077, 1698, 2197, 1586, 2315, 1533, 2310, 1875,
5592:Core/Src/main.c **** 	    1867, 1440, 2210, 1675, 2236, 1496, 2190, 1640, 2296, 2027,
5593:Core/Src/main.c **** 	    2054, 1245, 2229, 1520, 2271, 1546, 2246, 1671, 2131, 1880,
5594:Core/Src/main.c **** 	    2166, 1277, 2229, 1692, 2199, 1650, 1959, 1796, 2046, 2085,
5595:Core/Src/main.c **** 	    2164, 1456, 1931, 1757, 2026, 1817, 1934, 1966, 1885, 2022,
5596:Core/Src/main.c **** 	    2134, 1513, 1862, 1881, 2019, 1896, 1761, 1966, 1855, 2026,
5597:Core/Src/main.c **** 	    2269, 1690, 1665, 1889, 1872, 1992, 1838, 1982, 1895, 1857,
5598:Core/Src/main.c **** 	    2177, 1837, 1596, 1973, 1903, 1997, 1762, 1898, 1882, 1930,
5599:Core/Src/main.c **** 	    2146, 2119, 1532, 1876, 1832, 1972, 1857, 1909, 1967, 1857,
5600:Core/Src/main.c **** 	    2001, 2135, 1534, 1903, 1881, 2066, 1816, 1790, 1938, 1881,
5601:Core/Src/main.c **** 	    1982, 2256, 1638, 1794, 1822, 1969, 1941, 1801, 2021, 1874,
5602:Core/Src/main.c **** 	    1861, 2205, 1684, 1774, 1876, 2037, 1922, 1798, 1871, 1949,
5603:Core/Src/main.c **** 	    1839, 2202, 1899, 1666, 1828, 1935, 1928, 1871, 1848, 2039,
5604:Core/Src/main.c **** 	    1797, 2088, 1907, 1681, 1881, 1971, 1990, 1861, 1809, 1957,
5605:Core/Src/main.c **** 	    1829, 2033, 2110, 1666, 1809, 1880, 1950, 1940, 1788, 2066,
5606:Core/Src/main.c **** 	    1886, 1925, 2068, 1704, 1830, 1915, 1971, 1927, 1799, 1906,
5607:Core/Src/main.c **** 	    1912, 1911, 2111, 1832, 1728, 1918, 1896, 1943, 1816, 1926,
5608:Core/Src/main.c **** 	    1988, 1849, 2057, 1847, 1754, 1905, 1951, 1972, 1825, 1848,
5609:Core/Src/main.c **** 	    1933, 1884, 2052, 1965, 1719, 1877, 1908, 1916, 1890, 1656,
5610:Core/Src/main.c **** 	    2080, 1831, 2031, 2026, 1713, 1972, 1756, 2006, 1929, 1820,
5611:Core/Src/main.c **** 	    2015, 1907, 1993, 1895, 1814, 1813, 1843, 1997, 1953, 1806,
5612:Core/Src/main.c **** 	    1843, 1946, 1963, 2052, 1805, 1890, 1759, 1953, 1910, 1899,
5613:Core/Src/main.c **** 	    1931, 1921, 1964, 1850, 1924, 1776, 1887, 1989, 1907, 2008,
5614:Core/Src/main.c **** 	    1629, 2031, 1858, 1996, 1966, 1755, 1959, 1766, 1922, 1953,
5615:Core/Src/main.c **** 	    1838, 2042, 1890, 1964, 1854, 1806, 1871, 1919, 1935, 1963,
5616:Core/Src/main.c **** 	    1733, 1964, 1873, 2023, 1942, 1829, 1942, 1758, 1917, 1902,
5617:Core/Src/main.c **** 	    1880, 1993, 1842, 2045, 1812, 1893, 1831, 1942, 1977, 1872,
ARM GAS  C:\Users\kaush\AppData\Local\Temp\ccalbX8O.s 			page 100


5618:Core/Src/main.c **** 	    1937, 1736, 1946, 1919, 1949, 1955, 1810, 1943, 1803, 1864,
5619:Core/Src/main.c **** 	    1979, 1841, 2018, 1895, 1938, 1869, 1806, 1957, 1906, 1881,
5620:Core/Src/main.c **** 	    1964, 1756, 1975, 1853, 2033, 1893, 1838, 1959, 1803, 1888,
5621:Core/Src/main.c **** 	    1913, 1890, 2018, 1805, 2019, 1779, 1894, 1897, 1940, 1926,
5622:Core/Src/main.c **** 	    1881, 1874, 1855, 1877, 1987, 1927, 1949, 1857, 1920, 1778,
5623:Core/Src/main.c **** 	    1883, 1931, 1924, 1924, 1947, 1872, 1917, 1795, 1981, 1888,
5624:Core/Src/main.c **** 	    1904, 1932, 1795, 1935, 1907, 1947, 1979, 1824, 1961, 1762,
5625:Core/Src/main.c **** 	    1913, 1922, 1875, 1954, 1865, 1965, 1867, 1865, 1943, 1891,
5626:Core/Src/main.c **** 	    1939, 1927, 1839, 1864, 1856, 1971, 1940, 1936, 1897, 1862,
5627:Core/Src/main.c **** 	    1828, 1942, 1882, 1928, 1890, 1944, 1866, 1901, 1868, 1946,
5628:Core/Src/main.c **** 	    1881, 1946, 1887, 1869, 1865, 1948, 1907, 1972, 1855, 1941,
5629:Core/Src/main.c **** 	    1786, 1922, 1901, 1930, 1904, 1913, 1884, 1899, 1841, 1972,
5630:Core/Src/main.c **** 	    1861, 1968, 1866, 1893, 1849, 1917, 1911, 1966, 1885, 1956,
5631:Core/Src/main.c **** 	    1837, 1887, 1893, 1912, 1907, 1924, 1887, 1919, 1848, 1915,
5632:Core/Src/main.c **** 	    1887, 1943, 1898, 1918, 1829, 1913, 1896, 1944, 1932, 1908,
5633:Core/Src/main.c **** 	    1907, 1843, 1889, 1909, 1897, 1926, 1906, 1932, 1850, 1893,
5634:Core/Src/main.c **** 	    1899, 1921, 1914, 1915, 1879, 1872, 1876, 1906, 1949, 1905,
5635:Core/Src/main.c **** 	    1928, 1856, 1898, 1907, 1873, 1929, 1915, 1933, 1874, 1868,
5636:Core/Src/main.c **** 	    1903, 1886, 1948, 1907, 1921, 1854, 1893, 1890, 1896, 1930,
5637:Core/Src/main.c **** 	    1903, 1906, 1891, 1907, 1910, 1878, 1932, 1922, 1902, 1858,
5638:Core/Src/main.c **** 	    1892, 1868, 1926, 1919, 1937, 1863, 1897, 1901, 1892, 1903,
5639:Core/Src/main.c **** 	    1923, 1921, 1879, 1908, 1908, 1860, 1932, 1901, 1959, 1832,
5640:Core/Src/main.c **** 	    1895, 1880, 1900, 1935, 1926, 1904, 1881, 1879, 1918, 1858,
5641:Core/Src/main.c **** 	    1946, 1662, 1989, 1766, 2085, 1848, 2004, 1843, 2097, 1750,
5642:Core/Src/main.c **** 	    2155, 1657, 1988, 1757, 2026, 1897, 2048, 1731, 1976, 1809,
5643:Core/Src/main.c **** 	    2165, 1708, 1938, 1746, 2020, 1756, 2001, 1853, 2003, 1816,
5644:Core/Src/main.c **** 	    2068, 1811, 1900, 1754, 1998, 1870, 2005, 1827, 1964, 1839,
5645:Core/Src/main.c **** 	    2020, 1887, 1849, 1817, 1921, 1833, 1973, 1866, 1968, 1910,
5646:Core/Src/main.c **** 	    1911, 1963, 1782, 1862, 1916, 1900, 1977, 1913, 1859, 1920,
5647:Core/Src/main.c **** 	    1855, 2053, 1811, 1877, 1848, 1922, 1845, 1930, 1862, 1993,
5648:Core/Src/main.c **** 	    1859, 2016, 1820, 1898, 1789, 1972, 1889, 1991, 1841, 1950,
5649:Core/Src/main.c **** 	    1843, 2032, 1845, 1900, 1797, 1957, 1831, 1955, 1836, 2002,
5650:Core/Src/main.c **** 	    1826, 1989, 1891, 1879, 1788, 1966, 1891, 2014, 1797, 1957,
5651:Core/Src/main.c **** 	    1849, 1947, 1936, 1909, 1832, 1909, 1844, 1932, 1843, 1951,
5652:Core/Src/main.c **** 	    1913, 1945, 1933, 1889, 1820, 1874, 1912, 1951, 1878, 1913,
5653:Core/Src/main.c **** 	    1900, 1900, 1940, 1909, 1882, 1855, 1915, 1900, 1887, 1886,
5654:Core/Src/main.c **** 	    1943, 1895, 1930, 1905, 1862, 1842, 1910, 1922, 1952, 1852,
5655:Core/Src/main.c **** 	    1936, 1866, 1950, 1926, 1899, 1849, 1925, 1858, 1924, 1833,
5656:Core/Src/main.c **** 	    1957, 1893, 1952, 1934, 1901, 1799, 1882, 1905, 1959, 1877,
5657:Core/Src/main.c **** 	    1919, 1893, 1921, 1938, 1904, 1857, 1871, 1920, 1909, 1883,
5658:Core/Src/main.c **** 	    1898, 1903, 1905, 1935, 1918, 1854, 1855, 1910, 1934, 1916,
5659:Core/Src/main.c **** 	    1872, 1914, 1881, 1932, 1932, 1882, 1878, 1906, 1884, 1909,
5660:Core/Src/main.c **** 	    1871, 1923, 1903, 1920, 1945, 1870, 1839, 1909, 1901, 1939,
5661:Core/Src/main.c **** 	    1870, 1935, 1893, 1898, 1921, 1888, 1875, 1895, 1916, 1917,
5662:Core/Src/main.c **** 	    1861, 1931, 1879, 1931, 1908, 1917, 1844, 1888, 1910, 1932,
5663:Core/Src/main.c **** 	    1878, 1903, 1906, 1905, 1893, 1926, 1862, 1909, 1903, 1912,
5664:Core/Src/main.c **** 	    1878, 1888, 1921, 1921, 1905, 1943, 1840, 1877, 1898, 1919,
5665:Core/Src/main.c **** 	    1906, 1886, 1927, 1920, 1864, 1935, 1866, 1917, 1892, 1917,
5666:Core/Src/main.c **** 	    1896, 1871, 1898, 1913, 1909, 1945, 1875, 1876, 1896, 1909,
5667:Core/Src/main.c **** 	    1913, 1891, 1916, 1908, 1875, 1906, 1894, 1888, 1904, 1912,
5668:Core/Src/main.c **** 	    1907, 1883, 1896, 1910, 1911, 1917, 1919, 1859, 1888, 1903,
5669:Core/Src/main.c **** 	    1912, 1913, 1909, 1909, 1889, 1881, 1913, 1867, 1907, 1920,
5670:Core/Src/main.c **** 	    1908, 1893, 1886, 1895, 1912, 1901, 1940, 1864, 1891, 1889,
5671:Core/Src/main.c **** 	    1908, 1920, 1895, 1926, 1895, 1891, 1914, 1873, 1904, 1904,
5672:Core/Src/main.c **** 	    1915, 1898, 1888, 581, 1578, 1908, 1958, 2225, 2163, 1956,
5673:Core/Src/main.c **** 	    1933, 2937, 2108, 1275, 1061, 2167, 1767, 1987, 2093, 1965,
5674:Core/Src/main.c **** 	    2324, 2266, 2849, 926, 1539, 1528, 1904, 2059, 1571, 2636,
ARM GAS  C:\Users\kaush\AppData\Local\Temp\ccalbX8O.s 			page 101


5675:Core/Src/main.c **** 	    1260, 2795, 2178, 1607, 1495, 1280, 2513, 1378, 2370, 1908,
5676:Core/Src/main.c **** 	    1891, 2404, 2299, 2112, 983, 1759, 1826, 1916, 1885, 2070,
5677:Core/Src/main.c **** 	    1836, 2100, 2383, 1958, 1485, 1331, 2230, 1585, 2130, 1897,
5678:Core/Src/main.c **** 	    1916, 2217, 2033, 2567, 1075, 1793, 1656, 1921, 2020, 1650,
5679:Core/Src/main.c **** 	    2354, 1474, 2531, 2035, 1667, 1604, 1532, 2305, 1543, 2207,
5680:Core/Src/main.c **** 	    1873, 1933, 2221, 2172, 1933, 1352, 1760, 1913, 1907, 1870,
5681:Core/Src/main.c **** 	    2061, 1780, 2138, 2175, 1943, 1568, 1491, 2220, 1593, 2155,
5682:Core/Src/main.c **** 	    1809, 1995, 2143, 1961, 2378, 1154, 1884, 1719, 1933, 2010,
5683:Core/Src/main.c **** 	    1686, 2285, 1647, 2391, 1968, 1681, 1663, 1673, 2165, 1697,
5684:Core/Src/main.c **** 	    2020, 1926, 1970, 2166, 2128, 1769, 1580, 1726, 1970, 1919,
5685:Core/Src/main.c **** 	    1768, 2092, 1731, 2207, 2001, 1922, 1665, 1535, 2225, 1591,
5686:Core/Src/main.c **** 	    2156, 1769, 1997, 2124, 1916, 2279, 1320, 1926, 1800, 1898,
5687:Core/Src/main.c **** 	    2017, 1684, 2197, 1739, 2245, 1950, 1655, 1794, 1800, 2000,
5688:Core/Src/main.c **** 	    1794, 1943, 1901, 2020, 1994, 2124, 1707, 1659, 1921, 1880,
5689:Core/Src/main.c **** 	    1992, 1725, 2093, 1778, 2072, 2084, 1780, 1749, 1680, 2109,
5690:Core/Src/main.c **** 	    1764, 1926, 1951, 1908, 2046, 2018, 2014, 1541, 1863, 1880,
5691:Core/Src/main.c **** 	    1960, 1848, 1937, 1964, 1861, 2174, 1903, 1802, 1635, 1951,
5692:Core/Src/main.c **** 	    1914, 1811, 1987, 1852, 2026, 1958, 2122, 1722, 1694, 1896,
5693:Core/Src/main.c **** 	    1887, 1982, 1774, 2023, 1820, 2080, 2061, 1842, 1749, 1734,
5694:Core/Src/main.c **** 	    2045, 1799, 1942, 1883, 1919, 1995, 2013, 1953, 1629, 1864,
5695:Core/Src/main.c **** 	    1895, 1992, 1836, 1927, 1932, 1911, 2071, 1891, 1807, 1708,
5696:Core/Src/main.c **** 	    1963, 1925, 1869, 1971, 1870, 2032, 1899, 2036, 1711, 1774,
5697:Core/Src/main.c **** 	    1897, 1932, 1937, 1834, 1981, 1888, 2008, 1966, 1824, 1764,
5698:Core/Src/main.c **** 	    1825, 2008, 1859, 1938, 1889, 1976, 1933, 1959, 1860, 1730,
5699:Core/Src/main.c **** 	    1871, 1919, 1969, 1838, 1949, 1939, 1955, 2009, 1868, 1819,
5700:Core/Src/main.c **** 	    1747, 1951, 1895, 1910, 1918, 1922, 1973, 1936, 1958, 1757,
5701:Core/Src/main.c **** 	    1801, 1910, 1935, 1910, 1866, 1950, 1912, 1972, 1971, 1822,
5702:Core/Src/main.c **** 	    1805, 1853, 1965, 1873, 1928, 1918, 1923, 1944, 1946, 1875,
5703:Core/Src/main.c **** 	    1778, 1870, 1933, 1904, 1886, 787, 1795, 1792, 1971, 1935,
5704:Core/Src/main.c **** 	    2028, 2352, 2125, 2244, 2614, 901, 1728, 1652, 1732, 1842,
5705:Core/Src/main.c **** 	    2069, 2268, 2273, 2019, 2951, 1109, 1445, 1604, 1740, 1774,
5706:Core/Src/main.c **** 	    1975, 2073, 2246, 1755, 2850, 1522, 1417, 1693, 1851, 1700,
5707:Core/Src/main.c **** 	    2128, 1925, 2402, 1737, 2782, 1932, 1194, 1680, 1789, 1687,
5708:Core/Src/main.c **** 	    2041, 1828, 2328, 1694, 2426, 2223, 1290, 1633, 1861, 1660,
5709:Core/Src/main.c **** 	    2061, 1810, 2304, 1865, 2171, 2559, 1302, 1586, 1783, 1703,
5710:Core/Src/main.c **** 	    1970, 1795, 2171, 1929, 1902, 2571, 1528, 1535, 1799, 1763,
5711:Core/Src/main.c **** 	    1887, 1944, 2034, 2172, 1760, 2624, 1724, 1465, 1733, 1804,
5712:Core/Src/main.c **** 	    1785, 1979, 1904, 2218, 1691, 2476, 1971, 1476, 1684, 1896,
5713:Core/Src/main.c **** 	    1676, 2098, 1797, 2330, 1681, 2336, 2163, 1488, 1600, 1894,
5714:Core/Src/main.c **** 	    1670, 2051, 1790, 2255, 1753, 2119, 2293, 1612, 1525, 1939,
5715:Core/Src/main.c **** 	    1646, 2053, 1773, 2217, 1889, 1986, 2358, 1775, 1493, 1875,
5716:Core/Src/main.c **** 	    1745, 1967, 1834, 2044, 1972, 1837, 2290, 1942, 1467, 1821,
5717:Core/Src/main.c **** 	    1783, 1893, 1939, 1958, 2133, 1752, 2303, 2055, 1535, 1734,
5718:Core/Src/main.c **** 	    1844, 1784, 1998, 1841, 2167, 1705, 2212, 2129, 1618, 1681,
5719:Core/Src/main.c **** 	    1893, 1713, 2027, 1813, 2201, 1730, 2131, 2141, 1751, 1622,
5720:Core/Src/main.c **** 	    1957, 1693, 2007, 1776, 2162, 1773, 2020, 2147, 1894, 1522,
5721:Core/Src/main.c **** 	    1976, 1694, 1970, 1783, 2142, 1874, 1928, 2140, 2043, 1513,
5722:Core/Src/main.c **** 	    1976, 1734, 1926, 1806, 2026, 1981, 1864, 2097, 2152, 1500,
5723:Core/Src/main.c **** 	    1892, 1742, 1895, 1839, 1931, 2065, 1832, 2062, 2175, 1650,
5724:Core/Src/main.c **** 	    1777, 1830, 1841, 1894, 1893, 2045, 1870, 1985, 2186, 1769,
5725:Core/Src/main.c **** 	    1683, 1883, 1779, 1934, 1852, 2060, 1848, 1960, 2102, 1919,
5726:Core/Src/main.c **** 	    1595, 1950, 1753, 1948, 1855, 2026, 1909, 1916, 2092, 2012,
5727:Core/Src/main.c **** 	    1566, 1952, 1735, 1963, 1848, 2027, 1920, 1901, 2024, 2107,
5728:Core/Src/main.c **** 	    1586, 1908, 1766, 1920, 1837, 1984, 1934, 1919, 1969, 2152,
5729:Core/Src/main.c **** 	    1637, 1868, 1787, 1943, 1832, 2019, 1921, 1926, 1898, 2137,
5730:Core/Src/main.c **** 	    1737, 1773, 1859, 1877, 1877, 1960, 1939, 1956, 1862, 2151,
5731:Core/Src/main.c **** 	    1810, 1749, 1844, 1864, 1893, 1942, 1927, 1952, 1844, 2068,
ARM GAS  C:\Users\kaush\AppData\Local\Temp\ccalbX8O.s 			page 102


5732:Core/Src/main.c **** 	    1977, 1701, 1883, 1827, 1914, 1900, 1936, 1965, 1829, 2037,
5733:Core/Src/main.c **** 	    2013, 1721, 1850, 1860, 1918, 1860, 1990, 1923, 1879, 1931,
5734:Core/Src/main.c **** 	    2112, 1731, 1839, 1845, 1898, 1845, 1962, 2031, 1752, 1544,
5735:Core/Src/main.c **** 	    2211, 1968, 1700, 1603, 2271, 2075, 1740, 1659, 2084, 1997,
5736:Core/Src/main.c **** 	    1766, 1816, 2131, 1860, 1722, 1875, 2334, 1630, 1688, 1829,
5737:Core/Src/main.c **** 	    2355, 1767, 1618, 1991, 2109, 1737, 1885, 1984, 2124, 1507,
5738:Core/Src/main.c **** 	    1937, 2193, 2000, 1522, 1927, 2100, 2115, 1471, 1943, 2020,
5739:Core/Src/main.c **** 	    1937, 1698, 1957, 2061, 1755, 1666, 2187, 2110, 1723, 1559,
5740:Core/Src/main.c **** 	    2235, 2047, 1767, 1638, 2174, 1993, 1699, 1921, 2100, 1855,
5741:Core/Src/main.c **** 	    1598, 1983, 2207, 1692, 1657, 1963, 2223, 1882, 1646, 1976,
5742:Core/Src/main.c **** 	    2062, 1781, 1792, 1995, 2080, 1705, 1721, 2288, 1926, 1670,
5743:Core/Src/main.c **** 	    1708, 2211, 1989, 1528, 1885, 2146, 1891, 1730, 1949, 2194,
5744:Core/Src/main.c **** 	    1660, 1752, 2030, 2146, 1672, 1759, 2055, 2135, 1732, 1749,
5745:Core/Src/main.c **** 	    2044, 2057, 1676, 1823, 1991, 2065, 1624, 1938, 2162, 1902,
5746:Core/Src/main.c **** 	    1559, 1943, 2133, 1949, 1522, 2057, 2094, 1808, 1758, 2020,
5747:Core/Src/main.c **** 	    2052, 1703, 1741, 2200, 1868, 1800, 1756, 2142, 2019, 1676,
5748:Core/Src/main.c **** 	    1834, 2019, 1957, 1770, 1855, 2104, 1859, 1741, 1966, 2145,
5749:Core/Src/main.c **** 	    1785, 1698, 1969, 2098, 1763, 1692, 2074, 2032, 1746, 1851,
5750:Core/Src/main.c **** 	    2035, 1942, 1727, 1902, 2053, 1832, 1863, 1916, 1901, 1958,
5751:Core/Src/main.c **** 	    1875, 1899, 1866, 1898, 1993, 1792, 1935, 1878, 1931, 1954,
5752:Core/Src/main.c **** 	    1858, 1888, 1868, 1919, 1930, 1838, 1926, 1886, 1826, 1390,
5753:Core/Src/main.c **** 	    2195, 1810, 1856, 1865, 2015, 1946, 3097, 1642, 1216, 1872,
5754:Core/Src/main.c **** 	    1920, 1840, 1883, 2008, 2020, 2937, 1926, 1084, 1828, 1902,
5755:Core/Src/main.c **** 	    1718, 1827, 1837, 1940, 2500, 2163, 1146, 2035, 1936, 1726,
5756:Core/Src/main.c **** 	    2007, 1849, 1946, 2409, 2421, 1169, 1819, 1972, 1729, 1877,
5757:Core/Src/main.c **** 	    1784, 2034, 2181, 2380, 1064, 1971, 1967, 1740, 1999, 1807,
5758:Core/Src/main.c **** 	    2062, 2079, 2533, 1209, 1758, 1960, 1691, 1981, 1732, 2065,
5759:Core/Src/main.c **** 	    1917, 2629, 1292, 1691, 1979, 1724, 2009, 1723, 2198, 1876,
5760:Core/Src/main.c **** 	    2642, 1422, 1662, 2030, 1665, 1925, 1740, 2177, 1790, 2560,
5761:Core/Src/main.c **** 	    1558, 1630, 2001, 1671, 1988, 1628, 2250, 1741, 2625, 1666,
5762:Core/Src/main.c **** 	    1541, 2033, 1727, 1930, 1648, 2188, 1795, 2443, 1806, 1535,
5763:Core/Src/main.c **** 	    2047, 1645, 2042, 1632, 2168, 1700, 2468, 1952, 1535, 1989,
5764:Core/Src/main.c **** 	    1713, 1986, 1669, 2122, 1768, 2283, 2019, 1542, 2020, 1744,
5765:Core/Src/main.c **** 	    1976, 1675, 2160, 1783, 2217, 2003, 1584, 1940, 1747, 1973,
5766:Core/Src/main.c **** 	    1564, 2273, 1501, 2476, 1962, 1798, 1790, 1921, 2079, 1400,
5767:Core/Src/main.c **** 	    2275, 1598, 2429, 1870, 1835, 1800, 1897, 2010, 1658, 2087,
5768:Core/Src/main.c **** 	    1577, 2323, 1902, 1900, 1690, 1915, 1920, 1726, 2243, 1505,
5769:Core/Src/main.c **** 	    2244, 1894, 2015, 1548, 2026, 1830, 1710, 2129, 1842, 2151,
5770:Core/Src/main.c **** 	    1768, 2087, 1540, 1998, 1873, 1755, 2077, 1680, 2415, 1781,
5771:Core/Src/main.c **** 	    2092, 1459, 2097, 1746, 1840, 1995, 1748, 2153, 1926, 2261,
5772:Core/Src/main.c **** 	    1311, 2037, 1763, 1858, 1939, 1756, 2238, 1722, 2370, 1481,
5773:Core/Src/main.c **** 	    2029, 1657, 1954, 1903, 1811, 2162, 1782, 2299, 1461, 2248,
5774:Core/Src/main.c **** 	    1597, 1934, 1835, 1768, 2182, 1702, 2390, 1376, 2166, 1735,
5775:Core/Src/main.c **** 	    1939, 1797, 1742, 2192, 1688, 2406, 1440, 2138, 1640, 2161,
5776:Core/Src/main.c **** 	    1836, 1705, 2106, 1721, 2355, 1470, 2139, 1660, 1998, 1943,
5777:Core/Src/main.c **** 	    1796, 2083, 1584, 2397, 1470, 2165, 1594, 2085, 1793, 1905,
5778:Core/Src/main.c **** 	    2172, 1608, 2314, 1521, 2060, 1632, 2036, 1902, 1773, 2185,
5779:Core/Src/main.c **** 	    1758, 2260, 1467, 2115, 1615, 2078, 1790, 1911, 2050, 1752,
5780:Core/Src/main.c **** 	    2357, 1598, 2010, 1598, 2050, 1817, 1825, 2086, 1720, 2296,
5781:Core/Src/main.c **** 	    1702, 2033, 1532, 2080, 1813, 1856, 2008, 1873, 2156, 1784,
5782:Core/Src/main.c **** 	    1981, 1773, 1861, 1828, 1880, 1980, 1855, 2049, 1940, 1881,
5783:Core/Src/main.c **** 	    1790, 1961, 1808, 1850, 1922, 1899, 2065, 1867, 1928, 1747,
5784:Core/Src/main.c **** 	    1987, 1889, 1837, 1858, 1928, 2025, 1916, 1890, 1842, 1935,
5785:Core/Src/main.c **** 	    1849, 1968, 1886, 1832, 1962, 1943, 1923, 1759, 1960, 1828,
5786:Core/Src/main.c **** 	    1941, 1901, 1944, 1920, 1922, 1890, 1790, 1958, 1835, 1929,
5787:Core/Src/main.c **** 	    1871, 1990, 1989, 1878, 1900, 1788, 1974, 1784, 1950, 1861,
5788:Core/Src/main.c **** 	    1951, 1940, 2010, 1897, 1735, 1957, 1808, 1975, 1805, 1957,
ARM GAS  C:\Users\kaush\AppData\Local\Temp\ccalbX8O.s 			page 103


5789:Core/Src/main.c **** 	    1943, 2002, 1988, 1716, 1927, 1808, 1939, 1825, 1952, 1939,
5790:Core/Src/main.c **** 	    1957, 1993, 1811, 1944, 1737, 1971, 1819, 1964, 1895, 1974,
5791:Core/Src/main.c **** 	    1974, 1803, 1978, 1812, 1897, 1808, 1936, 1943, 1915, 2029,
5792:Core/Src/main.c **** 	    1754, 1978, 1818, 1993, 1765, 1916, 1925, 1918, 1976, 1847,
5793:Core/Src/main.c **** 	    1946, 1830, 1947, 1876, 1903, 1880, 1917, 2011, 1794, 1943,
5794:Core/Src/main.c **** 	    1847, 1982, 1807, 1963, 1896, 1881, 1967, 1846, 1887, 1840,
5795:Core/Src/main.c **** 	    1952, 1864, 1896, 1942, 1886, 1980, 1816, 1942, 1825, 1949,
5796:Core/Src/main.c **** 	    1869, 1920, 1933, 1889, 1982, 1848, 1897, 1875, 1914, 1845,
5797:Core/Src/main.c **** 	    1506, 2093, 1454, 2481, 1408, 2188, 2598, 2605, 1953, 1247,
5798:Core/Src/main.c **** 	    1835, 2308, 991, 2965, 1558, 3044, 2069, 803, 2308, 1291,
5799:Core/Src/main.c **** 	    2033, 2040, 1753, 3079, 1531, 1683, 1550, 1970, 1996, 1554,
5800:Core/Src/main.c **** 	    2618, 1992, 2614, 1185, 1569, 2253, 1242, 2267, 1903, 2107,
5801:Core/Src/main.c **** 	    2829, 644, 2306, 1554, 1971, 1963, 1722, 2662, 2148, 1428,
5802:Core/Src/main.c **** 	    1779, 1584, 2248, 1198, 2596, 1793, 2551, 1529, 1372, 2298,
5803:Core/Src/main.c **** 	    1486, 1884, 2299, 1680, 2994, 999, 2020, 1706, 1665, 1963,
5804:Core/Src/main.c **** 	    1843, 2263, 2295, 1570, 1854, 1576, 2192, 1301, 2509, 1887,
5805:Core/Src/main.c **** 	    2221, 2080, 1223, 2144, 1635, 1623, 2436, 1478, 2739, 1586,
5806:Core/Src/main.c **** 	    1669, 1932, 1581, 2086, 1793, 2109, 2286, 1882, 1774, 1503,
5807:Core/Src/main.c **** 	    2137, 1556, 2057, 2089, 1789, 2506, 1219, 1925, 1897, 1564,
5808:Core/Src/main.c **** 	    2274, 1660, 2398, 2144, 1408, 1998, 1546, 2122, 1681, 2083,
5809:Core/Src/main.c **** 	    2098, 2093, 1728, 1578, 2063, 1711, 1751, 2286, 1752, 2534,
5810:Core/Src/main.c **** 	    1437, 1739, 2043, 1567, 2064, 1850, 2049, 2356, 1400, 2056,
5811:Core/Src/main.c **** 	    1619, 2014, 1704, 2039, 2104, 2019, 1986, 1535, 1974, 1841,
5812:Core/Src/main.c **** 	    1556, 2387, 1644, 2388, 1776, 1587, 2060, 1655, 1935, 1988,
5813:Core/Src/main.c **** 	    1866, 2317, 1760, 1752, 1828, 1811, 1852, 1970, 2007, 2014,
5814:Core/Src/main.c **** 	    2063, 1570, 1836, 1967, 1655, 2139, 1859, 2055, 2161, 1478,
5815:Core/Src/main.c **** 	    1972, 1747, 1815, 1961, 1874, 2146, 1988, 1692, 1940, 1782,
5816:Core/Src/main.c **** 	    2023, 1741, 2086, 1884, 2180, 1696, 1718, 2057, 1700, 2042,
5817:Core/Src/main.c **** 	    1928, 1792, 2276, 1543, 1914, 1869, 1868, 1961, 1960, 2002,
5818:Core/Src/main.c **** 	    2030, 1715, 1845, 1800, 1963, 1816, 2044, 1955, 2082, 1784,
5819:Core/Src/main.c **** 	    1582, 2005, 1821, 1838, 2106, 1786, 2338, 1726, 1700, 1946,
5820:Core/Src/main.c **** 	    1763, 1964, 1862, 2011, 2088, 1895, 1793, 1726, 1960, 1825,
5821:Core/Src/main.c **** 	    1973, 1928, 1995, 2046, 1601, 2004, 1795, 1808, 2068, 1832,
5822:Core/Src/main.c **** 	    2108, 1903, 1641, 2018, 1829, 1893, 1876, 1992, 1987, 1966,
5823:Core/Src/main.c **** 	    1739, 1846, 1942, 1920, 1820, 2015, 1900, 2061, 1643, 1856,
5824:Core/Src/main.c **** 	    1972, 1825, 2053, 1863, 1932, 2050, 1661, 1967, 1789, 1971,
5825:Core/Src/main.c **** 	    1873, 2023, 1931, 1921, 1822, 1737, 1933, 1873, 1925, 2037,
5826:Core/Src/main.c **** 	    1929, 2038, 1706, 1848, 1878, 1852, 1905, 2018, 1937, 2099,
5827:Core/Src/main.c **** 	    1771, 1771, 1860, 1854, 1960, 1896, 1991, 1994, 1931, 1795,
5828:Core/Src/main.c **** 	    1787, 1944, 1743, 2082, 1810, 2140, 1837, 1786, 2003, 1754,
5829:Core/Src/main.c **** 	    1972, 1918, 1967, 1952, 1919, 1802, 1876, 1921, 1836, 1924,
5830:Core/Src/main.c **** 	    1912, 2052, 1890, 1779, 1822, 1956, 1866, 1879, 2013, 1892,
5831:Core/Src/main.c **** 	    2071, 1686, 1990, 1794, 1900, 1967, 1872, 1994, 1899, 1850,
5832:Core/Src/main.c **** 	    1844, 1883, 1963, 1841, 2018, 1856, 2001, 1766, 1906, 1867,
5833:Core/Src/main.c **** 	    1863, 1892, 2054, 1866, 1988, 1783, 1897, 1873, 1850, 1936,
5834:Core/Src/main.c **** 	    1919, 1967, 2037, 1795, 1897, 1789, 1970, 1802, 1975, 1909,
5835:Core/Src/main.c **** 	    2025, 1861, 1877, 1888, 1853, 1824, 1982, 1883, 2006, 1881,
5836:Core/Src/main.c **** 	    1896, 1869, 1874, 1914, 1883, 1896, 1960, 1870, 1925, 1850,
5837:Core/Src/main.c **** 	    1916, 1831, 1957, 1931, 1914, 1940, 1809, 1978, 1850, 1904,
5838:Core/Src/main.c **** 	    1917, 1892, 1924, 1953, 1866, 1862, 1858, 1953, 1876, 1907,
5839:Core/Src/main.c **** 	    1937, 1915, 1865, 1933, 1829, 1958, 1843, 2017, 1808, 1994,
5840:Core/Src/main.c **** 	    1834, 1889, 1889, 1878, 1945, 1900, 1911, 1956, 1823, 1921,
5841:Core/Src/main.c **** 	    1831, 1977, 1836, 1946, 1941, 1927, 1827, 1928, 1856, 1921,
5842:Core/Src/main.c **** 	    1856, 1959, 1892, 1934, 1949, 1812, 1902, 1878, 1913, 1923,
5843:Core/Src/main.c **** 	    1876, 1988, 1824, 1988, 1825, 1880, 1906, 1855, 1984, 1868,
5844:Core/Src/main.c **** 	    1923, 1921, 1867, 1911, 1876, 1950, 1879, 1859, 1970, 1859,
5845:Core/Src/main.c **** 	    1914, 1921, 1894, 1909, 1903, 1935, 1846, 1898, 1893, 1877,
ARM GAS  C:\Users\kaush\AppData\Local\Temp\ccalbX8O.s 			page 104


5846:Core/Src/main.c **** 	    1983, 1853, 1925, 1893, 1895, 1917, 1842, 1911, 1924, 1935,
5847:Core/Src/main.c **** 	    1905, 1871, 1930, 1866, 1887, 1906, 1919, 1871, 1918, 1925,
5848:Core/Src/main.c **** 	    1865, 1890, 1893, 1886, 1940, 1911, 1892, 1917, 1888, 1908,
5849:Core/Src/main.c **** 	    1874, 1884, 1946, 1906, 1919, 1895, 1905, 1883, 1858, 1878,
5850:Core/Src/main.c **** 	    1918, 1910, 1911, 1926, 1881, 1913, 1913, 1831, 1907, 1925,
5851:Core/Src/main.c **** 	    1892, 1925, 1908, 1904, 1903, 1873, 1914, 1874, 1903, 1896,
5852:Core/Src/main.c **** 	    1925, 1898, 1903, 1887, 1923, 1899, 1897, 1901, 1897, 1873,
5853:Core/Src/main.c **** 	    1923, 1862, 1922, 1932, 1893, 1893, 1937, 1856, 1915, 1864,
5854:Core/Src/main.c **** 	    1917, 1900, 1918, 1933, 1899, 1902, 1875, 1893, 1877, 1924,
5855:Core/Src/main.c **** 	    1896, 1903, 1926, 1847, 1958, 1857, 1886, 1937, 1881, 1927,
5856:Core/Src/main.c **** 	    1919, 1902, 1876, 1912, 1865, 1928, 1877, 1913, 1889, 1915,
5857:Core/Src/main.c **** 	    1918, 1869, 1896, 1904, 1908, 1886, 1932, 1914, 1907, 1920,
5858:Core/Src/main.c **** 	    1837, 1943, 1870, 1872, 1920, 1919, 1905, 1917, 1897, 1876,
5859:Core/Src/main.c **** 	    1895, 1877, 1911, 1903, 1694, 1966, 1868, 1910, 1926, 1841,
5860:Core/Src/main.c **** 	    2045, 2007, 1760, 2046, 1730, 2005, 1806, 1955, 1987, 1972,
5861:Core/Src/main.c **** 	    1889, 1767, 1937, 1905, 1802, 1983, 1813, 2112, 1786, 1856,
5862:Core/Src/main.c **** 	    1972, 1796, 1977, 1841, 1985, 2006, 1751, 1943, 1807, 1946,
5863:Core/Src/main.c **** 	    1862, 1892, 1989, 1920, 1995, 1700, 1916, 1925, 1808, 1998,
5864:Core/Src/main.c **** 	    1848, 2046, 1923, 1748, 2001, 1759, 1953, 1850, 1897, 2049,
5865:Core/Src/main.c **** 	    1848, 1911, 1875, 1886, 1945, 1822, 1971, 1850, 2037, 1771,
5866:Core/Src/main.c **** 	    1871, 1965, 1800, 1968, 1876, 1951, 1976, 1741, 1993, 1815,
5867:Core/Src/main.c **** 	    1947, 1890, 1897, 2007, 1909, 1889, 1829, 1856, 1932, 1819,
5868:Core/Src/main.c **** 	    2015, 1829, 2036, 1838, 1833, 1992, 1801, 1907, 1929, 1895,
5869:Core/Src/main.c **** 	    2047, 1781, 1943, 1871, 1879, 1934, 1851, 1936, 1919, 1875,
5870:Core/Src/main.c **** 	    1893, 1858, 1976, 1815, 1970, 1894, 1959, 1905, 1772, 1976,
5871:Core/Src/main.c **** 	    1863, 1885, 1940, 1883, 2006, 1849, 1880, 1871, 1878, 1935,
5872:Core/Src/main.c **** 	    1875, 1937, 1938, 1920, 1865, 1862, 1948, 1829, 1914, 1930,
5873:Core/Src/main.c **** 	    1902, 1961, 1773, 1966, 1887, 1873, 1957, 1869, 1952, 1909,
5874:Core/Src/main.c **** 	    1854, 1913, 1833, 1962, 1848, 1965, 1926, 1921, 1860, 1854,
5875:Core/Src/main.c **** 	    1922, 1876, 1869, 1969, 1886, 1980, 1857, 1893, 1882, 1871,
5876:Core/Src/main.c **** 	    1909, 1918, 1891, 1957, 1873, 1884, 1872, 1941, 1856, 1916,
5877:Core/Src/main.c **** 	    1911, 1936, 1888, 1868, 1904, 1906, 1880, 1973, 1859, 1945,
5878:Core/Src/main.c **** 	    1874, 1865, 1913, 1880, 1916, 1905, 1925, 1931, 1895, 1852,
5879:Core/Src/main.c **** 	    1876, 1927, 1879, 1896, 1952, 1905, 1921, 1866, 1887, 1899,
5880:Core/Src/main.c **** 	    1873, 1933, 1915, 1885, 1962, 1831, 1905, 1886, 1910, 1893,
5881:Core/Src/main.c **** 	    1925, 1907, 1919, 1873, 1887, 1896, 1911, 1876, 1960, 1877,
5882:Core/Src/main.c **** 	    1933, 1873, 1885, 1890, 1902, 1887, 1927, 1891, 1972, 1862,
5883:Core/Src/main.c **** 	    1874, 1906, 1907, 1867, 1927, 1904, 1929, 1904, 1894, 1884,
5884:Core/Src/main.c **** 	    1905, 1863, 1926, 1899, 1913, 1917, 1862, 1909, 1915, 1867,
5885:Core/Src/main.c **** 	    1933, 1892, 1927, 1916, 1851, 1926, 1894, 1872, 1922, 1911,
5886:Core/Src/main.c **** 	    1889, 1915, 1884, 1876, 1917, 1897, 1900, 1926, 1893, 1937,
5887:Core/Src/main.c **** 	    1862, 1903, 1924, 1865, 1916, 1913, 1887, 1947, 1850, 1908,
5888:Core/Src/main.c **** 	    1902, 1882, 1906, 1909, 1884, 1933, 1896, 1882, 1906, 1922,
5889:Core/Src/main.c **** 	    1876, 1921, 1879, 1925, 1891, 1879, 1921, 1888, 1898, 1943,
5890:Core/Src/main.c **** 	    1851, 1935, 1884, 1883, 1928, 1887, 1899, 1902, 1885, 1927,
5891:Core/Src/main.c **** 	    1904, 1856, 1907, 1933, 1868, 1922, 1895, 1923, 1901, 1864,
5892:Core/Src/main.c **** 	    1931, 1897, 1864, 1931, 1887, 1934, 1900, 1861, 1919, 1904,
5893:Core/Src/main.c **** 	    1882, 1905, 1907, 1904, 1911, 1889, 1913, 1914, 1862, 1926,
5894:Core/Src/main.c **** 	    1910, 1889, 1918, 1877, 1916, 1908, 1874, 1932, 1879, 1884,
5895:Core/Src/main.c **** 	    1933, 1871, 1901, 1900, 1898, 1920, 1894, 1893, 1923, 1888,
5896:Core/Src/main.c **** 	    1896, 1908, 1884, 1922, 1887, 1877, 1943, 1879, 1899, 1897,
5897:Core/Src/main.c **** 	    1906, 1913, 1887, 1886, 1935, 1882, 1881, 1920, 1904, 1908,
5898:Core/Src/main.c **** 	    1901, 1893, 1917, 1879, 1895, 1906, 1894, 1906, 1909, 1884,
5899:Core/Src/main.c **** 	    1930, 1881, 1883, 1916, 1884, 1908, 1896, 1908, 1925, 1877,
5900:Core/Src/main.c **** 	    1896, 1920, 1891, 1884, 1916, 1895, 1916, 1895, 1897, 1911,
5901:Core/Src/main.c **** 	    1881, 1907, 1914, 1879, 1925, 1891, 1893, 1909, 1896, 1897,
5902:Core/Src/main.c **** 	    1912, 1886, 1916, 1885, 1893, 1908, 1884, 1899, 1930, 1890,
ARM GAS  C:\Users\kaush\AppData\Local\Temp\ccalbX8O.s 			page 105


5903:Core/Src/main.c **** 	    1894, 1913, 1898, 1890, 1895, 1905, 1920, 1877, 1920, 1903,
5904:Core/Src/main.c **** 	    1885, 1906, 1887, 1911, 1897, 1900, 1900, 1911, 1897, 1902,
5905:Core/Src/main.c **** 	    1893, 1908, 1927, 1880, 1895, 1922, 1889, 1884, 1899, 1909,
5906:Core/Src/main.c **** 	    1901, 1900, 1900, 1914, 1876, 1909, 1897, 1894, 1914, 1902,
5907:Core/Src/main.c **** 	    1896, 1907, 1903, 1900, 1888, 1905, 1911, 1907, 1887, 1911,
5908:Core/Src/main.c **** 	    1895, 1888, 1902, 1906, 1884, 1917, 1906, 1903, 1859, 1906,
5909:Core/Src/main.c **** 	    1896, 1891, 1914, 1916, 1907, 1916, 1920, 1851, 1897, 1901,
5910:Core/Src/main.c **** 	    1890, 1924, 1898, 1922, 1906, 1908, 1843, 1902, 1878, 1919,
5911:Core/Src/main.c **** 	    1918, 1888, 1931, 1888, 1929, 1853, 1894, 1924, 1885, 1918,
5912:Core/Src/main.c **** 	    1904, 1918, 1877, 1949, 1845, 1899, 1912, 1884, 1917, 1884,
5913:Core/Src/main.c **** 	    1910, 1900, 1919, 1882, 1905, 1893, 1907, 1918, 1874, 1920,
5914:Core/Src/main.c **** 	    1886, 1944, 1881, 1877, 1918, 1889, 1894, 1906, 1903, 1885,
5915:Core/Src/main.c **** 	    1953, 1861, 1892, 1909, 1888, 1919, 1886, 1920, 1904, 1912,
5916:Core/Src/main.c **** 	    1896, 1884, 1893, 1902, 1908, 1893, 1919, 1888, 1922, 1898,
5917:Core/Src/main.c **** 	    1868, 1914, 1891, 1885, 1925, 1896, 1901, 1930, 1883, 1896,
5918:Core/Src/main.c **** 	    1895, 1896, 1912, 1892, 1915, 1899, 1905, 1899, 1889, 1883,
5919:Core/Src/main.c **** 	    1917, 1891, 1898, 1920, 1886, 1918, 1902, 1872, 1928, 1893,
5920:Core/Src/main.c **** 	    1879, 1921, 1899, 1905, 1908, 1891, 1910, 1888, 1908, 1901,
5921:Core/Src/main.c **** 	    1896, 1900, 1909, 1897, 1915, 1903, 1873, 1919, 975, 1460,
5922:Core/Src/main.c **** 	    2183, 1397, 2717, 1947, 2480, 2935, 455, 2394, 902, 2283,
5923:Core/Src/main.c **** 	    2120, 1740, 2822, 2061, 1639, 1313, 1360, 2301, 1462, 2511,
5924:Core/Src/main.c **** 	    1761, 2762, 1543, 1142, 2196, 1428, 2341, 2044, 1912, 3037,
5925:Core/Src/main.c **** 	    1080, 1939, 1366, 1803, 2255, 1594, 2439, 2196, 1927, 1518,
5926:Core/Src/main.c **** 	    1407, 2212, 1616, 2308, 1937, 2354, 2201, 1003, 2112, 1459,
5927:Core/Src/main.c **** 	    2041, 2104, 1664, 2695, 1668, 1612, 1759, 1508, 2418, 1524,
5928:Core/Src/main.c **** 	    2373, 2076, 2145, 1545, 1449, 1977, 1803, 2010, 2111, 1916,
5929:Core/Src/main.c **** 	    2562, 1041, 2064, 1544, 1984, 2104, 1818, 2349, 2154, 1426,
5930:Core/Src/main.c **** 	    1888, 1325, 2382, 1568, 2293, 1982, 2195, 1712, 1445, 1921,
5931:Core/Src/main.c **** 	    1907, 1807, 2296, 1713, 2695, 1281, 1843, 1672, 1814, 2089,
5932:Core/Src/main.c **** 	    1793, 2148, 2240, 1548, 1854, 1417, 2249, 1696, 2075, 2064,
5933:Core/Src/main.c **** 	    2113, 2017, 1387, 1856, 1897, 1753, 2230, 1695, 2485, 1710,
5934:Core/Src/main.c **** 	    1571, 1917, 1621, 2179, 1759, 2087, 2223, 1789, 1799, 1548,
5935:Core/Src/main.c **** 	    2001, 1864, 1846, 2200, 1877, 2242, 1384, 1857, 1876, 1783,
5936:Core/Src/main.c **** 	    2101, 1881, 2158, 2117, 1402, 2039, 1518, 2173, 1714, 2090,
5937:Core/Src/main.c **** 	    2112, 1944, 1773, 1638, 1807, 2042, 1693, 2262, 1833, 2281,
5938:Core/Src/main.c **** 	    1576, 1763, 1818, 1908, 1851, 2098, 1890, 2274, 1541, 1869,
5939:Core/Src/main.c **** 	    1698, 2000, 1837, 2038, 1999, 2141, 1729, 1722, 1742, 2042,
5940:Core/Src/main.c **** 	    1720, 2157, 1859, 2199, 1782, 1648, 1875, 1906, 1854, 2054,
5941:Core/Src/main.c **** 	    1902, 2242, 1749, 1716, 1788, 1906, 1896, 1915, 2019, 2086,
5942:Core/Src/main.c **** 	    1910, 1671, 1760, 1993, 1803, 1977, 1997, 2045, 2051, 1550,
5943:Core/Src/main.c **** 	    1900, 1834, 1885, 1951, 1918, 2116, 1967, 1667, 1873, 1791,
5944:Core/Src/main.c **** 	    2004, 1778, 2091, 1953, 2089, 1696, 1771, 1913, 1856, 1851,
5945:Core/Src/main.c **** 	    2067, 1889, 2183, 1579, 1908, 1830, 1881, 1903, 1962, 2024,
5946:Core/Src/main.c **** 	    2092, 1678, 1879, 1751, 2006, 1741, 2059, 1943, 2084, 1774,
5947:Core/Src/main.c **** 	    1730, 1904, 1884, 1800, 2087, 1856, 2194, 1719, 1812, 1874,
5948:Core/Src/main.c **** 	    1854, 1889, 1945, 1946, 2097, 1787, 1817, 1819, 1980, 1795,
5949:Core/Src/main.c **** 	    2001, 1954, 2035, 1941, 1663, 1938, 1909, 1795, 2046, 1851,
5950:Core/Src/main.c **** 	    2075, 1891, 1704, 1945, 1833, 1930, 1905, 1942, 2032, 1907,
5951:Core/Src/main.c **** 	    1781, 1825, 1952, 1884, 1879, 2020, 1879, 2040, 1698, 1861,
5952:Core/Src/main.c **** 	    1977, 1799, 1976, 1937, 1915, 2054, 1669, 1952, 1858, 1906,
5953:Core/Src/main.c **** 	    883, 2130, 1318, 2232, 2276, 1484, 2179, 1722, 2576, 2485,
5954:Core/Src/main.c **** 	    2149, 830, 1999, 1506, 2192, 2352, 1072, 2554, 1552, 2690,
5955:Core/Src/main.c **** 	    2261, 1849, 1572, 1427, 1888, 1768, 2409, 1087, 2288, 1805,
5956:Core/Src/main.c **** 	    2431, 2506, 1259, 1892, 1363, 2179, 1871, 2191, 1450, 2204,
5957:Core/Src/main.c **** 	    2030, 2176, 2604, 1074, 2056, 1290, 2186, 2022, 1688, 1793,
5958:Core/Src/main.c **** 	    1800, 2360, 1898, 2511, 1119, 2019, 1571, 1891, 2439, 1303,
5959:Core/Src/main.c **** 	    2202, 1632, 2448, 2162, 2050, 1449, 1727, 1837, 1723, 2342,
ARM GAS  C:\Users\kaush\AppData\Local\Temp\ccalbX8O.s 			page 106


5960:Core/Src/main.c **** 	    1247, 2242, 1721, 2232, 2340, 1679, 1745, 1514, 2047, 1764,
5961:Core/Src/main.c **** 	    2288, 1353, 2177, 1914, 2047, 2478, 1431, 2031, 1448, 1989,
5962:Core/Src/main.c **** 	    1984, 1926, 1675, 1845, 2200, 1971, 2443, 1353, 1949, 1655,
5963:Core/Src/main.c **** 	    1848, 2154, 1607, 1929, 1845, 2120, 2145, 2155, 1564, 1822,
5964:Core/Src/main.c **** 	    1730, 1877, 2201, 1518, 1988, 1880, 2085, 2147, 1961, 1684,
5965:Core/Src/main.c **** 	    1793, 1803, 1857, 2190, 1559, 1965, 1930, 2047, 2266, 1748,
5966:Core/Src/main.c **** 	    1720, 1806, 1778, 1976, 1948, 1693, 1973, 1934, 2068, 2209,
5967:Core/Src/main.c **** 	    1786, 1692, 1806, 1839, 2011, 1963, 1612, 2100, 1901, 2164,
5968:Core/Src/main.c **** 	    2058, 1705, 1808, 1760, 1906, 2002, 1878, 1636, 1998, 1962,
5969:Core/Src/main.c **** 	    2187, 2023, 1594, 1897, 1738, 1973, 1931, 1859, 1768, 2043,
5970:Core/Src/main.c **** 	    1965, 2140, 2056, 1538, 1918, 1688, 2059, 1955, 1700, 1875,
5971:Core/Src/main.c **** 	    1932, 2116, 1980, 2047, 1571, 1980, 1725, 1996, 2027, 1595,
5972:Core/Src/main.c **** 	    2050, 1818, 2226, 1994, 1897, 1668, 1851, 1851, 1871, 2034,
5973:Core/Src/main.c **** 	    1570, 2100, 1806, 2166, 2085, 1766, 1827, 1735, 2009, 1835,
5974:Core/Src/main.c **** 	    2000, 1573, 2121, 1889, 2105, 2112, 1657, 1978, 1650, 2008,
5975:Core/Src/main.c **** 	    1872, 1883, 1707, 1939, 2052, 1976, 2146, 1570, 2035, 1712,
5976:Core/Src/main.c **** 	    1937, 1972, 1743, 1933, 1823, 2097, 1984, 2091, 1677, 1890,
5977:Core/Src/main.c **** 	    1828, 1870, 2023, 1649, 2001, 1851, 2047, 2018, 1912, 1803,
5978:Core/Src/main.c **** 	    1798, 1873, 1854, 2049, 1673, 1998, 1881, 2055, 2062, 1826,
5979:Core/Src/main.c **** 	    1879, 1806, 1883, 1840, 1940, 1768, 1946, 1947, 1946, 2135,
5980:Core/Src/main.c **** 	    1731, 1917, 1807, 1910, 1912, 1855, 1817, 1959, 1962, 1965,
5981:Core/Src/main.c **** 	    2019, 1818, 1855, 1832, 1843, 1971, 1852, 1836, 1950, 1975,
5982:Core/Src/main.c **** 	    1978, 1980, 1764, 1916, 1825, 1881, 1958, 1866, 1887, 1918,
5983:Core/Src/main.c **** 	    1954, 2005, 1960, 1776, 1885, 1859, 1871, 1935, 1787, 1919,
5984:Core/Src/main.c **** 	    1940, 1949, 2436, 1826, 1270, 1801, 2311, 1787, 1473, 2059,
5985:Core/Src/main.c **** 	    2145, 1779, 1606, 2168, 2360, 1407, 1717, 2210, 1975, 1637,
5986:Core/Src/main.c **** 	    1478, 2442, 1962, 1667, 1966, 2249, 1884, 1376, 1946, 2265,
5987:Core/Src/main.c **** 	    1837, 1528, 2014, 2437, 1663, 1654, 2007, 2137, 1698, 1607,
5988:Core/Src/main.c **** 	    2165, 2207, 1421, 1813, 2140, 2197, 1643, 1692, 2285, 1862,
5989:Core/Src/main.c **** 	    1610, 1791, 2160, 1944, 1544, 2161, 2117, 2008, 1486, 1954,
5990:Core/Src/main.c **** 	    2179, 1643, 1793, 1963, 2145, 1819, 1712, 2138, 1994, 1653,
5991:Core/Src/main.c **** 	    1773, 2072, 2022, 1685, 1852, 2082, 1906, 1781, 1941, 2160,
5992:Core/Src/main.c **** 	    1811, 1708, 2015, 1882, 1907, 1610, 2110, 2074, 1755, 1928,
5993:Core/Src/main.c **** 	    1947, 1972, 1708, 1787, 2136, 1874, 1838, 1861, 2173, 1830,
5994:Core/Src/main.c **** 	    1728, 1887, 2021, 1911, 1746, 1968, 2125, 1650, 1876, 1946,
5995:Core/Src/main.c **** 	    2054, 1807, 1768, 2084, 1978, 1681, 1855, 1947, 2016, 1740,
5996:Core/Src/main.c **** 	    2004, 2006, 1931, 1694, 1881, 2033, 1820, 1835, 2011, 1963,
5997:Core/Src/main.c **** 	    1969, 1703, 2017, 1924, 1752, 1908, 1978, 1972, 1799, 1852,
5998:Core/Src/main.c **** 	    2025, 1861, 1834, 1898, 2069, 1827, 1839, 1959, 1914, 1858,
5999:Core/Src/main.c **** 	    1735, 2026, 2032, 1791, 1911, 1934, 1910, 1817, 1815, 2024,
6000:Core/Src/main.c **** 	    1918, 1859, 1926, 1942, 1913, 1846, 1851, 1919, 1937, 1914,
6001:Core/Src/main.c **** 	    1878, 1967, 1827, 1936, 1847, 1940, 1955, 1830, 1914, 1921,
6002:Core/Src/main.c **** 	    1874, 1897, 1818, 1957, 1899, 1936, 1907, 1990, 1837, 1870,
6003:Core/Src/main.c **** 	    1863, 1939, 1897, 1892, 1885, 1975, 1858, 1871, 1899, 1875,
6004:Core/Src/main.c **** 	    1921, 1890, 1899, 1981, 1808, 1911, 1849, 1960, 1901, 1926,
6005:Core/Src/main.c **** 	    1906, 1925, 1901, 1853, 1917, 1887, 1871, 1941, 1894, 1956,
6006:Core/Src/main.c **** 	    1844, 1878, 1896, 1895, 1902, 1933, 1908, 1913, 1879, 1893,
6007:Core/Src/main.c **** 	    1902, 1860, 1905, 1922, 1934, 1917, 1920, 1861, 1883, 1888,
6008:Core/Src/main.c **** 	    1901, 1949, 1876, 1887, 1943, 1873, 1924, 1837, 1924, 1909,
6009:Core/Src/main.c **** 	    1901, 1907, 1929, 1871, 1872, 1897, 1959, 1906, 1900, 1870,
6010:Core/Src/main.c **** 	    1968, 1872, 1879, 1888, 1910, 1894, 1917, 1904, 1950, 1837,
6011:Core/Src/main.c **** 	    1887, 1896, 1938, 1883, 1906, 1894, 1947, 1858, 1925, 1885,
6012:Core/Src/main.c **** 	    1910, 1857, 1937, 1905, 1918, 1865, 1892, 1900, 1901, 1889,
6013:Core/Src/main.c **** 	    1947, 1878, 1905, 1883, 1941, 1884, 1888, 1886, 1922, 1881,
6014:Core/Src/main.c **** 	    1931, 1901, 1892, 1874, 1904, 1934, 1915, 1880, 1879, 1924,
6015:Core/Src/main.c **** 	    1904, 1868, 1900, 1748, 1762, 1201, 1852, 2173, 2352, 1599,
6016:Core/Src/main.c **** 	    2229, 2399, 2024, 2917, 900, 1694, 1254, 1747, 2349, 2084,
ARM GAS  C:\Users\kaush\AppData\Local\Temp\ccalbX8O.s 			page 107


6017:Core/Src/main.c **** 	    1898, 2230, 2218, 2192, 2463, 1109, 1692, 1331, 1763, 2196,
6018:Core/Src/main.c **** 	    1862, 1926, 2028, 2087, 2192, 2338, 1109, 1778, 1378, 2048,
6019:Core/Src/main.c **** 	    2245, 1849, 2107, 2020, 2248, 2033, 2270, 1146, 1860, 1408,
6020:Core/Src/main.c **** 	    1954, 2340, 1537, 2311, 1666, 2386, 1966, 2066, 1246, 1761,
6021:Core/Src/main.c **** 	    1648, 1854, 2523, 1375, 2518, 1594, 2412, 2086, 1718, 1598,
6022:Core/Src/main.c **** 	    1442, 1985, 1641, 2513, 1294, 2538, 1711, 2181, 2309, 1308,
6023:Core/Src/main.c **** 	    2004, 1198, 2241, 1680, 2399, 1587, 2191, 2039, 1874, 2559,
6024:Core/Src/main.c **** 	    1016, 2183, 1189, 2203, 1924, 1914, 2000, 1803, 2359, 1699,
6025:Core/Src/main.c **** 	    2501, 1109, 2040, 1491, 1953, 2273, 1555, 2338, 1564, 2438,
6026:Core/Src/main.c **** 	    1719, 2293, 1393, 1747, 1770, 1749, 2488, 1372, 2369, 1601,
6027:Core/Src/main.c **** 	    2300, 1962, 1825, 1756, 1478, 2098, 1656, 2513, 1469, 2218,
6028:Core/Src/main.c **** 	    1818, 2088, 2218, 1531, 1920, 1418, 2098, 1755, 2230, 1693,
6029:Core/Src/main.c **** 	    2008, 2008, 1874, 2353, 1408, 1971, 1461, 2053, 1954, 2019,
6030:Core/Src/main.c **** 	    1852, 1925, 2107, 1855, 2255, 1445, 1917, 1602, 1950, 2161,
6031:Core/Src/main.c **** 	    1825, 1970, 1866, 2037, 1947, 2024, 1633, 1797, 1770, 1888,
6032:Core/Src/main.c **** 	    2168, 1844, 1925, 1940, 1955, 2063, 1902, 1624, 1787, 1763,
6033:Core/Src/main.c **** 	    1934, 2119, 1829, 1950, 1920, 1978, 2035, 1873, 1642, 1801,
6034:Core/Src/main.c **** 	    1821, 1975, 2124, 1779, 2042, 1873, 2034, 2003, 1807, 1712,
6035:Core/Src/main.c **** 	    1745, 1868, 1929, 2092, 1734, 2020, 1878, 2029, 2044, 1678,
6036:Core/Src/main.c **** 	    1845, 1693, 1969, 1917, 2037, 1841, 1977, 1943, 1959, 2105,
6037:Core/Src/main.c **** 	    1606, 1882, 1705, 1959, 1980, 1891, 1913, 1905, 2016, 1875,
6038:Core/Src/main.c **** 	    2080, 1635, 1869, 1755, 1947, 2076, 1785, 2038, 1834, 2075,
6039:Core/Src/main.c **** 	    1879, 1977, 1731, 1818, 1867, 1864, 2168, 1682, 2031, 1834,
6040:Core/Src/main.c **** 	    1993, 2019, 1793, 1856, 1719, 1959, 1839, 2117, 1767, 1955,
6041:Core/Src/main.c **** 	    1939, 1922, 2117, 1700, 1896, 1723, 1948, 1895, 1993, 1832,
6042:Core/Src/main.c **** 	    1876, 1976, 1863, 2113, 1720, 1912, 1798, 1921, 1991, 1902,
6043:Core/Src/main.c **** 	    1927, 1832, 2019, 1866, 2060, 1732, 1859, 1859, 1846, 2031,
6044:Core/Src/main.c **** 	    1825, 1956, 1856, 1964, 1928, 1939, 1798, 1793, 1952, 1842,
6045:Core/Src/main.c **** 	    2080, 1784, 1996, 1899, 1941, 1955, 1861, 1864, 1794, 1922,
6046:Core/Src/main.c **** 	    1883, 2031, 1808, 1925, 1939, 1768, 2430, 1435, 2206, 1552,
6047:Core/Src/main.c **** 	    1832, 2346, 1501, 2217, 1711, 2084, 2019, 1569, 2335, 1470,
6048:Core/Src/main.c **** 	    2006, 1918, 1716, 2317, 1382, 2300, 1842, 1796, 2241, 1354,
6049:Core/Src/main.c **** 	    2314, 1582, 1946, 2153, 1585, 2280, 1527, 2206, 1968, 1676,
6050:Core/Src/main.c **** 	    2093, 1543, 2216, 1717, 1833, 2207, 1513, 2270, 1651, 2066,
6051:Core/Src/main.c **** 	    2021, 1428, 2300, 1549, 2125, 1885, 1689, 2298, 1508, 2296,
6052:Core/Src/main.c **** 	    1780, 1888, 1989, 1508, 2269, 1633, 2016, 1901, 1743, 2273,
6053:Core/Src/main.c **** 	    1582, 2152, 1858, 1700, 2084, 1567, 2251, 1759, 1762, 2154,
6054:Core/Src/main.c **** 	    1643, 2266, 1637, 2011, 1974, 1593, 2226, 1576, 2178, 1714,
6055:Core/Src/main.c **** 	    1813, 2189, 1616, 2240, 1610, 1969, 1954, 1652, 2220, 1663,
6056:Core/Src/main.c **** 	    2028, 1895, 1809, 2182, 1657, 1984, 1848, 1826, 2067, 1641,
6057:Core/Src/main.c **** 	    2162, 1738, 1901, 2064, 1693, 2203, 1548, 2042, 1904, 1725,
6058:Core/Src/main.c **** 	    2156, 1558, 2194, 1766, 1897, 2088, 1645, 2131, 1660, 1999,
6059:Core/Src/main.c **** 	    1945, 1756, 2070, 1738, 2060, 1863, 1814, 2075, 1654, 2027,
6060:Core/Src/main.c **** 	    1835, 1860, 2079, 1632, 2154, 1794, 1920, 1995, 1688, 2126,
6061:Core/Src/main.c **** 	    1656, 2037, 1897, 1812, 2041, 1684, 2146, 1771, 1916, 1913,
6062:Core/Src/main.c **** 	    1753, 2003, 2014, 1645, 2321, 1503, 2042, 1897, 1943, 1982,
6063:Core/Src/main.c **** 	    1614, 2224, 1570, 2135, 1711, 2059, 1796, 1888, 2028, 1755,
6064:Core/Src/main.c **** 	    2109, 1590, 2169, 1620, 2094, 1806, 1969, 1925, 1818, 2118,
6065:Core/Src/main.c **** 	    1673, 2168, 1592, 2157, 1704, 1957, 1950, 1776, 2107, 1642,
6066:Core/Src/main.c **** 	    2196, 1655, 2092, 1705, 1983, 1862, 1805, 2081, 1689, 2160,
6067:Core/Src/main.c **** 	    1656, 2132, 1752, 1994, 1855, 1868, 2012, 1708, 2178, 1614,
6068:Core/Src/main.c **** 	    2189, 1689, 2058, 1859, 1824, 2018, 1684, 2124, 1645, 2172,
6069:Core/Src/main.c **** 	    1655, 2072, 1837, 1884, 2055, 1693, 2142, 1623, 2131, 1689,
6070:Core/Src/main.c **** 	    2067, 1808, 1918, 2006, 1758, 2132, 1620, 2157, 1661, 2051,
6071:Core/Src/main.c **** 	    1820, 1909, 1959, 1735, 2111, 1673, 2179, 1619, 2133, 1748,
6072:Core/Src/main.c **** 	    1927, 1967, 1770, 2111, 1645, 2136, 1712, 2082, 1778, 1963,
6073:Core/Src/main.c **** 	    1928, 1766, 2122, 1648, 2151, 1638, 2095, 1807, 1955, 1925,
ARM GAS  C:\Users\kaush\AppData\Local\Temp\ccalbX8O.s 			page 108


6074:Core/Src/main.c **** 	    1803, 2061, 1689, 2169, 1648, 2098, 1714, 1969, 1936, 1784,
6075:Core/Src/main.c **** 	    2065, 1685, 2138, 1684, 2126, 1728, 1989, 1880, 1813, 2097,
6076:Core/Src/main.c **** 	    1668, 2143, 1666, 2098, 1797, 1984, 1891, 1815, 1998, 1746,
6077:Core/Src/main.c **** 	    2115, 1731, 2014, 1814, 1926, 1916, 1883, 1900, 1901, 1900,
6078:Core/Src/main.c **** 	    1901, 1901, 1901, 1901, 1901, 1901, 1901, 1901, 1901, 1901
6079:Core/Src/main.c **** 	};
6080:Core/Src/main.c **** 
6081:Core/Src/main.c **** /* USER CODE END PD */
6082:Core/Src/main.c **** 
6083:Core/Src/main.c **** /* Private macro -------------------------------------------------------------*/
6084:Core/Src/main.c **** /* USER CODE BEGIN PM */
6085:Core/Src/main.c **** 
6086:Core/Src/main.c **** /* USER CODE END PM */
6087:Core/Src/main.c **** 
6088:Core/Src/main.c **** /* Private variables ---------------------------------------------------------*/
6089:Core/Src/main.c **** TIM_HandleTypeDef htim2;
6090:Core/Src/main.c **** TIM_HandleTypeDef htim3;
6091:Core/Src/main.c **** DMA_HandleTypeDef hdma_tim2_ch1;
6092:Core/Src/main.c **** 
6093:Core/Src/main.c **** /* USER CODE BEGIN PV */
6094:Core/Src/main.c **** // TODO: Add code for global variables, including LUTs
6095:Core/Src/main.c **** char LCD_CHARS[6][50] = {"Sine Wave","Sawtooth Wave","Triangle Wave","Guitar Wave","Piano Wave","Dr
6096:Core/Src/main.c **** volatile int wave_index = 1;
6097:Core/Src/main.c **** int debounce_delay = 200;
6098:Core/Src/main.c **** uint32_t current_time = 0;
6099:Core/Src/main.c **** uint32_t last_button_press = 0;
6100:Core/Src/main.c **** // TODO: Equation to calculate TIM2_Ticks
6101:Core/Src/main.c **** uint32_t TIM2_Ticks = (uint32_t)(TIM2CLK /(NS_s)*(F_SIGNAL_S)); // How often to write new LUT value
6102:Core/Src/main.c **** uint32_t DestAddress = (uint32_t) &(TIM3->CCR3); // Write LUT TO TIM3->CCR3 to modify PWM duty cycl
6103:Core/Src/main.c **** 
6104:Core/Src/main.c **** 
6105:Core/Src/main.c **** /* USER CODE END PV */
6106:Core/Src/main.c **** 
6107:Core/Src/main.c **** /* Private function prototypes -----------------------------------------------*/
6108:Core/Src/main.c **** void SystemClock_Config(void);
6109:Core/Src/main.c **** static void MX_GPIO_Init(void);
6110:Core/Src/main.c **** static void MX_DMA_Init(void);
6111:Core/Src/main.c **** static void MX_TIM2_Init(void);
6112:Core/Src/main.c **** static void MX_TIM3_Init(void);
6113:Core/Src/main.c **** /* USER CODE BEGIN PFP */
6114:Core/Src/main.c **** void EXTI0_IRQHandler(void);
6115:Core/Src/main.c **** /* USER CODE END PFP */
6116:Core/Src/main.c **** 
6117:Core/Src/main.c **** /* Private user code ---------------------------------------------------------*/
6118:Core/Src/main.c **** /* USER CODE BEGIN 0 */
6119:Core/Src/main.c **** 
6120:Core/Src/main.c **** /* USER CODE END 0 */
6121:Core/Src/main.c **** 
6122:Core/Src/main.c **** /**
6123:Core/Src/main.c ****   * @brief  The application entry point.
6124:Core/Src/main.c ****   * @retval int
6125:Core/Src/main.c ****   */
6126:Core/Src/main.c **** int main(void)
6127:Core/Src/main.c **** {
6128:Core/Src/main.c **** 
6129:Core/Src/main.c ****   /* USER CODE BEGIN 1 */
6130:Core/Src/main.c **** 
ARM GAS  C:\Users\kaush\AppData\Local\Temp\ccalbX8O.s 			page 109


6131:Core/Src/main.c ****   /* USER CODE END 1 */
6132:Core/Src/main.c **** 
6133:Core/Src/main.c ****   /* MCU Configuration--------------------------------------------------------*/
6134:Core/Src/main.c **** 
6135:Core/Src/main.c ****   /* Reset of all peripherals, Initializes the Flash interface and the Systick. */
6136:Core/Src/main.c ****   HAL_Init();
6137:Core/Src/main.c **** 
6138:Core/Src/main.c ****   /* USER CODE BEGIN Init */
6139:Core/Src/main.c **** 
6140:Core/Src/main.c ****   /* USER CODE END Init */
6141:Core/Src/main.c **** 
6142:Core/Src/main.c ****   /* Configure the system clock */
6143:Core/Src/main.c ****   SystemClock_Config();
6144:Core/Src/main.c **** 
6145:Core/Src/main.c ****   /* USER CODE BEGIN SysInit */
6146:Core/Src/main.c **** 
6147:Core/Src/main.c ****   /* USER CODE END SysInit */
6148:Core/Src/main.c **** 
6149:Core/Src/main.c ****   /* Initialize all configured peripherals */
6150:Core/Src/main.c ****   MX_GPIO_Init();
6151:Core/Src/main.c ****   MX_DMA_Init();
6152:Core/Src/main.c ****   MX_TIM2_Init();
6153:Core/Src/main.c ****   MX_TIM3_Init();
6154:Core/Src/main.c ****   /* USER CODE BEGIN 2 */
6155:Core/Src/main.c ****   // TODO: Start TIM3 in PWM mode on channel 3
6156:Core/Src/main.c ****   HAL_TIM_PWM_Start(&htim3, TIM_CHANNEL_3);
6157:Core/Src/main.c **** 
6158:Core/Src/main.c **** 
6159:Core/Src/main.c ****   // TODO: Start TIM2 in Output Compare (OC) mode on channel 1
6160:Core/Src/main.c ****   HAL_TIM_OC_Start(&htim2, TIM_CHANNEL_1);
6161:Core/Src/main.c **** 
6162:Core/Src/main.c ****   // TODO: Start DMA in IT mode on TIM2->CH1. Source is LUT and Dest is TIM3->CCR3; start with Sine
6163:Core/Src/main.c ****   HAL_DMA_Start_IT(&hdma_tim2_ch1,(uint32_t) Sin_LUT, (uint32_t) DestAddress, NS_s);
6164:Core/Src/main.c **** 
6165:Core/Src/main.c ****   // TODO: Write current waveform to LCD(Sine is the first waveform)
6166:Core/Src/main.c ****   init_LCD();
6167:Core/Src/main.c ****   lcd_update_line(LCD_CHARS[0]);
6168:Core/Src/main.c ****   // TODO: Enable DMA (start transfer from LUT to CCR)
6169:Core/Src/main.c ****   __HAL_TIM_ENABLE_DMA(&htim2, TIM_DMA_CC1);
6170:Core/Src/main.c **** 
6171:Core/Src/main.c ****   /* USER CODE END 2 */
6172:Core/Src/main.c **** 
6173:Core/Src/main.c ****   /* Infinite loop */
6174:Core/Src/main.c ****   /* USER CODE BEGIN WHILE */
6175:Core/Src/main.c ****   while (1)
6176:Core/Src/main.c ****   {
6177:Core/Src/main.c ****     /* USER CODE END WHILE */
6178:Core/Src/main.c **** 
6179:Core/Src/main.c ****     /* USER CODE BEGIN 3 */
6180:Core/Src/main.c ****   }
6181:Core/Src/main.c ****   /* USER CODE END 3 */
6182:Core/Src/main.c **** }
6183:Core/Src/main.c **** 
6184:Core/Src/main.c **** /**
6185:Core/Src/main.c ****   * @brief System Clock Configuration
6186:Core/Src/main.c ****   * @retval None
6187:Core/Src/main.c ****   */
ARM GAS  C:\Users\kaush\AppData\Local\Temp\ccalbX8O.s 			page 110


6188:Core/Src/main.c **** void SystemClock_Config(void)
6189:Core/Src/main.c **** {
6190:Core/Src/main.c ****   RCC_OscInitTypeDef RCC_OscInitStruct = {0};
6191:Core/Src/main.c ****   RCC_ClkInitTypeDef RCC_ClkInitStruct = {0};
6192:Core/Src/main.c **** 
6193:Core/Src/main.c ****   /** Configure the main internal regulator output voltage
6194:Core/Src/main.c ****   */
6195:Core/Src/main.c ****   __HAL_RCC_PWR_CLK_ENABLE();
6196:Core/Src/main.c ****   __HAL_PWR_VOLTAGESCALING_CONFIG(PWR_REGULATOR_VOLTAGE_SCALE3);
6197:Core/Src/main.c **** 
6198:Core/Src/main.c ****   /** Initializes the RCC Oscillators according to the specified parameters
6199:Core/Src/main.c ****   * in the RCC_OscInitTypeDef structure.
6200:Core/Src/main.c ****   */
6201:Core/Src/main.c ****   RCC_OscInitStruct.OscillatorType = RCC_OSCILLATORTYPE_HSI;
6202:Core/Src/main.c ****   RCC_OscInitStruct.HSIState = RCC_HSI_ON;
6203:Core/Src/main.c ****   RCC_OscInitStruct.HSICalibrationValue = RCC_HSICALIBRATION_DEFAULT;
6204:Core/Src/main.c ****   RCC_OscInitStruct.PLL.PLLState = RCC_PLL_NONE;
6205:Core/Src/main.c ****   if (HAL_RCC_OscConfig(&RCC_OscInitStruct) != HAL_OK)
6206:Core/Src/main.c ****   {
6207:Core/Src/main.c ****     Error_Handler();
6208:Core/Src/main.c ****   }
6209:Core/Src/main.c **** 
6210:Core/Src/main.c ****   /** Initializes the CPU, AHB and APB buses clocks
6211:Core/Src/main.c ****   */
6212:Core/Src/main.c ****   RCC_ClkInitStruct.ClockType = RCC_CLOCKTYPE_HCLK|RCC_CLOCKTYPE_SYSCLK
6213:Core/Src/main.c ****                               |RCC_CLOCKTYPE_PCLK1|RCC_CLOCKTYPE_PCLK2;
6214:Core/Src/main.c ****   RCC_ClkInitStruct.SYSCLKSource = RCC_SYSCLKSOURCE_HSI;
6215:Core/Src/main.c ****   RCC_ClkInitStruct.AHBCLKDivider = RCC_SYSCLK_DIV1;
6216:Core/Src/main.c ****   RCC_ClkInitStruct.APB1CLKDivider = RCC_HCLK_DIV1;
6217:Core/Src/main.c ****   RCC_ClkInitStruct.APB2CLKDivider = RCC_HCLK_DIV1;
6218:Core/Src/main.c **** 
6219:Core/Src/main.c ****   if (HAL_RCC_ClockConfig(&RCC_ClkInitStruct, FLASH_LATENCY_0) != HAL_OK)
6220:Core/Src/main.c ****   {
6221:Core/Src/main.c ****     Error_Handler();
6222:Core/Src/main.c ****   }
6223:Core/Src/main.c **** }
6224:Core/Src/main.c **** 
6225:Core/Src/main.c **** /**
6226:Core/Src/main.c ****   * @brief TIM2 Initialization Function
6227:Core/Src/main.c ****   * @param None
6228:Core/Src/main.c ****   * @retval None
6229:Core/Src/main.c ****   */
6230:Core/Src/main.c **** static void MX_TIM2_Init(void)
6231:Core/Src/main.c **** {
6232:Core/Src/main.c **** 
6233:Core/Src/main.c ****   /* USER CODE BEGIN TIM2_Init 0 */
6234:Core/Src/main.c **** 
6235:Core/Src/main.c ****   /* USER CODE END TIM2_Init 0 */
6236:Core/Src/main.c **** 
6237:Core/Src/main.c ****   TIM_ClockConfigTypeDef sClockSourceConfig = {0};
6238:Core/Src/main.c ****   TIM_MasterConfigTypeDef sMasterConfig = {0};
6239:Core/Src/main.c ****   TIM_OC_InitTypeDef sConfigOC = {0};
6240:Core/Src/main.c **** 
6241:Core/Src/main.c ****   /* USER CODE BEGIN TIM2_Init 1 */
6242:Core/Src/main.c **** 
6243:Core/Src/main.c ****   /* USER CODE END TIM2_Init 1 */
6244:Core/Src/main.c ****   htim2.Instance = TIM2;
ARM GAS  C:\Users\kaush\AppData\Local\Temp\ccalbX8O.s 			page 111


6245:Core/Src/main.c ****   htim2.Init.Prescaler = 0;
6246:Core/Src/main.c ****   htim2.Init.CounterMode = TIM_COUNTERMODE_UP;
6247:Core/Src/main.c ****   htim2.Init.Period = TIM2_Ticks - 1;//4294967295
6248:Core/Src/main.c ****   htim2.Init.ClockDivision = TIM_CLOCKDIVISION_DIV1;
6249:Core/Src/main.c ****   htim2.Init.AutoReloadPreload = TIM_AUTORELOAD_PRELOAD_ENABLE;
6250:Core/Src/main.c ****   if (HAL_TIM_Base_Init(&htim2) != HAL_OK)
6251:Core/Src/main.c ****   {
6252:Core/Src/main.c ****     Error_Handler();
6253:Core/Src/main.c ****   }
6254:Core/Src/main.c ****   sClockSourceConfig.ClockSource = TIM_CLOCKSOURCE_INTERNAL;
6255:Core/Src/main.c ****   if (HAL_TIM_ConfigClockSource(&htim2, &sClockSourceConfig) != HAL_OK)
6256:Core/Src/main.c ****   {
6257:Core/Src/main.c ****     Error_Handler();
6258:Core/Src/main.c ****   }
6259:Core/Src/main.c ****   if (HAL_TIM_OC_Init(&htim2) != HAL_OK)
6260:Core/Src/main.c ****   {
6261:Core/Src/main.c ****     Error_Handler();
6262:Core/Src/main.c ****   }
6263:Core/Src/main.c ****   sMasterConfig.MasterOutputTrigger = TIM_TRGO_RESET;
6264:Core/Src/main.c ****   sMasterConfig.MasterSlaveMode = TIM_MASTERSLAVEMODE_DISABLE;
6265:Core/Src/main.c ****   if (HAL_TIMEx_MasterConfigSynchronization(&htim2, &sMasterConfig) != HAL_OK)
6266:Core/Src/main.c ****   {
6267:Core/Src/main.c ****     Error_Handler();
6268:Core/Src/main.c ****   }
6269:Core/Src/main.c ****   sConfigOC.OCMode = TIM_OCMODE_TIMING;
6270:Core/Src/main.c ****   sConfigOC.Pulse = 0;
6271:Core/Src/main.c ****   sConfigOC.OCPolarity = TIM_OCPOLARITY_HIGH;
6272:Core/Src/main.c ****   sConfigOC.OCFastMode = TIM_OCFAST_DISABLE;
6273:Core/Src/main.c ****   if (HAL_TIM_OC_ConfigChannel(&htim2, &sConfigOC, TIM_CHANNEL_1) != HAL_OK)
6274:Core/Src/main.c ****   {
6275:Core/Src/main.c ****     Error_Handler();
6276:Core/Src/main.c ****   }
6277:Core/Src/main.c ****   /* USER CODE BEGIN TIM2_Init 2 */
6278:Core/Src/main.c ****   /* TIM2_CH1 DMA Init */
6279:Core/Src/main.c ****   __HAL_RCC_DMA1_CLK_ENABLE();
6280:Core/Src/main.c **** 
6281:Core/Src/main.c ****   hdma_tim2_ch1.Instance = DMA1_Stream5;
6282:Core/Src/main.c ****   hdma_tim2_ch1.Init.Channel = DMA_CHANNEL_3;         // TIM2_CH1 is on channel 3
6283:Core/Src/main.c ****   hdma_tim2_ch1.Init.Direction = DMA_MEMORY_TO_PERIPH; // Memory -> TIM3->CCR3
6284:Core/Src/main.c ****   hdma_tim2_ch1.Init.PeriphInc = DMA_PINC_DISABLE;    // Peripheral address fixed
6285:Core/Src/main.c ****   hdma_tim2_ch1.Init.MemInc = DMA_MINC_ENABLE;        // Memory address increments
6286:Core/Src/main.c ****   hdma_tim2_ch1.Init.PeriphDataAlignment = DMA_PDATAALIGN_WORD;
6287:Core/Src/main.c ****   hdma_tim2_ch1.Init.MemDataAlignment = DMA_MDATAALIGN_WORD;
6288:Core/Src/main.c ****   hdma_tim2_ch1.Init.Mode = DMA_CIRCULAR;            // Repeat LUT automatically
6289:Core/Src/main.c ****   hdma_tim2_ch1.Init.Priority = DMA_PRIORITY_HIGH;
6290:Core/Src/main.c ****   hdma_tim2_ch1.Init.FIFOMode = DMA_FIFOMODE_DISABLE;
6291:Core/Src/main.c **** 
6292:Core/Src/main.c ****   if (HAL_DMA_Init(&hdma_tim2_ch1) != HAL_OK)
6293:Core/Src/main.c ****   {
6294:Core/Src/main.c ****       Error_Handler();
6295:Core/Src/main.c ****   }
6296:Core/Src/main.c **** 
6297:Core/Src/main.c ****   /* Link DMA handle to TIM2 handle */
6298:Core/Src/main.c ****   __HAL_LINKDMA(&htim2, hdma[TIM_DMA_ID_CC1], hdma_tim2_ch1);
6299:Core/Src/main.c ****   /* USER CODE END TIM2_Init 2 */
6300:Core/Src/main.c **** 
6301:Core/Src/main.c **** }
ARM GAS  C:\Users\kaush\AppData\Local\Temp\ccalbX8O.s 			page 112


6302:Core/Src/main.c **** 
6303:Core/Src/main.c **** /**
6304:Core/Src/main.c ****   * @brief TIM3 Initialization Function
6305:Core/Src/main.c ****   * @param None
6306:Core/Src/main.c ****   * @retval None
6307:Core/Src/main.c ****   */
6308:Core/Src/main.c **** static void MX_TIM3_Init(void)
6309:Core/Src/main.c **** {
6310:Core/Src/main.c **** 
6311:Core/Src/main.c ****   /* USER CODE BEGIN TIM3_Init 0 */
6312:Core/Src/main.c **** 
6313:Core/Src/main.c ****   /* USER CODE END TIM3_Init 0 */
6314:Core/Src/main.c **** 
6315:Core/Src/main.c ****   TIM_ClockConfigTypeDef sClockSourceConfig = {0};
6316:Core/Src/main.c ****   TIM_MasterConfigTypeDef sMasterConfig = {0};
6317:Core/Src/main.c ****   TIM_OC_InitTypeDef sConfigOC = {0};
6318:Core/Src/main.c **** 
6319:Core/Src/main.c ****   /* USER CODE BEGIN TIM3_Init 1 */
6320:Core/Src/main.c **** 
6321:Core/Src/main.c ****   /* USER CODE END TIM3_Init 1 */
6322:Core/Src/main.c ****   htim3.Instance = TIM3;
6323:Core/Src/main.c ****   htim3.Init.Prescaler = 0;
6324:Core/Src/main.c ****   htim3.Init.CounterMode = TIM_COUNTERMODE_UP;
6325:Core/Src/main.c ****   htim3.Init.Period = 4095;
6326:Core/Src/main.c ****   htim3.Init.ClockDivision = TIM_CLOCKDIVISION_DIV1;
6327:Core/Src/main.c ****   htim3.Init.AutoReloadPreload = TIM_AUTORELOAD_PRELOAD_DISABLE;
6328:Core/Src/main.c ****   if (HAL_TIM_Base_Init(&htim3) != HAL_OK)
6329:Core/Src/main.c ****   {
6330:Core/Src/main.c ****     Error_Handler();
6331:Core/Src/main.c ****   }
6332:Core/Src/main.c ****   sClockSourceConfig.ClockSource = TIM_CLOCKSOURCE_INTERNAL;
6333:Core/Src/main.c ****   if (HAL_TIM_ConfigClockSource(&htim3, &sClockSourceConfig) != HAL_OK)
6334:Core/Src/main.c ****   {
6335:Core/Src/main.c ****     Error_Handler();
6336:Core/Src/main.c ****   }
6337:Core/Src/main.c ****   if (HAL_TIM_PWM_Init(&htim3) != HAL_OK)
6338:Core/Src/main.c ****   {
6339:Core/Src/main.c ****     Error_Handler();
6340:Core/Src/main.c ****   }
6341:Core/Src/main.c ****   sMasterConfig.MasterOutputTrigger = TIM_TRGO_RESET;
6342:Core/Src/main.c ****   sMasterConfig.MasterSlaveMode = TIM_MASTERSLAVEMODE_DISABLE;
6343:Core/Src/main.c ****   if (HAL_TIMEx_MasterConfigSynchronization(&htim3, &sMasterConfig) != HAL_OK)
6344:Core/Src/main.c ****   {
6345:Core/Src/main.c ****     Error_Handler();
6346:Core/Src/main.c ****   }
6347:Core/Src/main.c ****   sConfigOC.OCMode = TIM_OCMODE_PWM1;
6348:Core/Src/main.c ****   sConfigOC.Pulse = 0;
6349:Core/Src/main.c ****   sConfigOC.OCPolarity = TIM_OCPOLARITY_HIGH;
6350:Core/Src/main.c ****   sConfigOC.OCFastMode = TIM_OCFAST_DISABLE;
6351:Core/Src/main.c ****   if (HAL_TIM_PWM_ConfigChannel(&htim3, &sConfigOC, TIM_CHANNEL_3) != HAL_OK)
6352:Core/Src/main.c ****   {
6353:Core/Src/main.c ****     Error_Handler();
6354:Core/Src/main.c ****   }
6355:Core/Src/main.c ****   /* USER CODE BEGIN TIM3_Init 2 */
6356:Core/Src/main.c **** 
6357:Core/Src/main.c ****   /* USER CODE END TIM3_Init 2 */
6358:Core/Src/main.c ****   HAL_TIM_MspPostInit(&htim3);
ARM GAS  C:\Users\kaush\AppData\Local\Temp\ccalbX8O.s 			page 113


6359:Core/Src/main.c **** 
6360:Core/Src/main.c **** }
6361:Core/Src/main.c **** 
6362:Core/Src/main.c **** /**
6363:Core/Src/main.c ****   * Enable DMA controller clock
6364:Core/Src/main.c ****   */
6365:Core/Src/main.c **** static void MX_DMA_Init(void)
6366:Core/Src/main.c **** {
6367:Core/Src/main.c **** 
6368:Core/Src/main.c ****   /* DMA controller clock enable */
6369:Core/Src/main.c ****   __HAL_RCC_DMA1_CLK_ENABLE();
6370:Core/Src/main.c **** 
6371:Core/Src/main.c ****   /* DMA interrupt init */
6372:Core/Src/main.c ****   /* DMA1_Stream5_IRQn interrupt configuration */
6373:Core/Src/main.c ****   HAL_NVIC_SetPriority(DMA1_Stream5_IRQn, 0, 0);
6374:Core/Src/main.c ****   HAL_NVIC_EnableIRQ(DMA1_Stream5_IRQn);
6375:Core/Src/main.c **** 
6376:Core/Src/main.c **** }
6377:Core/Src/main.c **** 
6378:Core/Src/main.c **** /**
6379:Core/Src/main.c ****   * @brief GPIO Initialization Function
6380:Core/Src/main.c ****   * @param None
6381:Core/Src/main.c ****   * @retval None
6382:Core/Src/main.c ****   */
6383:Core/Src/main.c **** static void MX_GPIO_Init(void)
6384:Core/Src/main.c **** {
  28              		.loc 1 6384 1 view -0
  29              		.cfi_startproc
  30              		@ args = 0, pretend = 0, frame = 32
  31              		@ frame_needed = 0, uses_anonymous_args = 0
  32 0000 2DE9F04F 		push	{r4, r5, r6, r7, r8, r9, r10, fp, lr}
  33              	.LCFI0:
  34              		.cfi_def_cfa_offset 36
  35              		.cfi_offset 4, -36
  36              		.cfi_offset 5, -32
  37              		.cfi_offset 6, -28
  38              		.cfi_offset 7, -24
  39              		.cfi_offset 8, -20
  40              		.cfi_offset 9, -16
  41              		.cfi_offset 10, -12
  42              		.cfi_offset 11, -8
  43              		.cfi_offset 14, -4
  44 0004 89B0     		sub	sp, sp, #36
  45              	.LCFI1:
  46              		.cfi_def_cfa_offset 72
6385:Core/Src/main.c ****   GPIO_InitTypeDef GPIO_InitStruct = {0};
  47              		.loc 1 6385 3 view .LVU1
  48              		.loc 1 6385 20 is_stmt 0 view .LVU2
  49 0006 0024     		movs	r4, #0
  50 0008 0394     		str	r4, [sp, #12]
  51 000a 0494     		str	r4, [sp, #16]
  52 000c 0594     		str	r4, [sp, #20]
  53 000e 0694     		str	r4, [sp, #24]
  54 0010 0794     		str	r4, [sp, #28]
6386:Core/Src/main.c ****   /* USER CODE BEGIN MX_GPIO_Init_1 */
6387:Core/Src/main.c **** 
6388:Core/Src/main.c ****   /* USER CODE END MX_GPIO_Init_1 */
ARM GAS  C:\Users\kaush\AppData\Local\Temp\ccalbX8O.s 			page 114


6389:Core/Src/main.c **** 
6390:Core/Src/main.c ****   /* GPIO Ports Clock Enable */
6391:Core/Src/main.c ****   __HAL_RCC_GPIOH_CLK_ENABLE();
  55              		.loc 1 6391 3 is_stmt 1 view .LVU3
  56              	.LBB4:
  57              		.loc 1 6391 3 view .LVU4
  58 0012 0094     		str	r4, [sp]
  59              		.loc 1 6391 3 view .LVU5
  60 0014 2F4B     		ldr	r3, .L3
  61 0016 1A6B     		ldr	r2, [r3, #48]
  62 0018 42F08002 		orr	r2, r2, #128
  63 001c 1A63     		str	r2, [r3, #48]
  64              		.loc 1 6391 3 view .LVU6
  65 001e 1A6B     		ldr	r2, [r3, #48]
  66 0020 02F08002 		and	r2, r2, #128
  67 0024 0092     		str	r2, [sp]
  68              		.loc 1 6391 3 view .LVU7
  69 0026 009A     		ldr	r2, [sp]
  70              	.LBE4:
  71              		.loc 1 6391 3 view .LVU8
6392:Core/Src/main.c ****   __HAL_RCC_GPIOA_CLK_ENABLE();
  72              		.loc 1 6392 3 view .LVU9
  73              	.LBB5:
  74              		.loc 1 6392 3 view .LVU10
  75 0028 0194     		str	r4, [sp, #4]
  76              		.loc 1 6392 3 view .LVU11
  77 002a 1A6B     		ldr	r2, [r3, #48]
  78 002c 42F00102 		orr	r2, r2, #1
  79 0030 1A63     		str	r2, [r3, #48]
  80              		.loc 1 6392 3 view .LVU12
  81 0032 1A6B     		ldr	r2, [r3, #48]
  82 0034 02F00102 		and	r2, r2, #1
  83 0038 0192     		str	r2, [sp, #4]
  84              		.loc 1 6392 3 view .LVU13
  85 003a 019A     		ldr	r2, [sp, #4]
  86              	.LBE5:
  87              		.loc 1 6392 3 view .LVU14
6393:Core/Src/main.c ****   __HAL_RCC_GPIOB_CLK_ENABLE();
  88              		.loc 1 6393 3 view .LVU15
  89              	.LBB6:
  90              		.loc 1 6393 3 view .LVU16
  91 003c 0294     		str	r4, [sp, #8]
  92              		.loc 1 6393 3 view .LVU17
  93 003e 1A6B     		ldr	r2, [r3, #48]
  94 0040 42F00202 		orr	r2, r2, #2
  95 0044 1A63     		str	r2, [r3, #48]
  96              		.loc 1 6393 3 view .LVU18
  97 0046 1B6B     		ldr	r3, [r3, #48]
  98 0048 03F00203 		and	r3, r3, #2
  99 004c 0293     		str	r3, [sp, #8]
 100              		.loc 1 6393 3 view .LVU19
 101 004e 029B     		ldr	r3, [sp, #8]
 102              	.LBE6:
 103              		.loc 1 6393 3 view .LVU20
6394:Core/Src/main.c **** 
6395:Core/Src/main.c ****   // -------------------------------
6396:Core/Src/main.c ****   // LCD pins configuration
ARM GAS  C:\Users\kaush\AppData\Local\Temp\ccalbX8O.s 			page 115


6397:Core/Src/main.c ****   // -------------------------------
6398:Core/Src/main.c ****   // Configure PC14 (RS) and PC15 (E) as output push-pull
6399:Core/Src/main.c ****   GPIO_InitStruct.Pin = GPIO_PIN_14 | GPIO_PIN_15;
 104              		.loc 1 6399 3 view .LVU21
 105              		.loc 1 6399 23 is_stmt 0 view .LVU22
 106 0050 4FF4404B 		mov	fp, #49152
 107 0054 CDF80CB0 		str	fp, [sp, #12]
6400:Core/Src/main.c ****   GPIO_InitStruct.Mode = GPIO_MODE_OUTPUT_PP;
 108              		.loc 1 6400 3 is_stmt 1 view .LVU23
 109              		.loc 1 6400 24 is_stmt 0 view .LVU24
 110 0058 0126     		movs	r6, #1
 111 005a 0496     		str	r6, [sp, #16]
6401:Core/Src/main.c ****   GPIO_InitStruct.Pull = GPIO_NOPULL;
 112              		.loc 1 6401 3 is_stmt 1 view .LVU25
6402:Core/Src/main.c ****   GPIO_InitStruct.Speed = GPIO_SPEED_FREQ_LOW;
 113              		.loc 1 6402 3 view .LVU26
6403:Core/Src/main.c ****   HAL_GPIO_Init(GPIOC, &GPIO_InitStruct);
 114              		.loc 1 6403 3 view .LVU27
 115 005c DFF87CA0 		ldr	r10, .L3+8
 116 0060 03A9     		add	r1, sp, #12
 117 0062 5046     		mov	r0, r10
 118 0064 FFF7FEFF 		bl	HAL_GPIO_Init
 119              	.LVL0:
6404:Core/Src/main.c **** 
6405:Core/Src/main.c ****   // Configure PB8 (D4) and PB9 (D5) as output push-pull
6406:Core/Src/main.c ****   GPIO_InitStruct.Pin = GPIO_PIN_8 | GPIO_PIN_9;
 120              		.loc 1 6406 3 view .LVU28
 121              		.loc 1 6406 23 is_stmt 0 view .LVU29
 122 0068 4FF44079 		mov	r9, #768
 123 006c CDF80C90 		str	r9, [sp, #12]
6407:Core/Src/main.c ****   HAL_GPIO_Init(GPIOB, &GPIO_InitStruct);
 124              		.loc 1 6407 3 is_stmt 1 view .LVU30
 125 0070 DFF86C80 		ldr	r8, .L3+12
 126 0074 03A9     		add	r1, sp, #12
 127 0076 4046     		mov	r0, r8
 128 0078 FFF7FEFF 		bl	HAL_GPIO_Init
 129              	.LVL1:
6408:Core/Src/main.c **** 
6409:Core/Src/main.c ****   // Configure PA12 (D6) and PA15 (D7) as output push-pull
6410:Core/Src/main.c ****   GPIO_InitStruct.Pin = GPIO_PIN_12 | GPIO_PIN_15;
 130              		.loc 1 6410 3 view .LVU31
 131              		.loc 1 6410 23 is_stmt 0 view .LVU32
 132 007c 4FF41047 		mov	r7, #36864
 133 0080 0397     		str	r7, [sp, #12]
6411:Core/Src/main.c ****   HAL_GPIO_Init(GPIOA, &GPIO_InitStruct);
 134              		.loc 1 6411 3 is_stmt 1 view .LVU33
 135 0082 154D     		ldr	r5, .L3+4
 136 0084 03A9     		add	r1, sp, #12
 137 0086 2846     		mov	r0, r5
 138 0088 FFF7FEFF 		bl	HAL_GPIO_Init
 139              	.LVL2:
6412:Core/Src/main.c **** 
6413:Core/Src/main.c ****   // Set all LCD pins LOW initially
6414:Core/Src/main.c ****   HAL_GPIO_WritePin(GPIOC, GPIO_PIN_14 | GPIO_PIN_15, GPIO_PIN_RESET);
 140              		.loc 1 6414 3 view .LVU34
 141 008c 2246     		mov	r2, r4
 142 008e 5946     		mov	r1, fp
ARM GAS  C:\Users\kaush\AppData\Local\Temp\ccalbX8O.s 			page 116


 143 0090 5046     		mov	r0, r10
 144 0092 FFF7FEFF 		bl	HAL_GPIO_WritePin
 145              	.LVL3:
6415:Core/Src/main.c ****   HAL_GPIO_WritePin(GPIOB, GPIO_PIN_8 | GPIO_PIN_9, GPIO_PIN_RESET);
 146              		.loc 1 6415 3 view .LVU35
 147 0096 2246     		mov	r2, r4
 148 0098 4946     		mov	r1, r9
 149 009a 4046     		mov	r0, r8
 150 009c FFF7FEFF 		bl	HAL_GPIO_WritePin
 151              	.LVL4:
6416:Core/Src/main.c ****   HAL_GPIO_WritePin(GPIOA, GPIO_PIN_12 | GPIO_PIN_15, GPIO_PIN_RESET);
 152              		.loc 1 6416 3 view .LVU36
 153 00a0 2246     		mov	r2, r4
 154 00a2 3946     		mov	r1, r7
 155 00a4 2846     		mov	r0, r5
 156 00a6 FFF7FEFF 		bl	HAL_GPIO_WritePin
 157              	.LVL5:
6417:Core/Src/main.c **** 
6418:Core/Src/main.c **** 
6419:Core/Src/main.c ****   // -------------------------------
6420:Core/Src/main.c ****   // Button0 configuration (PA0)
6421:Core/Src/main.c ****   // -------------------------------
6422:Core/Src/main.c ****   GPIO_InitStruct.Pin = Button0_Pin;
 158              		.loc 1 6422 3 view .LVU37
 159              		.loc 1 6422 23 is_stmt 0 view .LVU38
 160 00aa 0396     		str	r6, [sp, #12]
6423:Core/Src/main.c ****   GPIO_InitStruct.Mode = GPIO_MODE_IT_RISING; // Interrupt on rising edge
 161              		.loc 1 6423 3 is_stmt 1 view .LVU39
 162              		.loc 1 6423 24 is_stmt 0 view .LVU40
 163 00ac 4FF48813 		mov	r3, #1114112
 164 00b0 0493     		str	r3, [sp, #16]
6424:Core/Src/main.c ****   GPIO_InitStruct.Pull = GPIO_PULLUP;         // Use pull-up resistor
 165              		.loc 1 6424 3 is_stmt 1 view .LVU41
 166              		.loc 1 6424 24 is_stmt 0 view .LVU42
 167 00b2 0596     		str	r6, [sp, #20]
6425:Core/Src/main.c ****   HAL_GPIO_Init(GPIOA, &GPIO_InitStruct);
 168              		.loc 1 6425 3 is_stmt 1 view .LVU43
 169 00b4 03A9     		add	r1, sp, #12
 170 00b6 2846     		mov	r0, r5
 171 00b8 FFF7FEFF 		bl	HAL_GPIO_Init
 172              	.LVL6:
6426:Core/Src/main.c **** 
6427:Core/Src/main.c ****   // Enable and set EXTI line 0 interrupt priority
6428:Core/Src/main.c ****   HAL_NVIC_SetPriority(EXTI0_IRQn, 2, 0);
 173              		.loc 1 6428 3 view .LVU44
 174 00bc 2246     		mov	r2, r4
 175 00be 0221     		movs	r1, #2
 176 00c0 0620     		movs	r0, #6
 177 00c2 FFF7FEFF 		bl	HAL_NVIC_SetPriority
 178              	.LVL7:
6429:Core/Src/main.c ****   HAL_NVIC_EnableIRQ(EXTI0_IRQn);
 179              		.loc 1 6429 3 view .LVU45
 180 00c6 0620     		movs	r0, #6
 181 00c8 FFF7FEFF 		bl	HAL_NVIC_EnableIRQ
 182              	.LVL8:
6430:Core/Src/main.c **** 
6431:Core/Src/main.c ****   /* USER CODE END MX_GPIO_Init_2 */
ARM GAS  C:\Users\kaush\AppData\Local\Temp\ccalbX8O.s 			page 117


6432:Core/Src/main.c **** }
 183              		.loc 1 6432 1 is_stmt 0 view .LVU46
 184 00cc 09B0     		add	sp, sp, #36
 185              	.LCFI2:
 186              		.cfi_def_cfa_offset 36
 187              		@ sp needed
 188 00ce BDE8F08F 		pop	{r4, r5, r6, r7, r8, r9, r10, fp, pc}
 189              	.L4:
 190 00d2 00BF     		.align	2
 191              	.L3:
 192 00d4 00380240 		.word	1073887232
 193 00d8 00000240 		.word	1073872896
 194 00dc 00080240 		.word	1073874944
 195 00e0 00040240 		.word	1073873920
 196              		.cfi_endproc
 197              	.LFE142:
 199              		.section	.text.MX_DMA_Init,"ax",%progbits
 200              		.align	1
 201              		.syntax unified
 202              		.thumb
 203              		.thumb_func
 205              	MX_DMA_Init:
 206              	.LFB141:
6366:Core/Src/main.c **** 
 207              		.loc 1 6366 1 is_stmt 1 view -0
 208              		.cfi_startproc
 209              		@ args = 0, pretend = 0, frame = 8
 210              		@ frame_needed = 0, uses_anonymous_args = 0
 211 0000 00B5     		push	{lr}
 212              	.LCFI3:
 213              		.cfi_def_cfa_offset 4
 214              		.cfi_offset 14, -4
 215 0002 83B0     		sub	sp, sp, #12
 216              	.LCFI4:
 217              		.cfi_def_cfa_offset 16
6369:Core/Src/main.c **** 
 218              		.loc 1 6369 3 view .LVU48
 219              	.LBB7:
6369:Core/Src/main.c **** 
 220              		.loc 1 6369 3 view .LVU49
 221 0004 0021     		movs	r1, #0
 222 0006 0191     		str	r1, [sp, #4]
6369:Core/Src/main.c **** 
 223              		.loc 1 6369 3 view .LVU50
 224 0008 094B     		ldr	r3, .L7
 225 000a 1A6B     		ldr	r2, [r3, #48]
 226 000c 42F40012 		orr	r2, r2, #2097152
 227 0010 1A63     		str	r2, [r3, #48]
6369:Core/Src/main.c **** 
 228              		.loc 1 6369 3 view .LVU51
 229 0012 1B6B     		ldr	r3, [r3, #48]
 230 0014 03F40013 		and	r3, r3, #2097152
 231 0018 0193     		str	r3, [sp, #4]
6369:Core/Src/main.c **** 
 232              		.loc 1 6369 3 view .LVU52
 233 001a 019B     		ldr	r3, [sp, #4]
 234              	.LBE7:
ARM GAS  C:\Users\kaush\AppData\Local\Temp\ccalbX8O.s 			page 118


6369:Core/Src/main.c **** 
 235              		.loc 1 6369 3 view .LVU53
6373:Core/Src/main.c ****   HAL_NVIC_EnableIRQ(DMA1_Stream5_IRQn);
 236              		.loc 1 6373 3 view .LVU54
 237 001c 0A46     		mov	r2, r1
 238 001e 1020     		movs	r0, #16
 239 0020 FFF7FEFF 		bl	HAL_NVIC_SetPriority
 240              	.LVL9:
6374:Core/Src/main.c **** 
 241              		.loc 1 6374 3 view .LVU55
 242 0024 1020     		movs	r0, #16
 243 0026 FFF7FEFF 		bl	HAL_NVIC_EnableIRQ
 244              	.LVL10:
6376:Core/Src/main.c **** 
 245              		.loc 1 6376 1 is_stmt 0 view .LVU56
 246 002a 03B0     		add	sp, sp, #12
 247              	.LCFI5:
 248              		.cfi_def_cfa_offset 4
 249              		@ sp needed
 250 002c 5DF804FB 		ldr	pc, [sp], #4
 251              	.L8:
 252              		.align	2
 253              	.L7:
 254 0030 00380240 		.word	1073887232
 255              		.cfi_endproc
 256              	.LFE141:
 258              		.section	.text.EXTI0_IRQHandler,"ax",%progbits
 259              		.align	1
 260              		.global	EXTI0_IRQHandler
 261              		.syntax unified
 262              		.thumb
 263              		.thumb_func
 265              	EXTI0_IRQHandler:
 266              	.LFB143:
6433:Core/Src/main.c **** 
6434:Core/Src/main.c **** /* USER CODE BEGIN 4 */
6435:Core/Src/main.c **** void EXTI0_IRQHandler(void){
 267              		.loc 1 6435 28 is_stmt 1 view -0
 268              		.cfi_startproc
 269              		@ args = 0, pretend = 0, frame = 0
 270              		@ frame_needed = 0, uses_anonymous_args = 0
 271 0000 08B5     		push	{r3, lr}
 272              	.LCFI6:
 273              		.cfi_def_cfa_offset 8
 274              		.cfi_offset 3, -8
 275              		.cfi_offset 14, -4
6436:Core/Src/main.c **** 
6437:Core/Src/main.c **** 	// TODO: Debounce using HAL_GetTick()
6438:Core/Src/main.c **** 	current_time = HAL_GetTick();
 276              		.loc 1 6438 2 view .LVU58
 277              		.loc 1 6438 17 is_stmt 0 view .LVU59
 278 0002 FFF7FEFF 		bl	HAL_GetTick
 279              	.LVL11:
 280              		.loc 1 6438 15 discriminator 1 view .LVU60
 281 0006 3B4B     		ldr	r3, .L26
 282 0008 1860     		str	r0, [r3]
6439:Core/Src/main.c **** 	if (current_time - last_button_press < debounce_delay) {
ARM GAS  C:\Users\kaush\AppData\Local\Temp\ccalbX8O.s 			page 119


 283              		.loc 1 6439 2 is_stmt 1 view .LVU61
 284              		.loc 1 6439 19 is_stmt 0 view .LVU62
 285 000a 3B4B     		ldr	r3, .L26+4
 286 000c 1B68     		ldr	r3, [r3]
 287 000e C31A     		subs	r3, r0, r3
 288              		.loc 1 6439 39 view .LVU63
 289 0010 3A4A     		ldr	r2, .L26+8
 290 0012 1268     		ldr	r2, [r2]
 291              		.loc 1 6439 5 view .LVU64
 292 0014 9342     		cmp	r3, r2
 293 0016 29D3     		bcc	.L25
6440:Core/Src/main.c **** 	        HAL_GPIO_EXTI_IRQHandler(Button0_Pin); // Clear interrupt flags
6441:Core/Src/main.c **** 	        return; // Ignore this press (debouncing)
6442:Core/Src/main.c **** 	}
6443:Core/Src/main.c **** 	last_button_press = current_time;
 294              		.loc 1 6443 2 is_stmt 1 view .LVU65
 295              		.loc 1 6443 20 is_stmt 0 view .LVU66
 296 0018 374B     		ldr	r3, .L26+4
 297 001a 1860     		str	r0, [r3]
6444:Core/Src/main.c **** 
6445:Core/Src/main.c **** 
6446:Core/Src/main.c **** 	// TODO: Disable DMA transfer and abort IT, then start DMA in IT mode with new LUT and re-enable t
6447:Core/Src/main.c **** 	// HINT: Consider using C's "switch" function to handle LUT changes
6448:Core/Src/main.c **** 	  __HAL_TIM_DISABLE_DMA(&htim2, TIM_DMA_CC1);      // disable DMA request from TIM2 CC1
 298              		.loc 1 6448 4 is_stmt 1 view .LVU67
 299 001c 384B     		ldr	r3, .L26+12
 300 001e 1A68     		ldr	r2, [r3]
 301 0020 D368     		ldr	r3, [r2, #12]
 302 0022 23F40073 		bic	r3, r3, #512
 303 0026 D360     		str	r3, [r2, #12]
6449:Core/Src/main.c **** 	  HAL_DMA_Abort_IT(&hdma_tim2_ch1);                // abort ongoing DMA transfer (non-blocking, se
 304              		.loc 1 6449 4 view .LVU68
 305 0028 3648     		ldr	r0, .L26+16
 306 002a FFF7FEFF 		bl	HAL_DMA_Abort_IT
 307              	.LVL12:
6450:Core/Src/main.c **** 
6451:Core/Src/main.c **** 	  // Changing waves on button press
6452:Core/Src/main.c **** 	  wave_index++;
 308              		.loc 1 6452 4 view .LVU69
 309              		.loc 1 6452 14 is_stmt 0 view .LVU70
 310 002e 364B     		ldr	r3, .L26+20
 311 0030 1A68     		ldr	r2, [r3]
 312 0032 0132     		adds	r2, r2, #1
 313 0034 1A60     		str	r2, [r3]
6453:Core/Src/main.c **** 	  if (wave_index >= 7){
 314              		.loc 1 6453 4 is_stmt 1 view .LVU71
 315              		.loc 1 6453 19 is_stmt 0 view .LVU72
 316 0036 1B68     		ldr	r3, [r3]
 317              		.loc 1 6453 7 view .LVU73
 318 0038 062B     		cmp	r3, #6
 319 003a 02DD     		ble	.L12
6454:Core/Src/main.c **** 		  wave_index = 1; // Loop back to 1 after reaching final index
 320              		.loc 1 6454 5 is_stmt 1 view .LVU74
 321              		.loc 1 6454 16 is_stmt 0 view .LVU75
 322 003c 324B     		ldr	r3, .L26+20
 323 003e 0122     		movs	r2, #1
 324 0040 1A60     		str	r2, [r3]
ARM GAS  C:\Users\kaush\AppData\Local\Temp\ccalbX8O.s 			page 120


 325              	.L12:
6455:Core/Src/main.c **** 	  }
6456:Core/Src/main.c ****       if (wave_index >= 3){
 326              		.loc 1 6456 7 is_stmt 1 view .LVU76
 327              		.loc 1 6456 22 is_stmt 0 view .LVU77
 328 0042 314B     		ldr	r3, .L26+20
 329 0044 1B68     		ldr	r3, [r3]
 330              		.loc 1 6456 10 view .LVU78
 331 0046 022B     		cmp	r3, #2
 332 0048 14DD     		ble	.L13
6457:Core/Src/main.c ****     	  TIM2_Ticks = (uint32_t) (TIM2CLK) /(NS_s)*(F_SIGNAL_S);
 333              		.loc 1 6457 8 is_stmt 1 view .LVU79
 334              		.loc 1 6457 19 is_stmt 0 view .LVU80
 335 004a 5023     		movs	r3, #80
 336 004c 2F4A     		ldr	r2, .L26+24
 337 004e 1360     		str	r3, [r2]
6458:Core/Src/main.c ****     	  __HAL_TIM_SET_AUTORELOAD(&htim2,TIM2_Ticks);
 338              		.loc 1 6458 8 is_stmt 1 view .LVU81
 339              		.loc 1 6458 8 view .LVU82
 340 0050 2B4A     		ldr	r2, .L26+12
 341 0052 1168     		ldr	r1, [r2]
 342 0054 CB62     		str	r3, [r1, #44]
 343              		.loc 1 6458 8 view .LVU83
 344 0056 D360     		str	r3, [r2, #12]
 345              		.loc 1 6458 8 view .LVU84
 346              	.L14:
6459:Core/Src/main.c ****       }
6460:Core/Src/main.c ****       else{
6461:Core/Src/main.c ****     	  TIM2_Ticks = (uint32_t)(TIM2CLK)/(NS_L)*(F_SIGNAL_L);
6462:Core/Src/main.c ****     	  __HAL_TIM_SET_AUTORELOAD(&htim2,TIM2_Ticks);
 347              		.loc 1 6462 8 discriminator 1 view .LVU85
6463:Core/Src/main.c ****       }
6464:Core/Src/main.c **** 	  switch (wave_index){
 348              		.loc 1 6464 4 view .LVU86
 349 0058 2B4B     		ldr	r3, .L26+20
 350 005a 1B68     		ldr	r3, [r3]
 351 005c 013B     		subs	r3, r3, #1
 352 005e 052B     		cmp	r3, #5
 353 0060 1CD8     		bhi	.L15
 354 0062 DFE803F0 		tbb	[pc, r3]
 355              	.L17:
 356 0066 10       		.byte	(.L22-.L17)/2
 357 0067 25       		.byte	(.L21-.L17)/2
 358 0068 37       		.byte	(.L20-.L17)/2
 359 0069 3B       		.byte	(.L19-.L17)/2
 360 006a 3F       		.byte	(.L18-.L17)/2
 361 006b 43       		.byte	(.L16-.L17)/2
 362              		.p2align 1
 363              	.L25:
6440:Core/Src/main.c **** 	        return; // Ignore this press (debouncing)
 364              		.loc 1 6440 10 view .LVU87
 365 006c 0120     		movs	r0, #1
 366 006e FFF7FEFF 		bl	HAL_GPIO_EXTI_IRQHandler
 367              	.LVL13:
6441:Core/Src/main.c **** 	}
 368              		.loc 1 6441 10 view .LVU88
 369 0072 1CE0     		b	.L9
ARM GAS  C:\Users\kaush\AppData\Local\Temp\ccalbX8O.s 			page 121


 370              	.L13:
6461:Core/Src/main.c ****     	  __HAL_TIM_SET_AUTORELOAD(&htim2,TIM2_Ticks);
 371              		.loc 1 6461 8 view .LVU89
6461:Core/Src/main.c ****     	  __HAL_TIM_SET_AUTORELOAD(&htim2,TIM2_Ticks);
 372              		.loc 1 6461 19 is_stmt 0 view .LVU90
 373 0074 45F65523 		movw	r3, #23125
 374 0078 244A     		ldr	r2, .L26+24
 375 007a 1360     		str	r3, [r2]
6462:Core/Src/main.c ****       }
 376              		.loc 1 6462 8 is_stmt 1 view .LVU91
6462:Core/Src/main.c ****       }
 377              		.loc 1 6462 8 view .LVU92
 378 007c 204A     		ldr	r2, .L26+12
 379 007e 1168     		ldr	r1, [r2]
 380 0080 CB62     		str	r3, [r1, #44]
6462:Core/Src/main.c ****       }
 381              		.loc 1 6462 8 view .LVU93
 382 0082 D360     		str	r3, [r2, #12]
 383 0084 E8E7     		b	.L14
 384              	.L22:
 385              	.LBB8:
6465:Core/Src/main.c **** 	  case 1:
6466:Core/Src/main.c **** 		  // Corresponds to sine wave
6467:Core/Src/main.c **** 		  HAL_DMA_Start_IT(&hdma_tim2_ch1,(uint32_t) Sin_LUT, (uint32_t) DestAddress, NS_s);
 386              		.loc 1 6467 5 view .LVU94
 387 0086 44F62063 		movw	r3, #20000
 388 008a 214A     		ldr	r2, .L26+28
 389 008c 1268     		ldr	r2, [r2]
 390 008e 2149     		ldr	r1, .L26+32
 391 0090 1C48     		ldr	r0, .L26+16
 392 0092 FFF7FEFF 		bl	HAL_DMA_Start_IT
 393              	.LVL14:
6468:Core/Src/main.c **** 		  lcd_update_line(LCD_CHARS[0]);
 394              		.loc 1 6468 5 view .LVU95
 395 0096 2048     		ldr	r0, .L26+36
 396 0098 FFF7FEFF 		bl	lcd_update_line
 397              	.LVL15:
6469:Core/Src/main.c **** 		  break;
 398              		.loc 1 6469 5 view .LVU96
 399              	.L15:
 400              	.LBE8:
6470:Core/Src/main.c **** 
6471:Core/Src/main.c **** 	  case 2:
6472:Core/Src/main.c **** 		  // Corresponds to Sawtooth wave
6473:Core/Src/main.c **** 		  TIM2_Ticks =
6474:Core/Src/main.c **** 		  htim2.Init.Period = TIM2_Ticks - 1;
6475:Core/Src/main.c **** 		  HAL_DMA_Start_IT(&hdma_tim2_ch1, (uint32_t) Saw_LUT,(uint32_t) DestAddress, NS_s);
6476:Core/Src/main.c **** 		  lcd_update_line(LCD_CHARS[1]);
6477:Core/Src/main.c **** 		  break;
6478:Core/Src/main.c **** 
6479:Core/Src/main.c **** 	  case 3:
6480:Core/Src/main.c **** 		  // Corresponds to Triangular wave
6481:Core/Src/main.c **** 		  //HAL_DMA_Start_IT(&hdma_tim2_ch1, (uint32_t) Triangle_LUT, (uint32_t) DestAddress, NS);
6482:Core/Src/main.c **** 		  lcd_update_line(LCD_CHARS[2]);
6483:Core/Src/main.c **** 		  break;
6484:Core/Src/main.c **** 
6485:Core/Src/main.c **** 	  case 4:
ARM GAS  C:\Users\kaush\AppData\Local\Temp\ccalbX8O.s 			page 122


6486:Core/Src/main.c **** 		  // Corresponds to Guitar wave
6487:Core/Src/main.c **** 		  //HAL_DMA_Start_IT(&hdma_tim2_ch1, (uint32_t) Piano_LUT, (uint32_t) DestAddress, NS);
6488:Core/Src/main.c **** 		  lcd_update_line(LCD_CHARS[3]);
6489:Core/Src/main.c **** 		  break;
6490:Core/Src/main.c **** 
6491:Core/Src/main.c **** 	  case 5:
6492:Core/Src/main.c **** 		  // Corresponds to piano wave
6493:Core/Src/main.c **** 		  //HAL_DMA_Start_IT(&hdma_tim2_ch1,(uint32_t) Guitar_LUT, (uint32_t) DestAddress, NS);
6494:Core/Src/main.c ****           lcd_update_line(LCD_CHARS[4]);
6495:Core/Src/main.c ****           break;
6496:Core/Src/main.c **** 
6497:Core/Src/main.c **** 	  case 6:
6498:Core/Src/main.c **** 		  // Corresponds to drum wave
6499:Core/Src/main.c **** 		  //HAL_DMA_Start_IT(&hdma_tim2_ch1, (uint32_t) Drum_LUT, (uint32_t) DestAddress, NS);
6500:Core/Src/main.c **** 		  lcd_update_line(LCD_CHARS[5]);
6501:Core/Src/main.c **** 		  break;
6502:Core/Src/main.c **** 
6503:Core/Src/main.c **** 	  default:
6504:Core/Src/main.c **** 		  break;
6505:Core/Src/main.c **** 
6506:Core/Src/main.c ****      }
6507:Core/Src/main.c **** 
6508:Core/Src/main.c ****     __HAL_TIM_ENABLE_DMA(&htim2, TIM_DMA_CC1);
 401              		.loc 1 6508 5 view .LVU97
 402 009c 184B     		ldr	r3, .L26+12
 403 009e 1A68     		ldr	r2, [r3]
 404 00a0 D368     		ldr	r3, [r2, #12]
 405 00a2 43F40073 		orr	r3, r3, #512
 406 00a6 D360     		str	r3, [r2, #12]
6509:Core/Src/main.c **** 	HAL_GPIO_EXTI_IRQHandler(Button0_Pin); // Clear interrupt flags
 407              		.loc 1 6509 2 view .LVU98
 408 00a8 0120     		movs	r0, #1
 409 00aa FFF7FEFF 		bl	HAL_GPIO_EXTI_IRQHandler
 410              	.LVL16:
 411              	.L9:
6510:Core/Src/main.c **** }
 412              		.loc 1 6510 1 is_stmt 0 view .LVU99
 413 00ae 08BD     		pop	{r3, pc}
 414              	.L21:
 415              	.LBB9:
6473:Core/Src/main.c **** 		  htim2.Init.Period = TIM2_Ticks - 1;
 416              		.loc 1 6473 5 is_stmt 1 view .LVU100
6474:Core/Src/main.c **** 		  HAL_DMA_Start_IT(&hdma_tim2_ch1, (uint32_t) Saw_LUT,(uint32_t) DestAddress, NS_s);
 417              		.loc 1 6474 36 is_stmt 0 view .LVU101
 418 00b0 164A     		ldr	r2, .L26+24
 419 00b2 1368     		ldr	r3, [r2]
 420 00b4 013B     		subs	r3, r3, #1
6474:Core/Src/main.c **** 		  HAL_DMA_Start_IT(&hdma_tim2_ch1, (uint32_t) Saw_LUT,(uint32_t) DestAddress, NS_s);
 421              		.loc 1 6474 23 view .LVU102
 422 00b6 1249     		ldr	r1, .L26+12
 423 00b8 CB60     		str	r3, [r1, #12]
6473:Core/Src/main.c **** 		  htim2.Init.Period = TIM2_Ticks - 1;
 424              		.loc 1 6473 16 view .LVU103
 425 00ba 1360     		str	r3, [r2]
6475:Core/Src/main.c **** 		  lcd_update_line(LCD_CHARS[1]);
 426              		.loc 1 6475 5 is_stmt 1 view .LVU104
 427 00bc 44F62063 		movw	r3, #20000
ARM GAS  C:\Users\kaush\AppData\Local\Temp\ccalbX8O.s 			page 123


 428 00c0 134A     		ldr	r2, .L26+28
 429 00c2 1268     		ldr	r2, [r2]
 430 00c4 1549     		ldr	r1, .L26+40
 431 00c6 0F48     		ldr	r0, .L26+16
 432 00c8 FFF7FEFF 		bl	HAL_DMA_Start_IT
 433              	.LVL17:
6476:Core/Src/main.c **** 		  break;
 434              		.loc 1 6476 5 view .LVU105
 435 00cc 1448     		ldr	r0, .L26+44
 436 00ce FFF7FEFF 		bl	lcd_update_line
 437              	.LVL18:
6477:Core/Src/main.c **** 
 438              		.loc 1 6477 5 view .LVU106
 439 00d2 E3E7     		b	.L15
 440              	.L20:
6482:Core/Src/main.c **** 		  break;
 441              		.loc 1 6482 5 view .LVU107
 442 00d4 1348     		ldr	r0, .L26+48
 443 00d6 FFF7FEFF 		bl	lcd_update_line
 444              	.LVL19:
6483:Core/Src/main.c **** 
 445              		.loc 1 6483 5 view .LVU108
 446 00da DFE7     		b	.L15
 447              	.L19:
6488:Core/Src/main.c **** 		  break;
 448              		.loc 1 6488 5 view .LVU109
 449 00dc 1248     		ldr	r0, .L26+52
 450 00de FFF7FEFF 		bl	lcd_update_line
 451              	.LVL20:
6489:Core/Src/main.c **** 
 452              		.loc 1 6489 5 view .LVU110
 453 00e2 DBE7     		b	.L15
 454              	.L18:
6494:Core/Src/main.c ****           break;
 455              		.loc 1 6494 11 view .LVU111
 456 00e4 1148     		ldr	r0, .L26+56
 457 00e6 FFF7FEFF 		bl	lcd_update_line
 458              	.LVL21:
6495:Core/Src/main.c **** 
 459              		.loc 1 6495 11 view .LVU112
 460 00ea D7E7     		b	.L15
 461              	.L16:
6500:Core/Src/main.c **** 		  break;
 462              		.loc 1 6500 5 view .LVU113
 463 00ec 1048     		ldr	r0, .L26+60
 464 00ee FFF7FEFF 		bl	lcd_update_line
 465              	.LVL22:
6501:Core/Src/main.c **** 
 466              		.loc 1 6501 5 view .LVU114
 467 00f2 D3E7     		b	.L15
 468              	.L27:
 469              		.align	2
 470              	.L26:
 471 00f4 00000000 		.word	current_time
 472 00f8 00000000 		.word	last_button_press
 473 00fc 00000000 		.word	debounce_delay
 474 0100 00000000 		.word	htim2
ARM GAS  C:\Users\kaush\AppData\Local\Temp\ccalbX8O.s 			page 124


 475 0104 00000000 		.word	hdma_tim2_ch1
 476 0108 00000000 		.word	wave_index
 477 010c 00000000 		.word	TIM2_Ticks
 478 0110 00000000 		.word	DestAddress
 479 0114 00000000 		.word	Sin_LUT
 480 0118 00000000 		.word	LCD_CHARS
 481 011c 00000000 		.word	Saw_LUT
 482 0120 32000000 		.word	LCD_CHARS+50
 483 0124 64000000 		.word	LCD_CHARS+100
 484 0128 96000000 		.word	LCD_CHARS+150
 485 012c C8000000 		.word	LCD_CHARS+200
 486 0130 FA000000 		.word	LCD_CHARS+250
 487              	.LBE9:
 488              		.cfi_endproc
 489              	.LFE143:
 491              		.section	.text.Error_Handler,"ax",%progbits
 492              		.align	1
 493              		.global	Error_Handler
 494              		.syntax unified
 495              		.thumb
 496              		.thumb_func
 498              	Error_Handler:
 499              	.LFB144:
6511:Core/Src/main.c **** /* USER CODE END 4 */
6512:Core/Src/main.c **** 
6513:Core/Src/main.c **** /**
6514:Core/Src/main.c ****   * @brief  This function is executed in case of error occurrence.
6515:Core/Src/main.c ****   * @retval None
6516:Core/Src/main.c ****   */
6517:Core/Src/main.c **** void Error_Handler(void)
6518:Core/Src/main.c **** {
 500              		.loc 1 6518 1 view -0
 501              		.cfi_startproc
 502              		@ Volatile: function does not return.
 503              		@ args = 0, pretend = 0, frame = 0
 504              		@ frame_needed = 0, uses_anonymous_args = 0
 505              		@ link register save eliminated.
6519:Core/Src/main.c ****   /* USER CODE BEGIN Error_Handler_Debug */
6520:Core/Src/main.c ****   /* User can add his own implementation to report the HAL error return state */
6521:Core/Src/main.c ****   __disable_irq();
 506              		.loc 1 6521 3 view .LVU116
 507              	.LBB10:
 508              	.LBI10:
 509              		.file 2 "Drivers/CMSIS/Include/cmsis_gcc.h"
   1:Drivers/CMSIS/Include/cmsis_gcc.h **** /**************************************************************************//**
   2:Drivers/CMSIS/Include/cmsis_gcc.h ****  * @file     cmsis_gcc.h
   3:Drivers/CMSIS/Include/cmsis_gcc.h ****  * @brief    CMSIS compiler GCC header file
   4:Drivers/CMSIS/Include/cmsis_gcc.h ****  * @version  V5.4.1
   5:Drivers/CMSIS/Include/cmsis_gcc.h ****  * @date     27. May 2021
   6:Drivers/CMSIS/Include/cmsis_gcc.h ****  ******************************************************************************/
   7:Drivers/CMSIS/Include/cmsis_gcc.h **** /*
   8:Drivers/CMSIS/Include/cmsis_gcc.h ****  * Copyright (c) 2009-2021 Arm Limited. All rights reserved.
   9:Drivers/CMSIS/Include/cmsis_gcc.h ****  *
  10:Drivers/CMSIS/Include/cmsis_gcc.h ****  * SPDX-License-Identifier: Apache-2.0
  11:Drivers/CMSIS/Include/cmsis_gcc.h ****  *
  12:Drivers/CMSIS/Include/cmsis_gcc.h ****  * Licensed under the Apache License, Version 2.0 (the License); you may
  13:Drivers/CMSIS/Include/cmsis_gcc.h ****  * not use this file except in compliance with the License.
ARM GAS  C:\Users\kaush\AppData\Local\Temp\ccalbX8O.s 			page 125


  14:Drivers/CMSIS/Include/cmsis_gcc.h ****  * You may obtain a copy of the License at
  15:Drivers/CMSIS/Include/cmsis_gcc.h ****  *
  16:Drivers/CMSIS/Include/cmsis_gcc.h ****  * www.apache.org/licenses/LICENSE-2.0
  17:Drivers/CMSIS/Include/cmsis_gcc.h ****  *
  18:Drivers/CMSIS/Include/cmsis_gcc.h ****  * Unless required by applicable law or agreed to in writing, software
  19:Drivers/CMSIS/Include/cmsis_gcc.h ****  * distributed under the License is distributed on an AS IS BASIS, WITHOUT
  20:Drivers/CMSIS/Include/cmsis_gcc.h ****  * WARRANTIES OR CONDITIONS OF ANY KIND, either express or implied.
  21:Drivers/CMSIS/Include/cmsis_gcc.h ****  * See the License for the specific language governing permissions and
  22:Drivers/CMSIS/Include/cmsis_gcc.h ****  * limitations under the License.
  23:Drivers/CMSIS/Include/cmsis_gcc.h ****  */
  24:Drivers/CMSIS/Include/cmsis_gcc.h **** 
  25:Drivers/CMSIS/Include/cmsis_gcc.h **** #ifndef __CMSIS_GCC_H
  26:Drivers/CMSIS/Include/cmsis_gcc.h **** #define __CMSIS_GCC_H
  27:Drivers/CMSIS/Include/cmsis_gcc.h **** 
  28:Drivers/CMSIS/Include/cmsis_gcc.h **** /* ignore some GCC warnings */
  29:Drivers/CMSIS/Include/cmsis_gcc.h **** #pragma GCC diagnostic push
  30:Drivers/CMSIS/Include/cmsis_gcc.h **** #pragma GCC diagnostic ignored "-Wsign-conversion"
  31:Drivers/CMSIS/Include/cmsis_gcc.h **** #pragma GCC diagnostic ignored "-Wconversion"
  32:Drivers/CMSIS/Include/cmsis_gcc.h **** #pragma GCC diagnostic ignored "-Wunused-parameter"
  33:Drivers/CMSIS/Include/cmsis_gcc.h **** 
  34:Drivers/CMSIS/Include/cmsis_gcc.h **** /* Fallback for __has_builtin */
  35:Drivers/CMSIS/Include/cmsis_gcc.h **** #ifndef __has_builtin
  36:Drivers/CMSIS/Include/cmsis_gcc.h ****   #define __has_builtin(x) (0)
  37:Drivers/CMSIS/Include/cmsis_gcc.h **** #endif
  38:Drivers/CMSIS/Include/cmsis_gcc.h **** 
  39:Drivers/CMSIS/Include/cmsis_gcc.h **** /* CMSIS compiler specific defines */
  40:Drivers/CMSIS/Include/cmsis_gcc.h **** #ifndef   __ASM
  41:Drivers/CMSIS/Include/cmsis_gcc.h ****   #define __ASM                                  __asm
  42:Drivers/CMSIS/Include/cmsis_gcc.h **** #endif
  43:Drivers/CMSIS/Include/cmsis_gcc.h **** #ifndef   __INLINE
  44:Drivers/CMSIS/Include/cmsis_gcc.h ****   #define __INLINE                               inline
  45:Drivers/CMSIS/Include/cmsis_gcc.h **** #endif
  46:Drivers/CMSIS/Include/cmsis_gcc.h **** #ifndef   __STATIC_INLINE
  47:Drivers/CMSIS/Include/cmsis_gcc.h ****   #define __STATIC_INLINE                        static inline
  48:Drivers/CMSIS/Include/cmsis_gcc.h **** #endif
  49:Drivers/CMSIS/Include/cmsis_gcc.h **** #ifndef   __STATIC_FORCEINLINE
  50:Drivers/CMSIS/Include/cmsis_gcc.h ****   #define __STATIC_FORCEINLINE                   __attribute__((always_inline)) static inline
  51:Drivers/CMSIS/Include/cmsis_gcc.h **** #endif
  52:Drivers/CMSIS/Include/cmsis_gcc.h **** #ifndef   __NO_RETURN
  53:Drivers/CMSIS/Include/cmsis_gcc.h ****   #define __NO_RETURN                            __attribute__((__noreturn__))
  54:Drivers/CMSIS/Include/cmsis_gcc.h **** #endif
  55:Drivers/CMSIS/Include/cmsis_gcc.h **** #ifndef   __USED
  56:Drivers/CMSIS/Include/cmsis_gcc.h ****   #define __USED                                 __attribute__((used))
  57:Drivers/CMSIS/Include/cmsis_gcc.h **** #endif
  58:Drivers/CMSIS/Include/cmsis_gcc.h **** #ifndef   __WEAK
  59:Drivers/CMSIS/Include/cmsis_gcc.h ****   #define __WEAK                                 __attribute__((weak))
  60:Drivers/CMSIS/Include/cmsis_gcc.h **** #endif
  61:Drivers/CMSIS/Include/cmsis_gcc.h **** #ifndef   __PACKED
  62:Drivers/CMSIS/Include/cmsis_gcc.h ****   #define __PACKED                               __attribute__((packed, aligned(1)))
  63:Drivers/CMSIS/Include/cmsis_gcc.h **** #endif
  64:Drivers/CMSIS/Include/cmsis_gcc.h **** #ifndef   __PACKED_STRUCT
  65:Drivers/CMSIS/Include/cmsis_gcc.h ****   #define __PACKED_STRUCT                        struct __attribute__((packed, aligned(1)))
  66:Drivers/CMSIS/Include/cmsis_gcc.h **** #endif
  67:Drivers/CMSIS/Include/cmsis_gcc.h **** #ifndef   __PACKED_UNION
  68:Drivers/CMSIS/Include/cmsis_gcc.h ****   #define __PACKED_UNION                         union __attribute__((packed, aligned(1)))
  69:Drivers/CMSIS/Include/cmsis_gcc.h **** #endif
  70:Drivers/CMSIS/Include/cmsis_gcc.h **** #ifndef   __UNALIGNED_UINT32        /* deprecated */
ARM GAS  C:\Users\kaush\AppData\Local\Temp\ccalbX8O.s 			page 126


  71:Drivers/CMSIS/Include/cmsis_gcc.h ****   #pragma GCC diagnostic push
  72:Drivers/CMSIS/Include/cmsis_gcc.h ****   #pragma GCC diagnostic ignored "-Wpacked"
  73:Drivers/CMSIS/Include/cmsis_gcc.h ****   #pragma GCC diagnostic ignored "-Wattributes"
  74:Drivers/CMSIS/Include/cmsis_gcc.h ****   struct __attribute__((packed)) T_UINT32 { uint32_t v; };
  75:Drivers/CMSIS/Include/cmsis_gcc.h ****   #pragma GCC diagnostic pop
  76:Drivers/CMSIS/Include/cmsis_gcc.h ****   #define __UNALIGNED_UINT32(x)                  (((struct T_UINT32 *)(x))->v)
  77:Drivers/CMSIS/Include/cmsis_gcc.h **** #endif
  78:Drivers/CMSIS/Include/cmsis_gcc.h **** #ifndef   __UNALIGNED_UINT16_WRITE
  79:Drivers/CMSIS/Include/cmsis_gcc.h ****   #pragma GCC diagnostic push
  80:Drivers/CMSIS/Include/cmsis_gcc.h ****   #pragma GCC diagnostic ignored "-Wpacked"
  81:Drivers/CMSIS/Include/cmsis_gcc.h ****   #pragma GCC diagnostic ignored "-Wattributes"
  82:Drivers/CMSIS/Include/cmsis_gcc.h ****   __PACKED_STRUCT T_UINT16_WRITE { uint16_t v; };
  83:Drivers/CMSIS/Include/cmsis_gcc.h ****   #pragma GCC diagnostic pop
  84:Drivers/CMSIS/Include/cmsis_gcc.h ****   #define __UNALIGNED_UINT16_WRITE(addr, val)    (void)((((struct T_UINT16_WRITE *)(void *)(addr))-
  85:Drivers/CMSIS/Include/cmsis_gcc.h **** #endif
  86:Drivers/CMSIS/Include/cmsis_gcc.h **** #ifndef   __UNALIGNED_UINT16_READ
  87:Drivers/CMSIS/Include/cmsis_gcc.h ****   #pragma GCC diagnostic push
  88:Drivers/CMSIS/Include/cmsis_gcc.h ****   #pragma GCC diagnostic ignored "-Wpacked"
  89:Drivers/CMSIS/Include/cmsis_gcc.h ****   #pragma GCC diagnostic ignored "-Wattributes"
  90:Drivers/CMSIS/Include/cmsis_gcc.h ****   __PACKED_STRUCT T_UINT16_READ { uint16_t v; };
  91:Drivers/CMSIS/Include/cmsis_gcc.h ****   #pragma GCC diagnostic pop
  92:Drivers/CMSIS/Include/cmsis_gcc.h ****   #define __UNALIGNED_UINT16_READ(addr)          (((const struct T_UINT16_READ *)(const void *)(add
  93:Drivers/CMSIS/Include/cmsis_gcc.h **** #endif
  94:Drivers/CMSIS/Include/cmsis_gcc.h **** #ifndef   __UNALIGNED_UINT32_WRITE
  95:Drivers/CMSIS/Include/cmsis_gcc.h ****   #pragma GCC diagnostic push
  96:Drivers/CMSIS/Include/cmsis_gcc.h ****   #pragma GCC diagnostic ignored "-Wpacked"
  97:Drivers/CMSIS/Include/cmsis_gcc.h ****   #pragma GCC diagnostic ignored "-Wattributes"
  98:Drivers/CMSIS/Include/cmsis_gcc.h ****   __PACKED_STRUCT T_UINT32_WRITE { uint32_t v; };
  99:Drivers/CMSIS/Include/cmsis_gcc.h ****   #pragma GCC diagnostic pop
 100:Drivers/CMSIS/Include/cmsis_gcc.h ****   #define __UNALIGNED_UINT32_WRITE(addr, val)    (void)((((struct T_UINT32_WRITE *)(void *)(addr))-
 101:Drivers/CMSIS/Include/cmsis_gcc.h **** #endif
 102:Drivers/CMSIS/Include/cmsis_gcc.h **** #ifndef   __UNALIGNED_UINT32_READ
 103:Drivers/CMSIS/Include/cmsis_gcc.h ****   #pragma GCC diagnostic push
 104:Drivers/CMSIS/Include/cmsis_gcc.h ****   #pragma GCC diagnostic ignored "-Wpacked"
 105:Drivers/CMSIS/Include/cmsis_gcc.h ****   #pragma GCC diagnostic ignored "-Wattributes"
 106:Drivers/CMSIS/Include/cmsis_gcc.h ****   __PACKED_STRUCT T_UINT32_READ { uint32_t v; };
 107:Drivers/CMSIS/Include/cmsis_gcc.h ****   #pragma GCC diagnostic pop
 108:Drivers/CMSIS/Include/cmsis_gcc.h ****   #define __UNALIGNED_UINT32_READ(addr)          (((const struct T_UINT32_READ *)(const void *)(add
 109:Drivers/CMSIS/Include/cmsis_gcc.h **** #endif
 110:Drivers/CMSIS/Include/cmsis_gcc.h **** #ifndef   __ALIGNED
 111:Drivers/CMSIS/Include/cmsis_gcc.h ****   #define __ALIGNED(x)                           __attribute__((aligned(x)))
 112:Drivers/CMSIS/Include/cmsis_gcc.h **** #endif
 113:Drivers/CMSIS/Include/cmsis_gcc.h **** #ifndef   __RESTRICT
 114:Drivers/CMSIS/Include/cmsis_gcc.h ****   #define __RESTRICT                             __restrict
 115:Drivers/CMSIS/Include/cmsis_gcc.h **** #endif
 116:Drivers/CMSIS/Include/cmsis_gcc.h **** #ifndef   __COMPILER_BARRIER
 117:Drivers/CMSIS/Include/cmsis_gcc.h ****   #define __COMPILER_BARRIER()                   __ASM volatile("":::"memory")
 118:Drivers/CMSIS/Include/cmsis_gcc.h **** #endif
 119:Drivers/CMSIS/Include/cmsis_gcc.h **** 
 120:Drivers/CMSIS/Include/cmsis_gcc.h **** /* #########################  Startup and Lowlevel Init  ######################## */
 121:Drivers/CMSIS/Include/cmsis_gcc.h **** 
 122:Drivers/CMSIS/Include/cmsis_gcc.h **** #ifndef __PROGRAM_START
 123:Drivers/CMSIS/Include/cmsis_gcc.h **** 
 124:Drivers/CMSIS/Include/cmsis_gcc.h **** /**
 125:Drivers/CMSIS/Include/cmsis_gcc.h ****   \brief   Initializes data and bss sections
 126:Drivers/CMSIS/Include/cmsis_gcc.h ****   \details This default implementations initialized all data and additional bss
 127:Drivers/CMSIS/Include/cmsis_gcc.h ****            sections relying on .copy.table and .zero.table specified properly
ARM GAS  C:\Users\kaush\AppData\Local\Temp\ccalbX8O.s 			page 127


 128:Drivers/CMSIS/Include/cmsis_gcc.h ****            in the used linker script.
 129:Drivers/CMSIS/Include/cmsis_gcc.h **** 
 130:Drivers/CMSIS/Include/cmsis_gcc.h ****  */
 131:Drivers/CMSIS/Include/cmsis_gcc.h **** __STATIC_FORCEINLINE __NO_RETURN void __cmsis_start(void)
 132:Drivers/CMSIS/Include/cmsis_gcc.h **** {
 133:Drivers/CMSIS/Include/cmsis_gcc.h ****   extern void _start(void) __NO_RETURN;
 134:Drivers/CMSIS/Include/cmsis_gcc.h **** 
 135:Drivers/CMSIS/Include/cmsis_gcc.h ****   typedef struct {
 136:Drivers/CMSIS/Include/cmsis_gcc.h ****     uint32_t const* src;
 137:Drivers/CMSIS/Include/cmsis_gcc.h ****     uint32_t* dest;
 138:Drivers/CMSIS/Include/cmsis_gcc.h ****     uint32_t  wlen;
 139:Drivers/CMSIS/Include/cmsis_gcc.h ****   } __copy_table_t;
 140:Drivers/CMSIS/Include/cmsis_gcc.h **** 
 141:Drivers/CMSIS/Include/cmsis_gcc.h ****   typedef struct {
 142:Drivers/CMSIS/Include/cmsis_gcc.h ****     uint32_t* dest;
 143:Drivers/CMSIS/Include/cmsis_gcc.h ****     uint32_t  wlen;
 144:Drivers/CMSIS/Include/cmsis_gcc.h ****   } __zero_table_t;
 145:Drivers/CMSIS/Include/cmsis_gcc.h **** 
 146:Drivers/CMSIS/Include/cmsis_gcc.h ****   extern const __copy_table_t __copy_table_start__;
 147:Drivers/CMSIS/Include/cmsis_gcc.h ****   extern const __copy_table_t __copy_table_end__;
 148:Drivers/CMSIS/Include/cmsis_gcc.h ****   extern const __zero_table_t __zero_table_start__;
 149:Drivers/CMSIS/Include/cmsis_gcc.h ****   extern const __zero_table_t __zero_table_end__;
 150:Drivers/CMSIS/Include/cmsis_gcc.h **** 
 151:Drivers/CMSIS/Include/cmsis_gcc.h ****   for (__copy_table_t const* pTable = &__copy_table_start__; pTable < &__copy_table_end__; ++pTable
 152:Drivers/CMSIS/Include/cmsis_gcc.h ****     for(uint32_t i=0u; i<pTable->wlen; ++i) {
 153:Drivers/CMSIS/Include/cmsis_gcc.h ****       pTable->dest[i] = pTable->src[i];
 154:Drivers/CMSIS/Include/cmsis_gcc.h ****     }
 155:Drivers/CMSIS/Include/cmsis_gcc.h ****   }
 156:Drivers/CMSIS/Include/cmsis_gcc.h **** 
 157:Drivers/CMSIS/Include/cmsis_gcc.h ****   for (__zero_table_t const* pTable = &__zero_table_start__; pTable < &__zero_table_end__; ++pTable
 158:Drivers/CMSIS/Include/cmsis_gcc.h ****     for(uint32_t i=0u; i<pTable->wlen; ++i) {
 159:Drivers/CMSIS/Include/cmsis_gcc.h ****       pTable->dest[i] = 0u;
 160:Drivers/CMSIS/Include/cmsis_gcc.h ****     }
 161:Drivers/CMSIS/Include/cmsis_gcc.h ****   }
 162:Drivers/CMSIS/Include/cmsis_gcc.h **** 
 163:Drivers/CMSIS/Include/cmsis_gcc.h ****   _start();
 164:Drivers/CMSIS/Include/cmsis_gcc.h **** }
 165:Drivers/CMSIS/Include/cmsis_gcc.h **** 
 166:Drivers/CMSIS/Include/cmsis_gcc.h **** #define __PROGRAM_START           __cmsis_start
 167:Drivers/CMSIS/Include/cmsis_gcc.h **** #endif
 168:Drivers/CMSIS/Include/cmsis_gcc.h **** 
 169:Drivers/CMSIS/Include/cmsis_gcc.h **** #ifndef __INITIAL_SP
 170:Drivers/CMSIS/Include/cmsis_gcc.h **** #define __INITIAL_SP              __StackTop
 171:Drivers/CMSIS/Include/cmsis_gcc.h **** #endif
 172:Drivers/CMSIS/Include/cmsis_gcc.h **** 
 173:Drivers/CMSIS/Include/cmsis_gcc.h **** #ifndef __STACK_LIMIT
 174:Drivers/CMSIS/Include/cmsis_gcc.h **** #define __STACK_LIMIT             __StackLimit
 175:Drivers/CMSIS/Include/cmsis_gcc.h **** #endif
 176:Drivers/CMSIS/Include/cmsis_gcc.h **** 
 177:Drivers/CMSIS/Include/cmsis_gcc.h **** #ifndef __VECTOR_TABLE
 178:Drivers/CMSIS/Include/cmsis_gcc.h **** #define __VECTOR_TABLE            __Vectors
 179:Drivers/CMSIS/Include/cmsis_gcc.h **** #endif
 180:Drivers/CMSIS/Include/cmsis_gcc.h **** 
 181:Drivers/CMSIS/Include/cmsis_gcc.h **** #ifndef __VECTOR_TABLE_ATTRIBUTE
 182:Drivers/CMSIS/Include/cmsis_gcc.h **** #define __VECTOR_TABLE_ATTRIBUTE  __attribute__((used, section(".vectors")))
 183:Drivers/CMSIS/Include/cmsis_gcc.h **** #endif
 184:Drivers/CMSIS/Include/cmsis_gcc.h **** 
ARM GAS  C:\Users\kaush\AppData\Local\Temp\ccalbX8O.s 			page 128


 185:Drivers/CMSIS/Include/cmsis_gcc.h **** #if defined (__ARM_FEATURE_CMSE) && (__ARM_FEATURE_CMSE == 3U)
 186:Drivers/CMSIS/Include/cmsis_gcc.h **** #ifndef __STACK_SEAL
 187:Drivers/CMSIS/Include/cmsis_gcc.h **** #define __STACK_SEAL              __StackSeal
 188:Drivers/CMSIS/Include/cmsis_gcc.h **** #endif
 189:Drivers/CMSIS/Include/cmsis_gcc.h **** 
 190:Drivers/CMSIS/Include/cmsis_gcc.h **** #ifndef __TZ_STACK_SEAL_SIZE
 191:Drivers/CMSIS/Include/cmsis_gcc.h **** #define __TZ_STACK_SEAL_SIZE      8U
 192:Drivers/CMSIS/Include/cmsis_gcc.h **** #endif
 193:Drivers/CMSIS/Include/cmsis_gcc.h **** 
 194:Drivers/CMSIS/Include/cmsis_gcc.h **** #ifndef __TZ_STACK_SEAL_VALUE
 195:Drivers/CMSIS/Include/cmsis_gcc.h **** #define __TZ_STACK_SEAL_VALUE     0xFEF5EDA5FEF5EDA5ULL
 196:Drivers/CMSIS/Include/cmsis_gcc.h **** #endif
 197:Drivers/CMSIS/Include/cmsis_gcc.h **** 
 198:Drivers/CMSIS/Include/cmsis_gcc.h **** 
 199:Drivers/CMSIS/Include/cmsis_gcc.h **** __STATIC_FORCEINLINE void __TZ_set_STACKSEAL_S (uint32_t* stackTop) {
 200:Drivers/CMSIS/Include/cmsis_gcc.h ****   *((uint64_t *)stackTop) = __TZ_STACK_SEAL_VALUE;
 201:Drivers/CMSIS/Include/cmsis_gcc.h **** }
 202:Drivers/CMSIS/Include/cmsis_gcc.h **** #endif
 203:Drivers/CMSIS/Include/cmsis_gcc.h **** 
 204:Drivers/CMSIS/Include/cmsis_gcc.h **** 
 205:Drivers/CMSIS/Include/cmsis_gcc.h **** /* ##########################  Core Instruction Access  ######################### */
 206:Drivers/CMSIS/Include/cmsis_gcc.h **** /** \defgroup CMSIS_Core_InstructionInterface CMSIS Core Instruction Interface
 207:Drivers/CMSIS/Include/cmsis_gcc.h ****   Access to dedicated instructions
 208:Drivers/CMSIS/Include/cmsis_gcc.h ****   @{
 209:Drivers/CMSIS/Include/cmsis_gcc.h **** */
 210:Drivers/CMSIS/Include/cmsis_gcc.h **** 
 211:Drivers/CMSIS/Include/cmsis_gcc.h **** /* Define macros for porting to both thumb1 and thumb2.
 212:Drivers/CMSIS/Include/cmsis_gcc.h ****  * For thumb1, use low register (r0-r7), specified by constraint "l"
 213:Drivers/CMSIS/Include/cmsis_gcc.h ****  * Otherwise, use general registers, specified by constraint "r" */
 214:Drivers/CMSIS/Include/cmsis_gcc.h **** #if defined (__thumb__) && !defined (__thumb2__)
 215:Drivers/CMSIS/Include/cmsis_gcc.h **** #define __CMSIS_GCC_OUT_REG(r) "=l" (r)
 216:Drivers/CMSIS/Include/cmsis_gcc.h **** #define __CMSIS_GCC_RW_REG(r) "+l" (r)
 217:Drivers/CMSIS/Include/cmsis_gcc.h **** #define __CMSIS_GCC_USE_REG(r) "l" (r)
 218:Drivers/CMSIS/Include/cmsis_gcc.h **** #else
 219:Drivers/CMSIS/Include/cmsis_gcc.h **** #define __CMSIS_GCC_OUT_REG(r) "=r" (r)
 220:Drivers/CMSIS/Include/cmsis_gcc.h **** #define __CMSIS_GCC_RW_REG(r) "+r" (r)
 221:Drivers/CMSIS/Include/cmsis_gcc.h **** #define __CMSIS_GCC_USE_REG(r) "r" (r)
 222:Drivers/CMSIS/Include/cmsis_gcc.h **** #endif
 223:Drivers/CMSIS/Include/cmsis_gcc.h **** 
 224:Drivers/CMSIS/Include/cmsis_gcc.h **** /**
 225:Drivers/CMSIS/Include/cmsis_gcc.h ****   \brief   No Operation
 226:Drivers/CMSIS/Include/cmsis_gcc.h ****   \details No Operation does nothing. This instruction can be used for code alignment purposes.
 227:Drivers/CMSIS/Include/cmsis_gcc.h ****  */
 228:Drivers/CMSIS/Include/cmsis_gcc.h **** #define __NOP()                             __ASM volatile ("nop")
 229:Drivers/CMSIS/Include/cmsis_gcc.h **** 
 230:Drivers/CMSIS/Include/cmsis_gcc.h **** /**
 231:Drivers/CMSIS/Include/cmsis_gcc.h ****   \brief   Wait For Interrupt
 232:Drivers/CMSIS/Include/cmsis_gcc.h ****   \details Wait For Interrupt is a hint instruction that suspends execution until one of a number o
 233:Drivers/CMSIS/Include/cmsis_gcc.h ****  */
 234:Drivers/CMSIS/Include/cmsis_gcc.h **** #define __WFI()                             __ASM volatile ("wfi":::"memory")
 235:Drivers/CMSIS/Include/cmsis_gcc.h **** 
 236:Drivers/CMSIS/Include/cmsis_gcc.h **** 
 237:Drivers/CMSIS/Include/cmsis_gcc.h **** /**
 238:Drivers/CMSIS/Include/cmsis_gcc.h ****   \brief   Wait For Event
 239:Drivers/CMSIS/Include/cmsis_gcc.h ****   \details Wait For Event is a hint instruction that permits the processor to enter
 240:Drivers/CMSIS/Include/cmsis_gcc.h ****            a low-power state until one of a number of events occurs.
 241:Drivers/CMSIS/Include/cmsis_gcc.h ****  */
ARM GAS  C:\Users\kaush\AppData\Local\Temp\ccalbX8O.s 			page 129


 242:Drivers/CMSIS/Include/cmsis_gcc.h **** #define __WFE()                             __ASM volatile ("wfe":::"memory")
 243:Drivers/CMSIS/Include/cmsis_gcc.h **** 
 244:Drivers/CMSIS/Include/cmsis_gcc.h **** 
 245:Drivers/CMSIS/Include/cmsis_gcc.h **** /**
 246:Drivers/CMSIS/Include/cmsis_gcc.h ****   \brief   Send Event
 247:Drivers/CMSIS/Include/cmsis_gcc.h ****   \details Send Event is a hint instruction. It causes an event to be signaled to the CPU.
 248:Drivers/CMSIS/Include/cmsis_gcc.h ****  */
 249:Drivers/CMSIS/Include/cmsis_gcc.h **** #define __SEV()                             __ASM volatile ("sev")
 250:Drivers/CMSIS/Include/cmsis_gcc.h **** 
 251:Drivers/CMSIS/Include/cmsis_gcc.h **** 
 252:Drivers/CMSIS/Include/cmsis_gcc.h **** /**
 253:Drivers/CMSIS/Include/cmsis_gcc.h ****   \brief   Instruction Synchronization Barrier
 254:Drivers/CMSIS/Include/cmsis_gcc.h ****   \details Instruction Synchronization Barrier flushes the pipeline in the processor,
 255:Drivers/CMSIS/Include/cmsis_gcc.h ****            so that all instructions following the ISB are fetched from cache or memory,
 256:Drivers/CMSIS/Include/cmsis_gcc.h ****            after the instruction has been completed.
 257:Drivers/CMSIS/Include/cmsis_gcc.h ****  */
 258:Drivers/CMSIS/Include/cmsis_gcc.h **** __STATIC_FORCEINLINE void __ISB(void)
 259:Drivers/CMSIS/Include/cmsis_gcc.h **** {
 260:Drivers/CMSIS/Include/cmsis_gcc.h ****   __ASM volatile ("isb 0xF":::"memory");
 261:Drivers/CMSIS/Include/cmsis_gcc.h **** }
 262:Drivers/CMSIS/Include/cmsis_gcc.h **** 
 263:Drivers/CMSIS/Include/cmsis_gcc.h **** 
 264:Drivers/CMSIS/Include/cmsis_gcc.h **** /**
 265:Drivers/CMSIS/Include/cmsis_gcc.h ****   \brief   Data Synchronization Barrier
 266:Drivers/CMSIS/Include/cmsis_gcc.h ****   \details Acts as a special kind of Data Memory Barrier.
 267:Drivers/CMSIS/Include/cmsis_gcc.h ****            It completes when all explicit memory accesses before this instruction complete.
 268:Drivers/CMSIS/Include/cmsis_gcc.h ****  */
 269:Drivers/CMSIS/Include/cmsis_gcc.h **** __STATIC_FORCEINLINE void __DSB(void)
 270:Drivers/CMSIS/Include/cmsis_gcc.h **** {
 271:Drivers/CMSIS/Include/cmsis_gcc.h ****   __ASM volatile ("dsb 0xF":::"memory");
 272:Drivers/CMSIS/Include/cmsis_gcc.h **** }
 273:Drivers/CMSIS/Include/cmsis_gcc.h **** 
 274:Drivers/CMSIS/Include/cmsis_gcc.h **** 
 275:Drivers/CMSIS/Include/cmsis_gcc.h **** /**
 276:Drivers/CMSIS/Include/cmsis_gcc.h ****   \brief   Data Memory Barrier
 277:Drivers/CMSIS/Include/cmsis_gcc.h ****   \details Ensures the apparent order of the explicit memory operations before
 278:Drivers/CMSIS/Include/cmsis_gcc.h ****            and after the instruction, without ensuring their completion.
 279:Drivers/CMSIS/Include/cmsis_gcc.h ****  */
 280:Drivers/CMSIS/Include/cmsis_gcc.h **** __STATIC_FORCEINLINE void __DMB(void)
 281:Drivers/CMSIS/Include/cmsis_gcc.h **** {
 282:Drivers/CMSIS/Include/cmsis_gcc.h ****   __ASM volatile ("dmb 0xF":::"memory");
 283:Drivers/CMSIS/Include/cmsis_gcc.h **** }
 284:Drivers/CMSIS/Include/cmsis_gcc.h **** 
 285:Drivers/CMSIS/Include/cmsis_gcc.h **** 
 286:Drivers/CMSIS/Include/cmsis_gcc.h **** /**
 287:Drivers/CMSIS/Include/cmsis_gcc.h ****   \brief   Reverse byte order (32 bit)
 288:Drivers/CMSIS/Include/cmsis_gcc.h ****   \details Reverses the byte order in unsigned integer value. For example, 0x12345678 becomes 0x785
 289:Drivers/CMSIS/Include/cmsis_gcc.h ****   \param [in]    value  Value to reverse
 290:Drivers/CMSIS/Include/cmsis_gcc.h ****   \return               Reversed value
 291:Drivers/CMSIS/Include/cmsis_gcc.h ****  */
 292:Drivers/CMSIS/Include/cmsis_gcc.h **** __STATIC_FORCEINLINE uint32_t __REV(uint32_t value)
 293:Drivers/CMSIS/Include/cmsis_gcc.h **** {
 294:Drivers/CMSIS/Include/cmsis_gcc.h **** #if (__GNUC__ > 4) || (__GNUC__ == 4 && __GNUC_MINOR__ >= 5)
 295:Drivers/CMSIS/Include/cmsis_gcc.h ****   return __builtin_bswap32(value);
 296:Drivers/CMSIS/Include/cmsis_gcc.h **** #else
 297:Drivers/CMSIS/Include/cmsis_gcc.h ****   uint32_t result;
 298:Drivers/CMSIS/Include/cmsis_gcc.h **** 
ARM GAS  C:\Users\kaush\AppData\Local\Temp\ccalbX8O.s 			page 130


 299:Drivers/CMSIS/Include/cmsis_gcc.h ****   __ASM ("rev %0, %1" : __CMSIS_GCC_OUT_REG (result) : __CMSIS_GCC_USE_REG (value) );
 300:Drivers/CMSIS/Include/cmsis_gcc.h ****   return result;
 301:Drivers/CMSIS/Include/cmsis_gcc.h **** #endif
 302:Drivers/CMSIS/Include/cmsis_gcc.h **** }
 303:Drivers/CMSIS/Include/cmsis_gcc.h **** 
 304:Drivers/CMSIS/Include/cmsis_gcc.h **** 
 305:Drivers/CMSIS/Include/cmsis_gcc.h **** /**
 306:Drivers/CMSIS/Include/cmsis_gcc.h ****   \brief   Reverse byte order (16 bit)
 307:Drivers/CMSIS/Include/cmsis_gcc.h ****   \details Reverses the byte order within each halfword of a word. For example, 0x12345678 becomes 
 308:Drivers/CMSIS/Include/cmsis_gcc.h ****   \param [in]    value  Value to reverse
 309:Drivers/CMSIS/Include/cmsis_gcc.h ****   \return               Reversed value
 310:Drivers/CMSIS/Include/cmsis_gcc.h ****  */
 311:Drivers/CMSIS/Include/cmsis_gcc.h **** __STATIC_FORCEINLINE uint32_t __REV16(uint32_t value)
 312:Drivers/CMSIS/Include/cmsis_gcc.h **** {
 313:Drivers/CMSIS/Include/cmsis_gcc.h ****   uint32_t result;
 314:Drivers/CMSIS/Include/cmsis_gcc.h **** 
 315:Drivers/CMSIS/Include/cmsis_gcc.h ****   __ASM ("rev16 %0, %1" : __CMSIS_GCC_OUT_REG (result) : __CMSIS_GCC_USE_REG (value) );
 316:Drivers/CMSIS/Include/cmsis_gcc.h ****   return result;
 317:Drivers/CMSIS/Include/cmsis_gcc.h **** }
 318:Drivers/CMSIS/Include/cmsis_gcc.h **** 
 319:Drivers/CMSIS/Include/cmsis_gcc.h **** 
 320:Drivers/CMSIS/Include/cmsis_gcc.h **** /**
 321:Drivers/CMSIS/Include/cmsis_gcc.h ****   \brief   Reverse byte order (16 bit)
 322:Drivers/CMSIS/Include/cmsis_gcc.h ****   \details Reverses the byte order in a 16-bit value and returns the signed 16-bit result. For exam
 323:Drivers/CMSIS/Include/cmsis_gcc.h ****   \param [in]    value  Value to reverse
 324:Drivers/CMSIS/Include/cmsis_gcc.h ****   \return               Reversed value
 325:Drivers/CMSIS/Include/cmsis_gcc.h ****  */
 326:Drivers/CMSIS/Include/cmsis_gcc.h **** __STATIC_FORCEINLINE int16_t __REVSH(int16_t value)
 327:Drivers/CMSIS/Include/cmsis_gcc.h **** {
 328:Drivers/CMSIS/Include/cmsis_gcc.h **** #if (__GNUC__ > 4) || (__GNUC__ == 4 && __GNUC_MINOR__ >= 8)
 329:Drivers/CMSIS/Include/cmsis_gcc.h ****   return (int16_t)__builtin_bswap16(value);
 330:Drivers/CMSIS/Include/cmsis_gcc.h **** #else
 331:Drivers/CMSIS/Include/cmsis_gcc.h ****   int16_t result;
 332:Drivers/CMSIS/Include/cmsis_gcc.h **** 
 333:Drivers/CMSIS/Include/cmsis_gcc.h ****   __ASM ("revsh %0, %1" : __CMSIS_GCC_OUT_REG (result) : __CMSIS_GCC_USE_REG (value) );
 334:Drivers/CMSIS/Include/cmsis_gcc.h ****   return result;
 335:Drivers/CMSIS/Include/cmsis_gcc.h **** #endif
 336:Drivers/CMSIS/Include/cmsis_gcc.h **** }
 337:Drivers/CMSIS/Include/cmsis_gcc.h **** 
 338:Drivers/CMSIS/Include/cmsis_gcc.h **** 
 339:Drivers/CMSIS/Include/cmsis_gcc.h **** /**
 340:Drivers/CMSIS/Include/cmsis_gcc.h ****   \brief   Rotate Right in unsigned value (32 bit)
 341:Drivers/CMSIS/Include/cmsis_gcc.h ****   \details Rotate Right (immediate) provides the value of the contents of a register rotated by a v
 342:Drivers/CMSIS/Include/cmsis_gcc.h ****   \param [in]    op1  Value to rotate
 343:Drivers/CMSIS/Include/cmsis_gcc.h ****   \param [in]    op2  Number of Bits to rotate
 344:Drivers/CMSIS/Include/cmsis_gcc.h ****   \return               Rotated value
 345:Drivers/CMSIS/Include/cmsis_gcc.h ****  */
 346:Drivers/CMSIS/Include/cmsis_gcc.h **** __STATIC_FORCEINLINE uint32_t __ROR(uint32_t op1, uint32_t op2)
 347:Drivers/CMSIS/Include/cmsis_gcc.h **** {
 348:Drivers/CMSIS/Include/cmsis_gcc.h ****   op2 %= 32U;
 349:Drivers/CMSIS/Include/cmsis_gcc.h ****   if (op2 == 0U)
 350:Drivers/CMSIS/Include/cmsis_gcc.h ****   {
 351:Drivers/CMSIS/Include/cmsis_gcc.h ****     return op1;
 352:Drivers/CMSIS/Include/cmsis_gcc.h ****   }
 353:Drivers/CMSIS/Include/cmsis_gcc.h ****   return (op1 >> op2) | (op1 << (32U - op2));
 354:Drivers/CMSIS/Include/cmsis_gcc.h **** }
 355:Drivers/CMSIS/Include/cmsis_gcc.h **** 
ARM GAS  C:\Users\kaush\AppData\Local\Temp\ccalbX8O.s 			page 131


 356:Drivers/CMSIS/Include/cmsis_gcc.h **** 
 357:Drivers/CMSIS/Include/cmsis_gcc.h **** /**
 358:Drivers/CMSIS/Include/cmsis_gcc.h ****   \brief   Breakpoint
 359:Drivers/CMSIS/Include/cmsis_gcc.h ****   \details Causes the processor to enter Debug state.
 360:Drivers/CMSIS/Include/cmsis_gcc.h ****            Debug tools can use this to investigate system state when the instruction at a particula
 361:Drivers/CMSIS/Include/cmsis_gcc.h ****   \param [in]    value  is ignored by the processor.
 362:Drivers/CMSIS/Include/cmsis_gcc.h ****                  If required, a debugger can use it to store additional information about the break
 363:Drivers/CMSIS/Include/cmsis_gcc.h ****  */
 364:Drivers/CMSIS/Include/cmsis_gcc.h **** #define __BKPT(value)                       __ASM volatile ("bkpt "#value)
 365:Drivers/CMSIS/Include/cmsis_gcc.h **** 
 366:Drivers/CMSIS/Include/cmsis_gcc.h **** 
 367:Drivers/CMSIS/Include/cmsis_gcc.h **** /**
 368:Drivers/CMSIS/Include/cmsis_gcc.h ****   \brief   Reverse bit order of value
 369:Drivers/CMSIS/Include/cmsis_gcc.h ****   \details Reverses the bit order of the given value.
 370:Drivers/CMSIS/Include/cmsis_gcc.h ****   \param [in]    value  Value to reverse
 371:Drivers/CMSIS/Include/cmsis_gcc.h ****   \return               Reversed value
 372:Drivers/CMSIS/Include/cmsis_gcc.h ****  */
 373:Drivers/CMSIS/Include/cmsis_gcc.h **** __STATIC_FORCEINLINE uint32_t __RBIT(uint32_t value)
 374:Drivers/CMSIS/Include/cmsis_gcc.h **** {
 375:Drivers/CMSIS/Include/cmsis_gcc.h ****   uint32_t result;
 376:Drivers/CMSIS/Include/cmsis_gcc.h **** 
 377:Drivers/CMSIS/Include/cmsis_gcc.h **** #if ((defined (__ARM_ARCH_7M__      ) && (__ARM_ARCH_7M__      == 1)) || \
 378:Drivers/CMSIS/Include/cmsis_gcc.h ****      (defined (__ARM_ARCH_7EM__     ) && (__ARM_ARCH_7EM__     == 1)) || \
 379:Drivers/CMSIS/Include/cmsis_gcc.h ****      (defined (__ARM_ARCH_8M_MAIN__ ) && (__ARM_ARCH_8M_MAIN__ == 1))    )
 380:Drivers/CMSIS/Include/cmsis_gcc.h ****    __ASM ("rbit %0, %1" : "=r" (result) : "r" (value) );
 381:Drivers/CMSIS/Include/cmsis_gcc.h **** #else
 382:Drivers/CMSIS/Include/cmsis_gcc.h ****   uint32_t s = (4U /*sizeof(v)*/ * 8U) - 1U; /* extra shift needed at end */
 383:Drivers/CMSIS/Include/cmsis_gcc.h **** 
 384:Drivers/CMSIS/Include/cmsis_gcc.h ****   result = value;                      /* r will be reversed bits of v; first get LSB of v */
 385:Drivers/CMSIS/Include/cmsis_gcc.h ****   for (value >>= 1U; value != 0U; value >>= 1U)
 386:Drivers/CMSIS/Include/cmsis_gcc.h ****   {
 387:Drivers/CMSIS/Include/cmsis_gcc.h ****     result <<= 1U;
 388:Drivers/CMSIS/Include/cmsis_gcc.h ****     result |= value & 1U;
 389:Drivers/CMSIS/Include/cmsis_gcc.h ****     s--;
 390:Drivers/CMSIS/Include/cmsis_gcc.h ****   }
 391:Drivers/CMSIS/Include/cmsis_gcc.h ****   result <<= s;                        /* shift when v's highest bits are zero */
 392:Drivers/CMSIS/Include/cmsis_gcc.h **** #endif
 393:Drivers/CMSIS/Include/cmsis_gcc.h ****   return result;
 394:Drivers/CMSIS/Include/cmsis_gcc.h **** }
 395:Drivers/CMSIS/Include/cmsis_gcc.h **** 
 396:Drivers/CMSIS/Include/cmsis_gcc.h **** 
 397:Drivers/CMSIS/Include/cmsis_gcc.h **** /**
 398:Drivers/CMSIS/Include/cmsis_gcc.h ****   \brief   Count leading zeros
 399:Drivers/CMSIS/Include/cmsis_gcc.h ****   \details Counts the number of leading zeros of a data value.
 400:Drivers/CMSIS/Include/cmsis_gcc.h ****   \param [in]  value  Value to count the leading zeros
 401:Drivers/CMSIS/Include/cmsis_gcc.h ****   \return             number of leading zeros in value
 402:Drivers/CMSIS/Include/cmsis_gcc.h ****  */
 403:Drivers/CMSIS/Include/cmsis_gcc.h **** __STATIC_FORCEINLINE uint8_t __CLZ(uint32_t value)
 404:Drivers/CMSIS/Include/cmsis_gcc.h **** {
 405:Drivers/CMSIS/Include/cmsis_gcc.h ****   /* Even though __builtin_clz produces a CLZ instruction on ARM, formally
 406:Drivers/CMSIS/Include/cmsis_gcc.h ****      __builtin_clz(0) is undefined behaviour, so handle this case specially.
 407:Drivers/CMSIS/Include/cmsis_gcc.h ****      This guarantees ARM-compatible results if happening to compile on a non-ARM
 408:Drivers/CMSIS/Include/cmsis_gcc.h ****      target, and ensures the compiler doesn't decide to activate any
 409:Drivers/CMSIS/Include/cmsis_gcc.h ****      optimisations using the logic "value was passed to __builtin_clz, so it
 410:Drivers/CMSIS/Include/cmsis_gcc.h ****      is non-zero".
 411:Drivers/CMSIS/Include/cmsis_gcc.h ****      ARM GCC 7.3 and possibly earlier will optimise this test away, leaving a
 412:Drivers/CMSIS/Include/cmsis_gcc.h ****      single CLZ instruction.
ARM GAS  C:\Users\kaush\AppData\Local\Temp\ccalbX8O.s 			page 132


 413:Drivers/CMSIS/Include/cmsis_gcc.h ****    */
 414:Drivers/CMSIS/Include/cmsis_gcc.h ****   if (value == 0U)
 415:Drivers/CMSIS/Include/cmsis_gcc.h ****   {
 416:Drivers/CMSIS/Include/cmsis_gcc.h ****     return 32U;
 417:Drivers/CMSIS/Include/cmsis_gcc.h ****   }
 418:Drivers/CMSIS/Include/cmsis_gcc.h ****   return __builtin_clz(value);
 419:Drivers/CMSIS/Include/cmsis_gcc.h **** }
 420:Drivers/CMSIS/Include/cmsis_gcc.h **** 
 421:Drivers/CMSIS/Include/cmsis_gcc.h **** 
 422:Drivers/CMSIS/Include/cmsis_gcc.h **** #if ((defined (__ARM_ARCH_7M__      ) && (__ARM_ARCH_7M__      == 1)) || \
 423:Drivers/CMSIS/Include/cmsis_gcc.h ****      (defined (__ARM_ARCH_7EM__     ) && (__ARM_ARCH_7EM__     == 1)) || \
 424:Drivers/CMSIS/Include/cmsis_gcc.h ****      (defined (__ARM_ARCH_8M_MAIN__ ) && (__ARM_ARCH_8M_MAIN__ == 1)) || \
 425:Drivers/CMSIS/Include/cmsis_gcc.h ****      (defined (__ARM_ARCH_8M_BASE__ ) && (__ARM_ARCH_8M_BASE__ == 1))    )
 426:Drivers/CMSIS/Include/cmsis_gcc.h **** /**
 427:Drivers/CMSIS/Include/cmsis_gcc.h ****   \brief   LDR Exclusive (8 bit)
 428:Drivers/CMSIS/Include/cmsis_gcc.h ****   \details Executes a exclusive LDR instruction for 8 bit value.
 429:Drivers/CMSIS/Include/cmsis_gcc.h ****   \param [in]    ptr  Pointer to data
 430:Drivers/CMSIS/Include/cmsis_gcc.h ****   \return             value of type uint8_t at (*ptr)
 431:Drivers/CMSIS/Include/cmsis_gcc.h ****  */
 432:Drivers/CMSIS/Include/cmsis_gcc.h **** __STATIC_FORCEINLINE uint8_t __LDREXB(volatile uint8_t *addr)
 433:Drivers/CMSIS/Include/cmsis_gcc.h **** {
 434:Drivers/CMSIS/Include/cmsis_gcc.h ****     uint32_t result;
 435:Drivers/CMSIS/Include/cmsis_gcc.h **** 
 436:Drivers/CMSIS/Include/cmsis_gcc.h **** #if (__GNUC__ > 4) || (__GNUC__ == 4 && __GNUC_MINOR__ >= 8)
 437:Drivers/CMSIS/Include/cmsis_gcc.h ****    __ASM volatile ("ldrexb %0, %1" : "=r" (result) : "Q" (*addr) );
 438:Drivers/CMSIS/Include/cmsis_gcc.h **** #else
 439:Drivers/CMSIS/Include/cmsis_gcc.h ****     /* Prior to GCC 4.8, "Q" will be expanded to [rx, #0] which is not
 440:Drivers/CMSIS/Include/cmsis_gcc.h ****        accepted by assembler. So has to use following less efficient pattern.
 441:Drivers/CMSIS/Include/cmsis_gcc.h ****     */
 442:Drivers/CMSIS/Include/cmsis_gcc.h ****    __ASM volatile ("ldrexb %0, [%1]" : "=r" (result) : "r" (addr) : "memory" );
 443:Drivers/CMSIS/Include/cmsis_gcc.h **** #endif
 444:Drivers/CMSIS/Include/cmsis_gcc.h ****    return ((uint8_t) result);    /* Add explicit type cast here */
 445:Drivers/CMSIS/Include/cmsis_gcc.h **** }
 446:Drivers/CMSIS/Include/cmsis_gcc.h **** 
 447:Drivers/CMSIS/Include/cmsis_gcc.h **** 
 448:Drivers/CMSIS/Include/cmsis_gcc.h **** /**
 449:Drivers/CMSIS/Include/cmsis_gcc.h ****   \brief   LDR Exclusive (16 bit)
 450:Drivers/CMSIS/Include/cmsis_gcc.h ****   \details Executes a exclusive LDR instruction for 16 bit values.
 451:Drivers/CMSIS/Include/cmsis_gcc.h ****   \param [in]    ptr  Pointer to data
 452:Drivers/CMSIS/Include/cmsis_gcc.h ****   \return        value of type uint16_t at (*ptr)
 453:Drivers/CMSIS/Include/cmsis_gcc.h ****  */
 454:Drivers/CMSIS/Include/cmsis_gcc.h **** __STATIC_FORCEINLINE uint16_t __LDREXH(volatile uint16_t *addr)
 455:Drivers/CMSIS/Include/cmsis_gcc.h **** {
 456:Drivers/CMSIS/Include/cmsis_gcc.h ****     uint32_t result;
 457:Drivers/CMSIS/Include/cmsis_gcc.h **** 
 458:Drivers/CMSIS/Include/cmsis_gcc.h **** #if (__GNUC__ > 4) || (__GNUC__ == 4 && __GNUC_MINOR__ >= 8)
 459:Drivers/CMSIS/Include/cmsis_gcc.h ****    __ASM volatile ("ldrexh %0, %1" : "=r" (result) : "Q" (*addr) );
 460:Drivers/CMSIS/Include/cmsis_gcc.h **** #else
 461:Drivers/CMSIS/Include/cmsis_gcc.h ****     /* Prior to GCC 4.8, "Q" will be expanded to [rx, #0] which is not
 462:Drivers/CMSIS/Include/cmsis_gcc.h ****        accepted by assembler. So has to use following less efficient pattern.
 463:Drivers/CMSIS/Include/cmsis_gcc.h ****     */
 464:Drivers/CMSIS/Include/cmsis_gcc.h ****    __ASM volatile ("ldrexh %0, [%1]" : "=r" (result) : "r" (addr) : "memory" );
 465:Drivers/CMSIS/Include/cmsis_gcc.h **** #endif
 466:Drivers/CMSIS/Include/cmsis_gcc.h ****    return ((uint16_t) result);    /* Add explicit type cast here */
 467:Drivers/CMSIS/Include/cmsis_gcc.h **** }
 468:Drivers/CMSIS/Include/cmsis_gcc.h **** 
 469:Drivers/CMSIS/Include/cmsis_gcc.h **** 
ARM GAS  C:\Users\kaush\AppData\Local\Temp\ccalbX8O.s 			page 133


 470:Drivers/CMSIS/Include/cmsis_gcc.h **** /**
 471:Drivers/CMSIS/Include/cmsis_gcc.h ****   \brief   LDR Exclusive (32 bit)
 472:Drivers/CMSIS/Include/cmsis_gcc.h ****   \details Executes a exclusive LDR instruction for 32 bit values.
 473:Drivers/CMSIS/Include/cmsis_gcc.h ****   \param [in]    ptr  Pointer to data
 474:Drivers/CMSIS/Include/cmsis_gcc.h ****   \return        value of type uint32_t at (*ptr)
 475:Drivers/CMSIS/Include/cmsis_gcc.h ****  */
 476:Drivers/CMSIS/Include/cmsis_gcc.h **** __STATIC_FORCEINLINE uint32_t __LDREXW(volatile uint32_t *addr)
 477:Drivers/CMSIS/Include/cmsis_gcc.h **** {
 478:Drivers/CMSIS/Include/cmsis_gcc.h ****     uint32_t result;
 479:Drivers/CMSIS/Include/cmsis_gcc.h **** 
 480:Drivers/CMSIS/Include/cmsis_gcc.h ****    __ASM volatile ("ldrex %0, %1" : "=r" (result) : "Q" (*addr) );
 481:Drivers/CMSIS/Include/cmsis_gcc.h ****    return(result);
 482:Drivers/CMSIS/Include/cmsis_gcc.h **** }
 483:Drivers/CMSIS/Include/cmsis_gcc.h **** 
 484:Drivers/CMSIS/Include/cmsis_gcc.h **** 
 485:Drivers/CMSIS/Include/cmsis_gcc.h **** /**
 486:Drivers/CMSIS/Include/cmsis_gcc.h ****   \brief   STR Exclusive (8 bit)
 487:Drivers/CMSIS/Include/cmsis_gcc.h ****   \details Executes a exclusive STR instruction for 8 bit values.
 488:Drivers/CMSIS/Include/cmsis_gcc.h ****   \param [in]  value  Value to store
 489:Drivers/CMSIS/Include/cmsis_gcc.h ****   \param [in]    ptr  Pointer to location
 490:Drivers/CMSIS/Include/cmsis_gcc.h ****   \return          0  Function succeeded
 491:Drivers/CMSIS/Include/cmsis_gcc.h ****   \return          1  Function failed
 492:Drivers/CMSIS/Include/cmsis_gcc.h ****  */
 493:Drivers/CMSIS/Include/cmsis_gcc.h **** __STATIC_FORCEINLINE uint32_t __STREXB(uint8_t value, volatile uint8_t *addr)
 494:Drivers/CMSIS/Include/cmsis_gcc.h **** {
 495:Drivers/CMSIS/Include/cmsis_gcc.h ****    uint32_t result;
 496:Drivers/CMSIS/Include/cmsis_gcc.h **** 
 497:Drivers/CMSIS/Include/cmsis_gcc.h ****    __ASM volatile ("strexb %0, %2, %1" : "=&r" (result), "=Q" (*addr) : "r" ((uint32_t)value) );
 498:Drivers/CMSIS/Include/cmsis_gcc.h ****    return(result);
 499:Drivers/CMSIS/Include/cmsis_gcc.h **** }
 500:Drivers/CMSIS/Include/cmsis_gcc.h **** 
 501:Drivers/CMSIS/Include/cmsis_gcc.h **** 
 502:Drivers/CMSIS/Include/cmsis_gcc.h **** /**
 503:Drivers/CMSIS/Include/cmsis_gcc.h ****   \brief   STR Exclusive (16 bit)
 504:Drivers/CMSIS/Include/cmsis_gcc.h ****   \details Executes a exclusive STR instruction for 16 bit values.
 505:Drivers/CMSIS/Include/cmsis_gcc.h ****   \param [in]  value  Value to store
 506:Drivers/CMSIS/Include/cmsis_gcc.h ****   \param [in]    ptr  Pointer to location
 507:Drivers/CMSIS/Include/cmsis_gcc.h ****   \return          0  Function succeeded
 508:Drivers/CMSIS/Include/cmsis_gcc.h ****   \return          1  Function failed
 509:Drivers/CMSIS/Include/cmsis_gcc.h ****  */
 510:Drivers/CMSIS/Include/cmsis_gcc.h **** __STATIC_FORCEINLINE uint32_t __STREXH(uint16_t value, volatile uint16_t *addr)
 511:Drivers/CMSIS/Include/cmsis_gcc.h **** {
 512:Drivers/CMSIS/Include/cmsis_gcc.h ****    uint32_t result;
 513:Drivers/CMSIS/Include/cmsis_gcc.h **** 
 514:Drivers/CMSIS/Include/cmsis_gcc.h ****    __ASM volatile ("strexh %0, %2, %1" : "=&r" (result), "=Q" (*addr) : "r" ((uint32_t)value) );
 515:Drivers/CMSIS/Include/cmsis_gcc.h ****    return(result);
 516:Drivers/CMSIS/Include/cmsis_gcc.h **** }
 517:Drivers/CMSIS/Include/cmsis_gcc.h **** 
 518:Drivers/CMSIS/Include/cmsis_gcc.h **** 
 519:Drivers/CMSIS/Include/cmsis_gcc.h **** /**
 520:Drivers/CMSIS/Include/cmsis_gcc.h ****   \brief   STR Exclusive (32 bit)
 521:Drivers/CMSIS/Include/cmsis_gcc.h ****   \details Executes a exclusive STR instruction for 32 bit values.
 522:Drivers/CMSIS/Include/cmsis_gcc.h ****   \param [in]  value  Value to store
 523:Drivers/CMSIS/Include/cmsis_gcc.h ****   \param [in]    ptr  Pointer to location
 524:Drivers/CMSIS/Include/cmsis_gcc.h ****   \return          0  Function succeeded
 525:Drivers/CMSIS/Include/cmsis_gcc.h ****   \return          1  Function failed
 526:Drivers/CMSIS/Include/cmsis_gcc.h ****  */
ARM GAS  C:\Users\kaush\AppData\Local\Temp\ccalbX8O.s 			page 134


 527:Drivers/CMSIS/Include/cmsis_gcc.h **** __STATIC_FORCEINLINE uint32_t __STREXW(uint32_t value, volatile uint32_t *addr)
 528:Drivers/CMSIS/Include/cmsis_gcc.h **** {
 529:Drivers/CMSIS/Include/cmsis_gcc.h ****    uint32_t result;
 530:Drivers/CMSIS/Include/cmsis_gcc.h **** 
 531:Drivers/CMSIS/Include/cmsis_gcc.h ****    __ASM volatile ("strex %0, %2, %1" : "=&r" (result), "=Q" (*addr) : "r" (value) );
 532:Drivers/CMSIS/Include/cmsis_gcc.h ****    return(result);
 533:Drivers/CMSIS/Include/cmsis_gcc.h **** }
 534:Drivers/CMSIS/Include/cmsis_gcc.h **** 
 535:Drivers/CMSIS/Include/cmsis_gcc.h **** 
 536:Drivers/CMSIS/Include/cmsis_gcc.h **** /**
 537:Drivers/CMSIS/Include/cmsis_gcc.h ****   \brief   Remove the exclusive lock
 538:Drivers/CMSIS/Include/cmsis_gcc.h ****   \details Removes the exclusive lock which is created by LDREX.
 539:Drivers/CMSIS/Include/cmsis_gcc.h ****  */
 540:Drivers/CMSIS/Include/cmsis_gcc.h **** __STATIC_FORCEINLINE void __CLREX(void)
 541:Drivers/CMSIS/Include/cmsis_gcc.h **** {
 542:Drivers/CMSIS/Include/cmsis_gcc.h ****   __ASM volatile ("clrex" ::: "memory");
 543:Drivers/CMSIS/Include/cmsis_gcc.h **** }
 544:Drivers/CMSIS/Include/cmsis_gcc.h **** 
 545:Drivers/CMSIS/Include/cmsis_gcc.h **** #endif /* ((defined (__ARM_ARCH_7M__      ) && (__ARM_ARCH_7M__      == 1)) || \
 546:Drivers/CMSIS/Include/cmsis_gcc.h ****            (defined (__ARM_ARCH_7EM__     ) && (__ARM_ARCH_7EM__     == 1)) || \
 547:Drivers/CMSIS/Include/cmsis_gcc.h ****            (defined (__ARM_ARCH_8M_MAIN__ ) && (__ARM_ARCH_8M_MAIN__ == 1)) || \
 548:Drivers/CMSIS/Include/cmsis_gcc.h ****            (defined (__ARM_ARCH_8M_BASE__ ) && (__ARM_ARCH_8M_BASE__ == 1))    ) */
 549:Drivers/CMSIS/Include/cmsis_gcc.h **** 
 550:Drivers/CMSIS/Include/cmsis_gcc.h **** 
 551:Drivers/CMSIS/Include/cmsis_gcc.h **** #if ((defined (__ARM_ARCH_7M__      ) && (__ARM_ARCH_7M__      == 1)) || \
 552:Drivers/CMSIS/Include/cmsis_gcc.h ****      (defined (__ARM_ARCH_7EM__     ) && (__ARM_ARCH_7EM__     == 1)) || \
 553:Drivers/CMSIS/Include/cmsis_gcc.h ****      (defined (__ARM_ARCH_8M_MAIN__ ) && (__ARM_ARCH_8M_MAIN__ == 1))    )
 554:Drivers/CMSIS/Include/cmsis_gcc.h **** /**
 555:Drivers/CMSIS/Include/cmsis_gcc.h ****   \brief   Signed Saturate
 556:Drivers/CMSIS/Include/cmsis_gcc.h ****   \details Saturates a signed value.
 557:Drivers/CMSIS/Include/cmsis_gcc.h ****   \param [in]  ARG1  Value to be saturated
 558:Drivers/CMSIS/Include/cmsis_gcc.h ****   \param [in]  ARG2  Bit position to saturate to (1..32)
 559:Drivers/CMSIS/Include/cmsis_gcc.h ****   \return             Saturated value
 560:Drivers/CMSIS/Include/cmsis_gcc.h ****  */
 561:Drivers/CMSIS/Include/cmsis_gcc.h **** #define __SSAT(ARG1, ARG2) \
 562:Drivers/CMSIS/Include/cmsis_gcc.h **** __extension__ \
 563:Drivers/CMSIS/Include/cmsis_gcc.h **** ({                          \
 564:Drivers/CMSIS/Include/cmsis_gcc.h ****   int32_t __RES, __ARG1 = (ARG1); \
 565:Drivers/CMSIS/Include/cmsis_gcc.h ****   __ASM volatile ("ssat %0, %1, %2" : "=r" (__RES) :  "I" (ARG2), "r" (__ARG1) : "cc" ); \
 566:Drivers/CMSIS/Include/cmsis_gcc.h ****   __RES; \
 567:Drivers/CMSIS/Include/cmsis_gcc.h ****  })
 568:Drivers/CMSIS/Include/cmsis_gcc.h **** 
 569:Drivers/CMSIS/Include/cmsis_gcc.h **** 
 570:Drivers/CMSIS/Include/cmsis_gcc.h **** /**
 571:Drivers/CMSIS/Include/cmsis_gcc.h ****   \brief   Unsigned Saturate
 572:Drivers/CMSIS/Include/cmsis_gcc.h ****   \details Saturates an unsigned value.
 573:Drivers/CMSIS/Include/cmsis_gcc.h ****   \param [in]  ARG1  Value to be saturated
 574:Drivers/CMSIS/Include/cmsis_gcc.h ****   \param [in]  ARG2  Bit position to saturate to (0..31)
 575:Drivers/CMSIS/Include/cmsis_gcc.h ****   \return             Saturated value
 576:Drivers/CMSIS/Include/cmsis_gcc.h ****  */
 577:Drivers/CMSIS/Include/cmsis_gcc.h **** #define __USAT(ARG1, ARG2) \
 578:Drivers/CMSIS/Include/cmsis_gcc.h **** __extension__ \
 579:Drivers/CMSIS/Include/cmsis_gcc.h **** ({                          \
 580:Drivers/CMSIS/Include/cmsis_gcc.h ****   uint32_t __RES, __ARG1 = (ARG1); \
 581:Drivers/CMSIS/Include/cmsis_gcc.h ****   __ASM volatile ("usat %0, %1, %2" : "=r" (__RES) :  "I" (ARG2), "r" (__ARG1) : "cc" ); \
 582:Drivers/CMSIS/Include/cmsis_gcc.h ****   __RES; \
 583:Drivers/CMSIS/Include/cmsis_gcc.h ****  })
ARM GAS  C:\Users\kaush\AppData\Local\Temp\ccalbX8O.s 			page 135


 584:Drivers/CMSIS/Include/cmsis_gcc.h **** 
 585:Drivers/CMSIS/Include/cmsis_gcc.h **** 
 586:Drivers/CMSIS/Include/cmsis_gcc.h **** /**
 587:Drivers/CMSIS/Include/cmsis_gcc.h ****   \brief   Rotate Right with Extend (32 bit)
 588:Drivers/CMSIS/Include/cmsis_gcc.h ****   \details Moves each bit of a bitstring right by one bit.
 589:Drivers/CMSIS/Include/cmsis_gcc.h ****            The carry input is shifted in at the left end of the bitstring.
 590:Drivers/CMSIS/Include/cmsis_gcc.h ****   \param [in]    value  Value to rotate
 591:Drivers/CMSIS/Include/cmsis_gcc.h ****   \return               Rotated value
 592:Drivers/CMSIS/Include/cmsis_gcc.h ****  */
 593:Drivers/CMSIS/Include/cmsis_gcc.h **** __STATIC_FORCEINLINE uint32_t __RRX(uint32_t value)
 594:Drivers/CMSIS/Include/cmsis_gcc.h **** {
 595:Drivers/CMSIS/Include/cmsis_gcc.h ****   uint32_t result;
 596:Drivers/CMSIS/Include/cmsis_gcc.h **** 
 597:Drivers/CMSIS/Include/cmsis_gcc.h ****   __ASM volatile ("rrx %0, %1" : __CMSIS_GCC_OUT_REG (result) : __CMSIS_GCC_USE_REG (value) );
 598:Drivers/CMSIS/Include/cmsis_gcc.h ****   return(result);
 599:Drivers/CMSIS/Include/cmsis_gcc.h **** }
 600:Drivers/CMSIS/Include/cmsis_gcc.h **** 
 601:Drivers/CMSIS/Include/cmsis_gcc.h **** 
 602:Drivers/CMSIS/Include/cmsis_gcc.h **** /**
 603:Drivers/CMSIS/Include/cmsis_gcc.h ****   \brief   LDRT Unprivileged (8 bit)
 604:Drivers/CMSIS/Include/cmsis_gcc.h ****   \details Executes a Unprivileged LDRT instruction for 8 bit value.
 605:Drivers/CMSIS/Include/cmsis_gcc.h ****   \param [in]    ptr  Pointer to data
 606:Drivers/CMSIS/Include/cmsis_gcc.h ****   \return             value of type uint8_t at (*ptr)
 607:Drivers/CMSIS/Include/cmsis_gcc.h ****  */
 608:Drivers/CMSIS/Include/cmsis_gcc.h **** __STATIC_FORCEINLINE uint8_t __LDRBT(volatile uint8_t *ptr)
 609:Drivers/CMSIS/Include/cmsis_gcc.h **** {
 610:Drivers/CMSIS/Include/cmsis_gcc.h ****     uint32_t result;
 611:Drivers/CMSIS/Include/cmsis_gcc.h **** 
 612:Drivers/CMSIS/Include/cmsis_gcc.h **** #if (__GNUC__ > 4) || (__GNUC__ == 4 && __GNUC_MINOR__ >= 8)
 613:Drivers/CMSIS/Include/cmsis_gcc.h ****    __ASM volatile ("ldrbt %0, %1" : "=r" (result) : "Q" (*ptr) );
 614:Drivers/CMSIS/Include/cmsis_gcc.h **** #else
 615:Drivers/CMSIS/Include/cmsis_gcc.h ****     /* Prior to GCC 4.8, "Q" will be expanded to [rx, #0] which is not
 616:Drivers/CMSIS/Include/cmsis_gcc.h ****        accepted by assembler. So has to use following less efficient pattern.
 617:Drivers/CMSIS/Include/cmsis_gcc.h ****     */
 618:Drivers/CMSIS/Include/cmsis_gcc.h ****    __ASM volatile ("ldrbt %0, [%1]" : "=r" (result) : "r" (ptr) : "memory" );
 619:Drivers/CMSIS/Include/cmsis_gcc.h **** #endif
 620:Drivers/CMSIS/Include/cmsis_gcc.h ****    return ((uint8_t) result);    /* Add explicit type cast here */
 621:Drivers/CMSIS/Include/cmsis_gcc.h **** }
 622:Drivers/CMSIS/Include/cmsis_gcc.h **** 
 623:Drivers/CMSIS/Include/cmsis_gcc.h **** 
 624:Drivers/CMSIS/Include/cmsis_gcc.h **** /**
 625:Drivers/CMSIS/Include/cmsis_gcc.h ****   \brief   LDRT Unprivileged (16 bit)
 626:Drivers/CMSIS/Include/cmsis_gcc.h ****   \details Executes a Unprivileged LDRT instruction for 16 bit values.
 627:Drivers/CMSIS/Include/cmsis_gcc.h ****   \param [in]    ptr  Pointer to data
 628:Drivers/CMSIS/Include/cmsis_gcc.h ****   \return        value of type uint16_t at (*ptr)
 629:Drivers/CMSIS/Include/cmsis_gcc.h ****  */
 630:Drivers/CMSIS/Include/cmsis_gcc.h **** __STATIC_FORCEINLINE uint16_t __LDRHT(volatile uint16_t *ptr)
 631:Drivers/CMSIS/Include/cmsis_gcc.h **** {
 632:Drivers/CMSIS/Include/cmsis_gcc.h ****     uint32_t result;
 633:Drivers/CMSIS/Include/cmsis_gcc.h **** 
 634:Drivers/CMSIS/Include/cmsis_gcc.h **** #if (__GNUC__ > 4) || (__GNUC__ == 4 && __GNUC_MINOR__ >= 8)
 635:Drivers/CMSIS/Include/cmsis_gcc.h ****    __ASM volatile ("ldrht %0, %1" : "=r" (result) : "Q" (*ptr) );
 636:Drivers/CMSIS/Include/cmsis_gcc.h **** #else
 637:Drivers/CMSIS/Include/cmsis_gcc.h ****     /* Prior to GCC 4.8, "Q" will be expanded to [rx, #0] which is not
 638:Drivers/CMSIS/Include/cmsis_gcc.h ****        accepted by assembler. So has to use following less efficient pattern.
 639:Drivers/CMSIS/Include/cmsis_gcc.h ****     */
 640:Drivers/CMSIS/Include/cmsis_gcc.h ****    __ASM volatile ("ldrht %0, [%1]" : "=r" (result) : "r" (ptr) : "memory" );
ARM GAS  C:\Users\kaush\AppData\Local\Temp\ccalbX8O.s 			page 136


 641:Drivers/CMSIS/Include/cmsis_gcc.h **** #endif
 642:Drivers/CMSIS/Include/cmsis_gcc.h ****    return ((uint16_t) result);    /* Add explicit type cast here */
 643:Drivers/CMSIS/Include/cmsis_gcc.h **** }
 644:Drivers/CMSIS/Include/cmsis_gcc.h **** 
 645:Drivers/CMSIS/Include/cmsis_gcc.h **** 
 646:Drivers/CMSIS/Include/cmsis_gcc.h **** /**
 647:Drivers/CMSIS/Include/cmsis_gcc.h ****   \brief   LDRT Unprivileged (32 bit)
 648:Drivers/CMSIS/Include/cmsis_gcc.h ****   \details Executes a Unprivileged LDRT instruction for 32 bit values.
 649:Drivers/CMSIS/Include/cmsis_gcc.h ****   \param [in]    ptr  Pointer to data
 650:Drivers/CMSIS/Include/cmsis_gcc.h ****   \return        value of type uint32_t at (*ptr)
 651:Drivers/CMSIS/Include/cmsis_gcc.h ****  */
 652:Drivers/CMSIS/Include/cmsis_gcc.h **** __STATIC_FORCEINLINE uint32_t __LDRT(volatile uint32_t *ptr)
 653:Drivers/CMSIS/Include/cmsis_gcc.h **** {
 654:Drivers/CMSIS/Include/cmsis_gcc.h ****     uint32_t result;
 655:Drivers/CMSIS/Include/cmsis_gcc.h **** 
 656:Drivers/CMSIS/Include/cmsis_gcc.h ****    __ASM volatile ("ldrt %0, %1" : "=r" (result) : "Q" (*ptr) );
 657:Drivers/CMSIS/Include/cmsis_gcc.h ****    return(result);
 658:Drivers/CMSIS/Include/cmsis_gcc.h **** }
 659:Drivers/CMSIS/Include/cmsis_gcc.h **** 
 660:Drivers/CMSIS/Include/cmsis_gcc.h **** 
 661:Drivers/CMSIS/Include/cmsis_gcc.h **** /**
 662:Drivers/CMSIS/Include/cmsis_gcc.h ****   \brief   STRT Unprivileged (8 bit)
 663:Drivers/CMSIS/Include/cmsis_gcc.h ****   \details Executes a Unprivileged STRT instruction for 8 bit values.
 664:Drivers/CMSIS/Include/cmsis_gcc.h ****   \param [in]  value  Value to store
 665:Drivers/CMSIS/Include/cmsis_gcc.h ****   \param [in]    ptr  Pointer to location
 666:Drivers/CMSIS/Include/cmsis_gcc.h ****  */
 667:Drivers/CMSIS/Include/cmsis_gcc.h **** __STATIC_FORCEINLINE void __STRBT(uint8_t value, volatile uint8_t *ptr)
 668:Drivers/CMSIS/Include/cmsis_gcc.h **** {
 669:Drivers/CMSIS/Include/cmsis_gcc.h ****    __ASM volatile ("strbt %1, %0" : "=Q" (*ptr) : "r" ((uint32_t)value) );
 670:Drivers/CMSIS/Include/cmsis_gcc.h **** }
 671:Drivers/CMSIS/Include/cmsis_gcc.h **** 
 672:Drivers/CMSIS/Include/cmsis_gcc.h **** 
 673:Drivers/CMSIS/Include/cmsis_gcc.h **** /**
 674:Drivers/CMSIS/Include/cmsis_gcc.h ****   \brief   STRT Unprivileged (16 bit)
 675:Drivers/CMSIS/Include/cmsis_gcc.h ****   \details Executes a Unprivileged STRT instruction for 16 bit values.
 676:Drivers/CMSIS/Include/cmsis_gcc.h ****   \param [in]  value  Value to store
 677:Drivers/CMSIS/Include/cmsis_gcc.h ****   \param [in]    ptr  Pointer to location
 678:Drivers/CMSIS/Include/cmsis_gcc.h ****  */
 679:Drivers/CMSIS/Include/cmsis_gcc.h **** __STATIC_FORCEINLINE void __STRHT(uint16_t value, volatile uint16_t *ptr)
 680:Drivers/CMSIS/Include/cmsis_gcc.h **** {
 681:Drivers/CMSIS/Include/cmsis_gcc.h ****    __ASM volatile ("strht %1, %0" : "=Q" (*ptr) : "r" ((uint32_t)value) );
 682:Drivers/CMSIS/Include/cmsis_gcc.h **** }
 683:Drivers/CMSIS/Include/cmsis_gcc.h **** 
 684:Drivers/CMSIS/Include/cmsis_gcc.h **** 
 685:Drivers/CMSIS/Include/cmsis_gcc.h **** /**
 686:Drivers/CMSIS/Include/cmsis_gcc.h ****   \brief   STRT Unprivileged (32 bit)
 687:Drivers/CMSIS/Include/cmsis_gcc.h ****   \details Executes a Unprivileged STRT instruction for 32 bit values.
 688:Drivers/CMSIS/Include/cmsis_gcc.h ****   \param [in]  value  Value to store
 689:Drivers/CMSIS/Include/cmsis_gcc.h ****   \param [in]    ptr  Pointer to location
 690:Drivers/CMSIS/Include/cmsis_gcc.h ****  */
 691:Drivers/CMSIS/Include/cmsis_gcc.h **** __STATIC_FORCEINLINE void __STRT(uint32_t value, volatile uint32_t *ptr)
 692:Drivers/CMSIS/Include/cmsis_gcc.h **** {
 693:Drivers/CMSIS/Include/cmsis_gcc.h ****    __ASM volatile ("strt %1, %0" : "=Q" (*ptr) : "r" (value) );
 694:Drivers/CMSIS/Include/cmsis_gcc.h **** }
 695:Drivers/CMSIS/Include/cmsis_gcc.h **** 
 696:Drivers/CMSIS/Include/cmsis_gcc.h **** #else  /* ((defined (__ARM_ARCH_7M__      ) && (__ARM_ARCH_7M__      == 1)) || \
 697:Drivers/CMSIS/Include/cmsis_gcc.h ****            (defined (__ARM_ARCH_7EM__     ) && (__ARM_ARCH_7EM__     == 1)) || \
ARM GAS  C:\Users\kaush\AppData\Local\Temp\ccalbX8O.s 			page 137


 698:Drivers/CMSIS/Include/cmsis_gcc.h ****            (defined (__ARM_ARCH_8M_MAIN__ ) && (__ARM_ARCH_8M_MAIN__ == 1))    ) */
 699:Drivers/CMSIS/Include/cmsis_gcc.h **** 
 700:Drivers/CMSIS/Include/cmsis_gcc.h **** /**
 701:Drivers/CMSIS/Include/cmsis_gcc.h ****   \brief   Signed Saturate
 702:Drivers/CMSIS/Include/cmsis_gcc.h ****   \details Saturates a signed value.
 703:Drivers/CMSIS/Include/cmsis_gcc.h ****   \param [in]  value  Value to be saturated
 704:Drivers/CMSIS/Include/cmsis_gcc.h ****   \param [in]    sat  Bit position to saturate to (1..32)
 705:Drivers/CMSIS/Include/cmsis_gcc.h ****   \return             Saturated value
 706:Drivers/CMSIS/Include/cmsis_gcc.h ****  */
 707:Drivers/CMSIS/Include/cmsis_gcc.h **** __STATIC_FORCEINLINE int32_t __SSAT(int32_t val, uint32_t sat)
 708:Drivers/CMSIS/Include/cmsis_gcc.h **** {
 709:Drivers/CMSIS/Include/cmsis_gcc.h ****   if ((sat >= 1U) && (sat <= 32U))
 710:Drivers/CMSIS/Include/cmsis_gcc.h ****   {
 711:Drivers/CMSIS/Include/cmsis_gcc.h ****     const int32_t max = (int32_t)((1U << (sat - 1U)) - 1U);
 712:Drivers/CMSIS/Include/cmsis_gcc.h ****     const int32_t min = -1 - max ;
 713:Drivers/CMSIS/Include/cmsis_gcc.h ****     if (val > max)
 714:Drivers/CMSIS/Include/cmsis_gcc.h ****     {
 715:Drivers/CMSIS/Include/cmsis_gcc.h ****       return max;
 716:Drivers/CMSIS/Include/cmsis_gcc.h ****     }
 717:Drivers/CMSIS/Include/cmsis_gcc.h ****     else if (val < min)
 718:Drivers/CMSIS/Include/cmsis_gcc.h ****     {
 719:Drivers/CMSIS/Include/cmsis_gcc.h ****       return min;
 720:Drivers/CMSIS/Include/cmsis_gcc.h ****     }
 721:Drivers/CMSIS/Include/cmsis_gcc.h ****   }
 722:Drivers/CMSIS/Include/cmsis_gcc.h ****   return val;
 723:Drivers/CMSIS/Include/cmsis_gcc.h **** }
 724:Drivers/CMSIS/Include/cmsis_gcc.h **** 
 725:Drivers/CMSIS/Include/cmsis_gcc.h **** /**
 726:Drivers/CMSIS/Include/cmsis_gcc.h ****   \brief   Unsigned Saturate
 727:Drivers/CMSIS/Include/cmsis_gcc.h ****   \details Saturates an unsigned value.
 728:Drivers/CMSIS/Include/cmsis_gcc.h ****   \param [in]  value  Value to be saturated
 729:Drivers/CMSIS/Include/cmsis_gcc.h ****   \param [in]    sat  Bit position to saturate to (0..31)
 730:Drivers/CMSIS/Include/cmsis_gcc.h ****   \return             Saturated value
 731:Drivers/CMSIS/Include/cmsis_gcc.h ****  */
 732:Drivers/CMSIS/Include/cmsis_gcc.h **** __STATIC_FORCEINLINE uint32_t __USAT(int32_t val, uint32_t sat)
 733:Drivers/CMSIS/Include/cmsis_gcc.h **** {
 734:Drivers/CMSIS/Include/cmsis_gcc.h ****   if (sat <= 31U)
 735:Drivers/CMSIS/Include/cmsis_gcc.h ****   {
 736:Drivers/CMSIS/Include/cmsis_gcc.h ****     const uint32_t max = ((1U << sat) - 1U);
 737:Drivers/CMSIS/Include/cmsis_gcc.h ****     if (val > (int32_t)max)
 738:Drivers/CMSIS/Include/cmsis_gcc.h ****     {
 739:Drivers/CMSIS/Include/cmsis_gcc.h ****       return max;
 740:Drivers/CMSIS/Include/cmsis_gcc.h ****     }
 741:Drivers/CMSIS/Include/cmsis_gcc.h ****     else if (val < 0)
 742:Drivers/CMSIS/Include/cmsis_gcc.h ****     {
 743:Drivers/CMSIS/Include/cmsis_gcc.h ****       return 0U;
 744:Drivers/CMSIS/Include/cmsis_gcc.h ****     }
 745:Drivers/CMSIS/Include/cmsis_gcc.h ****   }
 746:Drivers/CMSIS/Include/cmsis_gcc.h ****   return (uint32_t)val;
 747:Drivers/CMSIS/Include/cmsis_gcc.h **** }
 748:Drivers/CMSIS/Include/cmsis_gcc.h **** 
 749:Drivers/CMSIS/Include/cmsis_gcc.h **** #endif /* ((defined (__ARM_ARCH_7M__      ) && (__ARM_ARCH_7M__      == 1)) || \
 750:Drivers/CMSIS/Include/cmsis_gcc.h ****            (defined (__ARM_ARCH_7EM__     ) && (__ARM_ARCH_7EM__     == 1)) || \
 751:Drivers/CMSIS/Include/cmsis_gcc.h ****            (defined (__ARM_ARCH_8M_MAIN__ ) && (__ARM_ARCH_8M_MAIN__ == 1))    ) */
 752:Drivers/CMSIS/Include/cmsis_gcc.h **** 
 753:Drivers/CMSIS/Include/cmsis_gcc.h **** 
 754:Drivers/CMSIS/Include/cmsis_gcc.h **** #if ((defined (__ARM_ARCH_8M_MAIN__ ) && (__ARM_ARCH_8M_MAIN__ == 1)) || \
ARM GAS  C:\Users\kaush\AppData\Local\Temp\ccalbX8O.s 			page 138


 755:Drivers/CMSIS/Include/cmsis_gcc.h ****      (defined (__ARM_ARCH_8M_BASE__ ) && (__ARM_ARCH_8M_BASE__ == 1))    )
 756:Drivers/CMSIS/Include/cmsis_gcc.h **** /**
 757:Drivers/CMSIS/Include/cmsis_gcc.h ****   \brief   Load-Acquire (8 bit)
 758:Drivers/CMSIS/Include/cmsis_gcc.h ****   \details Executes a LDAB instruction for 8 bit value.
 759:Drivers/CMSIS/Include/cmsis_gcc.h ****   \param [in]    ptr  Pointer to data
 760:Drivers/CMSIS/Include/cmsis_gcc.h ****   \return             value of type uint8_t at (*ptr)
 761:Drivers/CMSIS/Include/cmsis_gcc.h ****  */
 762:Drivers/CMSIS/Include/cmsis_gcc.h **** __STATIC_FORCEINLINE uint8_t __LDAB(volatile uint8_t *ptr)
 763:Drivers/CMSIS/Include/cmsis_gcc.h **** {
 764:Drivers/CMSIS/Include/cmsis_gcc.h ****     uint32_t result;
 765:Drivers/CMSIS/Include/cmsis_gcc.h **** 
 766:Drivers/CMSIS/Include/cmsis_gcc.h ****    __ASM volatile ("ldab %0, %1" : "=r" (result) : "Q" (*ptr) : "memory" );
 767:Drivers/CMSIS/Include/cmsis_gcc.h ****    return ((uint8_t) result);
 768:Drivers/CMSIS/Include/cmsis_gcc.h **** }
 769:Drivers/CMSIS/Include/cmsis_gcc.h **** 
 770:Drivers/CMSIS/Include/cmsis_gcc.h **** 
 771:Drivers/CMSIS/Include/cmsis_gcc.h **** /**
 772:Drivers/CMSIS/Include/cmsis_gcc.h ****   \brief   Load-Acquire (16 bit)
 773:Drivers/CMSIS/Include/cmsis_gcc.h ****   \details Executes a LDAH instruction for 16 bit values.
 774:Drivers/CMSIS/Include/cmsis_gcc.h ****   \param [in]    ptr  Pointer to data
 775:Drivers/CMSIS/Include/cmsis_gcc.h ****   \return        value of type uint16_t at (*ptr)
 776:Drivers/CMSIS/Include/cmsis_gcc.h ****  */
 777:Drivers/CMSIS/Include/cmsis_gcc.h **** __STATIC_FORCEINLINE uint16_t __LDAH(volatile uint16_t *ptr)
 778:Drivers/CMSIS/Include/cmsis_gcc.h **** {
 779:Drivers/CMSIS/Include/cmsis_gcc.h ****     uint32_t result;
 780:Drivers/CMSIS/Include/cmsis_gcc.h **** 
 781:Drivers/CMSIS/Include/cmsis_gcc.h ****    __ASM volatile ("ldah %0, %1" : "=r" (result) : "Q" (*ptr) : "memory" );
 782:Drivers/CMSIS/Include/cmsis_gcc.h ****    return ((uint16_t) result);
 783:Drivers/CMSIS/Include/cmsis_gcc.h **** }
 784:Drivers/CMSIS/Include/cmsis_gcc.h **** 
 785:Drivers/CMSIS/Include/cmsis_gcc.h **** 
 786:Drivers/CMSIS/Include/cmsis_gcc.h **** /**
 787:Drivers/CMSIS/Include/cmsis_gcc.h ****   \brief   Load-Acquire (32 bit)
 788:Drivers/CMSIS/Include/cmsis_gcc.h ****   \details Executes a LDA instruction for 32 bit values.
 789:Drivers/CMSIS/Include/cmsis_gcc.h ****   \param [in]    ptr  Pointer to data
 790:Drivers/CMSIS/Include/cmsis_gcc.h ****   \return        value of type uint32_t at (*ptr)
 791:Drivers/CMSIS/Include/cmsis_gcc.h ****  */
 792:Drivers/CMSIS/Include/cmsis_gcc.h **** __STATIC_FORCEINLINE uint32_t __LDA(volatile uint32_t *ptr)
 793:Drivers/CMSIS/Include/cmsis_gcc.h **** {
 794:Drivers/CMSIS/Include/cmsis_gcc.h ****     uint32_t result;
 795:Drivers/CMSIS/Include/cmsis_gcc.h **** 
 796:Drivers/CMSIS/Include/cmsis_gcc.h ****    __ASM volatile ("lda %0, %1" : "=r" (result) : "Q" (*ptr) : "memory" );
 797:Drivers/CMSIS/Include/cmsis_gcc.h ****    return(result);
 798:Drivers/CMSIS/Include/cmsis_gcc.h **** }
 799:Drivers/CMSIS/Include/cmsis_gcc.h **** 
 800:Drivers/CMSIS/Include/cmsis_gcc.h **** 
 801:Drivers/CMSIS/Include/cmsis_gcc.h **** /**
 802:Drivers/CMSIS/Include/cmsis_gcc.h ****   \brief   Store-Release (8 bit)
 803:Drivers/CMSIS/Include/cmsis_gcc.h ****   \details Executes a STLB instruction for 8 bit values.
 804:Drivers/CMSIS/Include/cmsis_gcc.h ****   \param [in]  value  Value to store
 805:Drivers/CMSIS/Include/cmsis_gcc.h ****   \param [in]    ptr  Pointer to location
 806:Drivers/CMSIS/Include/cmsis_gcc.h ****  */
 807:Drivers/CMSIS/Include/cmsis_gcc.h **** __STATIC_FORCEINLINE void __STLB(uint8_t value, volatile uint8_t *ptr)
 808:Drivers/CMSIS/Include/cmsis_gcc.h **** {
 809:Drivers/CMSIS/Include/cmsis_gcc.h ****    __ASM volatile ("stlb %1, %0" : "=Q" (*ptr) : "r" ((uint32_t)value) : "memory" );
 810:Drivers/CMSIS/Include/cmsis_gcc.h **** }
 811:Drivers/CMSIS/Include/cmsis_gcc.h **** 
ARM GAS  C:\Users\kaush\AppData\Local\Temp\ccalbX8O.s 			page 139


 812:Drivers/CMSIS/Include/cmsis_gcc.h **** 
 813:Drivers/CMSIS/Include/cmsis_gcc.h **** /**
 814:Drivers/CMSIS/Include/cmsis_gcc.h ****   \brief   Store-Release (16 bit)
 815:Drivers/CMSIS/Include/cmsis_gcc.h ****   \details Executes a STLH instruction for 16 bit values.
 816:Drivers/CMSIS/Include/cmsis_gcc.h ****   \param [in]  value  Value to store
 817:Drivers/CMSIS/Include/cmsis_gcc.h ****   \param [in]    ptr  Pointer to location
 818:Drivers/CMSIS/Include/cmsis_gcc.h ****  */
 819:Drivers/CMSIS/Include/cmsis_gcc.h **** __STATIC_FORCEINLINE void __STLH(uint16_t value, volatile uint16_t *ptr)
 820:Drivers/CMSIS/Include/cmsis_gcc.h **** {
 821:Drivers/CMSIS/Include/cmsis_gcc.h ****    __ASM volatile ("stlh %1, %0" : "=Q" (*ptr) : "r" ((uint32_t)value) : "memory" );
 822:Drivers/CMSIS/Include/cmsis_gcc.h **** }
 823:Drivers/CMSIS/Include/cmsis_gcc.h **** 
 824:Drivers/CMSIS/Include/cmsis_gcc.h **** 
 825:Drivers/CMSIS/Include/cmsis_gcc.h **** /**
 826:Drivers/CMSIS/Include/cmsis_gcc.h ****   \brief   Store-Release (32 bit)
 827:Drivers/CMSIS/Include/cmsis_gcc.h ****   \details Executes a STL instruction for 32 bit values.
 828:Drivers/CMSIS/Include/cmsis_gcc.h ****   \param [in]  value  Value to store
 829:Drivers/CMSIS/Include/cmsis_gcc.h ****   \param [in]    ptr  Pointer to location
 830:Drivers/CMSIS/Include/cmsis_gcc.h ****  */
 831:Drivers/CMSIS/Include/cmsis_gcc.h **** __STATIC_FORCEINLINE void __STL(uint32_t value, volatile uint32_t *ptr)
 832:Drivers/CMSIS/Include/cmsis_gcc.h **** {
 833:Drivers/CMSIS/Include/cmsis_gcc.h ****    __ASM volatile ("stl %1, %0" : "=Q" (*ptr) : "r" ((uint32_t)value) : "memory" );
 834:Drivers/CMSIS/Include/cmsis_gcc.h **** }
 835:Drivers/CMSIS/Include/cmsis_gcc.h **** 
 836:Drivers/CMSIS/Include/cmsis_gcc.h **** 
 837:Drivers/CMSIS/Include/cmsis_gcc.h **** /**
 838:Drivers/CMSIS/Include/cmsis_gcc.h ****   \brief   Load-Acquire Exclusive (8 bit)
 839:Drivers/CMSIS/Include/cmsis_gcc.h ****   \details Executes a LDAB exclusive instruction for 8 bit value.
 840:Drivers/CMSIS/Include/cmsis_gcc.h ****   \param [in]    ptr  Pointer to data
 841:Drivers/CMSIS/Include/cmsis_gcc.h ****   \return             value of type uint8_t at (*ptr)
 842:Drivers/CMSIS/Include/cmsis_gcc.h ****  */
 843:Drivers/CMSIS/Include/cmsis_gcc.h **** __STATIC_FORCEINLINE uint8_t __LDAEXB(volatile uint8_t *ptr)
 844:Drivers/CMSIS/Include/cmsis_gcc.h **** {
 845:Drivers/CMSIS/Include/cmsis_gcc.h ****     uint32_t result;
 846:Drivers/CMSIS/Include/cmsis_gcc.h **** 
 847:Drivers/CMSIS/Include/cmsis_gcc.h ****    __ASM volatile ("ldaexb %0, %1" : "=r" (result) : "Q" (*ptr) : "memory" );
 848:Drivers/CMSIS/Include/cmsis_gcc.h ****    return ((uint8_t) result);
 849:Drivers/CMSIS/Include/cmsis_gcc.h **** }
 850:Drivers/CMSIS/Include/cmsis_gcc.h **** 
 851:Drivers/CMSIS/Include/cmsis_gcc.h **** 
 852:Drivers/CMSIS/Include/cmsis_gcc.h **** /**
 853:Drivers/CMSIS/Include/cmsis_gcc.h ****   \brief   Load-Acquire Exclusive (16 bit)
 854:Drivers/CMSIS/Include/cmsis_gcc.h ****   \details Executes a LDAH exclusive instruction for 16 bit values.
 855:Drivers/CMSIS/Include/cmsis_gcc.h ****   \param [in]    ptr  Pointer to data
 856:Drivers/CMSIS/Include/cmsis_gcc.h ****   \return        value of type uint16_t at (*ptr)
 857:Drivers/CMSIS/Include/cmsis_gcc.h ****  */
 858:Drivers/CMSIS/Include/cmsis_gcc.h **** __STATIC_FORCEINLINE uint16_t __LDAEXH(volatile uint16_t *ptr)
 859:Drivers/CMSIS/Include/cmsis_gcc.h **** {
 860:Drivers/CMSIS/Include/cmsis_gcc.h ****     uint32_t result;
 861:Drivers/CMSIS/Include/cmsis_gcc.h **** 
 862:Drivers/CMSIS/Include/cmsis_gcc.h ****    __ASM volatile ("ldaexh %0, %1" : "=r" (result) : "Q" (*ptr) : "memory" );
 863:Drivers/CMSIS/Include/cmsis_gcc.h ****    return ((uint16_t) result);
 864:Drivers/CMSIS/Include/cmsis_gcc.h **** }
 865:Drivers/CMSIS/Include/cmsis_gcc.h **** 
 866:Drivers/CMSIS/Include/cmsis_gcc.h **** 
 867:Drivers/CMSIS/Include/cmsis_gcc.h **** /**
 868:Drivers/CMSIS/Include/cmsis_gcc.h ****   \brief   Load-Acquire Exclusive (32 bit)
ARM GAS  C:\Users\kaush\AppData\Local\Temp\ccalbX8O.s 			page 140


 869:Drivers/CMSIS/Include/cmsis_gcc.h ****   \details Executes a LDA exclusive instruction for 32 bit values.
 870:Drivers/CMSIS/Include/cmsis_gcc.h ****   \param [in]    ptr  Pointer to data
 871:Drivers/CMSIS/Include/cmsis_gcc.h ****   \return        value of type uint32_t at (*ptr)
 872:Drivers/CMSIS/Include/cmsis_gcc.h ****  */
 873:Drivers/CMSIS/Include/cmsis_gcc.h **** __STATIC_FORCEINLINE uint32_t __LDAEX(volatile uint32_t *ptr)
 874:Drivers/CMSIS/Include/cmsis_gcc.h **** {
 875:Drivers/CMSIS/Include/cmsis_gcc.h ****     uint32_t result;
 876:Drivers/CMSIS/Include/cmsis_gcc.h **** 
 877:Drivers/CMSIS/Include/cmsis_gcc.h ****    __ASM volatile ("ldaex %0, %1" : "=r" (result) : "Q" (*ptr) : "memory" );
 878:Drivers/CMSIS/Include/cmsis_gcc.h ****    return(result);
 879:Drivers/CMSIS/Include/cmsis_gcc.h **** }
 880:Drivers/CMSIS/Include/cmsis_gcc.h **** 
 881:Drivers/CMSIS/Include/cmsis_gcc.h **** 
 882:Drivers/CMSIS/Include/cmsis_gcc.h **** /**
 883:Drivers/CMSIS/Include/cmsis_gcc.h ****   \brief   Store-Release Exclusive (8 bit)
 884:Drivers/CMSIS/Include/cmsis_gcc.h ****   \details Executes a STLB exclusive instruction for 8 bit values.
 885:Drivers/CMSIS/Include/cmsis_gcc.h ****   \param [in]  value  Value to store
 886:Drivers/CMSIS/Include/cmsis_gcc.h ****   \param [in]    ptr  Pointer to location
 887:Drivers/CMSIS/Include/cmsis_gcc.h ****   \return          0  Function succeeded
 888:Drivers/CMSIS/Include/cmsis_gcc.h ****   \return          1  Function failed
 889:Drivers/CMSIS/Include/cmsis_gcc.h ****  */
 890:Drivers/CMSIS/Include/cmsis_gcc.h **** __STATIC_FORCEINLINE uint32_t __STLEXB(uint8_t value, volatile uint8_t *ptr)
 891:Drivers/CMSIS/Include/cmsis_gcc.h **** {
 892:Drivers/CMSIS/Include/cmsis_gcc.h ****    uint32_t result;
 893:Drivers/CMSIS/Include/cmsis_gcc.h **** 
 894:Drivers/CMSIS/Include/cmsis_gcc.h ****    __ASM volatile ("stlexb %0, %2, %1" : "=&r" (result), "=Q" (*ptr) : "r" ((uint32_t)value) : "mem
 895:Drivers/CMSIS/Include/cmsis_gcc.h ****    return(result);
 896:Drivers/CMSIS/Include/cmsis_gcc.h **** }
 897:Drivers/CMSIS/Include/cmsis_gcc.h **** 
 898:Drivers/CMSIS/Include/cmsis_gcc.h **** 
 899:Drivers/CMSIS/Include/cmsis_gcc.h **** /**
 900:Drivers/CMSIS/Include/cmsis_gcc.h ****   \brief   Store-Release Exclusive (16 bit)
 901:Drivers/CMSIS/Include/cmsis_gcc.h ****   \details Executes a STLH exclusive instruction for 16 bit values.
 902:Drivers/CMSIS/Include/cmsis_gcc.h ****   \param [in]  value  Value to store
 903:Drivers/CMSIS/Include/cmsis_gcc.h ****   \param [in]    ptr  Pointer to location
 904:Drivers/CMSIS/Include/cmsis_gcc.h ****   \return          0  Function succeeded
 905:Drivers/CMSIS/Include/cmsis_gcc.h ****   \return          1  Function failed
 906:Drivers/CMSIS/Include/cmsis_gcc.h ****  */
 907:Drivers/CMSIS/Include/cmsis_gcc.h **** __STATIC_FORCEINLINE uint32_t __STLEXH(uint16_t value, volatile uint16_t *ptr)
 908:Drivers/CMSIS/Include/cmsis_gcc.h **** {
 909:Drivers/CMSIS/Include/cmsis_gcc.h ****    uint32_t result;
 910:Drivers/CMSIS/Include/cmsis_gcc.h **** 
 911:Drivers/CMSIS/Include/cmsis_gcc.h ****    __ASM volatile ("stlexh %0, %2, %1" : "=&r" (result), "=Q" (*ptr) : "r" ((uint32_t)value) : "mem
 912:Drivers/CMSIS/Include/cmsis_gcc.h ****    return(result);
 913:Drivers/CMSIS/Include/cmsis_gcc.h **** }
 914:Drivers/CMSIS/Include/cmsis_gcc.h **** 
 915:Drivers/CMSIS/Include/cmsis_gcc.h **** 
 916:Drivers/CMSIS/Include/cmsis_gcc.h **** /**
 917:Drivers/CMSIS/Include/cmsis_gcc.h ****   \brief   Store-Release Exclusive (32 bit)
 918:Drivers/CMSIS/Include/cmsis_gcc.h ****   \details Executes a STL exclusive instruction for 32 bit values.
 919:Drivers/CMSIS/Include/cmsis_gcc.h ****   \param [in]  value  Value to store
 920:Drivers/CMSIS/Include/cmsis_gcc.h ****   \param [in]    ptr  Pointer to location
 921:Drivers/CMSIS/Include/cmsis_gcc.h ****   \return          0  Function succeeded
 922:Drivers/CMSIS/Include/cmsis_gcc.h ****   \return          1  Function failed
 923:Drivers/CMSIS/Include/cmsis_gcc.h ****  */
 924:Drivers/CMSIS/Include/cmsis_gcc.h **** __STATIC_FORCEINLINE uint32_t __STLEX(uint32_t value, volatile uint32_t *ptr)
 925:Drivers/CMSIS/Include/cmsis_gcc.h **** {
ARM GAS  C:\Users\kaush\AppData\Local\Temp\ccalbX8O.s 			page 141


 926:Drivers/CMSIS/Include/cmsis_gcc.h ****    uint32_t result;
 927:Drivers/CMSIS/Include/cmsis_gcc.h **** 
 928:Drivers/CMSIS/Include/cmsis_gcc.h ****    __ASM volatile ("stlex %0, %2, %1" : "=&r" (result), "=Q" (*ptr) : "r" ((uint32_t)value) : "memo
 929:Drivers/CMSIS/Include/cmsis_gcc.h ****    return(result);
 930:Drivers/CMSIS/Include/cmsis_gcc.h **** }
 931:Drivers/CMSIS/Include/cmsis_gcc.h **** 
 932:Drivers/CMSIS/Include/cmsis_gcc.h **** #endif /* ((defined (__ARM_ARCH_8M_MAIN__ ) && (__ARM_ARCH_8M_MAIN__ == 1)) || \
 933:Drivers/CMSIS/Include/cmsis_gcc.h ****            (defined (__ARM_ARCH_8M_BASE__ ) && (__ARM_ARCH_8M_BASE__ == 1))    ) */
 934:Drivers/CMSIS/Include/cmsis_gcc.h **** 
 935:Drivers/CMSIS/Include/cmsis_gcc.h **** /*@}*/ /* end of group CMSIS_Core_InstructionInterface */
 936:Drivers/CMSIS/Include/cmsis_gcc.h **** 
 937:Drivers/CMSIS/Include/cmsis_gcc.h **** 
 938:Drivers/CMSIS/Include/cmsis_gcc.h **** /* ###########################  Core Function Access  ########################### */
 939:Drivers/CMSIS/Include/cmsis_gcc.h **** /** \ingroup  CMSIS_Core_FunctionInterface
 940:Drivers/CMSIS/Include/cmsis_gcc.h ****     \defgroup CMSIS_Core_RegAccFunctions CMSIS Core Register Access Functions
 941:Drivers/CMSIS/Include/cmsis_gcc.h ****   @{
 942:Drivers/CMSIS/Include/cmsis_gcc.h ****  */
 943:Drivers/CMSIS/Include/cmsis_gcc.h **** 
 944:Drivers/CMSIS/Include/cmsis_gcc.h **** /**
 945:Drivers/CMSIS/Include/cmsis_gcc.h ****   \brief   Enable IRQ Interrupts
 946:Drivers/CMSIS/Include/cmsis_gcc.h ****   \details Enables IRQ interrupts by clearing special-purpose register PRIMASK.
 947:Drivers/CMSIS/Include/cmsis_gcc.h ****            Can only be executed in Privileged modes.
 948:Drivers/CMSIS/Include/cmsis_gcc.h ****  */
 949:Drivers/CMSIS/Include/cmsis_gcc.h **** __STATIC_FORCEINLINE void __enable_irq(void)
 950:Drivers/CMSIS/Include/cmsis_gcc.h **** {
 951:Drivers/CMSIS/Include/cmsis_gcc.h ****   __ASM volatile ("cpsie i" : : : "memory");
 952:Drivers/CMSIS/Include/cmsis_gcc.h **** }
 953:Drivers/CMSIS/Include/cmsis_gcc.h **** 
 954:Drivers/CMSIS/Include/cmsis_gcc.h **** 
 955:Drivers/CMSIS/Include/cmsis_gcc.h **** /**
 956:Drivers/CMSIS/Include/cmsis_gcc.h ****   \brief   Disable IRQ Interrupts
 957:Drivers/CMSIS/Include/cmsis_gcc.h ****   \details Disables IRQ interrupts by setting special-purpose register PRIMASK.
 958:Drivers/CMSIS/Include/cmsis_gcc.h ****            Can only be executed in Privileged modes.
 959:Drivers/CMSIS/Include/cmsis_gcc.h ****  */
 960:Drivers/CMSIS/Include/cmsis_gcc.h **** __STATIC_FORCEINLINE void __disable_irq(void)
 510              		.loc 2 960 27 view .LVU117
 511              	.LBB11:
 961:Drivers/CMSIS/Include/cmsis_gcc.h **** {
 962:Drivers/CMSIS/Include/cmsis_gcc.h ****   __ASM volatile ("cpsid i" : : : "memory");
 512              		.loc 2 962 3 view .LVU118
 513              		.syntax unified
 514              	@ 962 "Drivers/CMSIS/Include/cmsis_gcc.h" 1
 515 0000 72B6     		cpsid i
 516              	@ 0 "" 2
 517              		.thumb
 518              		.syntax unified
 519              	.L29:
 520              	.LBE11:
 521              	.LBE10:
6522:Core/Src/main.c ****   while (1)
 522              		.loc 1 6522 3 view .LVU119
6523:Core/Src/main.c ****   {
6524:Core/Src/main.c ****   }
 523              		.loc 1 6524 3 view .LVU120
6522:Core/Src/main.c ****   while (1)
 524              		.loc 1 6522 9 view .LVU121
 525 0002 FEE7     		b	.L29
ARM GAS  C:\Users\kaush\AppData\Local\Temp\ccalbX8O.s 			page 142


 526              		.cfi_endproc
 527              	.LFE144:
 529              		.section	.text.MX_TIM2_Init,"ax",%progbits
 530              		.align	1
 531              		.syntax unified
 532              		.thumb
 533              		.thumb_func
 535              	MX_TIM2_Init:
 536              	.LFB139:
6231:Core/Src/main.c **** 
 537              		.loc 1 6231 1 view -0
 538              		.cfi_startproc
 539              		@ args = 0, pretend = 0, frame = 56
 540              		@ frame_needed = 0, uses_anonymous_args = 0
 541 0000 00B5     		push	{lr}
 542              	.LCFI7:
 543              		.cfi_def_cfa_offset 4
 544              		.cfi_offset 14, -4
 545 0002 8FB0     		sub	sp, sp, #60
 546              	.LCFI8:
 547              		.cfi_def_cfa_offset 64
6237:Core/Src/main.c ****   TIM_MasterConfigTypeDef sMasterConfig = {0};
 548              		.loc 1 6237 3 view .LVU123
6237:Core/Src/main.c ****   TIM_MasterConfigTypeDef sMasterConfig = {0};
 549              		.loc 1 6237 26 is_stmt 0 view .LVU124
 550 0004 0023     		movs	r3, #0
 551 0006 0A93     		str	r3, [sp, #40]
 552 0008 0B93     		str	r3, [sp, #44]
 553 000a 0C93     		str	r3, [sp, #48]
 554 000c 0D93     		str	r3, [sp, #52]
6238:Core/Src/main.c ****   TIM_OC_InitTypeDef sConfigOC = {0};
 555              		.loc 1 6238 3 is_stmt 1 view .LVU125
6238:Core/Src/main.c ****   TIM_OC_InitTypeDef sConfigOC = {0};
 556              		.loc 1 6238 27 is_stmt 0 view .LVU126
 557 000e 0893     		str	r3, [sp, #32]
 558 0010 0993     		str	r3, [sp, #36]
6239:Core/Src/main.c **** 
 559              		.loc 1 6239 3 is_stmt 1 view .LVU127
6239:Core/Src/main.c **** 
 560              		.loc 1 6239 22 is_stmt 0 view .LVU128
 561 0012 0193     		str	r3, [sp, #4]
 562 0014 0293     		str	r3, [sp, #8]
 563 0016 0393     		str	r3, [sp, #12]
 564 0018 0493     		str	r3, [sp, #16]
 565 001a 0593     		str	r3, [sp, #20]
 566 001c 0693     		str	r3, [sp, #24]
 567 001e 0793     		str	r3, [sp, #28]
6244:Core/Src/main.c ****   htim2.Init.Prescaler = 0;
 568              		.loc 1 6244 3 is_stmt 1 view .LVU129
6244:Core/Src/main.c ****   htim2.Init.Prescaler = 0;
 569              		.loc 1 6244 18 is_stmt 0 view .LVU130
 570 0020 3648     		ldr	r0, .L44
 571 0022 4FF08042 		mov	r2, #1073741824
 572 0026 0260     		str	r2, [r0]
6245:Core/Src/main.c ****   htim2.Init.CounterMode = TIM_COUNTERMODE_UP;
 573              		.loc 1 6245 3 is_stmt 1 view .LVU131
6245:Core/Src/main.c ****   htim2.Init.CounterMode = TIM_COUNTERMODE_UP;
ARM GAS  C:\Users\kaush\AppData\Local\Temp\ccalbX8O.s 			page 143


 574              		.loc 1 6245 24 is_stmt 0 view .LVU132
 575 0028 4360     		str	r3, [r0, #4]
6246:Core/Src/main.c ****   htim2.Init.Period = TIM2_Ticks - 1;//4294967295
 576              		.loc 1 6246 3 is_stmt 1 view .LVU133
6246:Core/Src/main.c ****   htim2.Init.Period = TIM2_Ticks - 1;//4294967295
 577              		.loc 1 6246 26 is_stmt 0 view .LVU134
 578 002a 8360     		str	r3, [r0, #8]
6247:Core/Src/main.c ****   htim2.Init.ClockDivision = TIM_CLOCKDIVISION_DIV1;
 579              		.loc 1 6247 3 is_stmt 1 view .LVU135
6247:Core/Src/main.c ****   htim2.Init.ClockDivision = TIM_CLOCKDIVISION_DIV1;
 580              		.loc 1 6247 34 is_stmt 0 view .LVU136
 581 002c 344A     		ldr	r2, .L44+4
 582 002e 1268     		ldr	r2, [r2]
 583 0030 013A     		subs	r2, r2, #1
6247:Core/Src/main.c ****   htim2.Init.ClockDivision = TIM_CLOCKDIVISION_DIV1;
 584              		.loc 1 6247 21 view .LVU137
 585 0032 C260     		str	r2, [r0, #12]
6248:Core/Src/main.c ****   htim2.Init.AutoReloadPreload = TIM_AUTORELOAD_PRELOAD_ENABLE;
 586              		.loc 1 6248 3 is_stmt 1 view .LVU138
6248:Core/Src/main.c ****   htim2.Init.AutoReloadPreload = TIM_AUTORELOAD_PRELOAD_ENABLE;
 587              		.loc 1 6248 28 is_stmt 0 view .LVU139
 588 0034 0361     		str	r3, [r0, #16]
6249:Core/Src/main.c ****   if (HAL_TIM_Base_Init(&htim2) != HAL_OK)
 589              		.loc 1 6249 3 is_stmt 1 view .LVU140
6249:Core/Src/main.c ****   if (HAL_TIM_Base_Init(&htim2) != HAL_OK)
 590              		.loc 1 6249 32 is_stmt 0 view .LVU141
 591 0036 8023     		movs	r3, #128
 592 0038 8361     		str	r3, [r0, #24]
6250:Core/Src/main.c ****   {
 593              		.loc 1 6250 3 is_stmt 1 view .LVU142
6250:Core/Src/main.c ****   {
 594              		.loc 1 6250 7 is_stmt 0 view .LVU143
 595 003a FFF7FEFF 		bl	HAL_TIM_Base_Init
 596              	.LVL23:
6250:Core/Src/main.c ****   {
 597              		.loc 1 6250 6 discriminator 1 view .LVU144
 598 003e 0028     		cmp	r0, #0
 599 0040 50D1     		bne	.L38
6254:Core/Src/main.c ****   if (HAL_TIM_ConfigClockSource(&htim2, &sClockSourceConfig) != HAL_OK)
 600              		.loc 1 6254 3 is_stmt 1 view .LVU145
6254:Core/Src/main.c ****   if (HAL_TIM_ConfigClockSource(&htim2, &sClockSourceConfig) != HAL_OK)
 601              		.loc 1 6254 34 is_stmt 0 view .LVU146
 602 0042 4FF48053 		mov	r3, #4096
 603 0046 0A93     		str	r3, [sp, #40]
6255:Core/Src/main.c ****   {
 604              		.loc 1 6255 3 is_stmt 1 view .LVU147
6255:Core/Src/main.c ****   {
 605              		.loc 1 6255 7 is_stmt 0 view .LVU148
 606 0048 0AA9     		add	r1, sp, #40
 607 004a 2C48     		ldr	r0, .L44
 608 004c FFF7FEFF 		bl	HAL_TIM_ConfigClockSource
 609              	.LVL24:
6255:Core/Src/main.c ****   {
 610              		.loc 1 6255 6 discriminator 1 view .LVU149
 611 0050 0028     		cmp	r0, #0
 612 0052 49D1     		bne	.L39
6259:Core/Src/main.c ****   {
ARM GAS  C:\Users\kaush\AppData\Local\Temp\ccalbX8O.s 			page 144


 613              		.loc 1 6259 3 is_stmt 1 view .LVU150
6259:Core/Src/main.c ****   {
 614              		.loc 1 6259 7 is_stmt 0 view .LVU151
 615 0054 2948     		ldr	r0, .L44
 616 0056 FFF7FEFF 		bl	HAL_TIM_OC_Init
 617              	.LVL25:
6259:Core/Src/main.c ****   {
 618              		.loc 1 6259 6 discriminator 1 view .LVU152
 619 005a 0028     		cmp	r0, #0
 620 005c 46D1     		bne	.L40
6263:Core/Src/main.c ****   sMasterConfig.MasterSlaveMode = TIM_MASTERSLAVEMODE_DISABLE;
 621              		.loc 1 6263 3 is_stmt 1 view .LVU153
6263:Core/Src/main.c ****   sMasterConfig.MasterSlaveMode = TIM_MASTERSLAVEMODE_DISABLE;
 622              		.loc 1 6263 37 is_stmt 0 view .LVU154
 623 005e 0023     		movs	r3, #0
 624 0060 0893     		str	r3, [sp, #32]
6264:Core/Src/main.c ****   if (HAL_TIMEx_MasterConfigSynchronization(&htim2, &sMasterConfig) != HAL_OK)
 625              		.loc 1 6264 3 is_stmt 1 view .LVU155
6264:Core/Src/main.c ****   if (HAL_TIMEx_MasterConfigSynchronization(&htim2, &sMasterConfig) != HAL_OK)
 626              		.loc 1 6264 33 is_stmt 0 view .LVU156
 627 0062 0993     		str	r3, [sp, #36]
6265:Core/Src/main.c ****   {
 628              		.loc 1 6265 3 is_stmt 1 view .LVU157
6265:Core/Src/main.c ****   {
 629              		.loc 1 6265 7 is_stmt 0 view .LVU158
 630 0064 08A9     		add	r1, sp, #32
 631 0066 2548     		ldr	r0, .L44
 632 0068 FFF7FEFF 		bl	HAL_TIMEx_MasterConfigSynchronization
 633              	.LVL26:
6265:Core/Src/main.c ****   {
 634              		.loc 1 6265 6 discriminator 1 view .LVU159
 635 006c 0028     		cmp	r0, #0
 636 006e 3FD1     		bne	.L41
6269:Core/Src/main.c ****   sConfigOC.Pulse = 0;
 637              		.loc 1 6269 3 is_stmt 1 view .LVU160
6269:Core/Src/main.c ****   sConfigOC.Pulse = 0;
 638              		.loc 1 6269 20 is_stmt 0 view .LVU161
 639 0070 0022     		movs	r2, #0
 640 0072 0192     		str	r2, [sp, #4]
6270:Core/Src/main.c ****   sConfigOC.OCPolarity = TIM_OCPOLARITY_HIGH;
 641              		.loc 1 6270 3 is_stmt 1 view .LVU162
6270:Core/Src/main.c ****   sConfigOC.OCPolarity = TIM_OCPOLARITY_HIGH;
 642              		.loc 1 6270 19 is_stmt 0 view .LVU163
 643 0074 0292     		str	r2, [sp, #8]
6271:Core/Src/main.c ****   sConfigOC.OCFastMode = TIM_OCFAST_DISABLE;
 644              		.loc 1 6271 3 is_stmt 1 view .LVU164
6271:Core/Src/main.c ****   sConfigOC.OCFastMode = TIM_OCFAST_DISABLE;
 645              		.loc 1 6271 24 is_stmt 0 view .LVU165
 646 0076 0392     		str	r2, [sp, #12]
6272:Core/Src/main.c ****   if (HAL_TIM_OC_ConfigChannel(&htim2, &sConfigOC, TIM_CHANNEL_1) != HAL_OK)
 647              		.loc 1 6272 3 is_stmt 1 view .LVU166
6272:Core/Src/main.c ****   if (HAL_TIM_OC_ConfigChannel(&htim2, &sConfigOC, TIM_CHANNEL_1) != HAL_OK)
 648              		.loc 1 6272 24 is_stmt 0 view .LVU167
 649 0078 0592     		str	r2, [sp, #20]
6273:Core/Src/main.c ****   {
 650              		.loc 1 6273 3 is_stmt 1 view .LVU168
6273:Core/Src/main.c ****   {
ARM GAS  C:\Users\kaush\AppData\Local\Temp\ccalbX8O.s 			page 145


 651              		.loc 1 6273 7 is_stmt 0 view .LVU169
 652 007a 01A9     		add	r1, sp, #4
 653 007c 1F48     		ldr	r0, .L44
 654 007e FFF7FEFF 		bl	HAL_TIM_OC_ConfigChannel
 655              	.LVL27:
6273:Core/Src/main.c ****   {
 656              		.loc 1 6273 6 discriminator 1 view .LVU170
 657 0082 0028     		cmp	r0, #0
 658 0084 36D1     		bne	.L42
6279:Core/Src/main.c **** 
 659              		.loc 1 6279 3 is_stmt 1 view .LVU171
 660              	.LBB12:
6279:Core/Src/main.c **** 
 661              		.loc 1 6279 3 view .LVU172
 662 0086 0023     		movs	r3, #0
 663 0088 0093     		str	r3, [sp]
6279:Core/Src/main.c **** 
 664              		.loc 1 6279 3 view .LVU173
 665 008a 1E4A     		ldr	r2, .L44+8
 666 008c 116B     		ldr	r1, [r2, #48]
 667 008e 41F40011 		orr	r1, r1, #2097152
 668 0092 1163     		str	r1, [r2, #48]
6279:Core/Src/main.c **** 
 669              		.loc 1 6279 3 view .LVU174
 670 0094 126B     		ldr	r2, [r2, #48]
 671 0096 02F40012 		and	r2, r2, #2097152
 672 009a 0092     		str	r2, [sp]
6279:Core/Src/main.c **** 
 673              		.loc 1 6279 3 view .LVU175
 674 009c 009A     		ldr	r2, [sp]
 675              	.LBE12:
6279:Core/Src/main.c **** 
 676              		.loc 1 6279 3 view .LVU176
6281:Core/Src/main.c ****   hdma_tim2_ch1.Init.Channel = DMA_CHANNEL_3;         // TIM2_CH1 is on channel 3
 677              		.loc 1 6281 3 view .LVU177
6281:Core/Src/main.c ****   hdma_tim2_ch1.Init.Channel = DMA_CHANNEL_3;         // TIM2_CH1 is on channel 3
 678              		.loc 1 6281 26 is_stmt 0 view .LVU178
 679 009e 1A48     		ldr	r0, .L44+12
 680 00a0 1A4A     		ldr	r2, .L44+16
 681 00a2 0260     		str	r2, [r0]
6282:Core/Src/main.c ****   hdma_tim2_ch1.Init.Direction = DMA_MEMORY_TO_PERIPH; // Memory -> TIM3->CCR3
 682              		.loc 1 6282 3 is_stmt 1 view .LVU179
6282:Core/Src/main.c ****   hdma_tim2_ch1.Init.Direction = DMA_MEMORY_TO_PERIPH; // Memory -> TIM3->CCR3
 683              		.loc 1 6282 30 is_stmt 0 view .LVU180
 684 00a4 4FF0C062 		mov	r2, #100663296
 685 00a8 4260     		str	r2, [r0, #4]
6283:Core/Src/main.c ****   hdma_tim2_ch1.Init.PeriphInc = DMA_PINC_DISABLE;    // Peripheral address fixed
 686              		.loc 1 6283 3 is_stmt 1 view .LVU181
6283:Core/Src/main.c ****   hdma_tim2_ch1.Init.PeriphInc = DMA_PINC_DISABLE;    // Peripheral address fixed
 687              		.loc 1 6283 32 is_stmt 0 view .LVU182
 688 00aa 4022     		movs	r2, #64
 689 00ac 8260     		str	r2, [r0, #8]
6284:Core/Src/main.c ****   hdma_tim2_ch1.Init.MemInc = DMA_MINC_ENABLE;        // Memory address increments
 690              		.loc 1 6284 3 is_stmt 1 view .LVU183
6284:Core/Src/main.c ****   hdma_tim2_ch1.Init.MemInc = DMA_MINC_ENABLE;        // Memory address increments
 691              		.loc 1 6284 32 is_stmt 0 view .LVU184
 692 00ae C360     		str	r3, [r0, #12]
ARM GAS  C:\Users\kaush\AppData\Local\Temp\ccalbX8O.s 			page 146


6285:Core/Src/main.c ****   hdma_tim2_ch1.Init.PeriphDataAlignment = DMA_PDATAALIGN_WORD;
 693              		.loc 1 6285 3 is_stmt 1 view .LVU185
6285:Core/Src/main.c ****   hdma_tim2_ch1.Init.PeriphDataAlignment = DMA_PDATAALIGN_WORD;
 694              		.loc 1 6285 29 is_stmt 0 view .LVU186
 695 00b0 4FF48062 		mov	r2, #1024
 696 00b4 0261     		str	r2, [r0, #16]
6286:Core/Src/main.c ****   hdma_tim2_ch1.Init.MemDataAlignment = DMA_MDATAALIGN_WORD;
 697              		.loc 1 6286 3 is_stmt 1 view .LVU187
6286:Core/Src/main.c ****   hdma_tim2_ch1.Init.MemDataAlignment = DMA_MDATAALIGN_WORD;
 698              		.loc 1 6286 42 is_stmt 0 view .LVU188
 699 00b6 4FF48052 		mov	r2, #4096
 700 00ba 4261     		str	r2, [r0, #20]
6287:Core/Src/main.c ****   hdma_tim2_ch1.Init.Mode = DMA_CIRCULAR;            // Repeat LUT automatically
 701              		.loc 1 6287 3 is_stmt 1 view .LVU189
6287:Core/Src/main.c ****   hdma_tim2_ch1.Init.Mode = DMA_CIRCULAR;            // Repeat LUT automatically
 702              		.loc 1 6287 39 is_stmt 0 view .LVU190
 703 00bc 4FF48042 		mov	r2, #16384
 704 00c0 8261     		str	r2, [r0, #24]
6288:Core/Src/main.c ****   hdma_tim2_ch1.Init.Priority = DMA_PRIORITY_HIGH;
 705              		.loc 1 6288 3 is_stmt 1 view .LVU191
6288:Core/Src/main.c ****   hdma_tim2_ch1.Init.Priority = DMA_PRIORITY_HIGH;
 706              		.loc 1 6288 27 is_stmt 0 view .LVU192
 707 00c2 4FF48072 		mov	r2, #256
 708 00c6 C261     		str	r2, [r0, #28]
6289:Core/Src/main.c ****   hdma_tim2_ch1.Init.FIFOMode = DMA_FIFOMODE_DISABLE;
 709              		.loc 1 6289 3 is_stmt 1 view .LVU193
6289:Core/Src/main.c ****   hdma_tim2_ch1.Init.FIFOMode = DMA_FIFOMODE_DISABLE;
 710              		.loc 1 6289 31 is_stmt 0 view .LVU194
 711 00c8 4FF40032 		mov	r2, #131072
 712 00cc 0262     		str	r2, [r0, #32]
6290:Core/Src/main.c **** 
 713              		.loc 1 6290 3 is_stmt 1 view .LVU195
6290:Core/Src/main.c **** 
 714              		.loc 1 6290 31 is_stmt 0 view .LVU196
 715 00ce 4362     		str	r3, [r0, #36]
6292:Core/Src/main.c ****   {
 716              		.loc 1 6292 3 is_stmt 1 view .LVU197
6292:Core/Src/main.c ****   {
 717              		.loc 1 6292 7 is_stmt 0 view .LVU198
 718 00d0 FFF7FEFF 		bl	HAL_DMA_Init
 719              	.LVL28:
6292:Core/Src/main.c ****   {
 720              		.loc 1 6292 6 discriminator 1 view .LVU199
 721 00d4 80B9     		cbnz	r0, .L43
6298:Core/Src/main.c ****   /* USER CODE END TIM2_Init 2 */
 722              		.loc 1 6298 3 is_stmt 1 view .LVU200
6298:Core/Src/main.c ****   /* USER CODE END TIM2_Init 2 */
 723              		.loc 1 6298 3 view .LVU201
 724 00d6 094A     		ldr	r2, .L44
 725 00d8 0B4B     		ldr	r3, .L44+12
 726 00da 5362     		str	r3, [r2, #36]
6298:Core/Src/main.c ****   /* USER CODE END TIM2_Init 2 */
 727              		.loc 1 6298 3 view .LVU202
 728 00dc 9A63     		str	r2, [r3, #56]
6298:Core/Src/main.c ****   /* USER CODE END TIM2_Init 2 */
 729              		.loc 1 6298 3 view .LVU203
6301:Core/Src/main.c **** 
ARM GAS  C:\Users\kaush\AppData\Local\Temp\ccalbX8O.s 			page 147


 730              		.loc 1 6301 1 is_stmt 0 view .LVU204
 731 00de 0FB0     		add	sp, sp, #60
 732              	.LCFI9:
 733              		.cfi_remember_state
 734              		.cfi_def_cfa_offset 4
 735              		@ sp needed
 736 00e0 5DF804FB 		ldr	pc, [sp], #4
 737              	.L38:
 738              	.LCFI10:
 739              		.cfi_restore_state
6252:Core/Src/main.c ****   }
 740              		.loc 1 6252 5 is_stmt 1 view .LVU205
 741 00e4 FFF7FEFF 		bl	Error_Handler
 742              	.LVL29:
 743              	.L39:
6257:Core/Src/main.c ****   }
 744              		.loc 1 6257 5 view .LVU206
 745 00e8 FFF7FEFF 		bl	Error_Handler
 746              	.LVL30:
 747              	.L40:
6261:Core/Src/main.c ****   }
 748              		.loc 1 6261 5 view .LVU207
 749 00ec FFF7FEFF 		bl	Error_Handler
 750              	.LVL31:
 751              	.L41:
6267:Core/Src/main.c ****   }
 752              		.loc 1 6267 5 view .LVU208
 753 00f0 FFF7FEFF 		bl	Error_Handler
 754              	.LVL32:
 755              	.L42:
6275:Core/Src/main.c ****   }
 756              		.loc 1 6275 5 view .LVU209
 757 00f4 FFF7FEFF 		bl	Error_Handler
 758              	.LVL33:
 759              	.L43:
6294:Core/Src/main.c ****   }
 760              		.loc 1 6294 7 view .LVU210
 761 00f8 FFF7FEFF 		bl	Error_Handler
 762              	.LVL34:
 763              	.L45:
 764              		.align	2
 765              	.L44:
 766 00fc 00000000 		.word	htim2
 767 0100 00000000 		.word	TIM2_Ticks
 768 0104 00380240 		.word	1073887232
 769 0108 00000000 		.word	hdma_tim2_ch1
 770 010c 88600240 		.word	1073897608
 771              		.cfi_endproc
 772              	.LFE139:
 774              		.section	.text.MX_TIM3_Init,"ax",%progbits
 775              		.align	1
 776              		.syntax unified
 777              		.thumb
 778              		.thumb_func
 780              	MX_TIM3_Init:
 781              	.LFB140:
6309:Core/Src/main.c **** 
ARM GAS  C:\Users\kaush\AppData\Local\Temp\ccalbX8O.s 			page 148


 782              		.loc 1 6309 1 view -0
 783              		.cfi_startproc
 784              		@ args = 0, pretend = 0, frame = 56
 785              		@ frame_needed = 0, uses_anonymous_args = 0
 786 0000 00B5     		push	{lr}
 787              	.LCFI11:
 788              		.cfi_def_cfa_offset 4
 789              		.cfi_offset 14, -4
 790 0002 8FB0     		sub	sp, sp, #60
 791              	.LCFI12:
 792              		.cfi_def_cfa_offset 64
6315:Core/Src/main.c ****   TIM_MasterConfigTypeDef sMasterConfig = {0};
 793              		.loc 1 6315 3 view .LVU212
6315:Core/Src/main.c ****   TIM_MasterConfigTypeDef sMasterConfig = {0};
 794              		.loc 1 6315 26 is_stmt 0 view .LVU213
 795 0004 0023     		movs	r3, #0
 796 0006 0A93     		str	r3, [sp, #40]
 797 0008 0B93     		str	r3, [sp, #44]
 798 000a 0C93     		str	r3, [sp, #48]
 799 000c 0D93     		str	r3, [sp, #52]
6316:Core/Src/main.c ****   TIM_OC_InitTypeDef sConfigOC = {0};
 800              		.loc 1 6316 3 is_stmt 1 view .LVU214
6316:Core/Src/main.c ****   TIM_OC_InitTypeDef sConfigOC = {0};
 801              		.loc 1 6316 27 is_stmt 0 view .LVU215
 802 000e 0893     		str	r3, [sp, #32]
 803 0010 0993     		str	r3, [sp, #36]
6317:Core/Src/main.c **** 
 804              		.loc 1 6317 3 is_stmt 1 view .LVU216
6317:Core/Src/main.c **** 
 805              		.loc 1 6317 22 is_stmt 0 view .LVU217
 806 0012 0193     		str	r3, [sp, #4]
 807 0014 0293     		str	r3, [sp, #8]
 808 0016 0393     		str	r3, [sp, #12]
 809 0018 0493     		str	r3, [sp, #16]
 810 001a 0593     		str	r3, [sp, #20]
 811 001c 0693     		str	r3, [sp, #24]
 812 001e 0793     		str	r3, [sp, #28]
6322:Core/Src/main.c ****   htim3.Init.Prescaler = 0;
 813              		.loc 1 6322 3 is_stmt 1 view .LVU218
6322:Core/Src/main.c ****   htim3.Init.Prescaler = 0;
 814              		.loc 1 6322 18 is_stmt 0 view .LVU219
 815 0020 1E48     		ldr	r0, .L58
 816 0022 1F4A     		ldr	r2, .L58+4
 817 0024 0260     		str	r2, [r0]
6323:Core/Src/main.c ****   htim3.Init.CounterMode = TIM_COUNTERMODE_UP;
 818              		.loc 1 6323 3 is_stmt 1 view .LVU220
6323:Core/Src/main.c ****   htim3.Init.CounterMode = TIM_COUNTERMODE_UP;
 819              		.loc 1 6323 24 is_stmt 0 view .LVU221
 820 0026 4360     		str	r3, [r0, #4]
6324:Core/Src/main.c ****   htim3.Init.Period = 4095;
 821              		.loc 1 6324 3 is_stmt 1 view .LVU222
6324:Core/Src/main.c ****   htim3.Init.Period = 4095;
 822              		.loc 1 6324 26 is_stmt 0 view .LVU223
 823 0028 8360     		str	r3, [r0, #8]
6325:Core/Src/main.c ****   htim3.Init.ClockDivision = TIM_CLOCKDIVISION_DIV1;
 824              		.loc 1 6325 3 is_stmt 1 view .LVU224
6325:Core/Src/main.c ****   htim3.Init.ClockDivision = TIM_CLOCKDIVISION_DIV1;
ARM GAS  C:\Users\kaush\AppData\Local\Temp\ccalbX8O.s 			page 149


 825              		.loc 1 6325 21 is_stmt 0 view .LVU225
 826 002a 40F6FF72 		movw	r2, #4095
 827 002e C260     		str	r2, [r0, #12]
6326:Core/Src/main.c ****   htim3.Init.AutoReloadPreload = TIM_AUTORELOAD_PRELOAD_DISABLE;
 828              		.loc 1 6326 3 is_stmt 1 view .LVU226
6326:Core/Src/main.c ****   htim3.Init.AutoReloadPreload = TIM_AUTORELOAD_PRELOAD_DISABLE;
 829              		.loc 1 6326 28 is_stmt 0 view .LVU227
 830 0030 0361     		str	r3, [r0, #16]
6327:Core/Src/main.c ****   if (HAL_TIM_Base_Init(&htim3) != HAL_OK)
 831              		.loc 1 6327 3 is_stmt 1 view .LVU228
6327:Core/Src/main.c ****   if (HAL_TIM_Base_Init(&htim3) != HAL_OK)
 832              		.loc 1 6327 32 is_stmt 0 view .LVU229
 833 0032 8361     		str	r3, [r0, #24]
6328:Core/Src/main.c ****   {
 834              		.loc 1 6328 3 is_stmt 1 view .LVU230
6328:Core/Src/main.c ****   {
 835              		.loc 1 6328 7 is_stmt 0 view .LVU231
 836 0034 FFF7FEFF 		bl	HAL_TIM_Base_Init
 837              	.LVL35:
6328:Core/Src/main.c ****   {
 838              		.loc 1 6328 6 discriminator 1 view .LVU232
 839 0038 28BB     		cbnz	r0, .L53
6332:Core/Src/main.c ****   if (HAL_TIM_ConfigClockSource(&htim3, &sClockSourceConfig) != HAL_OK)
 840              		.loc 1 6332 3 is_stmt 1 view .LVU233
6332:Core/Src/main.c ****   if (HAL_TIM_ConfigClockSource(&htim3, &sClockSourceConfig) != HAL_OK)
 841              		.loc 1 6332 34 is_stmt 0 view .LVU234
 842 003a 4FF48053 		mov	r3, #4096
 843 003e 0A93     		str	r3, [sp, #40]
6333:Core/Src/main.c ****   {
 844              		.loc 1 6333 3 is_stmt 1 view .LVU235
6333:Core/Src/main.c ****   {
 845              		.loc 1 6333 7 is_stmt 0 view .LVU236
 846 0040 0AA9     		add	r1, sp, #40
 847 0042 1648     		ldr	r0, .L58
 848 0044 FFF7FEFF 		bl	HAL_TIM_ConfigClockSource
 849              	.LVL36:
6333:Core/Src/main.c ****   {
 850              		.loc 1 6333 6 discriminator 1 view .LVU237
 851 0048 F8B9     		cbnz	r0, .L54
6337:Core/Src/main.c ****   {
 852              		.loc 1 6337 3 is_stmt 1 view .LVU238
6337:Core/Src/main.c ****   {
 853              		.loc 1 6337 7 is_stmt 0 view .LVU239
 854 004a 1448     		ldr	r0, .L58
 855 004c FFF7FEFF 		bl	HAL_TIM_PWM_Init
 856              	.LVL37:
6337:Core/Src/main.c ****   {
 857              		.loc 1 6337 6 discriminator 1 view .LVU240
 858 0050 E8B9     		cbnz	r0, .L55
6341:Core/Src/main.c ****   sMasterConfig.MasterSlaveMode = TIM_MASTERSLAVEMODE_DISABLE;
 859              		.loc 1 6341 3 is_stmt 1 view .LVU241
6341:Core/Src/main.c ****   sMasterConfig.MasterSlaveMode = TIM_MASTERSLAVEMODE_DISABLE;
 860              		.loc 1 6341 37 is_stmt 0 view .LVU242
 861 0052 0023     		movs	r3, #0
 862 0054 0893     		str	r3, [sp, #32]
6342:Core/Src/main.c ****   if (HAL_TIMEx_MasterConfigSynchronization(&htim3, &sMasterConfig) != HAL_OK)
 863              		.loc 1 6342 3 is_stmt 1 view .LVU243
ARM GAS  C:\Users\kaush\AppData\Local\Temp\ccalbX8O.s 			page 150


6342:Core/Src/main.c ****   if (HAL_TIMEx_MasterConfigSynchronization(&htim3, &sMasterConfig) != HAL_OK)
 864              		.loc 1 6342 33 is_stmt 0 view .LVU244
 865 0056 0993     		str	r3, [sp, #36]
6343:Core/Src/main.c ****   {
 866              		.loc 1 6343 3 is_stmt 1 view .LVU245
6343:Core/Src/main.c ****   {
 867              		.loc 1 6343 7 is_stmt 0 view .LVU246
 868 0058 08A9     		add	r1, sp, #32
 869 005a 1048     		ldr	r0, .L58
 870 005c FFF7FEFF 		bl	HAL_TIMEx_MasterConfigSynchronization
 871              	.LVL38:
6343:Core/Src/main.c ****   {
 872              		.loc 1 6343 6 discriminator 1 view .LVU247
 873 0060 B8B9     		cbnz	r0, .L56
6347:Core/Src/main.c ****   sConfigOC.Pulse = 0;
 874              		.loc 1 6347 3 is_stmt 1 view .LVU248
6347:Core/Src/main.c ****   sConfigOC.Pulse = 0;
 875              		.loc 1 6347 20 is_stmt 0 view .LVU249
 876 0062 6023     		movs	r3, #96
 877 0064 0193     		str	r3, [sp, #4]
6348:Core/Src/main.c ****   sConfigOC.OCPolarity = TIM_OCPOLARITY_HIGH;
 878              		.loc 1 6348 3 is_stmt 1 view .LVU250
6348:Core/Src/main.c ****   sConfigOC.OCPolarity = TIM_OCPOLARITY_HIGH;
 879              		.loc 1 6348 19 is_stmt 0 view .LVU251
 880 0066 0023     		movs	r3, #0
 881 0068 0293     		str	r3, [sp, #8]
6349:Core/Src/main.c ****   sConfigOC.OCFastMode = TIM_OCFAST_DISABLE;
 882              		.loc 1 6349 3 is_stmt 1 view .LVU252
6349:Core/Src/main.c ****   sConfigOC.OCFastMode = TIM_OCFAST_DISABLE;
 883              		.loc 1 6349 24 is_stmt 0 view .LVU253
 884 006a 0393     		str	r3, [sp, #12]
6350:Core/Src/main.c ****   if (HAL_TIM_PWM_ConfigChannel(&htim3, &sConfigOC, TIM_CHANNEL_3) != HAL_OK)
 885              		.loc 1 6350 3 is_stmt 1 view .LVU254
6350:Core/Src/main.c ****   if (HAL_TIM_PWM_ConfigChannel(&htim3, &sConfigOC, TIM_CHANNEL_3) != HAL_OK)
 886              		.loc 1 6350 24 is_stmt 0 view .LVU255
 887 006c 0593     		str	r3, [sp, #20]
6351:Core/Src/main.c ****   {
 888              		.loc 1 6351 3 is_stmt 1 view .LVU256
6351:Core/Src/main.c ****   {
 889              		.loc 1 6351 7 is_stmt 0 view .LVU257
 890 006e 0822     		movs	r2, #8
 891 0070 01A9     		add	r1, sp, #4
 892 0072 0A48     		ldr	r0, .L58
 893 0074 FFF7FEFF 		bl	HAL_TIM_PWM_ConfigChannel
 894              	.LVL39:
6351:Core/Src/main.c ****   {
 895              		.loc 1 6351 6 discriminator 1 view .LVU258
 896 0078 68B9     		cbnz	r0, .L57
6358:Core/Src/main.c **** 
 897              		.loc 1 6358 3 is_stmt 1 view .LVU259
 898 007a 0848     		ldr	r0, .L58
 899 007c FFF7FEFF 		bl	HAL_TIM_MspPostInit
 900              	.LVL40:
6360:Core/Src/main.c **** 
 901              		.loc 1 6360 1 is_stmt 0 view .LVU260
 902 0080 0FB0     		add	sp, sp, #60
 903              	.LCFI13:
ARM GAS  C:\Users\kaush\AppData\Local\Temp\ccalbX8O.s 			page 151


 904              		.cfi_remember_state
 905              		.cfi_def_cfa_offset 4
 906              		@ sp needed
 907 0082 5DF804FB 		ldr	pc, [sp], #4
 908              	.L53:
 909              	.LCFI14:
 910              		.cfi_restore_state
6330:Core/Src/main.c ****   }
 911              		.loc 1 6330 5 is_stmt 1 view .LVU261
 912 0086 FFF7FEFF 		bl	Error_Handler
 913              	.LVL41:
 914              	.L54:
6335:Core/Src/main.c ****   }
 915              		.loc 1 6335 5 view .LVU262
 916 008a FFF7FEFF 		bl	Error_Handler
 917              	.LVL42:
 918              	.L55:
6339:Core/Src/main.c ****   }
 919              		.loc 1 6339 5 view .LVU263
 920 008e FFF7FEFF 		bl	Error_Handler
 921              	.LVL43:
 922              	.L56:
6345:Core/Src/main.c ****   }
 923              		.loc 1 6345 5 view .LVU264
 924 0092 FFF7FEFF 		bl	Error_Handler
 925              	.LVL44:
 926              	.L57:
6353:Core/Src/main.c ****   }
 927              		.loc 1 6353 5 view .LVU265
 928 0096 FFF7FEFF 		bl	Error_Handler
 929              	.LVL45:
 930              	.L59:
 931 009a 00BF     		.align	2
 932              	.L58:
 933 009c 00000000 		.word	htim3
 934 00a0 00040040 		.word	1073742848
 935              		.cfi_endproc
 936              	.LFE140:
 938              		.section	.text.SystemClock_Config,"ax",%progbits
 939              		.align	1
 940              		.global	SystemClock_Config
 941              		.syntax unified
 942              		.thumb
 943              		.thumb_func
 945              	SystemClock_Config:
 946              	.LFB138:
6189:Core/Src/main.c ****   RCC_OscInitTypeDef RCC_OscInitStruct = {0};
 947              		.loc 1 6189 1 view -0
 948              		.cfi_startproc
 949              		@ args = 0, pretend = 0, frame = 80
 950              		@ frame_needed = 0, uses_anonymous_args = 0
 951 0000 00B5     		push	{lr}
 952              	.LCFI15:
 953              		.cfi_def_cfa_offset 4
 954              		.cfi_offset 14, -4
 955 0002 95B0     		sub	sp, sp, #84
 956              	.LCFI16:
ARM GAS  C:\Users\kaush\AppData\Local\Temp\ccalbX8O.s 			page 152


 957              		.cfi_def_cfa_offset 88
6190:Core/Src/main.c ****   RCC_ClkInitTypeDef RCC_ClkInitStruct = {0};
 958              		.loc 1 6190 3 view .LVU267
6190:Core/Src/main.c ****   RCC_ClkInitTypeDef RCC_ClkInitStruct = {0};
 959              		.loc 1 6190 22 is_stmt 0 view .LVU268
 960 0004 3422     		movs	r2, #52
 961 0006 0021     		movs	r1, #0
 962 0008 07A8     		add	r0, sp, #28
 963 000a FFF7FEFF 		bl	memset
 964              	.LVL46:
6191:Core/Src/main.c **** 
 965              		.loc 1 6191 3 is_stmt 1 view .LVU269
6191:Core/Src/main.c **** 
 966              		.loc 1 6191 22 is_stmt 0 view .LVU270
 967 000e 0023     		movs	r3, #0
 968 0010 0293     		str	r3, [sp, #8]
 969 0012 0393     		str	r3, [sp, #12]
 970 0014 0493     		str	r3, [sp, #16]
 971 0016 0593     		str	r3, [sp, #20]
 972 0018 0693     		str	r3, [sp, #24]
6195:Core/Src/main.c ****   __HAL_PWR_VOLTAGESCALING_CONFIG(PWR_REGULATOR_VOLTAGE_SCALE3);
 973              		.loc 1 6195 3 is_stmt 1 view .LVU271
 974              	.LBB13:
6195:Core/Src/main.c ****   __HAL_PWR_VOLTAGESCALING_CONFIG(PWR_REGULATOR_VOLTAGE_SCALE3);
 975              		.loc 1 6195 3 view .LVU272
 976 001a 0093     		str	r3, [sp]
6195:Core/Src/main.c ****   __HAL_PWR_VOLTAGESCALING_CONFIG(PWR_REGULATOR_VOLTAGE_SCALE3);
 977              		.loc 1 6195 3 view .LVU273
 978 001c 194A     		ldr	r2, .L66
 979 001e 116C     		ldr	r1, [r2, #64]
 980 0020 41F08051 		orr	r1, r1, #268435456
 981 0024 1164     		str	r1, [r2, #64]
6195:Core/Src/main.c ****   __HAL_PWR_VOLTAGESCALING_CONFIG(PWR_REGULATOR_VOLTAGE_SCALE3);
 982              		.loc 1 6195 3 view .LVU274
 983 0026 126C     		ldr	r2, [r2, #64]
 984 0028 02F08052 		and	r2, r2, #268435456
 985 002c 0092     		str	r2, [sp]
6195:Core/Src/main.c ****   __HAL_PWR_VOLTAGESCALING_CONFIG(PWR_REGULATOR_VOLTAGE_SCALE3);
 986              		.loc 1 6195 3 view .LVU275
 987 002e 009A     		ldr	r2, [sp]
 988              	.LBE13:
6195:Core/Src/main.c ****   __HAL_PWR_VOLTAGESCALING_CONFIG(PWR_REGULATOR_VOLTAGE_SCALE3);
 989              		.loc 1 6195 3 view .LVU276
6196:Core/Src/main.c **** 
 990              		.loc 1 6196 3 view .LVU277
 991              	.LBB14:
6196:Core/Src/main.c **** 
 992              		.loc 1 6196 3 view .LVU278
 993 0030 0193     		str	r3, [sp, #4]
6196:Core/Src/main.c **** 
 994              		.loc 1 6196 3 view .LVU279
 995 0032 1549     		ldr	r1, .L66+4
 996 0034 0A68     		ldr	r2, [r1]
 997 0036 22F44042 		bic	r2, r2, #49152
 998 003a 42F48042 		orr	r2, r2, #16384
 999 003e 0A60     		str	r2, [r1]
6196:Core/Src/main.c **** 
ARM GAS  C:\Users\kaush\AppData\Local\Temp\ccalbX8O.s 			page 153


 1000              		.loc 1 6196 3 view .LVU280
 1001 0040 0A68     		ldr	r2, [r1]
 1002 0042 02F44042 		and	r2, r2, #49152
 1003 0046 0192     		str	r2, [sp, #4]
6196:Core/Src/main.c **** 
 1004              		.loc 1 6196 3 view .LVU281
 1005 0048 019A     		ldr	r2, [sp, #4]
 1006              	.LBE14:
6196:Core/Src/main.c **** 
 1007              		.loc 1 6196 3 view .LVU282
6201:Core/Src/main.c ****   RCC_OscInitStruct.HSIState = RCC_HSI_ON;
 1008              		.loc 1 6201 3 view .LVU283
6201:Core/Src/main.c ****   RCC_OscInitStruct.HSIState = RCC_HSI_ON;
 1009              		.loc 1 6201 36 is_stmt 0 view .LVU284
 1010 004a 0222     		movs	r2, #2
 1011 004c 0792     		str	r2, [sp, #28]
6202:Core/Src/main.c ****   RCC_OscInitStruct.HSICalibrationValue = RCC_HSICALIBRATION_DEFAULT;
 1012              		.loc 1 6202 3 is_stmt 1 view .LVU285
6202:Core/Src/main.c ****   RCC_OscInitStruct.HSICalibrationValue = RCC_HSICALIBRATION_DEFAULT;
 1013              		.loc 1 6202 30 is_stmt 0 view .LVU286
 1014 004e 0122     		movs	r2, #1
 1015 0050 0A92     		str	r2, [sp, #40]
6203:Core/Src/main.c ****   RCC_OscInitStruct.PLL.PLLState = RCC_PLL_NONE;
 1016              		.loc 1 6203 3 is_stmt 1 view .LVU287
6203:Core/Src/main.c ****   RCC_OscInitStruct.PLL.PLLState = RCC_PLL_NONE;
 1017              		.loc 1 6203 41 is_stmt 0 view .LVU288
 1018 0052 1022     		movs	r2, #16
 1019 0054 0B92     		str	r2, [sp, #44]
6204:Core/Src/main.c ****   if (HAL_RCC_OscConfig(&RCC_OscInitStruct) != HAL_OK)
 1020              		.loc 1 6204 3 is_stmt 1 view .LVU289
6204:Core/Src/main.c ****   if (HAL_RCC_OscConfig(&RCC_OscInitStruct) != HAL_OK)
 1021              		.loc 1 6204 34 is_stmt 0 view .LVU290
 1022 0056 0D93     		str	r3, [sp, #52]
6205:Core/Src/main.c ****   {
 1023              		.loc 1 6205 3 is_stmt 1 view .LVU291
6205:Core/Src/main.c ****   {
 1024              		.loc 1 6205 7 is_stmt 0 view .LVU292
 1025 0058 07A8     		add	r0, sp, #28
 1026 005a FFF7FEFF 		bl	HAL_RCC_OscConfig
 1027              	.LVL47:
6205:Core/Src/main.c ****   {
 1028              		.loc 1 6205 6 discriminator 1 view .LVU293
 1029 005e 68B9     		cbnz	r0, .L64
6212:Core/Src/main.c ****                               |RCC_CLOCKTYPE_PCLK1|RCC_CLOCKTYPE_PCLK2;
 1030              		.loc 1 6212 3 is_stmt 1 view .LVU294
6212:Core/Src/main.c ****                               |RCC_CLOCKTYPE_PCLK1|RCC_CLOCKTYPE_PCLK2;
 1031              		.loc 1 6212 31 is_stmt 0 view .LVU295
 1032 0060 0F23     		movs	r3, #15
 1033 0062 0293     		str	r3, [sp, #8]
6214:Core/Src/main.c ****   RCC_ClkInitStruct.AHBCLKDivider = RCC_SYSCLK_DIV1;
 1034              		.loc 1 6214 3 is_stmt 1 view .LVU296
6214:Core/Src/main.c ****   RCC_ClkInitStruct.AHBCLKDivider = RCC_SYSCLK_DIV1;
 1035              		.loc 1 6214 34 is_stmt 0 view .LVU297
 1036 0064 0021     		movs	r1, #0
 1037 0066 0391     		str	r1, [sp, #12]
6215:Core/Src/main.c ****   RCC_ClkInitStruct.APB1CLKDivider = RCC_HCLK_DIV1;
 1038              		.loc 1 6215 3 is_stmt 1 view .LVU298
ARM GAS  C:\Users\kaush\AppData\Local\Temp\ccalbX8O.s 			page 154


6215:Core/Src/main.c ****   RCC_ClkInitStruct.APB1CLKDivider = RCC_HCLK_DIV1;
 1039              		.loc 1 6215 35 is_stmt 0 view .LVU299
 1040 0068 0491     		str	r1, [sp, #16]
6216:Core/Src/main.c ****   RCC_ClkInitStruct.APB2CLKDivider = RCC_HCLK_DIV1;
 1041              		.loc 1 6216 3 is_stmt 1 view .LVU300
6216:Core/Src/main.c ****   RCC_ClkInitStruct.APB2CLKDivider = RCC_HCLK_DIV1;
 1042              		.loc 1 6216 36 is_stmt 0 view .LVU301
 1043 006a 0591     		str	r1, [sp, #20]
6217:Core/Src/main.c **** 
 1044              		.loc 1 6217 3 is_stmt 1 view .LVU302
6217:Core/Src/main.c **** 
 1045              		.loc 1 6217 36 is_stmt 0 view .LVU303
 1046 006c 0691     		str	r1, [sp, #24]
6219:Core/Src/main.c ****   {
 1047              		.loc 1 6219 3 is_stmt 1 view .LVU304
6219:Core/Src/main.c ****   {
 1048              		.loc 1 6219 7 is_stmt 0 view .LVU305
 1049 006e 02A8     		add	r0, sp, #8
 1050 0070 FFF7FEFF 		bl	HAL_RCC_ClockConfig
 1051              	.LVL48:
6219:Core/Src/main.c ****   {
 1052              		.loc 1 6219 6 discriminator 1 view .LVU306
 1053 0074 20B9     		cbnz	r0, .L65
6223:Core/Src/main.c **** 
 1054              		.loc 1 6223 1 view .LVU307
 1055 0076 15B0     		add	sp, sp, #84
 1056              	.LCFI17:
 1057              		.cfi_remember_state
 1058              		.cfi_def_cfa_offset 4
 1059              		@ sp needed
 1060 0078 5DF804FB 		ldr	pc, [sp], #4
 1061              	.L64:
 1062              	.LCFI18:
 1063              		.cfi_restore_state
6207:Core/Src/main.c ****   }
 1064              		.loc 1 6207 5 is_stmt 1 view .LVU308
 1065 007c FFF7FEFF 		bl	Error_Handler
 1066              	.LVL49:
 1067              	.L65:
6221:Core/Src/main.c ****   }
 1068              		.loc 1 6221 5 view .LVU309
 1069 0080 FFF7FEFF 		bl	Error_Handler
 1070              	.LVL50:
 1071              	.L67:
 1072              		.align	2
 1073              	.L66:
 1074 0084 00380240 		.word	1073887232
 1075 0088 00700040 		.word	1073770496
 1076              		.cfi_endproc
 1077              	.LFE138:
 1079              		.section	.text.main,"ax",%progbits
 1080              		.align	1
 1081              		.global	main
 1082              		.syntax unified
 1083              		.thumb
 1084              		.thumb_func
 1086              	main:
ARM GAS  C:\Users\kaush\AppData\Local\Temp\ccalbX8O.s 			page 155


 1087              	.LFB137:
6127:Core/Src/main.c **** 
 1088              		.loc 1 6127 1 view -0
 1089              		.cfi_startproc
 1090              		@ Volatile: function does not return.
 1091              		@ args = 0, pretend = 0, frame = 0
 1092              		@ frame_needed = 0, uses_anonymous_args = 0
 1093 0000 08B5     		push	{r3, lr}
 1094              	.LCFI19:
 1095              		.cfi_def_cfa_offset 8
 1096              		.cfi_offset 3, -8
 1097              		.cfi_offset 14, -4
6136:Core/Src/main.c **** 
 1098              		.loc 1 6136 3 view .LVU311
 1099 0002 FFF7FEFF 		bl	HAL_Init
 1100              	.LVL51:
6143:Core/Src/main.c **** 
 1101              		.loc 1 6143 3 view .LVU312
 1102 0006 FFF7FEFF 		bl	SystemClock_Config
 1103              	.LVL52:
6150:Core/Src/main.c ****   MX_DMA_Init();
 1104              		.loc 1 6150 3 view .LVU313
 1105 000a FFF7FEFF 		bl	MX_GPIO_Init
 1106              	.LVL53:
6151:Core/Src/main.c ****   MX_TIM2_Init();
 1107              		.loc 1 6151 3 view .LVU314
 1108 000e FFF7FEFF 		bl	MX_DMA_Init
 1109              	.LVL54:
6152:Core/Src/main.c ****   MX_TIM3_Init();
 1110              		.loc 1 6152 3 view .LVU315
 1111 0012 FFF7FEFF 		bl	MX_TIM2_Init
 1112              	.LVL55:
6153:Core/Src/main.c ****   /* USER CODE BEGIN 2 */
 1113              		.loc 1 6153 3 view .LVU316
 1114 0016 FFF7FEFF 		bl	MX_TIM3_Init
 1115              	.LVL56:
6156:Core/Src/main.c **** 
 1116              		.loc 1 6156 3 view .LVU317
 1117 001a 0821     		movs	r1, #8
 1118 001c 0D48     		ldr	r0, .L71
 1119 001e FFF7FEFF 		bl	HAL_TIM_PWM_Start
 1120              	.LVL57:
6160:Core/Src/main.c **** 
 1121              		.loc 1 6160 3 view .LVU318
 1122 0022 0D4C     		ldr	r4, .L71+4
 1123 0024 0021     		movs	r1, #0
 1124 0026 2046     		mov	r0, r4
 1125 0028 FFF7FEFF 		bl	HAL_TIM_OC_Start
 1126              	.LVL58:
6163:Core/Src/main.c **** 
 1127              		.loc 1 6163 3 view .LVU319
 1128 002c 44F62063 		movw	r3, #20000
 1129 0030 0A4A     		ldr	r2, .L71+8
 1130 0032 1268     		ldr	r2, [r2]
 1131 0034 0A49     		ldr	r1, .L71+12
 1132 0036 0B48     		ldr	r0, .L71+16
 1133 0038 FFF7FEFF 		bl	HAL_DMA_Start_IT
ARM GAS  C:\Users\kaush\AppData\Local\Temp\ccalbX8O.s 			page 156


 1134              	.LVL59:
6166:Core/Src/main.c ****   lcd_update_line(LCD_CHARS[0]);
 1135              		.loc 1 6166 3 view .LVU320
 1136 003c FFF7FEFF 		bl	init_LCD
 1137              	.LVL60:
6167:Core/Src/main.c ****   // TODO: Enable DMA (start transfer from LUT to CCR)
 1138              		.loc 1 6167 3 view .LVU321
 1139 0040 0948     		ldr	r0, .L71+20
 1140 0042 FFF7FEFF 		bl	lcd_update_line
 1141              	.LVL61:
6169:Core/Src/main.c **** 
 1142              		.loc 1 6169 3 view .LVU322
 1143 0046 2268     		ldr	r2, [r4]
 1144 0048 D368     		ldr	r3, [r2, #12]
 1145 004a 43F40073 		orr	r3, r3, #512
 1146 004e D360     		str	r3, [r2, #12]
 1147              	.L69:
6175:Core/Src/main.c ****   {
 1148              		.loc 1 6175 3 view .LVU323
6180:Core/Src/main.c ****   /* USER CODE END 3 */
 1149              		.loc 1 6180 3 view .LVU324
6175:Core/Src/main.c ****   {
 1150              		.loc 1 6175 9 view .LVU325
 1151 0050 FEE7     		b	.L69
 1152              	.L72:
 1153 0052 00BF     		.align	2
 1154              	.L71:
 1155 0054 00000000 		.word	htim3
 1156 0058 00000000 		.word	htim2
 1157 005c 00000000 		.word	DestAddress
 1158 0060 00000000 		.word	Sin_LUT
 1159 0064 00000000 		.word	hdma_tim2_ch1
 1160 0068 00000000 		.word	LCD_CHARS
 1161              		.cfi_endproc
 1162              	.LFE137:
 1164              		.global	DestAddress
 1165              		.section	.data.DestAddress,"aw"
 1166              		.align	2
 1169              	DestAddress:
 1170 0000 3C040040 		.word	1073742908
 1171              		.global	TIM2_Ticks
 1172              		.section	.data.TIM2_Ticks,"aw"
 1173              		.align	2
 1176              	TIM2_Ticks:
 1177 0000 50000000 		.word	80
 1178              		.global	last_button_press
 1179              		.section	.bss.last_button_press,"aw",%nobits
 1180              		.align	2
 1183              	last_button_press:
 1184 0000 00000000 		.space	4
 1185              		.global	current_time
 1186              		.section	.bss.current_time,"aw",%nobits
 1187              		.align	2
 1190              	current_time:
 1191 0000 00000000 		.space	4
 1192              		.global	debounce_delay
 1193              		.section	.data.debounce_delay,"aw"
ARM GAS  C:\Users\kaush\AppData\Local\Temp\ccalbX8O.s 			page 157


 1194              		.align	2
 1197              	debounce_delay:
 1198 0000 C8000000 		.word	200
 1199              		.global	wave_index
 1200              		.section	.data.wave_index,"aw"
 1201              		.align	2
 1204              	wave_index:
 1205 0000 01000000 		.word	1
 1206              		.global	LCD_CHARS
 1207              		.section	.data.LCD_CHARS,"aw"
 1208              		.align	2
 1211              	LCD_CHARS:
 1212 0000 53696E65 		.ascii	"Sine Wave\000"
 1212      20576176 
 1212      6500
 1213 000a 00000000 		.space	40
 1213      00000000 
 1213      00000000 
 1213      00000000 
 1213      00000000 
 1214 0032 53617774 		.ascii	"Sawtooth Wave\000"
 1214      6F6F7468 
 1214      20576176 
 1214      6500
 1215 0040 00000000 		.space	36
 1215      00000000 
 1215      00000000 
 1215      00000000 
 1215      00000000 
 1216 0064 54726961 		.ascii	"Triangle Wave\000"
 1216      6E676C65 
 1216      20576176 
 1216      6500
 1217 0072 00000000 		.space	36
 1217      00000000 
 1217      00000000 
 1217      00000000 
 1217      00000000 
 1218 0096 47756974 		.ascii	"Guitar Wave\000"
 1218      61722057 
 1218      61766500 
 1219 00a2 00000000 		.space	38
 1219      00000000 
 1219      00000000 
 1219      00000000 
 1219      00000000 
 1220 00c8 5069616E 		.ascii	"Piano Wave\000"
 1220      6F205761 
 1220      766500
 1221 00d3 00000000 		.space	39
 1221      00000000 
 1221      00000000 
 1221      00000000 
 1221      00000000 
 1222 00fa 4472756D 		.ascii	"Drums Wave\000"
 1222      73205761 
 1222      766500
ARM GAS  C:\Users\kaush\AppData\Local\Temp\ccalbX8O.s 			page 158


 1223 0105 00000000 		.space	39
 1223      00000000 
 1223      00000000 
 1223      00000000 
 1223      00000000 
 1224              		.global	hdma_tim2_ch1
 1225              		.section	.bss.hdma_tim2_ch1,"aw",%nobits
 1226              		.align	2
 1229              	hdma_tim2_ch1:
 1230 0000 00000000 		.space	96
 1230      00000000 
 1230      00000000 
 1230      00000000 
 1230      00000000 
 1231              		.global	htim3
 1232              		.section	.bss.htim3,"aw",%nobits
 1233              		.align	2
 1236              	htim3:
 1237 0000 00000000 		.space	72
 1237      00000000 
 1237      00000000 
 1237      00000000 
 1237      00000000 
 1238              		.global	htim2
 1239              		.section	.bss.htim2,"aw",%nobits
 1240              		.align	2
 1243              	htim2:
 1244 0000 00000000 		.space	72
 1244      00000000 
 1244      00000000 
 1244      00000000 
 1244      00000000 
 1245              		.global	PIANO_LUT
 1246              		.section	.data.PIANO_LUT,"aw"
 1247              		.align	2
 1250              	PIANO_LUT:
 1251 0000 6D070000 		.word	1901
 1252 0004 6D070000 		.word	1901
 1253 0008 6D070000 		.word	1901
 1254 000c 6D070000 		.word	1901
 1255 0010 6D070000 		.word	1901
 1256 0014 6D070000 		.word	1901
 1257 0018 6D070000 		.word	1901
 1258 001c 6D070000 		.word	1901
 1259 0020 6D070000 		.word	1901
 1260 0024 6D070000 		.word	1901
 1261 0028 6C070000 		.word	1900
 1262 002c 6C070000 		.word	1900
 1263 0030 6C070000 		.word	1900
 1264 0034 6D070000 		.word	1901
 1265 0038 6C070000 		.word	1900
 1266 003c 6C070000 		.word	1900
 1267 0040 6B070000 		.word	1899
 1268 0044 6C070000 		.word	1900
 1269 0048 6D070000 		.word	1901
 1270 004c 6D070000 		.word	1901
 1271 0050 6C070000 		.word	1900
ARM GAS  C:\Users\kaush\AppData\Local\Temp\ccalbX8O.s 			page 159


 1272 0054 6E070000 		.word	1902
 1273 0058 6E070000 		.word	1902
 1274 005c 6B070000 		.word	1899
 1275 0060 6D070000 		.word	1901
 1276 0064 6D070000 		.word	1901
 1277 0068 6D070000 		.word	1901
 1278 006c 52050000 		.word	1362
 1279 0070 9C060000 		.word	1692
 1280 0074 64060000 		.word	1636
 1281 0078 7A090000 		.word	2426
 1282 007c 89050000 		.word	1417
 1283 0080 0D0A0000 		.word	2573
 1284 0084 AE050000 		.word	1454
 1285 0088 B80B0000 		.word	3000
 1286 008c 23060000 		.word	1571
 1287 0090 430E0000 		.word	3651
 1288 0094 A6040000 		.word	1190
 1289 0098 A4040000 		.word	1188
 1290 009c DF050000 		.word	1503
 1291 00a0 21080000 		.word	2081
 1292 00a4 06060000 		.word	1542
 1293 00a8 27090000 		.word	2343
 1294 00ac 62060000 		.word	1634
 1295 00b0 76090000 		.word	2422
 1296 00b4 2E070000 		.word	1838
 1297 00b8 DE0C0000 		.word	3294
 1298 00bc EA070000 		.word	2026
 1299 00c0 0B030000 		.word	779
 1300 00c4 E2050000 		.word	1506
 1301 00c8 63070000 		.word	1891
 1302 00cc 8A060000 		.word	1674
 1303 00d0 9B070000 		.word	1947
 1304 00d4 15070000 		.word	1813
 1305 00d8 3F080000 		.word	2111
 1306 00dc F7070000 		.word	2039
 1307 00e0 94090000 		.word	2452
 1308 00e4 160A0000 		.word	2582
 1309 00e8 09030000 		.word	777
 1310 00ec BA060000 		.word	1722
 1311 00f0 EF060000 		.word	1775
 1312 00f4 8D070000 		.word	1933
 1313 00f8 F6060000 		.word	1782
 1314 00fc 55080000 		.word	2133
 1315 0100 33070000 		.word	1843
 1316 0104 FC080000 		.word	2300
 1317 0108 EC070000 		.word	2028
 1318 010c 050C0000 		.word	3077
 1319 0110 25030000 		.word	805
 1320 0114 70060000 		.word	1648
 1321 0118 4D060000 		.word	1613
 1322 011c 17080000 		.word	2071
 1323 0120 EF050000 		.word	1519
 1324 0124 BF080000 		.word	2239
 1325 0128 20060000 		.word	1568
 1326 012c CE090000 		.word	2510
 1327 0130 2E060000 		.word	1582
 1328 0134 760C0000 		.word	3190
ARM GAS  C:\Users\kaush\AppData\Local\Temp\ccalbX8O.s 			page 160


 1329 0138 E8030000 		.word	1000
 1330 013c 9B060000 		.word	1691
 1331 0140 EB050000 		.word	1515
 1332 0144 9E080000 		.word	2206
 1333 0148 8B050000 		.word	1419
 1334 014c 7E090000 		.word	2430
 1335 0150 A6050000 		.word	1446
 1336 0154 420A0000 		.word	2626
 1337 0158 A5050000 		.word	1445
 1338 015c A00C0000 		.word	3232
 1339 0160 57050000 		.word	1367
 1340 0164 3F060000 		.word	1599
 1341 0168 7A050000 		.word	1402
 1342 016c DB080000 		.word	2267
 1343 0170 29050000 		.word	1321
 1344 0174 51090000 		.word	2385
 1345 0178 49050000 		.word	1353
 1346 017c 300A0000 		.word	2608
 1347 0180 71050000 		.word	1393
 1348 0184 940B0000 		.word	2964
 1349 0188 7D060000 		.word	1661
 1350 018c 4F060000 		.word	1615
 1351 0190 45050000 		.word	1349
 1352 0194 08090000 		.word	2312
 1353 0198 43050000 		.word	1347
 1354 019c 5F090000 		.word	2399
 1355 01a0 AF050000 		.word	1455
 1356 01a4 B6090000 		.word	2486
 1357 01a8 D4050000 		.word	1492
 1358 01ac B80A0000 		.word	2744
 1359 01b0 CD070000 		.word	1997
 1360 01b4 4E060000 		.word	1614
 1361 01b8 FF040000 		.word	1279
 1362 01bc C2080000 		.word	2242
 1363 01c0 7E050000 		.word	1406
 1364 01c4 CA080000 		.word	2250
 1365 01c8 FC050000 		.word	1532
 1366 01cc 2C090000 		.word	2348
 1367 01d0 7A060000 		.word	1658
 1368 01d4 4E090000 		.word	2382
 1369 01d8 98080000 		.word	2200
 1370 01dc 7C060000 		.word	1660
 1371 01e0 21050000 		.word	1313
 1372 01e4 78080000 		.word	2168
 1373 01e8 24060000 		.word	1572
 1374 01ec 1D080000 		.word	2077
 1375 01f0 C5060000 		.word	1733
 1376 01f4 59080000 		.word	2137
 1377 01f8 50070000 		.word	1872
 1378 01fc 2E080000 		.word	2094
 1379              		.global	GUITAR_LUT
 1380              		.section	.data.GUITAR_LUT,"aw"
 1381              		.align	2
 1384              	GUITAR_LUT:
 1385 0000 B2070000 		.word	1970
 1386 0004 B2070000 		.word	1970
 1387 0008 B2070000 		.word	1970
ARM GAS  C:\Users\kaush\AppData\Local\Temp\ccalbX8O.s 			page 161


 1388 000c B2070000 		.word	1970
 1389 0010 B2070000 		.word	1970
 1390 0014 B2070000 		.word	1970
 1391 0018 B2070000 		.word	1970
 1392 001c B2070000 		.word	1970
 1393 0020 B2070000 		.word	1970
 1394 0024 B2070000 		.word	1970
 1395 0028 B2070000 		.word	1970
 1396 002c B2070000 		.word	1970
 1397 0030 B2070000 		.word	1970
 1398 0034 B2070000 		.word	1970
 1399 0038 B2070000 		.word	1970
 1400 003c B2070000 		.word	1970
 1401 0040 B2070000 		.word	1970
 1402 0044 B2070000 		.word	1970
 1403 0048 B2070000 		.word	1970
 1404 004c B2070000 		.word	1970
 1405 0050 B2070000 		.word	1970
 1406 0054 B2070000 		.word	1970
 1407 0058 B2070000 		.word	1970
 1408 005c B2070000 		.word	1970
 1409 0060 B2070000 		.word	1970
 1410 0064 B2070000 		.word	1970
 1411 0068 B2070000 		.word	1970
 1412 006c B2070000 		.word	1970
 1413 0070 B2070000 		.word	1970
 1414 0074 B2070000 		.word	1970
 1415 0078 B2070000 		.word	1970
 1416 007c B2070000 		.word	1970
 1417 0080 B2070000 		.word	1970
 1418 0084 B2070000 		.word	1970
 1419 0088 B2070000 		.word	1970
 1420 008c B2070000 		.word	1970
 1421 0090 B2070000 		.word	1970
 1422 0094 B2070000 		.word	1970
 1423 0098 B2070000 		.word	1970
 1424 009c B2070000 		.word	1970
 1425 00a0 B2070000 		.word	1970
 1426 00a4 B2070000 		.word	1970
 1427 00a8 B1070000 		.word	1969
 1428 00ac B2070000 		.word	1970
 1429 00b0 B1070000 		.word	1969
 1430 00b4 B1070000 		.word	1969
 1431 00b8 B2070000 		.word	1970
 1432 00bc B1070000 		.word	1969
 1433 00c0 B3070000 		.word	1971
 1434 00c4 B0070000 		.word	1968
 1435 00c8 AC070000 		.word	1964
 1436 00cc A6070000 		.word	1958
 1437 00d0 BC070000 		.word	1980
 1438 00d4 AD070000 		.word	1965
 1439 00d8 A7070000 		.word	1959
 1440 00dc 07080000 		.word	2055
 1441 00e0 A8070000 		.word	1960
 1442 00e4 AF070000 		.word	1967
 1443 00e8 A4070000 		.word	1956
 1444 00ec BF070000 		.word	1983
ARM GAS  C:\Users\kaush\AppData\Local\Temp\ccalbX8O.s 			page 162


 1445 00f0 BC070000 		.word	1980
 1446 00f4 83070000 		.word	1923
 1447 00f8 C2070000 		.word	1986
 1448 00fc C8070000 		.word	1992
 1449 0100 8C070000 		.word	1932
 1450 0104 C3070000 		.word	1987
 1451 0108 8E070000 		.word	1934
 1452 010c C6070000 		.word	1990
 1453 0110 A9070000 		.word	1961
 1454 0114 ED070000 		.word	2029
 1455 0118 F5070000 		.word	2037
 1456 011c F1070000 		.word	2033
 1457 0120 24070000 		.word	1828
 1458 0124 1C070000 		.word	1820
 1459 0128 E4060000 		.word	1764
 1460 012c 14080000 		.word	2068
 1461 0130 57080000 		.word	2135
 1462 0134 EE080000 		.word	2286
 1463 0138 9C080000 		.word	2204
 1464 013c 64080000 		.word	2148
 1465 0140 82080000 		.word	2178
 1466 0144 84080000 		.word	2180
 1467 0148 E7060000 		.word	1767
 1468 014c 5E050000 		.word	1374
 1469 0150 09050000 		.word	1289
 1470 0154 3F060000 		.word	1599
 1471 0158 74070000 		.word	1908
 1472 015c 8F080000 		.word	2191
 1473 0160 9C080000 		.word	2204
 1474 0164 9F090000 		.word	2463
 1475 0168 C0090000 		.word	2496
 1476 016c 260A0000 		.word	2598
 1477 0170 53080000 		.word	2131
 1478 0174 1C060000 		.word	1564
 1479 0178 98040000 		.word	1176
 1480 017c A9050000 		.word	1449
 1481 0180 04070000 		.word	1796
 1482 0184 22080000 		.word	2082
 1483 0188 0D080000 		.word	2061
 1484 018c FC080000 		.word	2300
 1485 0190 BD090000 		.word	2493
 1486 0194 090A0000 		.word	2569
 1487 0198 80080000 		.word	2176
 1488 019c 3B060000 		.word	1595
 1489 01a0 74040000 		.word	1140
 1490 01a4 38050000 		.word	1336
 1491 01a8 92060000 		.word	1682
 1492 01ac A6070000 		.word	1958
 1493 01b0 D5070000 		.word	2005
 1494 01b4 6B080000 		.word	2155
 1495 01b8 CD090000 		.word	2509
 1496 01bc 860A0000 		.word	2694
 1497 01c0 67090000 		.word	2407
 1498 01c4 20070000 		.word	1824
 1499 01c8 61050000 		.word	1377
 1500 01cc DC050000 		.word	1500
 1501 01d0 82070000 		.word	1922
ARM GAS  C:\Users\kaush\AppData\Local\Temp\ccalbX8O.s 			page 163


 1502 01d4 25080000 		.word	2085
 1503 01d8 CE070000 		.word	1998
 1504 01dc BC070000 		.word	1980
 1505 01e0 D6080000 		.word	2262
 1506 01e4 A8090000 		.word	2472
 1507 01e8 F0080000 		.word	2288
 1508 01ec FE060000 		.word	1790
 1509 01f0 6B050000 		.word	1387
 1510 01f4 B3050000 		.word	1459
 1511 01f8 26070000 		.word	1830
 1512 01fc E9070000 		.word	2025
 1513              		.global	DRUM_LUT
 1514              		.section	.rodata.DRUM_LUT,"a"
 1515              		.align	2
 1518              	DRUM_LUT:
 1519 0000 FF070000 		.word	2047
 1520 0004 FF070000 		.word	2047
 1521 0008 FF070000 		.word	2047
 1522 000c FF070000 		.word	2047
 1523 0010 FF070000 		.word	2047
 1524 0014 FF070000 		.word	2047
 1525 0018 FF070000 		.word	2047
 1526 001c FF070000 		.word	2047
 1527 0020 FF070000 		.word	2047
 1528 0024 FF070000 		.word	2047
 1529 0028 FF070000 		.word	2047
 1530 002c FE070000 		.word	2046
 1531 0030 FF070000 		.word	2047
 1532 0034 FF070000 		.word	2047
 1533 0038 FF070000 		.word	2047
 1534 003c 00080000 		.word	2048
 1535 0040 FF070000 		.word	2047
 1536 0044 FF070000 		.word	2047
 1537 0048 01080000 		.word	2049
 1538 004c FF070000 		.word	2047
 1539 0050 00080000 		.word	2048
 1540 0054 00080000 		.word	2048
 1541 0058 00080000 		.word	2048
 1542 005c 02080000 		.word	2050
 1543 0060 FE070000 		.word	2046
 1544 0064 03080000 		.word	2051
 1545 0068 FF070000 		.word	2047
 1546 006c FD070000 		.word	2045
 1547 0070 F9070000 		.word	2041
 1548 0074 FC070000 		.word	2044
 1549 0078 02080000 		.word	2050
 1550 007c FF070000 		.word	2047
 1551 0080 01080000 		.word	2049
 1552 0084 FC070000 		.word	2044
 1553 0088 FD070000 		.word	2045
 1554 008c 02080000 		.word	2050
 1555 0090 04080000 		.word	2052
 1556 0094 FE070000 		.word	2046
 1557 0098 01080000 		.word	2049
 1558 009c 01080000 		.word	2049
 1559 00a0 04080000 		.word	2052
 1560 00a4 01080000 		.word	2049
ARM GAS  C:\Users\kaush\AppData\Local\Temp\ccalbX8O.s 			page 164


 1561 00a8 01080000 		.word	2049
 1562 00ac FA070000 		.word	2042
 1563 00b0 00080000 		.word	2048
 1564 00b4 F1060000 		.word	1777
 1565 00b8 8D060000 		.word	1677
 1566 00bc 6C080000 		.word	2156
 1567 00c0 3F090000 		.word	2367
 1568 00c4 0C080000 		.word	2060
 1569 00c8 15090000 		.word	2325
 1570 00cc 47080000 		.word	2119
 1571 00d0 EE090000 		.word	2542
 1572 00d4 A0070000 		.word	1952
 1573 00d8 7E070000 		.word	1918
 1574 00dc 38080000 		.word	2104
 1575 00e0 810B0000 		.word	2945
 1576 00e4 65070000 		.word	1893
 1577 00e8 E9050000 		.word	1513
 1578 00ec 51040000 		.word	1105
 1579 00f0 5A0B0000 		.word	2906
 1580 00f4 BF0D0000 		.word	3519
 1581 00f8 F60F0000 		.word	4086
 1582 00fc E30C0000 		.word	3299
 1583 0100 F5070000 		.word	2037
 1584 0104 78020000 		.word	632
 1585 0108 10000000 		.word	16
 1586 010c 0D000000 		.word	13
 1587 0110 59000000 		.word	89
 1588 0114 1B060000 		.word	1563
 1589 0118 DB0E0000 		.word	3803
 1590 011c FF0F0000 		.word	4095
 1591 0120 7D0F0000 		.word	3965
 1592 0124 A80F0000 		.word	4008
 1593 0128 C9070000 		.word	1993
 1594 012c 0B000000 		.word	11
 1595 0130 00000000 		.word	0
 1596 0134 00000000 		.word	0
 1597 0138 00000000 		.word	0
 1598 013c BF070000 		.word	1983
 1599 0140 5F0E0000 		.word	3679
 1600 0144 FA0F0000 		.word	4090
 1601 0148 FF0F0000 		.word	4095
 1602 014c FF0F0000 		.word	4095
 1603 0150 1E0D0000 		.word	3358
 1604 0154 C7080000 		.word	2247
 1605 0158 FB030000 		.word	1019
 1606 015c 3A010000 		.word	314
 1607 0160 40020000 		.word	576
 1608 0164 11040000 		.word	1041
 1609 0168 DD070000 		.word	2013
 1610 016c DD0A0000 		.word	2781
 1611 0170 430B0000 		.word	2883
 1612 0174 09090000 		.word	2313
 1613 0178 BC050000 		.word	1468
 1614 017c 0F020000 		.word	527
 1615 0180 A8010000 		.word	424
 1616 0184 9A010000 		.word	410
 1617 0188 39020000 		.word	569
ARM GAS  C:\Users\kaush\AppData\Local\Temp\ccalbX8O.s 			page 165


 1618 018c 16030000 		.word	790
 1619 0190 CA050000 		.word	1482
 1620 0194 CE060000 		.word	1742
 1621 0198 C3060000 		.word	1731
 1622 019c 61060000 		.word	1633
 1623 01a0 FB050000 		.word	1531
 1624 01a4 22070000 		.word	1826
 1625 01a8 DE070000 		.word	2014
 1626 01ac 09060000 		.word	1545
 1627 01b0 63070000 		.word	1891
 1628 01b4 4E070000 		.word	1870
 1629 01b8 BA070000 		.word	1978
 1630 01bc 6A090000 		.word	2410
 1631 01c0 730B0000 		.word	2931
 1632 01c4 BA0C0000 		.word	3258
 1633 01c8 690E0000 		.word	3689
 1634 01cc 2C0E0000 		.word	3628
 1635 01d0 A80F0000 		.word	4008
 1636 01d4 FC0F0000 		.word	4092
 1637 01d8 FF0F0000 		.word	4095
 1638 01dc FF0F0000 		.word	4095
 1639 01e0 D20F0000 		.word	4050
 1640 01e4 210F0000 		.word	3873
 1641 01e8 A90C0000 		.word	3241
 1642 01ec 3C0B0000 		.word	2876
 1643 01f0 F1090000 		.word	2545
 1644 01f4 A9090000 		.word	2473
 1645 01f8 A7080000 		.word	2215
 1646 01fc 86080000 		.word	2182
 1647              		.global	Triangle_LUT
 1648              		.section	.rodata.Triangle_LUT,"a"
 1649              		.align	2
 1652              	Triangle_LUT:
 1653 0000 00000000 		.word	0
 1654 0004 40000000 		.word	64
 1655 0008 81000000 		.word	129
 1656 000c C1000000 		.word	193
 1657 0010 02010000 		.word	258
 1658 0014 42010000 		.word	322
 1659 0018 83010000 		.word	387
 1660 001c C3010000 		.word	451
 1661 0020 04020000 		.word	516
 1662 0024 44020000 		.word	580
 1663 0028 85020000 		.word	645
 1664 002c C5020000 		.word	709
 1665 0030 06030000 		.word	774
 1666 0034 46030000 		.word	838
 1667 0038 87030000 		.word	903
 1668 003c C7030000 		.word	967
 1669 0040 08040000 		.word	1032
 1670 0044 48040000 		.word	1096
 1671 0048 89040000 		.word	1161
 1672 004c C9040000 		.word	1225
 1673 0050 0A050000 		.word	1290
 1674 0054 4A050000 		.word	1354
 1675 0058 8B050000 		.word	1419
 1676 005c CB050000 		.word	1483
ARM GAS  C:\Users\kaush\AppData\Local\Temp\ccalbX8O.s 			page 166


 1677 0060 0C060000 		.word	1548
 1678 0064 4C060000 		.word	1612
 1679 0068 8D060000 		.word	1677
 1680 006c CD060000 		.word	1741
 1681 0070 0E070000 		.word	1806
 1682 0074 4E070000 		.word	1870
 1683 0078 8F070000 		.word	1935
 1684 007c CF070000 		.word	1999
 1685 0080 10080000 		.word	2064
 1686 0084 50080000 		.word	2128
 1687 0088 91080000 		.word	2193
 1688 008c D1080000 		.word	2257
 1689 0090 12090000 		.word	2322
 1690 0094 52090000 		.word	2386
 1691 0098 93090000 		.word	2451
 1692 009c D3090000 		.word	2515
 1693 00a0 140A0000 		.word	2580
 1694 00a4 540A0000 		.word	2644
 1695 00a8 950A0000 		.word	2709
 1696 00ac D50A0000 		.word	2773
 1697 00b0 150B0000 		.word	2837
 1698 00b4 560B0000 		.word	2902
 1699 00b8 960B0000 		.word	2966
 1700 00bc D70B0000 		.word	3031
 1701 00c0 170C0000 		.word	3095
 1702 00c4 580C0000 		.word	3160
 1703 00c8 980C0000 		.word	3224
 1704 00cc D90C0000 		.word	3289
 1705 00d0 190D0000 		.word	3353
 1706 00d4 5A0D0000 		.word	3418
 1707 00d8 9A0D0000 		.word	3482
 1708 00dc DB0D0000 		.word	3547
 1709 00e0 1B0E0000 		.word	3611
 1710 00e4 5C0E0000 		.word	3676
 1711 00e8 9C0E0000 		.word	3740
 1712 00ec DD0E0000 		.word	3805
 1713 00f0 1D0F0000 		.word	3869
 1714 00f4 5E0F0000 		.word	3934
 1715 00f8 9E0F0000 		.word	3998
 1716 00fc DF0F0000 		.word	4063
 1717 0100 DF0F0000 		.word	4063
 1718 0104 9E0F0000 		.word	3998
 1719 0108 5E0F0000 		.word	3934
 1720 010c 1D0F0000 		.word	3869
 1721 0110 DD0E0000 		.word	3805
 1722 0114 9C0E0000 		.word	3740
 1723 0118 5C0E0000 		.word	3676
 1724 011c 1B0E0000 		.word	3611
 1725 0120 DB0D0000 		.word	3547
 1726 0124 9A0D0000 		.word	3482
 1727 0128 5A0D0000 		.word	3418
 1728 012c 190D0000 		.word	3353
 1729 0130 D90C0000 		.word	3289
 1730 0134 980C0000 		.word	3224
 1731 0138 580C0000 		.word	3160
 1732 013c 170C0000 		.word	3095
 1733 0140 D70B0000 		.word	3031
ARM GAS  C:\Users\kaush\AppData\Local\Temp\ccalbX8O.s 			page 167


 1734 0144 960B0000 		.word	2966
 1735 0148 560B0000 		.word	2902
 1736 014c 150B0000 		.word	2837
 1737 0150 D50A0000 		.word	2773
 1738 0154 950A0000 		.word	2709
 1739 0158 540A0000 		.word	2644
 1740 015c 140A0000 		.word	2580
 1741 0160 D3090000 		.word	2515
 1742 0164 93090000 		.word	2451
 1743 0168 52090000 		.word	2386
 1744 016c 12090000 		.word	2322
 1745 0170 D1080000 		.word	2257
 1746 0174 91080000 		.word	2193
 1747 0178 50080000 		.word	2128
 1748 017c 10080000 		.word	2064
 1749 0180 CF070000 		.word	1999
 1750 0184 8F070000 		.word	1935
 1751 0188 4E070000 		.word	1870
 1752 018c 0E070000 		.word	1806
 1753 0190 CD060000 		.word	1741
 1754 0194 8D060000 		.word	1677
 1755 0198 4C060000 		.word	1612
 1756 019c 0C060000 		.word	1548
 1757 01a0 CB050000 		.word	1483
 1758 01a4 8B050000 		.word	1419
 1759 01a8 4A050000 		.word	1354
 1760 01ac 0A050000 		.word	1290
 1761 01b0 C9040000 		.word	1225
 1762 01b4 89040000 		.word	1161
 1763 01b8 48040000 		.word	1096
 1764 01bc 08040000 		.word	1032
 1765 01c0 C7030000 		.word	967
 1766 01c4 87030000 		.word	903
 1767 01c8 46030000 		.word	838
 1768 01cc 06030000 		.word	774
 1769 01d0 C5020000 		.word	709
 1770 01d4 85020000 		.word	645
 1771 01d8 44020000 		.word	580
 1772 01dc 04020000 		.word	516
 1773 01e0 C3010000 		.word	451
 1774 01e4 83010000 		.word	387
 1775 01e8 42010000 		.word	322
 1776 01ec 02010000 		.word	258
 1777 01f0 C1000000 		.word	193
 1778 01f4 81000000 		.word	129
 1779 01f8 40000000 		.word	64
 1780 01fc 00000000 		.word	0
 1781 0200 00000000 		.space	79488
 1781      00000000 
 1781      00000000 
 1781      00000000 
 1781      00000000 
 1782              		.global	Saw_LUT
 1783              		.section	.rodata.Saw_LUT,"a"
 1784              		.align	2
 1787              	Saw_LUT:
 1788 0000 00000000 		.word	0
ARM GAS  C:\Users\kaush\AppData\Local\Temp\ccalbX8O.s 			page 168


 1789 0004 20000000 		.word	32
 1790 0008 40000000 		.word	64
 1791 000c 61000000 		.word	97
 1792 0010 81000000 		.word	129
 1793 0014 A1000000 		.word	161
 1794 0018 C1000000 		.word	193
 1795 001c E2000000 		.word	226
 1796 0020 02010000 		.word	258
 1797 0024 22010000 		.word	290
 1798 0028 42010000 		.word	322
 1799 002c 63010000 		.word	355
 1800 0030 83010000 		.word	387
 1801 0034 A3010000 		.word	419
 1802 0038 C3010000 		.word	451
 1803 003c E4010000 		.word	484
 1804 0040 04020000 		.word	516
 1805 0044 24020000 		.word	548
 1806 0048 44020000 		.word	580
 1807 004c 65020000 		.word	613
 1808 0050 85020000 		.word	645
 1809 0054 A5020000 		.word	677
 1810 0058 C5020000 		.word	709
 1811 005c E6020000 		.word	742
 1812 0060 06030000 		.word	774
 1813 0064 26030000 		.word	806
 1814 0068 46030000 		.word	838
 1815 006c 67030000 		.word	871
 1816 0070 87030000 		.word	903
 1817 0074 A7030000 		.word	935
 1818 0078 C7030000 		.word	967
 1819 007c E8030000 		.word	1000
 1820 0080 08040000 		.word	1032
 1821 0084 28040000 		.word	1064
 1822 0088 48040000 		.word	1096
 1823 008c 69040000 		.word	1129
 1824 0090 89040000 		.word	1161
 1825 0094 A9040000 		.word	1193
 1826 0098 C9040000 		.word	1225
 1827 009c EA040000 		.word	1258
 1828 00a0 0A050000 		.word	1290
 1829 00a4 2A050000 		.word	1322
 1830 00a8 4A050000 		.word	1354
 1831 00ac 6A050000 		.word	1386
 1832 00b0 8B050000 		.word	1419
 1833 00b4 AB050000 		.word	1451
 1834 00b8 CB050000 		.word	1483
 1835 00bc EB050000 		.word	1515
 1836 00c0 0C060000 		.word	1548
 1837 00c4 2C060000 		.word	1580
 1838 00c8 4C060000 		.word	1612
 1839 00cc 6C060000 		.word	1644
 1840 00d0 8D060000 		.word	1677
 1841 00d4 AD060000 		.word	1709
 1842 00d8 CD060000 		.word	1741
 1843 00dc ED060000 		.word	1773
 1844 00e0 0E070000 		.word	1806
 1845 00e4 2E070000 		.word	1838
ARM GAS  C:\Users\kaush\AppData\Local\Temp\ccalbX8O.s 			page 169


 1846 00e8 4E070000 		.word	1870
 1847 00ec 6E070000 		.word	1902
 1848 00f0 8F070000 		.word	1935
 1849 00f4 AF070000 		.word	1967
 1850 00f8 CF070000 		.word	1999
 1851 00fc EF070000 		.word	2031
 1852 0100 10080000 		.word	2064
 1853 0104 30080000 		.word	2096
 1854 0108 50080000 		.word	2128
 1855 010c 70080000 		.word	2160
 1856 0110 91080000 		.word	2193
 1857 0114 B1080000 		.word	2225
 1858 0118 D1080000 		.word	2257
 1859 011c F1080000 		.word	2289
 1860 0120 12090000 		.word	2322
 1861 0124 32090000 		.word	2354
 1862 0128 52090000 		.word	2386
 1863 012c 72090000 		.word	2418
 1864 0130 93090000 		.word	2451
 1865 0134 B3090000 		.word	2483
 1866 0138 D3090000 		.word	2515
 1867 013c F3090000 		.word	2547
 1868 0140 140A0000 		.word	2580
 1869 0144 340A0000 		.word	2612
 1870 0148 540A0000 		.word	2644
 1871 014c 740A0000 		.word	2676
 1872 0150 950A0000 		.word	2709
 1873 0154 B50A0000 		.word	2741
 1874 0158 D50A0000 		.word	2773
 1875 015c F50A0000 		.word	2805
 1876 0160 150B0000 		.word	2837
 1877 0164 360B0000 		.word	2870
 1878 0168 560B0000 		.word	2902
 1879 016c 760B0000 		.word	2934
 1880 0170 960B0000 		.word	2966
 1881 0174 B70B0000 		.word	2999
 1882 0178 D70B0000 		.word	3031
 1883 017c F70B0000 		.word	3063
 1884 0180 170C0000 		.word	3095
 1885 0184 380C0000 		.word	3128
 1886 0188 580C0000 		.word	3160
 1887 018c 780C0000 		.word	3192
 1888 0190 980C0000 		.word	3224
 1889 0194 B90C0000 		.word	3257
 1890 0198 D90C0000 		.word	3289
 1891 019c F90C0000 		.word	3321
 1892 01a0 190D0000 		.word	3353
 1893 01a4 3A0D0000 		.word	3386
 1894 01a8 5A0D0000 		.word	3418
 1895 01ac 7A0D0000 		.word	3450
 1896 01b0 9A0D0000 		.word	3482
 1897 01b4 BB0D0000 		.word	3515
 1898 01b8 DB0D0000 		.word	3547
 1899 01bc FB0D0000 		.word	3579
 1900 01c0 1B0E0000 		.word	3611
 1901 01c4 3C0E0000 		.word	3644
 1902 01c8 5C0E0000 		.word	3676
ARM GAS  C:\Users\kaush\AppData\Local\Temp\ccalbX8O.s 			page 170


 1903 01cc 7C0E0000 		.word	3708
 1904 01d0 9C0E0000 		.word	3740
 1905 01d4 BD0E0000 		.word	3773
 1906 01d8 DD0E0000 		.word	3805
 1907 01dc FD0E0000 		.word	3837
 1908 01e0 1D0F0000 		.word	3869
 1909 01e4 3E0F0000 		.word	3902
 1910 01e8 5E0F0000 		.word	3934
 1911 01ec 7E0F0000 		.word	3966
 1912 01f0 9E0F0000 		.word	3998
 1913 01f4 BF0F0000 		.word	4031
 1914 01f8 DF0F0000 		.word	4063
 1915 01fc 00000000 		.word	0
 1916 0200 00000000 		.space	79488
 1916      00000000 
 1916      00000000 
 1916      00000000 
 1916      00000000 
 1917              		.global	Sin_LUT
 1918              		.section	.rodata.Sin_LUT,"a"
 1919              		.align	2
 1922              	Sin_LUT:
 1923 0000 00080000 		.word	2048
 1924 0004 65080000 		.word	2149
 1925 0008 CA080000 		.word	2250
 1926 000c 2E090000 		.word	2350
 1927 0010 92090000 		.word	2450
 1928 0014 F5090000 		.word	2549
 1929 0018 560A0000 		.word	2646
 1930 001c B60A0000 		.word	2742
 1931 0020 150B0000 		.word	2837
 1932 0024 710B0000 		.word	2929
 1933 0028 CC0B0000 		.word	3020
 1934 002c 240C0000 		.word	3108
 1935 0030 790C0000 		.word	3193
 1936 0034 CB0C0000 		.word	3275
 1937 0038 1B0D0000 		.word	3355
 1938 003c 670D0000 		.word	3431
 1939 0040 B00D0000 		.word	3504
 1940 0044 F60D0000 		.word	3574
 1941 0048 370E0000 		.word	3639
 1942 004c 750E0000 		.word	3701
 1943 0050 AF0E0000 		.word	3759
 1944 0054 E40E0000 		.word	3812
 1945 0058 150F0000 		.word	3861
 1946 005c 420F0000 		.word	3906
 1947 0060 6A0F0000 		.word	3946
 1948 0064 8E0F0000 		.word	3982
 1949 0068 AD0F0000 		.word	4013
 1950 006c C70F0000 		.word	4039
 1951 0070 DC0F0000 		.word	4060
 1952 0074 EC0F0000 		.word	4076
 1953 0078 F70F0000 		.word	4087
 1954 007c FE0F0000 		.word	4094
 1955 0080 FF0F0000 		.word	4095
 1956 0084 FB0F0000 		.word	4091
 1957 0088 F20F0000 		.word	4082
ARM GAS  C:\Users\kaush\AppData\Local\Temp\ccalbX8O.s 			page 171


 1958 008c E50F0000 		.word	4069
 1959 0090 D20F0000 		.word	4050
 1960 0094 BA0F0000 		.word	4026
 1961 0098 9E0F0000 		.word	3998
 1962 009c 7D0F0000 		.word	3965
 1963 00a0 570F0000 		.word	3927
 1964 00a4 2C0F0000 		.word	3884
 1965 00a8 FD0E0000 		.word	3837
 1966 00ac CA0E0000 		.word	3786
 1967 00b0 920E0000 		.word	3730
 1968 00b4 570E0000 		.word	3671
 1969 00b8 170E0000 		.word	3607
 1970 00bc D30D0000 		.word	3539
 1971 00c0 8C0D0000 		.word	3468
 1972 00c4 420D0000 		.word	3394
 1973 00c8 F40C0000 		.word	3316
 1974 00cc A30C0000 		.word	3235
 1975 00d0 4F0C0000 		.word	3151
 1976 00d4 F80B0000 		.word	3064
 1977 00d8 9F0B0000 		.word	2975
 1978 00dc 430B0000 		.word	2883
 1979 00e0 E60A0000 		.word	2790
 1980 00e4 870A0000 		.word	2695
 1981 00e8 260A0000 		.word	2598
 1982 00ec C4090000 		.word	2500
 1983 00f0 60090000 		.word	2400
 1984 00f4 FC080000 		.word	2300
 1985 00f8 97080000 		.word	2199
 1986 00fc 32080000 		.word	2098
 1987 0100 CD070000 		.word	1997
 1988 0104 68070000 		.word	1896
 1989 0108 03070000 		.word	1795
 1990 010c 9F060000 		.word	1695
 1991 0110 3B060000 		.word	1595
 1992 0114 D9050000 		.word	1497
 1993 0118 78050000 		.word	1400
 1994 011c 19050000 		.word	1305
 1995 0120 BC040000 		.word	1212
 1996 0124 60040000 		.word	1120
 1997 0128 07040000 		.word	1031
 1998 012c B0030000 		.word	944
 1999 0130 5C030000 		.word	860
 2000 0134 0B030000 		.word	779
 2001 0138 BD020000 		.word	701
 2002 013c 73020000 		.word	627
 2003 0140 2C020000 		.word	556
 2004 0144 E8010000 		.word	488
 2005 0148 A8010000 		.word	424
 2006 014c 6D010000 		.word	365
 2007 0150 35010000 		.word	309
 2008 0154 02010000 		.word	258
 2009 0158 D3000000 		.word	211
 2010 015c A8000000 		.word	168
 2011 0160 82000000 		.word	130
 2012 0164 61000000 		.word	97
 2013 0168 45000000 		.word	69
 2014 016c 2D000000 		.word	45
ARM GAS  C:\Users\kaush\AppData\Local\Temp\ccalbX8O.s 			page 172


 2015 0170 1A000000 		.word	26
 2016 0174 0D000000 		.word	13
 2017 0178 04000000 		.word	4
 2018 017c 00000000 		.word	0
 2019 0180 01000000 		.word	1
 2020 0184 08000000 		.word	8
 2021 0188 13000000 		.word	19
 2022 018c 23000000 		.word	35
 2023 0190 38000000 		.word	56
 2024 0194 52000000 		.word	82
 2025 0198 71000000 		.word	113
 2026 019c 95000000 		.word	149
 2027 01a0 BD000000 		.word	189
 2028 01a4 EA000000 		.word	234
 2029 01a8 1B010000 		.word	283
 2030 01ac 50010000 		.word	336
 2031 01b0 8A010000 		.word	394
 2032 01b4 C8010000 		.word	456
 2033 01b8 09020000 		.word	521
 2034 01bc 4F020000 		.word	591
 2035 01c0 98020000 		.word	664
 2036 01c4 E4020000 		.word	740
 2037 01c8 34030000 		.word	820
 2038 01cc 86030000 		.word	902
 2039 01d0 DB030000 		.word	987
 2040 01d4 33040000 		.word	1075
 2041 01d8 8E040000 		.word	1166
 2042 01dc EA040000 		.word	1258
 2043 01e0 49050000 		.word	1353
 2044 01e4 A9050000 		.word	1449
 2045 01e8 0A060000 		.word	1546
 2046 01ec 6D060000 		.word	1645
 2047 01f0 D1060000 		.word	1745
 2048 01f4 35070000 		.word	1845
 2049 01f8 9A070000 		.word	1946
 2050 01fc FF070000 		.word	2047
 2051 0200 00000000 		.space	79488
 2051      00000000 
 2051      00000000 
 2051      00000000 
 2051      00000000 
 2052              		.text
 2053              	.Letext0:
 2054              		.file 3 "Drivers/CMSIS/Device/ST/STM32F4xx/Include/stm32f446xx.h"
 2055              		.file 4 "C:\\Users\\kaush\\STM32CubeIDE_1.19.0\\STM32CubeIDE\\plugins\\com.st.stm32cube.ide.mcu.ex
 2056              		.file 5 "C:\\Users\\kaush\\STM32CubeIDE_1.19.0\\STM32CubeIDE\\plugins\\com.st.stm32cube.ide.mcu.ex
 2057              		.file 6 "Drivers/STM32F4xx_HAL_Driver/Inc/stm32f4xx_hal_def.h"
 2058              		.file 7 "Drivers/STM32F4xx_HAL_Driver/Inc/stm32f4xx_hal_rcc_ex.h"
 2059              		.file 8 "Drivers/STM32F4xx_HAL_Driver/Inc/stm32f4xx_hal_rcc.h"
 2060              		.file 9 "Drivers/STM32F4xx_HAL_Driver/Inc/stm32f4xx_hal_gpio.h"
 2061              		.file 10 "Drivers/STM32F4xx_HAL_Driver/Inc/stm32f4xx_hal_dma.h"
 2062              		.file 11 "Drivers/STM32F4xx_HAL_Driver/Inc/stm32f4xx_hal_tim.h"
 2063              		.file 12 "Core/Inc/main.h"
 2064              		.file 13 "Drivers/STM32F4xx_HAL_Driver/Inc/stm32f4xx_hal_tim_ex.h"
 2065              		.file 14 "Drivers/STM32F4xx_HAL_Driver/Inc/stm32f4xx_hal_cortex.h"
 2066              		.file 15 "Drivers/STM32F4xx_HAL_Driver/Inc/stm32f4xx_hal.h"
 2067              		.file 16 "Core/Inc/lcd_stm32f4.h"
ARM GAS  C:\Users\kaush\AppData\Local\Temp\ccalbX8O.s 			page 173


 2068              		.file 17 "<built-in>"
ARM GAS  C:\Users\kaush\AppData\Local\Temp\ccalbX8O.s 			page 174


DEFINED SYMBOLS
                            *ABS*:00000000 main.c
C:\Users\kaush\AppData\Local\Temp\ccalbX8O.s:21     .text.MX_GPIO_Init:00000000 $t
C:\Users\kaush\AppData\Local\Temp\ccalbX8O.s:26     .text.MX_GPIO_Init:00000000 MX_GPIO_Init
C:\Users\kaush\AppData\Local\Temp\ccalbX8O.s:192    .text.MX_GPIO_Init:000000d4 $d
C:\Users\kaush\AppData\Local\Temp\ccalbX8O.s:200    .text.MX_DMA_Init:00000000 $t
C:\Users\kaush\AppData\Local\Temp\ccalbX8O.s:205    .text.MX_DMA_Init:00000000 MX_DMA_Init
C:\Users\kaush\AppData\Local\Temp\ccalbX8O.s:254    .text.MX_DMA_Init:00000030 $d
C:\Users\kaush\AppData\Local\Temp\ccalbX8O.s:259    .text.EXTI0_IRQHandler:00000000 $t
C:\Users\kaush\AppData\Local\Temp\ccalbX8O.s:265    .text.EXTI0_IRQHandler:00000000 EXTI0_IRQHandler
C:\Users\kaush\AppData\Local\Temp\ccalbX8O.s:356    .text.EXTI0_IRQHandler:00000066 $d
C:\Users\kaush\AppData\Local\Temp\ccalbX8O.s:362    .text.EXTI0_IRQHandler:0000006c $t
C:\Users\kaush\AppData\Local\Temp\ccalbX8O.s:471    .text.EXTI0_IRQHandler:000000f4 $d
C:\Users\kaush\AppData\Local\Temp\ccalbX8O.s:1190   .bss.current_time:00000000 current_time
C:\Users\kaush\AppData\Local\Temp\ccalbX8O.s:1183   .bss.last_button_press:00000000 last_button_press
C:\Users\kaush\AppData\Local\Temp\ccalbX8O.s:1197   .data.debounce_delay:00000000 debounce_delay
C:\Users\kaush\AppData\Local\Temp\ccalbX8O.s:1243   .bss.htim2:00000000 htim2
C:\Users\kaush\AppData\Local\Temp\ccalbX8O.s:1229   .bss.hdma_tim2_ch1:00000000 hdma_tim2_ch1
C:\Users\kaush\AppData\Local\Temp\ccalbX8O.s:1204   .data.wave_index:00000000 wave_index
C:\Users\kaush\AppData\Local\Temp\ccalbX8O.s:1176   .data.TIM2_Ticks:00000000 TIM2_Ticks
C:\Users\kaush\AppData\Local\Temp\ccalbX8O.s:1169   .data.DestAddress:00000000 DestAddress
C:\Users\kaush\AppData\Local\Temp\ccalbX8O.s:1922   .rodata.Sin_LUT:00000000 Sin_LUT
C:\Users\kaush\AppData\Local\Temp\ccalbX8O.s:1211   .data.LCD_CHARS:00000000 LCD_CHARS
C:\Users\kaush\AppData\Local\Temp\ccalbX8O.s:1787   .rodata.Saw_LUT:00000000 Saw_LUT
C:\Users\kaush\AppData\Local\Temp\ccalbX8O.s:492    .text.Error_Handler:00000000 $t
C:\Users\kaush\AppData\Local\Temp\ccalbX8O.s:498    .text.Error_Handler:00000000 Error_Handler
C:\Users\kaush\AppData\Local\Temp\ccalbX8O.s:530    .text.MX_TIM2_Init:00000000 $t
C:\Users\kaush\AppData\Local\Temp\ccalbX8O.s:535    .text.MX_TIM2_Init:00000000 MX_TIM2_Init
C:\Users\kaush\AppData\Local\Temp\ccalbX8O.s:766    .text.MX_TIM2_Init:000000fc $d
C:\Users\kaush\AppData\Local\Temp\ccalbX8O.s:775    .text.MX_TIM3_Init:00000000 $t
C:\Users\kaush\AppData\Local\Temp\ccalbX8O.s:780    .text.MX_TIM3_Init:00000000 MX_TIM3_Init
C:\Users\kaush\AppData\Local\Temp\ccalbX8O.s:933    .text.MX_TIM3_Init:0000009c $d
C:\Users\kaush\AppData\Local\Temp\ccalbX8O.s:1236   .bss.htim3:00000000 htim3
C:\Users\kaush\AppData\Local\Temp\ccalbX8O.s:939    .text.SystemClock_Config:00000000 $t
C:\Users\kaush\AppData\Local\Temp\ccalbX8O.s:945    .text.SystemClock_Config:00000000 SystemClock_Config
C:\Users\kaush\AppData\Local\Temp\ccalbX8O.s:1074   .text.SystemClock_Config:00000084 $d
C:\Users\kaush\AppData\Local\Temp\ccalbX8O.s:1080   .text.main:00000000 $t
C:\Users\kaush\AppData\Local\Temp\ccalbX8O.s:1086   .text.main:00000000 main
C:\Users\kaush\AppData\Local\Temp\ccalbX8O.s:1155   .text.main:00000054 $d
C:\Users\kaush\AppData\Local\Temp\ccalbX8O.s:1166   .data.DestAddress:00000000 $d
C:\Users\kaush\AppData\Local\Temp\ccalbX8O.s:1173   .data.TIM2_Ticks:00000000 $d
C:\Users\kaush\AppData\Local\Temp\ccalbX8O.s:1180   .bss.last_button_press:00000000 $d
C:\Users\kaush\AppData\Local\Temp\ccalbX8O.s:1187   .bss.current_time:00000000 $d
C:\Users\kaush\AppData\Local\Temp\ccalbX8O.s:1194   .data.debounce_delay:00000000 $d
C:\Users\kaush\AppData\Local\Temp\ccalbX8O.s:1201   .data.wave_index:00000000 $d
C:\Users\kaush\AppData\Local\Temp\ccalbX8O.s:1208   .data.LCD_CHARS:00000000 $d
C:\Users\kaush\AppData\Local\Temp\ccalbX8O.s:1226   .bss.hdma_tim2_ch1:00000000 $d
C:\Users\kaush\AppData\Local\Temp\ccalbX8O.s:1233   .bss.htim3:00000000 $d
C:\Users\kaush\AppData\Local\Temp\ccalbX8O.s:1240   .bss.htim2:00000000 $d
C:\Users\kaush\AppData\Local\Temp\ccalbX8O.s:1250   .data.PIANO_LUT:00000000 PIANO_LUT
C:\Users\kaush\AppData\Local\Temp\ccalbX8O.s:1247   .data.PIANO_LUT:00000000 $d
C:\Users\kaush\AppData\Local\Temp\ccalbX8O.s:1384   .data.GUITAR_LUT:00000000 GUITAR_LUT
C:\Users\kaush\AppData\Local\Temp\ccalbX8O.s:1381   .data.GUITAR_LUT:00000000 $d
C:\Users\kaush\AppData\Local\Temp\ccalbX8O.s:1518   .rodata.DRUM_LUT:00000000 DRUM_LUT
C:\Users\kaush\AppData\Local\Temp\ccalbX8O.s:1515   .rodata.DRUM_LUT:00000000 $d
C:\Users\kaush\AppData\Local\Temp\ccalbX8O.s:1652   .rodata.Triangle_LUT:00000000 Triangle_LUT
C:\Users\kaush\AppData\Local\Temp\ccalbX8O.s:1649   .rodata.Triangle_LUT:00000000 $d
ARM GAS  C:\Users\kaush\AppData\Local\Temp\ccalbX8O.s 			page 175


C:\Users\kaush\AppData\Local\Temp\ccalbX8O.s:1784   .rodata.Saw_LUT:00000000 $d
C:\Users\kaush\AppData\Local\Temp\ccalbX8O.s:1919   .rodata.Sin_LUT:00000000 $d

UNDEFINED SYMBOLS
HAL_GPIO_Init
HAL_GPIO_WritePin
HAL_NVIC_SetPriority
HAL_NVIC_EnableIRQ
HAL_GetTick
HAL_DMA_Abort_IT
HAL_GPIO_EXTI_IRQHandler
HAL_DMA_Start_IT
lcd_update_line
HAL_TIM_Base_Init
HAL_TIM_ConfigClockSource
HAL_TIM_OC_Init
HAL_TIMEx_MasterConfigSynchronization
HAL_TIM_OC_ConfigChannel
HAL_DMA_Init
HAL_TIM_PWM_Init
HAL_TIM_PWM_ConfigChannel
HAL_TIM_MspPostInit
memset
HAL_RCC_OscConfig
HAL_RCC_ClockConfig
HAL_Init
HAL_TIM_PWM_Start
HAL_TIM_OC_Start
init_LCD
