ARM GAS  C:\Users\Lenovo\AppData\Local\Temp\cc7QoDtc.s 			page 1


   1              		.cpu cortex-m4
   2              		.arch armv7e-m
   3              		.fpu fpv4-sp-d16
   4              		.eabi_attribute 27, 1
   5              		.eabi_attribute 28, 1
   6              		.eabi_attribute 20, 1
   7              		.eabi_attribute 21, 1
   8              		.eabi_attribute 23, 3
   9              		.eabi_attribute 24, 1
  10              		.eabi_attribute 25, 1
  11              		.eabi_attribute 26, 1
  12              		.eabi_attribute 30, 1
  13              		.eabi_attribute 34, 1
  14              		.eabi_attribute 18, 4
  15              		.file	"main.c"
  16              		.text
  17              	.Ltext0:
  18              		.cfi_sections	.debug_frame
  19              		.file 1 "Core/Src/main.c"
  20              		.section	.text.MX_GPIO_Init,"ax",%progbits
  21              		.align	1
  22              		.syntax unified
  23              		.thumb
  24              		.thumb_func
  26              	MX_GPIO_Init:
  27              	.LFB142:
   1:Core/Src/main.c **** /* USER CODE BEGIN Header */
   2:Core/Src/main.c **** /**
   3:Core/Src/main.c ****   ******************************************************************************
   4:Core/Src/main.c ****   * @file           : main.c
   5:Core/Src/main.c ****   * @brief          : Main program body
   6:Core/Src/main.c ****   ******************************************************************************
   7:Core/Src/main.c ****   * @attention
   8:Core/Src/main.c ****   *
   9:Core/Src/main.c ****   * Copyright (c) 2025 STMicroelectronics.
  10:Core/Src/main.c ****   * All rights reserved.
  11:Core/Src/main.c ****   *
  12:Core/Src/main.c ****   * This software is licensed under terms that can be found in the LICENSE file
  13:Core/Src/main.c ****   * in the root directory of this software component.
  14:Core/Src/main.c ****   * If no LICENSE file comes with this software, it is provided AS-IS.
  15:Core/Src/main.c ****   *
  16:Core/Src/main.c ****   ******************************************************************************
  17:Core/Src/main.c ****   */
  18:Core/Src/main.c **** /* USER CODE END Header */
  19:Core/Src/main.c **** /* Includes ------------------------------------------------------------------*/
  20:Core/Src/main.c **** #include "main.h"
  21:Core/Src/main.c **** 
  22:Core/Src/main.c **** /* Private includes ----------------------------------------------------------*/
  23:Core/Src/main.c **** /* USER CODE BEGIN Includes */
  24:Core/Src/main.c **** #include <stdio.h>
  25:Core/Src/main.c **** #include "stm32f4xx.h"
  26:Core/Src/main.c **** #include "lcd_stm32f4.h"
  27:Core/Src/main.c **** /* USER CODE END Includes */
  28:Core/Src/main.c **** 
  29:Core/Src/main.c **** /* Private typedef -----------------------------------------------------------*/
  30:Core/Src/main.c **** /* USER CODE BEGIN PTD */
  31:Core/Src/main.c **** 
ARM GAS  C:\Users\Lenovo\AppData\Local\Temp\cc7QoDtc.s 			page 2


  32:Core/Src/main.c **** /* USER CODE END PTD */
  33:Core/Src/main.c **** 
  34:Core/Src/main.c **** /* Private define ------------------------------------------------------------*/
  35:Core/Src/main.c **** /* USER CODE BEGIN PD */
  36:Core/Src/main.c **** // TODO: Add values for below variables
  37:Core/Src/main.c **** #define NS  128      // Number of samples in LUT
  38:Core/Src/main.c **** #define TIM2CLK 16000000  // STM Clock frequency: Hint You might want to check the ioc file
  39:Core/Src/main.c **** #define F_SIGNAL  44100	// Frequency of output analog signal
  40:Core/Src/main.c **** 
  41:Core/Src/main.c **** /* USER CODE END PD */
  42:Core/Src/main.c **** 
  43:Core/Src/main.c **** /* Private macro -------------------------------------------------------------*/
  44:Core/Src/main.c **** /* USER CODE BEGIN PM */
  45:Core/Src/main.c **** 
  46:Core/Src/main.c **** /* USER CODE END PM */
  47:Core/Src/main.c **** 
  48:Core/Src/main.c **** /* Private variables ---------------------------------------------------------*/
  49:Core/Src/main.c **** TIM_HandleTypeDef htim2;
  50:Core/Src/main.c **** TIM_HandleTypeDef htim3;
  51:Core/Src/main.c **** DMA_HandleTypeDef hdma_tim2_ch1;
  52:Core/Src/main.c **** 
  53:Core/Src/main.c **** /* USER CODE BEGIN PV */
  54:Core/Src/main.c **** // TODO: Add code for global variables, including LUTs
  55:Core/Src/main.c **** uint32_t Sin_LUT[NS] =      {0x0800, 0x0865, 0x08CA, 0x092E, 0x0992, 0x09F5, 0x0A56, 0x0AB6, 0x0B15
  56:Core/Src/main.c **** uint32_t Saw_LUT[NS] =      {0x0000, 0x0020, 0x0040, 0x0061, 0x0081, 0x00A1, 0x00C1, 0x00E2, 0x0102
  57:Core/Src/main.c **** uint32_t Triangle_LUT[NS] = {0x0000, 0x0040, 0x0081, 0x00C1, 0x0102, 0x0142, 0x0183, 0x01C3, 0x0204
  58:Core/Src/main.c **** uint32_t Piano_LUT[NS] =        {0x0800, 0x0880, 0x07C4, 0x0830, 0x080C, 0x0829, 0x07F8, 0x0869, 0x
  59:Core/Src/main.c **** uint32_t Guitar_LUT[NS] = {0x0800, 0x088E, 0x088B, 0x0821, 0x0819, 0x07AD, 0x07A1, 0x0795, 0x0710, 
  60:Core/Src/main.c **** uint32_t Drum_LUT[NS] = {0x0800, 0x0D33, 0x0749, 0x083E, 0x0810, 0x0D62, 0x0765, 0x078E, 0x0826, 0x
  61:Core/Src/main.c **** char LCD_CHARS[6][50] = {"Sine Wave","Sawtooth Wave","Triangle Wave","Guitar Wave","Piano Wave","Dr
  62:Core/Src/main.c **** volatile int wave_index = 1;
  63:Core/Src/main.c **** int debounce_delay = 200;
  64:Core/Src/main.c **** uint32_t current_time = 0;
  65:Core/Src/main.c **** uint32_t last_button_press = 0;
  66:Core/Src/main.c **** 
  67:Core/Src/main.c **** // TODO: Equation to calculate TIM2_Ticks
  68:Core/Src/main.c **** uint32_t TIM2_Ticks = TIM2CLK / (F_SIGNAL * NS); // How often to write new LUT value
  69:Core/Src/main.c **** uint32_t DestAddress = (uint32_t) &(TIM3->CCR3); // Write LUT TO TIM3->CCR3 to modify PWM duty cycl
  70:Core/Src/main.c **** 
  71:Core/Src/main.c **** 
  72:Core/Src/main.c **** /* USER CODE END PV */
  73:Core/Src/main.c **** 
  74:Core/Src/main.c **** /* Private function prototypes -----------------------------------------------*/
  75:Core/Src/main.c **** void SystemClock_Config(void);
  76:Core/Src/main.c **** static void MX_GPIO_Init(void);
  77:Core/Src/main.c **** static void MX_DMA_Init(void);
  78:Core/Src/main.c **** static void MX_TIM2_Init(void);
  79:Core/Src/main.c **** static void MX_TIM3_Init(void);
  80:Core/Src/main.c **** /* USER CODE BEGIN PFP */
  81:Core/Src/main.c **** void EXTI0_IRQHandler(void);
  82:Core/Src/main.c **** /* USER CODE END PFP */
  83:Core/Src/main.c **** 
  84:Core/Src/main.c **** /* Private user code ---------------------------------------------------------*/
  85:Core/Src/main.c **** /* USER CODE BEGIN 0 */
  86:Core/Src/main.c **** 
  87:Core/Src/main.c **** /* USER CODE END 0 */
  88:Core/Src/main.c **** 
ARM GAS  C:\Users\Lenovo\AppData\Local\Temp\cc7QoDtc.s 			page 3


  89:Core/Src/main.c **** /**
  90:Core/Src/main.c ****   * @brief  The application entry point.
  91:Core/Src/main.c ****   * @retval int
  92:Core/Src/main.c ****   */
  93:Core/Src/main.c **** int main(void)
  94:Core/Src/main.c **** {
  95:Core/Src/main.c **** 
  96:Core/Src/main.c ****   /* USER CODE BEGIN 1 */
  97:Core/Src/main.c **** 
  98:Core/Src/main.c ****   /* USER CODE END 1 */
  99:Core/Src/main.c **** 
 100:Core/Src/main.c ****   /* MCU Configuration--------------------------------------------------------*/
 101:Core/Src/main.c **** 
 102:Core/Src/main.c ****   /* Reset of all peripherals, Initializes the Flash interface and the Systick. */
 103:Core/Src/main.c ****   HAL_Init();
 104:Core/Src/main.c **** 
 105:Core/Src/main.c ****   /* USER CODE BEGIN Init */
 106:Core/Src/main.c **** 
 107:Core/Src/main.c ****   /* USER CODE END Init */
 108:Core/Src/main.c **** 
 109:Core/Src/main.c ****   /* Configure the system clock */
 110:Core/Src/main.c ****   SystemClock_Config();
 111:Core/Src/main.c **** 
 112:Core/Src/main.c ****   /* USER CODE BEGIN SysInit */
 113:Core/Src/main.c **** 
 114:Core/Src/main.c ****   /* USER CODE END SysInit */
 115:Core/Src/main.c **** 
 116:Core/Src/main.c ****   /* Initialize all configured peripherals */
 117:Core/Src/main.c ****   MX_GPIO_Init();
 118:Core/Src/main.c ****   MX_DMA_Init();
 119:Core/Src/main.c ****   MX_TIM2_Init();
 120:Core/Src/main.c ****   MX_TIM3_Init();
 121:Core/Src/main.c ****   /* USER CODE BEGIN 2 */
 122:Core/Src/main.c ****   // TODO: Start TIM3 in PWM mode on channel 3
 123:Core/Src/main.c ****   HAL_TIM_PWM_Start(&htim3, TIM_CHANNEL_3);
 124:Core/Src/main.c **** 
 125:Core/Src/main.c ****   // TODO: Start TIM2 in Output Compare (OC) mode on channel 1
 126:Core/Src/main.c ****   HAL_TIM_OC_Start(&htim2, TIM_CHANNEL_1);
 127:Core/Src/main.c **** 
 128:Core/Src/main.c ****   // TODO: Start DMA in IT mode on TIM2->CH1. Source is LUT and Dest is TIM3->CCR3; start with Sine
 129:Core/Src/main.c ****   HAL_TIM_OC_Start_DMA(&htim2, TIM_CHANNEL_1, (uint32_t*)Sin_LUT, NS);
 130:Core/Src/main.c **** 
 131:Core/Src/main.c ****   // TODO: Write current waveform to LCD(Sine is the first waveform)
 132:Core/Src/main.c ****   init_LCD();
 133:Core/Src/main.c ****   lcd_update_line(LCD_CHARS[0]);
 134:Core/Src/main.c ****   // TODO: Enable DMA (start transfer from LUT to CCR)
 135:Core/Src/main.c ****   __HAL_TIM_ENABLE_DMA(&htim2, TIM_DMA_CC1);
 136:Core/Src/main.c **** 
 137:Core/Src/main.c ****   /* USER CODE END 2 */
 138:Core/Src/main.c **** 
 139:Core/Src/main.c ****   /* Infinite loop */
 140:Core/Src/main.c ****   /* USER CODE BEGIN WHILE */
 141:Core/Src/main.c ****   while (1)
 142:Core/Src/main.c ****   {
 143:Core/Src/main.c ****     /* USER CODE END WHILE */
 144:Core/Src/main.c **** 
 145:Core/Src/main.c ****     /* USER CODE BEGIN 3 */
ARM GAS  C:\Users\Lenovo\AppData\Local\Temp\cc7QoDtc.s 			page 4


 146:Core/Src/main.c ****   }
 147:Core/Src/main.c ****   /* USER CODE END 3 */
 148:Core/Src/main.c **** }
 149:Core/Src/main.c **** 
 150:Core/Src/main.c **** /**
 151:Core/Src/main.c ****   * @brief System Clock Configuration
 152:Core/Src/main.c ****   * @retval None
 153:Core/Src/main.c ****   */
 154:Core/Src/main.c **** void SystemClock_Config(void)
 155:Core/Src/main.c **** {
 156:Core/Src/main.c ****   RCC_OscInitTypeDef RCC_OscInitStruct = {0};
 157:Core/Src/main.c ****   RCC_ClkInitTypeDef RCC_ClkInitStruct = {0};
 158:Core/Src/main.c **** 
 159:Core/Src/main.c ****   /** Configure the main internal regulator output voltage
 160:Core/Src/main.c ****   */
 161:Core/Src/main.c ****   __HAL_RCC_PWR_CLK_ENABLE();
 162:Core/Src/main.c ****   __HAL_PWR_VOLTAGESCALING_CONFIG(PWR_REGULATOR_VOLTAGE_SCALE3);
 163:Core/Src/main.c **** 
 164:Core/Src/main.c ****   /** Initializes the RCC Oscillators according to the specified parameters
 165:Core/Src/main.c ****   * in the RCC_OscInitTypeDef structure.
 166:Core/Src/main.c ****   */
 167:Core/Src/main.c ****   RCC_OscInitStruct.OscillatorType = RCC_OSCILLATORTYPE_HSI;
 168:Core/Src/main.c ****   RCC_OscInitStruct.HSIState = RCC_HSI_ON;
 169:Core/Src/main.c ****   RCC_OscInitStruct.HSICalibrationValue = RCC_HSICALIBRATION_DEFAULT;
 170:Core/Src/main.c ****   RCC_OscInitStruct.PLL.PLLState = RCC_PLL_NONE;
 171:Core/Src/main.c ****   if (HAL_RCC_OscConfig(&RCC_OscInitStruct) != HAL_OK)
 172:Core/Src/main.c ****   {
 173:Core/Src/main.c ****     Error_Handler();
 174:Core/Src/main.c ****   }
 175:Core/Src/main.c **** 
 176:Core/Src/main.c ****   /** Initializes the CPU, AHB and APB buses clocks
 177:Core/Src/main.c ****   */
 178:Core/Src/main.c ****   RCC_ClkInitStruct.ClockType = RCC_CLOCKTYPE_HCLK|RCC_CLOCKTYPE_SYSCLK
 179:Core/Src/main.c ****                               |RCC_CLOCKTYPE_PCLK1|RCC_CLOCKTYPE_PCLK2;
 180:Core/Src/main.c ****   RCC_ClkInitStruct.SYSCLKSource = RCC_SYSCLKSOURCE_HSI;
 181:Core/Src/main.c ****   RCC_ClkInitStruct.AHBCLKDivider = RCC_SYSCLK_DIV1;
 182:Core/Src/main.c ****   RCC_ClkInitStruct.APB1CLKDivider = RCC_HCLK_DIV1;
 183:Core/Src/main.c ****   RCC_ClkInitStruct.APB2CLKDivider = RCC_HCLK_DIV1;
 184:Core/Src/main.c **** 
 185:Core/Src/main.c ****   if (HAL_RCC_ClockConfig(&RCC_ClkInitStruct, FLASH_LATENCY_0) != HAL_OK)
 186:Core/Src/main.c ****   {
 187:Core/Src/main.c ****     Error_Handler();
 188:Core/Src/main.c ****   }
 189:Core/Src/main.c **** }
 190:Core/Src/main.c **** 
 191:Core/Src/main.c **** /**
 192:Core/Src/main.c ****   * @brief TIM2 Initialization Function
 193:Core/Src/main.c ****   * @param None
 194:Core/Src/main.c ****   * @retval None
 195:Core/Src/main.c ****   */
 196:Core/Src/main.c **** static void MX_TIM2_Init(void)
 197:Core/Src/main.c **** {
 198:Core/Src/main.c **** 
 199:Core/Src/main.c ****   /* USER CODE BEGIN TIM2_Init 0 */
 200:Core/Src/main.c **** 
 201:Core/Src/main.c ****   /* USER CODE END TIM2_Init 0 */
 202:Core/Src/main.c **** 
ARM GAS  C:\Users\Lenovo\AppData\Local\Temp\cc7QoDtc.s 			page 5


 203:Core/Src/main.c ****   TIM_ClockConfigTypeDef sClockSourceConfig = {0};
 204:Core/Src/main.c ****   TIM_MasterConfigTypeDef sMasterConfig = {0};
 205:Core/Src/main.c ****   TIM_OC_InitTypeDef sConfigOC = {0};
 206:Core/Src/main.c **** 
 207:Core/Src/main.c ****   /* USER CODE BEGIN TIM2_Init 1 */
 208:Core/Src/main.c **** 
 209:Core/Src/main.c ****   /* USER CODE END TIM2_Init 1 */
 210:Core/Src/main.c ****   htim2.Instance = TIM2;
 211:Core/Src/main.c ****   htim2.Init.Prescaler = 0;
 212:Core/Src/main.c ****   htim2.Init.CounterMode = TIM_COUNTERMODE_UP;
 213:Core/Src/main.c ****   htim2.Init.Period = TIM2_Ticks - 1;//4294967295
 214:Core/Src/main.c ****   htim2.Init.ClockDivision = TIM_CLOCKDIVISION_DIV1;
 215:Core/Src/main.c ****   htim2.Init.AutoReloadPreload = TIM_AUTORELOAD_PRELOAD_DISABLE;
 216:Core/Src/main.c ****   if (HAL_TIM_Base_Init(&htim2) != HAL_OK)
 217:Core/Src/main.c ****   {
 218:Core/Src/main.c ****     Error_Handler();
 219:Core/Src/main.c ****   }
 220:Core/Src/main.c ****   sClockSourceConfig.ClockSource = TIM_CLOCKSOURCE_INTERNAL;
 221:Core/Src/main.c ****   if (HAL_TIM_ConfigClockSource(&htim2, &sClockSourceConfig) != HAL_OK)
 222:Core/Src/main.c ****   {
 223:Core/Src/main.c ****     Error_Handler();
 224:Core/Src/main.c ****   }
 225:Core/Src/main.c ****   if (HAL_TIM_OC_Init(&htim2) != HAL_OK)
 226:Core/Src/main.c ****   {
 227:Core/Src/main.c ****     Error_Handler();
 228:Core/Src/main.c ****   }
 229:Core/Src/main.c ****   sMasterConfig.MasterOutputTrigger = TIM_TRGO_RESET;
 230:Core/Src/main.c ****   sMasterConfig.MasterSlaveMode = TIM_MASTERSLAVEMODE_DISABLE;
 231:Core/Src/main.c ****   if (HAL_TIMEx_MasterConfigSynchronization(&htim2, &sMasterConfig) != HAL_OK)
 232:Core/Src/main.c ****   {
 233:Core/Src/main.c ****     Error_Handler();
 234:Core/Src/main.c ****   }
 235:Core/Src/main.c ****   sConfigOC.OCMode = TIM_OCMODE_TIMING;
 236:Core/Src/main.c ****   sConfigOC.Pulse = 0;
 237:Core/Src/main.c ****   sConfigOC.OCPolarity = TIM_OCPOLARITY_HIGH;
 238:Core/Src/main.c ****   sConfigOC.OCFastMode = TIM_OCFAST_DISABLE;
 239:Core/Src/main.c ****   if (HAL_TIM_OC_ConfigChannel(&htim2, &sConfigOC, TIM_CHANNEL_1) != HAL_OK)
 240:Core/Src/main.c ****   {
 241:Core/Src/main.c ****     Error_Handler();
 242:Core/Src/main.c ****   }
 243:Core/Src/main.c ****   /* USER CODE BEGIN TIM2_Init 2 */
 244:Core/Src/main.c ****   /* TIM2_CH1 DMA Init */
 245:Core/Src/main.c ****   __HAL_RCC_DMA1_CLK_ENABLE();
 246:Core/Src/main.c **** 
 247:Core/Src/main.c ****   hdma_tim2_ch1.Instance = DMA1_Stream5;
 248:Core/Src/main.c ****   hdma_tim2_ch1.Init.Channel = DMA_CHANNEL_3;         // TIM2_CH1 is on channel 3
 249:Core/Src/main.c ****   hdma_tim2_ch1.Init.Direction = DMA_MEMORY_TO_PERIPH; // Memory -> TIM3->CCR3
 250:Core/Src/main.c ****   hdma_tim2_ch1.Init.PeriphInc = DMA_PINC_DISABLE;    // Peripheral address fixed
 251:Core/Src/main.c ****   hdma_tim2_ch1.Init.MemInc = DMA_MINC_ENABLE;        // Memory address increments
 252:Core/Src/main.c ****   hdma_tim2_ch1.Init.PeriphDataAlignment = DMA_PDATAALIGN_WORD;
 253:Core/Src/main.c ****   hdma_tim2_ch1.Init.MemDataAlignment = DMA_MDATAALIGN_WORD;
 254:Core/Src/main.c ****   hdma_tim2_ch1.Init.Mode = DMA_CIRCULAR;            // Repeat LUT automatically
 255:Core/Src/main.c ****   hdma_tim2_ch1.Init.Priority = DMA_PRIORITY_HIGH;
 256:Core/Src/main.c ****   hdma_tim2_ch1.Init.FIFOMode = DMA_FIFOMODE_DISABLE;
 257:Core/Src/main.c **** 
 258:Core/Src/main.c ****   if (HAL_DMA_Init(&hdma_tim2_ch1) != HAL_OK)
 259:Core/Src/main.c ****   {
ARM GAS  C:\Users\Lenovo\AppData\Local\Temp\cc7QoDtc.s 			page 6


 260:Core/Src/main.c ****       Error_Handler();
 261:Core/Src/main.c ****   }
 262:Core/Src/main.c **** 
 263:Core/Src/main.c ****   /* Link DMA handle to TIM2 handle */
 264:Core/Src/main.c ****   __HAL_LINKDMA(&htim2, hdma[TIM_DMA_ID_CC1], hdma_tim2_ch1);
 265:Core/Src/main.c ****   /* USER CODE END TIM2_Init 2 */
 266:Core/Src/main.c **** 
 267:Core/Src/main.c **** }
 268:Core/Src/main.c **** 
 269:Core/Src/main.c **** /**
 270:Core/Src/main.c ****   * @brief TIM3 Initialization Function
 271:Core/Src/main.c ****   * @param None
 272:Core/Src/main.c ****   * @retval None
 273:Core/Src/main.c ****   */
 274:Core/Src/main.c **** static void MX_TIM3_Init(void)
 275:Core/Src/main.c **** {
 276:Core/Src/main.c **** 
 277:Core/Src/main.c ****   /* USER CODE BEGIN TIM3_Init 0 */
 278:Core/Src/main.c **** 
 279:Core/Src/main.c ****   /* USER CODE END TIM3_Init 0 */
 280:Core/Src/main.c **** 
 281:Core/Src/main.c ****   TIM_ClockConfigTypeDef sClockSourceConfig = {0};
 282:Core/Src/main.c ****   TIM_MasterConfigTypeDef sMasterConfig = {0};
 283:Core/Src/main.c ****   TIM_OC_InitTypeDef sConfigOC = {0};
 284:Core/Src/main.c **** 
 285:Core/Src/main.c ****   /* USER CODE BEGIN TIM3_Init 1 */
 286:Core/Src/main.c **** 
 287:Core/Src/main.c ****   /* USER CODE END TIM3_Init 1 */
 288:Core/Src/main.c ****   htim3.Instance = TIM3;
 289:Core/Src/main.c ****   htim3.Init.Prescaler = 0;
 290:Core/Src/main.c ****   htim3.Init.CounterMode = TIM_COUNTERMODE_UP;
 291:Core/Src/main.c ****   htim3.Init.Period = 65535;
 292:Core/Src/main.c ****   htim3.Init.ClockDivision = TIM_CLOCKDIVISION_DIV1;
 293:Core/Src/main.c ****   htim3.Init.AutoReloadPreload = TIM_AUTORELOAD_PRELOAD_DISABLE;
 294:Core/Src/main.c ****   if (HAL_TIM_Base_Init(&htim3) != HAL_OK)
 295:Core/Src/main.c ****   {
 296:Core/Src/main.c ****     Error_Handler();
 297:Core/Src/main.c ****   }
 298:Core/Src/main.c ****   sClockSourceConfig.ClockSource = TIM_CLOCKSOURCE_INTERNAL;
 299:Core/Src/main.c ****   if (HAL_TIM_ConfigClockSource(&htim3, &sClockSourceConfig) != HAL_OK)
 300:Core/Src/main.c ****   {
 301:Core/Src/main.c ****     Error_Handler();
 302:Core/Src/main.c ****   }
 303:Core/Src/main.c ****   if (HAL_TIM_PWM_Init(&htim3) != HAL_OK)
 304:Core/Src/main.c ****   {
 305:Core/Src/main.c ****     Error_Handler();
 306:Core/Src/main.c ****   }
 307:Core/Src/main.c ****   sMasterConfig.MasterOutputTrigger = TIM_TRGO_RESET;
 308:Core/Src/main.c ****   sMasterConfig.MasterSlaveMode = TIM_MASTERSLAVEMODE_DISABLE;
 309:Core/Src/main.c ****   if (HAL_TIMEx_MasterConfigSynchronization(&htim3, &sMasterConfig) != HAL_OK)
 310:Core/Src/main.c ****   {
 311:Core/Src/main.c ****     Error_Handler();
 312:Core/Src/main.c ****   }
 313:Core/Src/main.c ****   sConfigOC.OCMode = TIM_OCMODE_PWM1;
 314:Core/Src/main.c ****   sConfigOC.Pulse = 0;
 315:Core/Src/main.c ****   sConfigOC.OCPolarity = TIM_OCPOLARITY_HIGH;
 316:Core/Src/main.c ****   sConfigOC.OCFastMode = TIM_OCFAST_DISABLE;
ARM GAS  C:\Users\Lenovo\AppData\Local\Temp\cc7QoDtc.s 			page 7


 317:Core/Src/main.c ****   if (HAL_TIM_PWM_ConfigChannel(&htim3, &sConfigOC, TIM_CHANNEL_3) != HAL_OK)
 318:Core/Src/main.c ****   {
 319:Core/Src/main.c ****     Error_Handler();
 320:Core/Src/main.c ****   }
 321:Core/Src/main.c ****   /* USER CODE BEGIN TIM3_Init 2 */
 322:Core/Src/main.c **** 
 323:Core/Src/main.c ****   /* USER CODE END TIM3_Init 2 */
 324:Core/Src/main.c ****   HAL_TIM_MspPostInit(&htim3);
 325:Core/Src/main.c **** 
 326:Core/Src/main.c **** }
 327:Core/Src/main.c **** 
 328:Core/Src/main.c **** /**
 329:Core/Src/main.c ****   * Enable DMA controller clock
 330:Core/Src/main.c ****   */
 331:Core/Src/main.c **** static void MX_DMA_Init(void)
 332:Core/Src/main.c **** {
 333:Core/Src/main.c **** 
 334:Core/Src/main.c ****   /* DMA controller clock enable */
 335:Core/Src/main.c ****   __HAL_RCC_DMA1_CLK_ENABLE();
 336:Core/Src/main.c **** 
 337:Core/Src/main.c ****   /* DMA interrupt init */
 338:Core/Src/main.c ****   /* DMA1_Stream5_IRQn interrupt configuration */
 339:Core/Src/main.c ****   HAL_NVIC_SetPriority(DMA1_Stream5_IRQn, 0, 0);
 340:Core/Src/main.c ****   HAL_NVIC_EnableIRQ(DMA1_Stream5_IRQn);
 341:Core/Src/main.c **** 
 342:Core/Src/main.c **** }
 343:Core/Src/main.c **** 
 344:Core/Src/main.c **** /**
 345:Core/Src/main.c ****   * @brief GPIO Initialization Function
 346:Core/Src/main.c ****   * @param None
 347:Core/Src/main.c ****   * @retval None
 348:Core/Src/main.c ****   */
 349:Core/Src/main.c **** static void MX_GPIO_Init(void)
 350:Core/Src/main.c **** {
  28              		.loc 1 350 1 view -0
  29              		.cfi_startproc
  30              		@ args = 0, pretend = 0, frame = 32
  31              		@ frame_needed = 0, uses_anonymous_args = 0
  32 0000 2DE9F04F 		push	{r4, r5, r6, r7, r8, r9, r10, fp, lr}
  33              	.LCFI0:
  34              		.cfi_def_cfa_offset 36
  35              		.cfi_offset 4, -36
  36              		.cfi_offset 5, -32
  37              		.cfi_offset 6, -28
  38              		.cfi_offset 7, -24
  39              		.cfi_offset 8, -20
  40              		.cfi_offset 9, -16
  41              		.cfi_offset 10, -12
  42              		.cfi_offset 11, -8
  43              		.cfi_offset 14, -4
  44 0004 89B0     		sub	sp, sp, #36
  45              	.LCFI1:
  46              		.cfi_def_cfa_offset 72
 351:Core/Src/main.c ****   GPIO_InitTypeDef GPIO_InitStruct = {0};
  47              		.loc 1 351 3 view .LVU1
  48              		.loc 1 351 20 is_stmt 0 view .LVU2
  49 0006 0024     		movs	r4, #0
ARM GAS  C:\Users\Lenovo\AppData\Local\Temp\cc7QoDtc.s 			page 8


  50 0008 0394     		str	r4, [sp, #12]
  51 000a 0494     		str	r4, [sp, #16]
  52 000c 0594     		str	r4, [sp, #20]
  53 000e 0694     		str	r4, [sp, #24]
  54 0010 0794     		str	r4, [sp, #28]
 352:Core/Src/main.c ****   /* USER CODE BEGIN MX_GPIO_Init_1 */
 353:Core/Src/main.c **** 
 354:Core/Src/main.c ****   /* USER CODE END MX_GPIO_Init_1 */
 355:Core/Src/main.c **** 
 356:Core/Src/main.c ****   /* GPIO Ports Clock Enable */
 357:Core/Src/main.c ****   __HAL_RCC_GPIOH_CLK_ENABLE();
  55              		.loc 1 357 3 is_stmt 1 view .LVU3
  56              	.LBB4:
  57              		.loc 1 357 3 view .LVU4
  58 0012 0094     		str	r4, [sp]
  59              		.loc 1 357 3 view .LVU5
  60 0014 2F4B     		ldr	r3, .L3
  61 0016 1A6B     		ldr	r2, [r3, #48]
  62 0018 42F08002 		orr	r2, r2, #128
  63 001c 1A63     		str	r2, [r3, #48]
  64              		.loc 1 357 3 view .LVU6
  65 001e 1A6B     		ldr	r2, [r3, #48]
  66 0020 02F08002 		and	r2, r2, #128
  67 0024 0092     		str	r2, [sp]
  68              		.loc 1 357 3 view .LVU7
  69 0026 009A     		ldr	r2, [sp]
  70              	.LBE4:
  71              		.loc 1 357 3 view .LVU8
 358:Core/Src/main.c ****   __HAL_RCC_GPIOA_CLK_ENABLE();
  72              		.loc 1 358 3 view .LVU9
  73              	.LBB5:
  74              		.loc 1 358 3 view .LVU10
  75 0028 0194     		str	r4, [sp, #4]
  76              		.loc 1 358 3 view .LVU11
  77 002a 1A6B     		ldr	r2, [r3, #48]
  78 002c 42F00102 		orr	r2, r2, #1
  79 0030 1A63     		str	r2, [r3, #48]
  80              		.loc 1 358 3 view .LVU12
  81 0032 1A6B     		ldr	r2, [r3, #48]
  82 0034 02F00102 		and	r2, r2, #1
  83 0038 0192     		str	r2, [sp, #4]
  84              		.loc 1 358 3 view .LVU13
  85 003a 019A     		ldr	r2, [sp, #4]
  86              	.LBE5:
  87              		.loc 1 358 3 view .LVU14
 359:Core/Src/main.c ****   __HAL_RCC_GPIOB_CLK_ENABLE();
  88              		.loc 1 359 3 view .LVU15
  89              	.LBB6:
  90              		.loc 1 359 3 view .LVU16
  91 003c 0294     		str	r4, [sp, #8]
  92              		.loc 1 359 3 view .LVU17
  93 003e 1A6B     		ldr	r2, [r3, #48]
  94 0040 42F00202 		orr	r2, r2, #2
  95 0044 1A63     		str	r2, [r3, #48]
  96              		.loc 1 359 3 view .LVU18
  97 0046 1B6B     		ldr	r3, [r3, #48]
  98 0048 03F00203 		and	r3, r3, #2
ARM GAS  C:\Users\Lenovo\AppData\Local\Temp\cc7QoDtc.s 			page 9


  99 004c 0293     		str	r3, [sp, #8]
 100              		.loc 1 359 3 view .LVU19
 101 004e 029B     		ldr	r3, [sp, #8]
 102              	.LBE6:
 103              		.loc 1 359 3 view .LVU20
 360:Core/Src/main.c **** 
 361:Core/Src/main.c ****   // -------------------------------
 362:Core/Src/main.c ****   // LCD pins configuration
 363:Core/Src/main.c ****   // -------------------------------
 364:Core/Src/main.c ****   // Configure PC14 (RS) and PC15 (E) as output push-pull
 365:Core/Src/main.c ****   GPIO_InitStruct.Pin = GPIO_PIN_14 | GPIO_PIN_15;
 104              		.loc 1 365 3 view .LVU21
 105              		.loc 1 365 23 is_stmt 0 view .LVU22
 106 0050 4FF4404B 		mov	fp, #49152
 107 0054 CDF80CB0 		str	fp, [sp, #12]
 366:Core/Src/main.c ****   GPIO_InitStruct.Mode = GPIO_MODE_OUTPUT_PP;
 108              		.loc 1 366 3 is_stmt 1 view .LVU23
 109              		.loc 1 366 24 is_stmt 0 view .LVU24
 110 0058 0126     		movs	r6, #1
 111 005a 0496     		str	r6, [sp, #16]
 367:Core/Src/main.c ****   GPIO_InitStruct.Pull = GPIO_NOPULL;
 112              		.loc 1 367 3 is_stmt 1 view .LVU25
 368:Core/Src/main.c ****   GPIO_InitStruct.Speed = GPIO_SPEED_FREQ_LOW;
 113              		.loc 1 368 3 view .LVU26
 369:Core/Src/main.c ****   HAL_GPIO_Init(GPIOC, &GPIO_InitStruct);
 114              		.loc 1 369 3 view .LVU27
 115 005c DFF87CA0 		ldr	r10, .L3+8
 116 0060 03A9     		add	r1, sp, #12
 117 0062 5046     		mov	r0, r10
 118 0064 FFF7FEFF 		bl	HAL_GPIO_Init
 119              	.LVL0:
 370:Core/Src/main.c **** 
 371:Core/Src/main.c ****   // Configure PB8 (D4) and PB9 (D5) as output push-pull
 372:Core/Src/main.c ****   GPIO_InitStruct.Pin = GPIO_PIN_8 | GPIO_PIN_9;
 120              		.loc 1 372 3 view .LVU28
 121              		.loc 1 372 23 is_stmt 0 view .LVU29
 122 0068 4FF44079 		mov	r9, #768
 123 006c CDF80C90 		str	r9, [sp, #12]
 373:Core/Src/main.c ****   HAL_GPIO_Init(GPIOB, &GPIO_InitStruct);
 124              		.loc 1 373 3 is_stmt 1 view .LVU30
 125 0070 DFF86C80 		ldr	r8, .L3+12
 126 0074 03A9     		add	r1, sp, #12
 127 0076 4046     		mov	r0, r8
 128 0078 FFF7FEFF 		bl	HAL_GPIO_Init
 129              	.LVL1:
 374:Core/Src/main.c **** 
 375:Core/Src/main.c ****   // Configure PA12 (D6) and PA15 (D7) as output push-pull
 376:Core/Src/main.c ****   GPIO_InitStruct.Pin = GPIO_PIN_12 | GPIO_PIN_15;
 130              		.loc 1 376 3 view .LVU31
 131              		.loc 1 376 23 is_stmt 0 view .LVU32
 132 007c 4FF41047 		mov	r7, #36864
 133 0080 0397     		str	r7, [sp, #12]
 377:Core/Src/main.c ****   HAL_GPIO_Init(GPIOA, &GPIO_InitStruct);
 134              		.loc 1 377 3 is_stmt 1 view .LVU33
 135 0082 154D     		ldr	r5, .L3+4
 136 0084 03A9     		add	r1, sp, #12
 137 0086 2846     		mov	r0, r5
ARM GAS  C:\Users\Lenovo\AppData\Local\Temp\cc7QoDtc.s 			page 10


 138 0088 FFF7FEFF 		bl	HAL_GPIO_Init
 139              	.LVL2:
 378:Core/Src/main.c **** 
 379:Core/Src/main.c ****   // Set all LCD pins LOW initially
 380:Core/Src/main.c ****   HAL_GPIO_WritePin(GPIOC, GPIO_PIN_14 | GPIO_PIN_15, GPIO_PIN_RESET);
 140              		.loc 1 380 3 view .LVU34
 141 008c 2246     		mov	r2, r4
 142 008e 5946     		mov	r1, fp
 143 0090 5046     		mov	r0, r10
 144 0092 FFF7FEFF 		bl	HAL_GPIO_WritePin
 145              	.LVL3:
 381:Core/Src/main.c ****   HAL_GPIO_WritePin(GPIOB, GPIO_PIN_8 | GPIO_PIN_9, GPIO_PIN_RESET);
 146              		.loc 1 381 3 view .LVU35
 147 0096 2246     		mov	r2, r4
 148 0098 4946     		mov	r1, r9
 149 009a 4046     		mov	r0, r8
 150 009c FFF7FEFF 		bl	HAL_GPIO_WritePin
 151              	.LVL4:
 382:Core/Src/main.c ****   HAL_GPIO_WritePin(GPIOA, GPIO_PIN_12 | GPIO_PIN_15, GPIO_PIN_RESET);
 152              		.loc 1 382 3 view .LVU36
 153 00a0 2246     		mov	r2, r4
 154 00a2 3946     		mov	r1, r7
 155 00a4 2846     		mov	r0, r5
 156 00a6 FFF7FEFF 		bl	HAL_GPIO_WritePin
 157              	.LVL5:
 383:Core/Src/main.c **** 
 384:Core/Src/main.c **** 
 385:Core/Src/main.c ****   // -------------------------------
 386:Core/Src/main.c ****   // Button0 configuration (PA0)
 387:Core/Src/main.c ****   // -------------------------------
 388:Core/Src/main.c ****   GPIO_InitStruct.Pin = Button0_Pin;
 158              		.loc 1 388 3 view .LVU37
 159              		.loc 1 388 23 is_stmt 0 view .LVU38
 160 00aa 0396     		str	r6, [sp, #12]
 389:Core/Src/main.c ****   GPIO_InitStruct.Mode = GPIO_MODE_IT_RISING; // Interrupt on rising edge
 161              		.loc 1 389 3 is_stmt 1 view .LVU39
 162              		.loc 1 389 24 is_stmt 0 view .LVU40
 163 00ac 4FF48813 		mov	r3, #1114112
 164 00b0 0493     		str	r3, [sp, #16]
 390:Core/Src/main.c ****   GPIO_InitStruct.Pull = GPIO_PULLUP;         // Use pull-up resistor
 165              		.loc 1 390 3 is_stmt 1 view .LVU41
 166              		.loc 1 390 24 is_stmt 0 view .LVU42
 167 00b2 0596     		str	r6, [sp, #20]
 391:Core/Src/main.c ****   HAL_GPIO_Init(GPIOA, &GPIO_InitStruct);
 168              		.loc 1 391 3 is_stmt 1 view .LVU43
 169 00b4 03A9     		add	r1, sp, #12
 170 00b6 2846     		mov	r0, r5
 171 00b8 FFF7FEFF 		bl	HAL_GPIO_Init
 172              	.LVL6:
 392:Core/Src/main.c **** 
 393:Core/Src/main.c ****   // Enable and set EXTI line 0 interrupt priority
 394:Core/Src/main.c ****   HAL_NVIC_SetPriority(EXTI0_IRQn, 2, 0);
 173              		.loc 1 394 3 view .LVU44
 174 00bc 2246     		mov	r2, r4
 175 00be 0221     		movs	r1, #2
 176 00c0 0620     		movs	r0, #6
 177 00c2 FFF7FEFF 		bl	HAL_NVIC_SetPriority
ARM GAS  C:\Users\Lenovo\AppData\Local\Temp\cc7QoDtc.s 			page 11


 178              	.LVL7:
 395:Core/Src/main.c ****   HAL_NVIC_EnableIRQ(EXTI0_IRQn);
 179              		.loc 1 395 3 view .LVU45
 180 00c6 0620     		movs	r0, #6
 181 00c8 FFF7FEFF 		bl	HAL_NVIC_EnableIRQ
 182              	.LVL8:
 396:Core/Src/main.c **** 
 397:Core/Src/main.c ****   /* USER CODE END MX_GPIO_Init_2 */
 398:Core/Src/main.c **** }
 183              		.loc 1 398 1 is_stmt 0 view .LVU46
 184 00cc 09B0     		add	sp, sp, #36
 185              	.LCFI2:
 186              		.cfi_def_cfa_offset 36
 187              		@ sp needed
 188 00ce BDE8F08F 		pop	{r4, r5, r6, r7, r8, r9, r10, fp, pc}
 189              	.L4:
 190 00d2 00BF     		.align	2
 191              	.L3:
 192 00d4 00380240 		.word	1073887232
 193 00d8 00000240 		.word	1073872896
 194 00dc 00080240 		.word	1073874944
 195 00e0 00040240 		.word	1073873920
 196              		.cfi_endproc
 197              	.LFE142:
 199              		.section	.text.MX_DMA_Init,"ax",%progbits
 200              		.align	1
 201              		.syntax unified
 202              		.thumb
 203              		.thumb_func
 205              	MX_DMA_Init:
 206              	.LFB141:
 332:Core/Src/main.c **** 
 207              		.loc 1 332 1 is_stmt 1 view -0
 208              		.cfi_startproc
 209              		@ args = 0, pretend = 0, frame = 8
 210              		@ frame_needed = 0, uses_anonymous_args = 0
 211 0000 00B5     		push	{lr}
 212              	.LCFI3:
 213              		.cfi_def_cfa_offset 4
 214              		.cfi_offset 14, -4
 215 0002 83B0     		sub	sp, sp, #12
 216              	.LCFI4:
 217              		.cfi_def_cfa_offset 16
 335:Core/Src/main.c **** 
 218              		.loc 1 335 3 view .LVU48
 219              	.LBB7:
 335:Core/Src/main.c **** 
 220              		.loc 1 335 3 view .LVU49
 221 0004 0021     		movs	r1, #0
 222 0006 0191     		str	r1, [sp, #4]
 335:Core/Src/main.c **** 
 223              		.loc 1 335 3 view .LVU50
 224 0008 094B     		ldr	r3, .L7
 225 000a 1A6B     		ldr	r2, [r3, #48]
 226 000c 42F40012 		orr	r2, r2, #2097152
 227 0010 1A63     		str	r2, [r3, #48]
 335:Core/Src/main.c **** 
ARM GAS  C:\Users\Lenovo\AppData\Local\Temp\cc7QoDtc.s 			page 12


 228              		.loc 1 335 3 view .LVU51
 229 0012 1B6B     		ldr	r3, [r3, #48]
 230 0014 03F40013 		and	r3, r3, #2097152
 231 0018 0193     		str	r3, [sp, #4]
 335:Core/Src/main.c **** 
 232              		.loc 1 335 3 view .LVU52
 233 001a 019B     		ldr	r3, [sp, #4]
 234              	.LBE7:
 335:Core/Src/main.c **** 
 235              		.loc 1 335 3 view .LVU53
 339:Core/Src/main.c ****   HAL_NVIC_EnableIRQ(DMA1_Stream5_IRQn);
 236              		.loc 1 339 3 view .LVU54
 237 001c 0A46     		mov	r2, r1
 238 001e 1020     		movs	r0, #16
 239 0020 FFF7FEFF 		bl	HAL_NVIC_SetPriority
 240              	.LVL9:
 340:Core/Src/main.c **** 
 241              		.loc 1 340 3 view .LVU55
 242 0024 1020     		movs	r0, #16
 243 0026 FFF7FEFF 		bl	HAL_NVIC_EnableIRQ
 244              	.LVL10:
 342:Core/Src/main.c **** 
 245              		.loc 1 342 1 is_stmt 0 view .LVU56
 246 002a 03B0     		add	sp, sp, #12
 247              	.LCFI5:
 248              		.cfi_def_cfa_offset 4
 249              		@ sp needed
 250 002c 5DF804FB 		ldr	pc, [sp], #4
 251              	.L8:
 252              		.align	2
 253              	.L7:
 254 0030 00380240 		.word	1073887232
 255              		.cfi_endproc
 256              	.LFE141:
 258              		.section	.text.EXTI0_IRQHandler,"ax",%progbits
 259              		.align	1
 260              		.global	EXTI0_IRQHandler
 261              		.syntax unified
 262              		.thumb
 263              		.thumb_func
 265              	EXTI0_IRQHandler:
 266              	.LFB143:
 399:Core/Src/main.c **** 
 400:Core/Src/main.c **** /* USER CODE BEGIN 4 */
 401:Core/Src/main.c **** void EXTI0_IRQHandler(void){
 267              		.loc 1 401 28 is_stmt 1 view -0
 268              		.cfi_startproc
 269              		@ args = 0, pretend = 0, frame = 0
 270              		@ frame_needed = 0, uses_anonymous_args = 0
 271 0000 08B5     		push	{r3, lr}
 272              	.LCFI6:
 273              		.cfi_def_cfa_offset 8
 274              		.cfi_offset 3, -8
 275              		.cfi_offset 14, -4
 402:Core/Src/main.c **** 
 403:Core/Src/main.c **** 	// TODO: Debounce using HAL_GetTick()
 404:Core/Src/main.c **** 	current_time = HAL_GetTick();
ARM GAS  C:\Users\Lenovo\AppData\Local\Temp\cc7QoDtc.s 			page 13


 276              		.loc 1 404 2 view .LVU58
 277              		.loc 1 404 17 is_stmt 0 view .LVU59
 278 0002 FFF7FEFF 		bl	HAL_GetTick
 279              	.LVL11:
 280              		.loc 1 404 15 discriminator 1 view .LVU60
 281 0006 354B     		ldr	r3, .L24
 282 0008 1860     		str	r0, [r3]
 405:Core/Src/main.c **** 	if (current_time - last_button_press < debounce_delay) {
 283              		.loc 1 405 2 is_stmt 1 view .LVU61
 284              		.loc 1 405 19 is_stmt 0 view .LVU62
 285 000a 354B     		ldr	r3, .L24+4
 286 000c 1B68     		ldr	r3, [r3]
 287 000e C31A     		subs	r3, r0, r3
 288              		.loc 1 405 39 view .LVU63
 289 0010 344A     		ldr	r2, .L24+8
 290 0012 1268     		ldr	r2, [r2]
 291              		.loc 1 405 5 view .LVU64
 292 0014 9342     		cmp	r3, r2
 293 0016 1ED3     		bcc	.L23
 406:Core/Src/main.c **** 	        HAL_GPIO_EXTI_IRQHandler(Button0_Pin); // Clear interrupt flags
 407:Core/Src/main.c **** 	        return; // Ignore this press (debouncing)
 408:Core/Src/main.c **** 	}
 409:Core/Src/main.c **** 	last_button_press = current_time;
 294              		.loc 1 409 2 is_stmt 1 view .LVU65
 295              		.loc 1 409 20 is_stmt 0 view .LVU66
 296 0018 314B     		ldr	r3, .L24+4
 297 001a 1860     		str	r0, [r3]
 410:Core/Src/main.c **** 
 411:Core/Src/main.c **** 
 412:Core/Src/main.c **** 	// TODO: Disable DMA transfer and abort IT, then start DMA in IT mode with new LUT and re-enable t
 413:Core/Src/main.c **** 	// HINT: Consider using C's "switch" function to handle LUT changes
 414:Core/Src/main.c **** 	  __HAL_TIM_DISABLE_DMA(&htim2, TIM_DMA_CC1);      // disable DMA request from TIM2 CC1
 298              		.loc 1 414 4 is_stmt 1 view .LVU67
 299 001c 324B     		ldr	r3, .L24+12
 300 001e 1A68     		ldr	r2, [r3]
 301 0020 D368     		ldr	r3, [r2, #12]
 302 0022 23F40073 		bic	r3, r3, #512
 303 0026 D360     		str	r3, [r2, #12]
 415:Core/Src/main.c **** 	  HAL_DMA_Abort_IT(&hdma_tim2_ch1);                // abort ongoing DMA transfer (non-blocking, se
 304              		.loc 1 415 4 view .LVU68
 305 0028 3048     		ldr	r0, .L24+16
 306 002a FFF7FEFF 		bl	HAL_DMA_Abort_IT
 307              	.LVL12:
 416:Core/Src/main.c **** 
 417:Core/Src/main.c **** 	  // Changing waves on button press
 418:Core/Src/main.c **** 	  wave_index++;
 308              		.loc 1 418 4 view .LVU69
 309              		.loc 1 418 14 is_stmt 0 view .LVU70
 310 002e 304B     		ldr	r3, .L24+20
 311 0030 1A68     		ldr	r2, [r3]
 312 0032 0132     		adds	r2, r2, #1
 313 0034 1A60     		str	r2, [r3]
 419:Core/Src/main.c **** 	  if (wave_index >= 7){
 314              		.loc 1 419 4 is_stmt 1 view .LVU71
 315              		.loc 1 419 19 is_stmt 0 view .LVU72
 316 0036 1B68     		ldr	r3, [r3]
 317              		.loc 1 419 7 view .LVU73
ARM GAS  C:\Users\Lenovo\AppData\Local\Temp\cc7QoDtc.s 			page 14


 318 0038 062B     		cmp	r3, #6
 319 003a 02DD     		ble	.L12
 420:Core/Src/main.c **** 		  wave_index = 1; // Loop back to 1 after reaching final index
 320              		.loc 1 420 5 is_stmt 1 view .LVU74
 321              		.loc 1 420 16 is_stmt 0 view .LVU75
 322 003c 2C4B     		ldr	r3, .L24+20
 323 003e 0122     		movs	r2, #1
 324 0040 1A60     		str	r2, [r3]
 325              	.L12:
 421:Core/Src/main.c **** 	  }
 422:Core/Src/main.c **** 
 423:Core/Src/main.c **** 	  switch (wave_index){
 326              		.loc 1 423 4 is_stmt 1 view .LVU76
 327 0042 2B4B     		ldr	r3, .L24+20
 328 0044 1B68     		ldr	r3, [r3]
 329 0046 013B     		subs	r3, r3, #1
 330 0048 052B     		cmp	r3, #5
 331 004a 11D8     		bhi	.L13
 332 004c DFE803F0 		tbb	[pc, r3]
 333              	.L15:
 334 0050 07       		.byte	(.L20-.L15)/2
 335 0051 14       		.byte	(.L19-.L15)/2
 336 0052 1E       		.byte	(.L18-.L15)/2
 337 0053 28       		.byte	(.L17-.L15)/2
 338 0054 32       		.byte	(.L16-.L15)/2
 339 0055 3C       		.byte	(.L14-.L15)/2
 340              		.p2align 1
 341              	.L23:
 406:Core/Src/main.c **** 	        return; // Ignore this press (debouncing)
 342              		.loc 1 406 10 view .LVU77
 343 0056 0120     		movs	r0, #1
 344 0058 FFF7FEFF 		bl	HAL_GPIO_EXTI_IRQHandler
 345              	.LVL13:
 407:Core/Src/main.c **** 	}
 346              		.loc 1 407 10 view .LVU78
 347 005c 0BE0     		b	.L9
 348              	.L20:
 349              	.LBB8:
 424:Core/Src/main.c **** 	  case 1:
 425:Core/Src/main.c **** 		  // Corresponds to sine wave
 426:Core/Src/main.c **** 		  HAL_TIM_OC_Start_DMA(&htim2, TIM_CHANNEL_1, (uint32_t*)Sin_LUT, NS); // Start DMA
 350              		.loc 1 426 5 view .LVU79
 351 005e 8023     		movs	r3, #128
 352 0060 244A     		ldr	r2, .L24+24
 353 0062 0021     		movs	r1, #0
 354 0064 2048     		ldr	r0, .L24+12
 355 0066 FFF7FEFF 		bl	HAL_TIM_OC_Start_DMA
 356              	.LVL14:
 427:Core/Src/main.c **** 		  lcd_update_line(LCD_CHARS[0]);
 357              		.loc 1 427 5 view .LVU80
 358 006a 2348     		ldr	r0, .L24+28
 359 006c FFF7FEFF 		bl	lcd_update_line
 360              	.LVL15:
 428:Core/Src/main.c **** 		  break;
 361              		.loc 1 428 5 view .LVU81
 362              	.L13:
 363              	.LBE8:
ARM GAS  C:\Users\Lenovo\AppData\Local\Temp\cc7QoDtc.s 			page 15


 429:Core/Src/main.c **** 
 430:Core/Src/main.c **** 	  case 2:
 431:Core/Src/main.c **** 		  // Corresponds to Sawtooth wave
 432:Core/Src/main.c **** 		  HAL_TIM_OC_Start_DMA(&htim2, TIM_CHANNEL_1, (uint32_t*)Saw_LUT, NS);
 433:Core/Src/main.c **** 		  lcd_update_line(LCD_CHARS[1]);
 434:Core/Src/main.c **** 		  break;
 435:Core/Src/main.c **** 
 436:Core/Src/main.c **** 	  case 3:
 437:Core/Src/main.c **** 		  // Corresponds to Triangular wave
 438:Core/Src/main.c **** 		  HAL_TIM_OC_Start_DMA(&htim2, TIM_CHANNEL_1, (uint32_t*)Triangle_LUT, NS);
 439:Core/Src/main.c **** 		  lcd_update_line(LCD_CHARS[2]);
 440:Core/Src/main.c **** 		  break;
 441:Core/Src/main.c **** 
 442:Core/Src/main.c **** 	  case 4:
 443:Core/Src/main.c **** 		  // Corresponds to Guitar wave
 444:Core/Src/main.c **** 		  HAL_TIM_OC_Start_DMA(&htim2, TIM_CHANNEL_1, (uint32_t*)Guitar_LUT, NS);
 445:Core/Src/main.c **** 		  lcd_update_line(LCD_CHARS[3]);
 446:Core/Src/main.c **** 		  break;
 447:Core/Src/main.c **** 
 448:Core/Src/main.c **** 	  case 5:
 449:Core/Src/main.c **** 		  // Corresponds to piano wave
 450:Core/Src/main.c **** 		  HAL_TIM_OC_Start_DMA(&htim2, TIM_CHANNEL_1, (uint32_t*)Piano_LUT, NS);
 451:Core/Src/main.c ****           lcd_update_line(LCD_CHARS[4]);
 452:Core/Src/main.c ****           break;
 453:Core/Src/main.c **** 
 454:Core/Src/main.c **** 	  case 6:
 455:Core/Src/main.c **** 		  // Corresponds to drum wave
 456:Core/Src/main.c **** 		  HAL_TIM_OC_Start_DMA(&htim2, TIM_CHANNEL_1, (uint32_t*)Drum_LUT, NS);
 457:Core/Src/main.c **** 		  lcd_update_line(LCD_CHARS[5]);
 458:Core/Src/main.c **** 		  break;
 459:Core/Src/main.c **** 
 460:Core/Src/main.c **** 	  default:
 461:Core/Src/main.c **** 		  break;
 462:Core/Src/main.c **** 
 463:Core/Src/main.c ****      }
 464:Core/Src/main.c **** 
 465:Core/Src/main.c **** 
 466:Core/Src/main.c **** 	HAL_GPIO_EXTI_IRQHandler(Button0_Pin); // Clear interrupt flags
 364              		.loc 1 466 2 view .LVU82
 365 0070 0120     		movs	r0, #1
 366 0072 FFF7FEFF 		bl	HAL_GPIO_EXTI_IRQHandler
 367              	.LVL16:
 368              	.L9:
 467:Core/Src/main.c **** }
 369              		.loc 1 467 1 is_stmt 0 view .LVU83
 370 0076 08BD     		pop	{r3, pc}
 371              	.L19:
 372              	.LBB9:
 432:Core/Src/main.c **** 		  lcd_update_line(LCD_CHARS[1]);
 373              		.loc 1 432 5 is_stmt 1 view .LVU84
 374 0078 8023     		movs	r3, #128
 375 007a 204A     		ldr	r2, .L24+32
 376 007c 0021     		movs	r1, #0
 377 007e 1A48     		ldr	r0, .L24+12
 378 0080 FFF7FEFF 		bl	HAL_TIM_OC_Start_DMA
 379              	.LVL17:
 433:Core/Src/main.c **** 		  break;
ARM GAS  C:\Users\Lenovo\AppData\Local\Temp\cc7QoDtc.s 			page 16


 380              		.loc 1 433 5 view .LVU85
 381 0084 1E48     		ldr	r0, .L24+36
 382 0086 FFF7FEFF 		bl	lcd_update_line
 383              	.LVL18:
 434:Core/Src/main.c **** 
 384              		.loc 1 434 5 view .LVU86
 385 008a F1E7     		b	.L13
 386              	.L18:
 438:Core/Src/main.c **** 		  lcd_update_line(LCD_CHARS[2]);
 387              		.loc 1 438 5 view .LVU87
 388 008c 8023     		movs	r3, #128
 389 008e 1D4A     		ldr	r2, .L24+40
 390 0090 0021     		movs	r1, #0
 391 0092 1548     		ldr	r0, .L24+12
 392 0094 FFF7FEFF 		bl	HAL_TIM_OC_Start_DMA
 393              	.LVL19:
 439:Core/Src/main.c **** 		  break;
 394              		.loc 1 439 5 view .LVU88
 395 0098 1B48     		ldr	r0, .L24+44
 396 009a FFF7FEFF 		bl	lcd_update_line
 397              	.LVL20:
 440:Core/Src/main.c **** 
 398              		.loc 1 440 5 view .LVU89
 399 009e E7E7     		b	.L13
 400              	.L17:
 444:Core/Src/main.c **** 		  lcd_update_line(LCD_CHARS[3]);
 401              		.loc 1 444 5 view .LVU90
 402 00a0 8023     		movs	r3, #128
 403 00a2 1A4A     		ldr	r2, .L24+48
 404 00a4 0021     		movs	r1, #0
 405 00a6 1048     		ldr	r0, .L24+12
 406 00a8 FFF7FEFF 		bl	HAL_TIM_OC_Start_DMA
 407              	.LVL21:
 445:Core/Src/main.c **** 		  break;
 408              		.loc 1 445 5 view .LVU91
 409 00ac 1848     		ldr	r0, .L24+52
 410 00ae FFF7FEFF 		bl	lcd_update_line
 411              	.LVL22:
 446:Core/Src/main.c **** 
 412              		.loc 1 446 5 view .LVU92
 413 00b2 DDE7     		b	.L13
 414              	.L16:
 450:Core/Src/main.c ****           lcd_update_line(LCD_CHARS[4]);
 415              		.loc 1 450 5 view .LVU93
 416 00b4 8023     		movs	r3, #128
 417 00b6 174A     		ldr	r2, .L24+56
 418 00b8 0021     		movs	r1, #0
 419 00ba 0B48     		ldr	r0, .L24+12
 420 00bc FFF7FEFF 		bl	HAL_TIM_OC_Start_DMA
 421              	.LVL23:
 451:Core/Src/main.c ****           break;
 422              		.loc 1 451 11 view .LVU94
 423 00c0 1548     		ldr	r0, .L24+60
 424 00c2 FFF7FEFF 		bl	lcd_update_line
 425              	.LVL24:
 452:Core/Src/main.c **** 
 426              		.loc 1 452 11 view .LVU95
ARM GAS  C:\Users\Lenovo\AppData\Local\Temp\cc7QoDtc.s 			page 17


 427 00c6 D3E7     		b	.L13
 428              	.L14:
 456:Core/Src/main.c **** 		  lcd_update_line(LCD_CHARS[5]);
 429              		.loc 1 456 5 view .LVU96
 430 00c8 8023     		movs	r3, #128
 431 00ca 144A     		ldr	r2, .L24+64
 432 00cc 0021     		movs	r1, #0
 433 00ce 0648     		ldr	r0, .L24+12
 434 00d0 FFF7FEFF 		bl	HAL_TIM_OC_Start_DMA
 435              	.LVL25:
 457:Core/Src/main.c **** 		  break;
 436              		.loc 1 457 5 view .LVU97
 437 00d4 1248     		ldr	r0, .L24+68
 438 00d6 FFF7FEFF 		bl	lcd_update_line
 439              	.LVL26:
 458:Core/Src/main.c **** 
 440              		.loc 1 458 5 view .LVU98
 441 00da C9E7     		b	.L13
 442              	.L25:
 443              		.align	2
 444              	.L24:
 445 00dc 00000000 		.word	current_time
 446 00e0 00000000 		.word	last_button_press
 447 00e4 00000000 		.word	debounce_delay
 448 00e8 00000000 		.word	htim2
 449 00ec 00000000 		.word	hdma_tim2_ch1
 450 00f0 00000000 		.word	wave_index
 451 00f4 00000000 		.word	Sin_LUT
 452 00f8 00000000 		.word	LCD_CHARS
 453 00fc 00000000 		.word	Saw_LUT
 454 0100 32000000 		.word	LCD_CHARS+50
 455 0104 00000000 		.word	Triangle_LUT
 456 0108 64000000 		.word	LCD_CHARS+100
 457 010c 00000000 		.word	Guitar_LUT
 458 0110 96000000 		.word	LCD_CHARS+150
 459 0114 00000000 		.word	Piano_LUT
 460 0118 C8000000 		.word	LCD_CHARS+200
 461 011c 00000000 		.word	Drum_LUT
 462 0120 FA000000 		.word	LCD_CHARS+250
 463              	.LBE9:
 464              		.cfi_endproc
 465              	.LFE143:
 467              		.section	.text.Error_Handler,"ax",%progbits
 468              		.align	1
 469              		.global	Error_Handler
 470              		.syntax unified
 471              		.thumb
 472              		.thumb_func
 474              	Error_Handler:
 475              	.LFB144:
 468:Core/Src/main.c **** /* USER CODE END 4 */
 469:Core/Src/main.c **** 
 470:Core/Src/main.c **** /**
 471:Core/Src/main.c ****   * @brief  This function is executed in case of error occurrence.
 472:Core/Src/main.c ****   * @retval None
 473:Core/Src/main.c ****   */
 474:Core/Src/main.c **** void Error_Handler(void)
ARM GAS  C:\Users\Lenovo\AppData\Local\Temp\cc7QoDtc.s 			page 18


 475:Core/Src/main.c **** {
 476              		.loc 1 475 1 view -0
 477              		.cfi_startproc
 478              		@ Volatile: function does not return.
 479              		@ args = 0, pretend = 0, frame = 0
 480              		@ frame_needed = 0, uses_anonymous_args = 0
 481              		@ link register save eliminated.
 476:Core/Src/main.c ****   /* USER CODE BEGIN Error_Handler_Debug */
 477:Core/Src/main.c ****   /* User can add his own implementation to report the HAL error return state */
 478:Core/Src/main.c ****   __disable_irq();
 482              		.loc 1 478 3 view .LVU100
 483              	.LBB10:
 484              	.LBI10:
 485              		.file 2 "Drivers/CMSIS/Include/cmsis_gcc.h"
   1:Drivers/CMSIS/Include/cmsis_gcc.h **** /**************************************************************************//**
   2:Drivers/CMSIS/Include/cmsis_gcc.h ****  * @file     cmsis_gcc.h
   3:Drivers/CMSIS/Include/cmsis_gcc.h ****  * @brief    CMSIS compiler GCC header file
   4:Drivers/CMSIS/Include/cmsis_gcc.h ****  * @version  V5.4.1
   5:Drivers/CMSIS/Include/cmsis_gcc.h ****  * @date     27. May 2021
   6:Drivers/CMSIS/Include/cmsis_gcc.h ****  ******************************************************************************/
   7:Drivers/CMSIS/Include/cmsis_gcc.h **** /*
   8:Drivers/CMSIS/Include/cmsis_gcc.h ****  * Copyright (c) 2009-2021 Arm Limited. All rights reserved.
   9:Drivers/CMSIS/Include/cmsis_gcc.h ****  *
  10:Drivers/CMSIS/Include/cmsis_gcc.h ****  * SPDX-License-Identifier: Apache-2.0
  11:Drivers/CMSIS/Include/cmsis_gcc.h ****  *
  12:Drivers/CMSIS/Include/cmsis_gcc.h ****  * Licensed under the Apache License, Version 2.0 (the License); you may
  13:Drivers/CMSIS/Include/cmsis_gcc.h ****  * not use this file except in compliance with the License.
  14:Drivers/CMSIS/Include/cmsis_gcc.h ****  * You may obtain a copy of the License at
  15:Drivers/CMSIS/Include/cmsis_gcc.h ****  *
  16:Drivers/CMSIS/Include/cmsis_gcc.h ****  * www.apache.org/licenses/LICENSE-2.0
  17:Drivers/CMSIS/Include/cmsis_gcc.h ****  *
  18:Drivers/CMSIS/Include/cmsis_gcc.h ****  * Unless required by applicable law or agreed to in writing, software
  19:Drivers/CMSIS/Include/cmsis_gcc.h ****  * distributed under the License is distributed on an AS IS BASIS, WITHOUT
  20:Drivers/CMSIS/Include/cmsis_gcc.h ****  * WARRANTIES OR CONDITIONS OF ANY KIND, either express or implied.
  21:Drivers/CMSIS/Include/cmsis_gcc.h ****  * See the License for the specific language governing permissions and
  22:Drivers/CMSIS/Include/cmsis_gcc.h ****  * limitations under the License.
  23:Drivers/CMSIS/Include/cmsis_gcc.h ****  */
  24:Drivers/CMSIS/Include/cmsis_gcc.h **** 
  25:Drivers/CMSIS/Include/cmsis_gcc.h **** #ifndef __CMSIS_GCC_H
  26:Drivers/CMSIS/Include/cmsis_gcc.h **** #define __CMSIS_GCC_H
  27:Drivers/CMSIS/Include/cmsis_gcc.h **** 
  28:Drivers/CMSIS/Include/cmsis_gcc.h **** /* ignore some GCC warnings */
  29:Drivers/CMSIS/Include/cmsis_gcc.h **** #pragma GCC diagnostic push
  30:Drivers/CMSIS/Include/cmsis_gcc.h **** #pragma GCC diagnostic ignored "-Wsign-conversion"
  31:Drivers/CMSIS/Include/cmsis_gcc.h **** #pragma GCC diagnostic ignored "-Wconversion"
  32:Drivers/CMSIS/Include/cmsis_gcc.h **** #pragma GCC diagnostic ignored "-Wunused-parameter"
  33:Drivers/CMSIS/Include/cmsis_gcc.h **** 
  34:Drivers/CMSIS/Include/cmsis_gcc.h **** /* Fallback for __has_builtin */
  35:Drivers/CMSIS/Include/cmsis_gcc.h **** #ifndef __has_builtin
  36:Drivers/CMSIS/Include/cmsis_gcc.h ****   #define __has_builtin(x) (0)
  37:Drivers/CMSIS/Include/cmsis_gcc.h **** #endif
  38:Drivers/CMSIS/Include/cmsis_gcc.h **** 
  39:Drivers/CMSIS/Include/cmsis_gcc.h **** /* CMSIS compiler specific defines */
  40:Drivers/CMSIS/Include/cmsis_gcc.h **** #ifndef   __ASM
  41:Drivers/CMSIS/Include/cmsis_gcc.h ****   #define __ASM                                  __asm
  42:Drivers/CMSIS/Include/cmsis_gcc.h **** #endif
  43:Drivers/CMSIS/Include/cmsis_gcc.h **** #ifndef   __INLINE
ARM GAS  C:\Users\Lenovo\AppData\Local\Temp\cc7QoDtc.s 			page 19


  44:Drivers/CMSIS/Include/cmsis_gcc.h ****   #define __INLINE                               inline
  45:Drivers/CMSIS/Include/cmsis_gcc.h **** #endif
  46:Drivers/CMSIS/Include/cmsis_gcc.h **** #ifndef   __STATIC_INLINE
  47:Drivers/CMSIS/Include/cmsis_gcc.h ****   #define __STATIC_INLINE                        static inline
  48:Drivers/CMSIS/Include/cmsis_gcc.h **** #endif
  49:Drivers/CMSIS/Include/cmsis_gcc.h **** #ifndef   __STATIC_FORCEINLINE
  50:Drivers/CMSIS/Include/cmsis_gcc.h ****   #define __STATIC_FORCEINLINE                   __attribute__((always_inline)) static inline
  51:Drivers/CMSIS/Include/cmsis_gcc.h **** #endif
  52:Drivers/CMSIS/Include/cmsis_gcc.h **** #ifndef   __NO_RETURN
  53:Drivers/CMSIS/Include/cmsis_gcc.h ****   #define __NO_RETURN                            __attribute__((__noreturn__))
  54:Drivers/CMSIS/Include/cmsis_gcc.h **** #endif
  55:Drivers/CMSIS/Include/cmsis_gcc.h **** #ifndef   __USED
  56:Drivers/CMSIS/Include/cmsis_gcc.h ****   #define __USED                                 __attribute__((used))
  57:Drivers/CMSIS/Include/cmsis_gcc.h **** #endif
  58:Drivers/CMSIS/Include/cmsis_gcc.h **** #ifndef   __WEAK
  59:Drivers/CMSIS/Include/cmsis_gcc.h ****   #define __WEAK                                 __attribute__((weak))
  60:Drivers/CMSIS/Include/cmsis_gcc.h **** #endif
  61:Drivers/CMSIS/Include/cmsis_gcc.h **** #ifndef   __PACKED
  62:Drivers/CMSIS/Include/cmsis_gcc.h ****   #define __PACKED                               __attribute__((packed, aligned(1)))
  63:Drivers/CMSIS/Include/cmsis_gcc.h **** #endif
  64:Drivers/CMSIS/Include/cmsis_gcc.h **** #ifndef   __PACKED_STRUCT
  65:Drivers/CMSIS/Include/cmsis_gcc.h ****   #define __PACKED_STRUCT                        struct __attribute__((packed, aligned(1)))
  66:Drivers/CMSIS/Include/cmsis_gcc.h **** #endif
  67:Drivers/CMSIS/Include/cmsis_gcc.h **** #ifndef   __PACKED_UNION
  68:Drivers/CMSIS/Include/cmsis_gcc.h ****   #define __PACKED_UNION                         union __attribute__((packed, aligned(1)))
  69:Drivers/CMSIS/Include/cmsis_gcc.h **** #endif
  70:Drivers/CMSIS/Include/cmsis_gcc.h **** #ifndef   __UNALIGNED_UINT32        /* deprecated */
  71:Drivers/CMSIS/Include/cmsis_gcc.h ****   #pragma GCC diagnostic push
  72:Drivers/CMSIS/Include/cmsis_gcc.h ****   #pragma GCC diagnostic ignored "-Wpacked"
  73:Drivers/CMSIS/Include/cmsis_gcc.h ****   #pragma GCC diagnostic ignored "-Wattributes"
  74:Drivers/CMSIS/Include/cmsis_gcc.h ****   struct __attribute__((packed)) T_UINT32 { uint32_t v; };
  75:Drivers/CMSIS/Include/cmsis_gcc.h ****   #pragma GCC diagnostic pop
  76:Drivers/CMSIS/Include/cmsis_gcc.h ****   #define __UNALIGNED_UINT32(x)                  (((struct T_UINT32 *)(x))->v)
  77:Drivers/CMSIS/Include/cmsis_gcc.h **** #endif
  78:Drivers/CMSIS/Include/cmsis_gcc.h **** #ifndef   __UNALIGNED_UINT16_WRITE
  79:Drivers/CMSIS/Include/cmsis_gcc.h ****   #pragma GCC diagnostic push
  80:Drivers/CMSIS/Include/cmsis_gcc.h ****   #pragma GCC diagnostic ignored "-Wpacked"
  81:Drivers/CMSIS/Include/cmsis_gcc.h ****   #pragma GCC diagnostic ignored "-Wattributes"
  82:Drivers/CMSIS/Include/cmsis_gcc.h ****   __PACKED_STRUCT T_UINT16_WRITE { uint16_t v; };
  83:Drivers/CMSIS/Include/cmsis_gcc.h ****   #pragma GCC diagnostic pop
  84:Drivers/CMSIS/Include/cmsis_gcc.h ****   #define __UNALIGNED_UINT16_WRITE(addr, val)    (void)((((struct T_UINT16_WRITE *)(void *)(addr))-
  85:Drivers/CMSIS/Include/cmsis_gcc.h **** #endif
  86:Drivers/CMSIS/Include/cmsis_gcc.h **** #ifndef   __UNALIGNED_UINT16_READ
  87:Drivers/CMSIS/Include/cmsis_gcc.h ****   #pragma GCC diagnostic push
  88:Drivers/CMSIS/Include/cmsis_gcc.h ****   #pragma GCC diagnostic ignored "-Wpacked"
  89:Drivers/CMSIS/Include/cmsis_gcc.h ****   #pragma GCC diagnostic ignored "-Wattributes"
  90:Drivers/CMSIS/Include/cmsis_gcc.h ****   __PACKED_STRUCT T_UINT16_READ { uint16_t v; };
  91:Drivers/CMSIS/Include/cmsis_gcc.h ****   #pragma GCC diagnostic pop
  92:Drivers/CMSIS/Include/cmsis_gcc.h ****   #define __UNALIGNED_UINT16_READ(addr)          (((const struct T_UINT16_READ *)(const void *)(add
  93:Drivers/CMSIS/Include/cmsis_gcc.h **** #endif
  94:Drivers/CMSIS/Include/cmsis_gcc.h **** #ifndef   __UNALIGNED_UINT32_WRITE
  95:Drivers/CMSIS/Include/cmsis_gcc.h ****   #pragma GCC diagnostic push
  96:Drivers/CMSIS/Include/cmsis_gcc.h ****   #pragma GCC diagnostic ignored "-Wpacked"
  97:Drivers/CMSIS/Include/cmsis_gcc.h ****   #pragma GCC diagnostic ignored "-Wattributes"
  98:Drivers/CMSIS/Include/cmsis_gcc.h ****   __PACKED_STRUCT T_UINT32_WRITE { uint32_t v; };
  99:Drivers/CMSIS/Include/cmsis_gcc.h ****   #pragma GCC diagnostic pop
 100:Drivers/CMSIS/Include/cmsis_gcc.h ****   #define __UNALIGNED_UINT32_WRITE(addr, val)    (void)((((struct T_UINT32_WRITE *)(void *)(addr))-
ARM GAS  C:\Users\Lenovo\AppData\Local\Temp\cc7QoDtc.s 			page 20


 101:Drivers/CMSIS/Include/cmsis_gcc.h **** #endif
 102:Drivers/CMSIS/Include/cmsis_gcc.h **** #ifndef   __UNALIGNED_UINT32_READ
 103:Drivers/CMSIS/Include/cmsis_gcc.h ****   #pragma GCC diagnostic push
 104:Drivers/CMSIS/Include/cmsis_gcc.h ****   #pragma GCC diagnostic ignored "-Wpacked"
 105:Drivers/CMSIS/Include/cmsis_gcc.h ****   #pragma GCC diagnostic ignored "-Wattributes"
 106:Drivers/CMSIS/Include/cmsis_gcc.h ****   __PACKED_STRUCT T_UINT32_READ { uint32_t v; };
 107:Drivers/CMSIS/Include/cmsis_gcc.h ****   #pragma GCC diagnostic pop
 108:Drivers/CMSIS/Include/cmsis_gcc.h ****   #define __UNALIGNED_UINT32_READ(addr)          (((const struct T_UINT32_READ *)(const void *)(add
 109:Drivers/CMSIS/Include/cmsis_gcc.h **** #endif
 110:Drivers/CMSIS/Include/cmsis_gcc.h **** #ifndef   __ALIGNED
 111:Drivers/CMSIS/Include/cmsis_gcc.h ****   #define __ALIGNED(x)                           __attribute__((aligned(x)))
 112:Drivers/CMSIS/Include/cmsis_gcc.h **** #endif
 113:Drivers/CMSIS/Include/cmsis_gcc.h **** #ifndef   __RESTRICT
 114:Drivers/CMSIS/Include/cmsis_gcc.h ****   #define __RESTRICT                             __restrict
 115:Drivers/CMSIS/Include/cmsis_gcc.h **** #endif
 116:Drivers/CMSIS/Include/cmsis_gcc.h **** #ifndef   __COMPILER_BARRIER
 117:Drivers/CMSIS/Include/cmsis_gcc.h ****   #define __COMPILER_BARRIER()                   __ASM volatile("":::"memory")
 118:Drivers/CMSIS/Include/cmsis_gcc.h **** #endif
 119:Drivers/CMSIS/Include/cmsis_gcc.h **** 
 120:Drivers/CMSIS/Include/cmsis_gcc.h **** /* #########################  Startup and Lowlevel Init  ######################## */
 121:Drivers/CMSIS/Include/cmsis_gcc.h **** 
 122:Drivers/CMSIS/Include/cmsis_gcc.h **** #ifndef __PROGRAM_START
 123:Drivers/CMSIS/Include/cmsis_gcc.h **** 
 124:Drivers/CMSIS/Include/cmsis_gcc.h **** /**
 125:Drivers/CMSIS/Include/cmsis_gcc.h ****   \brief   Initializes data and bss sections
 126:Drivers/CMSIS/Include/cmsis_gcc.h ****   \details This default implementations initialized all data and additional bss
 127:Drivers/CMSIS/Include/cmsis_gcc.h ****            sections relying on .copy.table and .zero.table specified properly
 128:Drivers/CMSIS/Include/cmsis_gcc.h ****            in the used linker script.
 129:Drivers/CMSIS/Include/cmsis_gcc.h **** 
 130:Drivers/CMSIS/Include/cmsis_gcc.h ****  */
 131:Drivers/CMSIS/Include/cmsis_gcc.h **** __STATIC_FORCEINLINE __NO_RETURN void __cmsis_start(void)
 132:Drivers/CMSIS/Include/cmsis_gcc.h **** {
 133:Drivers/CMSIS/Include/cmsis_gcc.h ****   extern void _start(void) __NO_RETURN;
 134:Drivers/CMSIS/Include/cmsis_gcc.h **** 
 135:Drivers/CMSIS/Include/cmsis_gcc.h ****   typedef struct {
 136:Drivers/CMSIS/Include/cmsis_gcc.h ****     uint32_t const* src;
 137:Drivers/CMSIS/Include/cmsis_gcc.h ****     uint32_t* dest;
 138:Drivers/CMSIS/Include/cmsis_gcc.h ****     uint32_t  wlen;
 139:Drivers/CMSIS/Include/cmsis_gcc.h ****   } __copy_table_t;
 140:Drivers/CMSIS/Include/cmsis_gcc.h **** 
 141:Drivers/CMSIS/Include/cmsis_gcc.h ****   typedef struct {
 142:Drivers/CMSIS/Include/cmsis_gcc.h ****     uint32_t* dest;
 143:Drivers/CMSIS/Include/cmsis_gcc.h ****     uint32_t  wlen;
 144:Drivers/CMSIS/Include/cmsis_gcc.h ****   } __zero_table_t;
 145:Drivers/CMSIS/Include/cmsis_gcc.h **** 
 146:Drivers/CMSIS/Include/cmsis_gcc.h ****   extern const __copy_table_t __copy_table_start__;
 147:Drivers/CMSIS/Include/cmsis_gcc.h ****   extern const __copy_table_t __copy_table_end__;
 148:Drivers/CMSIS/Include/cmsis_gcc.h ****   extern const __zero_table_t __zero_table_start__;
 149:Drivers/CMSIS/Include/cmsis_gcc.h ****   extern const __zero_table_t __zero_table_end__;
 150:Drivers/CMSIS/Include/cmsis_gcc.h **** 
 151:Drivers/CMSIS/Include/cmsis_gcc.h ****   for (__copy_table_t const* pTable = &__copy_table_start__; pTable < &__copy_table_end__; ++pTable
 152:Drivers/CMSIS/Include/cmsis_gcc.h ****     for(uint32_t i=0u; i<pTable->wlen; ++i) {
 153:Drivers/CMSIS/Include/cmsis_gcc.h ****       pTable->dest[i] = pTable->src[i];
 154:Drivers/CMSIS/Include/cmsis_gcc.h ****     }
 155:Drivers/CMSIS/Include/cmsis_gcc.h ****   }
 156:Drivers/CMSIS/Include/cmsis_gcc.h **** 
 157:Drivers/CMSIS/Include/cmsis_gcc.h ****   for (__zero_table_t const* pTable = &__zero_table_start__; pTable < &__zero_table_end__; ++pTable
ARM GAS  C:\Users\Lenovo\AppData\Local\Temp\cc7QoDtc.s 			page 21


 158:Drivers/CMSIS/Include/cmsis_gcc.h ****     for(uint32_t i=0u; i<pTable->wlen; ++i) {
 159:Drivers/CMSIS/Include/cmsis_gcc.h ****       pTable->dest[i] = 0u;
 160:Drivers/CMSIS/Include/cmsis_gcc.h ****     }
 161:Drivers/CMSIS/Include/cmsis_gcc.h ****   }
 162:Drivers/CMSIS/Include/cmsis_gcc.h **** 
 163:Drivers/CMSIS/Include/cmsis_gcc.h ****   _start();
 164:Drivers/CMSIS/Include/cmsis_gcc.h **** }
 165:Drivers/CMSIS/Include/cmsis_gcc.h **** 
 166:Drivers/CMSIS/Include/cmsis_gcc.h **** #define __PROGRAM_START           __cmsis_start
 167:Drivers/CMSIS/Include/cmsis_gcc.h **** #endif
 168:Drivers/CMSIS/Include/cmsis_gcc.h **** 
 169:Drivers/CMSIS/Include/cmsis_gcc.h **** #ifndef __INITIAL_SP
 170:Drivers/CMSIS/Include/cmsis_gcc.h **** #define __INITIAL_SP              __StackTop
 171:Drivers/CMSIS/Include/cmsis_gcc.h **** #endif
 172:Drivers/CMSIS/Include/cmsis_gcc.h **** 
 173:Drivers/CMSIS/Include/cmsis_gcc.h **** #ifndef __STACK_LIMIT
 174:Drivers/CMSIS/Include/cmsis_gcc.h **** #define __STACK_LIMIT             __StackLimit
 175:Drivers/CMSIS/Include/cmsis_gcc.h **** #endif
 176:Drivers/CMSIS/Include/cmsis_gcc.h **** 
 177:Drivers/CMSIS/Include/cmsis_gcc.h **** #ifndef __VECTOR_TABLE
 178:Drivers/CMSIS/Include/cmsis_gcc.h **** #define __VECTOR_TABLE            __Vectors
 179:Drivers/CMSIS/Include/cmsis_gcc.h **** #endif
 180:Drivers/CMSIS/Include/cmsis_gcc.h **** 
 181:Drivers/CMSIS/Include/cmsis_gcc.h **** #ifndef __VECTOR_TABLE_ATTRIBUTE
 182:Drivers/CMSIS/Include/cmsis_gcc.h **** #define __VECTOR_TABLE_ATTRIBUTE  __attribute__((used, section(".vectors")))
 183:Drivers/CMSIS/Include/cmsis_gcc.h **** #endif
 184:Drivers/CMSIS/Include/cmsis_gcc.h **** 
 185:Drivers/CMSIS/Include/cmsis_gcc.h **** #if defined (__ARM_FEATURE_CMSE) && (__ARM_FEATURE_CMSE == 3U)
 186:Drivers/CMSIS/Include/cmsis_gcc.h **** #ifndef __STACK_SEAL
 187:Drivers/CMSIS/Include/cmsis_gcc.h **** #define __STACK_SEAL              __StackSeal
 188:Drivers/CMSIS/Include/cmsis_gcc.h **** #endif
 189:Drivers/CMSIS/Include/cmsis_gcc.h **** 
 190:Drivers/CMSIS/Include/cmsis_gcc.h **** #ifndef __TZ_STACK_SEAL_SIZE
 191:Drivers/CMSIS/Include/cmsis_gcc.h **** #define __TZ_STACK_SEAL_SIZE      8U
 192:Drivers/CMSIS/Include/cmsis_gcc.h **** #endif
 193:Drivers/CMSIS/Include/cmsis_gcc.h **** 
 194:Drivers/CMSIS/Include/cmsis_gcc.h **** #ifndef __TZ_STACK_SEAL_VALUE
 195:Drivers/CMSIS/Include/cmsis_gcc.h **** #define __TZ_STACK_SEAL_VALUE     0xFEF5EDA5FEF5EDA5ULL
 196:Drivers/CMSIS/Include/cmsis_gcc.h **** #endif
 197:Drivers/CMSIS/Include/cmsis_gcc.h **** 
 198:Drivers/CMSIS/Include/cmsis_gcc.h **** 
 199:Drivers/CMSIS/Include/cmsis_gcc.h **** __STATIC_FORCEINLINE void __TZ_set_STACKSEAL_S (uint32_t* stackTop) {
 200:Drivers/CMSIS/Include/cmsis_gcc.h ****   *((uint64_t *)stackTop) = __TZ_STACK_SEAL_VALUE;
 201:Drivers/CMSIS/Include/cmsis_gcc.h **** }
 202:Drivers/CMSIS/Include/cmsis_gcc.h **** #endif
 203:Drivers/CMSIS/Include/cmsis_gcc.h **** 
 204:Drivers/CMSIS/Include/cmsis_gcc.h **** 
 205:Drivers/CMSIS/Include/cmsis_gcc.h **** /* ##########################  Core Instruction Access  ######################### */
 206:Drivers/CMSIS/Include/cmsis_gcc.h **** /** \defgroup CMSIS_Core_InstructionInterface CMSIS Core Instruction Interface
 207:Drivers/CMSIS/Include/cmsis_gcc.h ****   Access to dedicated instructions
 208:Drivers/CMSIS/Include/cmsis_gcc.h ****   @{
 209:Drivers/CMSIS/Include/cmsis_gcc.h **** */
 210:Drivers/CMSIS/Include/cmsis_gcc.h **** 
 211:Drivers/CMSIS/Include/cmsis_gcc.h **** /* Define macros for porting to both thumb1 and thumb2.
 212:Drivers/CMSIS/Include/cmsis_gcc.h ****  * For thumb1, use low register (r0-r7), specified by constraint "l"
 213:Drivers/CMSIS/Include/cmsis_gcc.h ****  * Otherwise, use general registers, specified by constraint "r" */
 214:Drivers/CMSIS/Include/cmsis_gcc.h **** #if defined (__thumb__) && !defined (__thumb2__)
ARM GAS  C:\Users\Lenovo\AppData\Local\Temp\cc7QoDtc.s 			page 22


 215:Drivers/CMSIS/Include/cmsis_gcc.h **** #define __CMSIS_GCC_OUT_REG(r) "=l" (r)
 216:Drivers/CMSIS/Include/cmsis_gcc.h **** #define __CMSIS_GCC_RW_REG(r) "+l" (r)
 217:Drivers/CMSIS/Include/cmsis_gcc.h **** #define __CMSIS_GCC_USE_REG(r) "l" (r)
 218:Drivers/CMSIS/Include/cmsis_gcc.h **** #else
 219:Drivers/CMSIS/Include/cmsis_gcc.h **** #define __CMSIS_GCC_OUT_REG(r) "=r" (r)
 220:Drivers/CMSIS/Include/cmsis_gcc.h **** #define __CMSIS_GCC_RW_REG(r) "+r" (r)
 221:Drivers/CMSIS/Include/cmsis_gcc.h **** #define __CMSIS_GCC_USE_REG(r) "r" (r)
 222:Drivers/CMSIS/Include/cmsis_gcc.h **** #endif
 223:Drivers/CMSIS/Include/cmsis_gcc.h **** 
 224:Drivers/CMSIS/Include/cmsis_gcc.h **** /**
 225:Drivers/CMSIS/Include/cmsis_gcc.h ****   \brief   No Operation
 226:Drivers/CMSIS/Include/cmsis_gcc.h ****   \details No Operation does nothing. This instruction can be used for code alignment purposes.
 227:Drivers/CMSIS/Include/cmsis_gcc.h ****  */
 228:Drivers/CMSIS/Include/cmsis_gcc.h **** #define __NOP()                             __ASM volatile ("nop")
 229:Drivers/CMSIS/Include/cmsis_gcc.h **** 
 230:Drivers/CMSIS/Include/cmsis_gcc.h **** /**
 231:Drivers/CMSIS/Include/cmsis_gcc.h ****   \brief   Wait For Interrupt
 232:Drivers/CMSIS/Include/cmsis_gcc.h ****   \details Wait For Interrupt is a hint instruction that suspends execution until one of a number o
 233:Drivers/CMSIS/Include/cmsis_gcc.h ****  */
 234:Drivers/CMSIS/Include/cmsis_gcc.h **** #define __WFI()                             __ASM volatile ("wfi":::"memory")
 235:Drivers/CMSIS/Include/cmsis_gcc.h **** 
 236:Drivers/CMSIS/Include/cmsis_gcc.h **** 
 237:Drivers/CMSIS/Include/cmsis_gcc.h **** /**
 238:Drivers/CMSIS/Include/cmsis_gcc.h ****   \brief   Wait For Event
 239:Drivers/CMSIS/Include/cmsis_gcc.h ****   \details Wait For Event is a hint instruction that permits the processor to enter
 240:Drivers/CMSIS/Include/cmsis_gcc.h ****            a low-power state until one of a number of events occurs.
 241:Drivers/CMSIS/Include/cmsis_gcc.h ****  */
 242:Drivers/CMSIS/Include/cmsis_gcc.h **** #define __WFE()                             __ASM volatile ("wfe":::"memory")
 243:Drivers/CMSIS/Include/cmsis_gcc.h **** 
 244:Drivers/CMSIS/Include/cmsis_gcc.h **** 
 245:Drivers/CMSIS/Include/cmsis_gcc.h **** /**
 246:Drivers/CMSIS/Include/cmsis_gcc.h ****   \brief   Send Event
 247:Drivers/CMSIS/Include/cmsis_gcc.h ****   \details Send Event is a hint instruction. It causes an event to be signaled to the CPU.
 248:Drivers/CMSIS/Include/cmsis_gcc.h ****  */
 249:Drivers/CMSIS/Include/cmsis_gcc.h **** #define __SEV()                             __ASM volatile ("sev")
 250:Drivers/CMSIS/Include/cmsis_gcc.h **** 
 251:Drivers/CMSIS/Include/cmsis_gcc.h **** 
 252:Drivers/CMSIS/Include/cmsis_gcc.h **** /**
 253:Drivers/CMSIS/Include/cmsis_gcc.h ****   \brief   Instruction Synchronization Barrier
 254:Drivers/CMSIS/Include/cmsis_gcc.h ****   \details Instruction Synchronization Barrier flushes the pipeline in the processor,
 255:Drivers/CMSIS/Include/cmsis_gcc.h ****            so that all instructions following the ISB are fetched from cache or memory,
 256:Drivers/CMSIS/Include/cmsis_gcc.h ****            after the instruction has been completed.
 257:Drivers/CMSIS/Include/cmsis_gcc.h ****  */
 258:Drivers/CMSIS/Include/cmsis_gcc.h **** __STATIC_FORCEINLINE void __ISB(void)
 259:Drivers/CMSIS/Include/cmsis_gcc.h **** {
 260:Drivers/CMSIS/Include/cmsis_gcc.h ****   __ASM volatile ("isb 0xF":::"memory");
 261:Drivers/CMSIS/Include/cmsis_gcc.h **** }
 262:Drivers/CMSIS/Include/cmsis_gcc.h **** 
 263:Drivers/CMSIS/Include/cmsis_gcc.h **** 
 264:Drivers/CMSIS/Include/cmsis_gcc.h **** /**
 265:Drivers/CMSIS/Include/cmsis_gcc.h ****   \brief   Data Synchronization Barrier
 266:Drivers/CMSIS/Include/cmsis_gcc.h ****   \details Acts as a special kind of Data Memory Barrier.
 267:Drivers/CMSIS/Include/cmsis_gcc.h ****            It completes when all explicit memory accesses before this instruction complete.
 268:Drivers/CMSIS/Include/cmsis_gcc.h ****  */
 269:Drivers/CMSIS/Include/cmsis_gcc.h **** __STATIC_FORCEINLINE void __DSB(void)
 270:Drivers/CMSIS/Include/cmsis_gcc.h **** {
 271:Drivers/CMSIS/Include/cmsis_gcc.h ****   __ASM volatile ("dsb 0xF":::"memory");
ARM GAS  C:\Users\Lenovo\AppData\Local\Temp\cc7QoDtc.s 			page 23


 272:Drivers/CMSIS/Include/cmsis_gcc.h **** }
 273:Drivers/CMSIS/Include/cmsis_gcc.h **** 
 274:Drivers/CMSIS/Include/cmsis_gcc.h **** 
 275:Drivers/CMSIS/Include/cmsis_gcc.h **** /**
 276:Drivers/CMSIS/Include/cmsis_gcc.h ****   \brief   Data Memory Barrier
 277:Drivers/CMSIS/Include/cmsis_gcc.h ****   \details Ensures the apparent order of the explicit memory operations before
 278:Drivers/CMSIS/Include/cmsis_gcc.h ****            and after the instruction, without ensuring their completion.
 279:Drivers/CMSIS/Include/cmsis_gcc.h ****  */
 280:Drivers/CMSIS/Include/cmsis_gcc.h **** __STATIC_FORCEINLINE void __DMB(void)
 281:Drivers/CMSIS/Include/cmsis_gcc.h **** {
 282:Drivers/CMSIS/Include/cmsis_gcc.h ****   __ASM volatile ("dmb 0xF":::"memory");
 283:Drivers/CMSIS/Include/cmsis_gcc.h **** }
 284:Drivers/CMSIS/Include/cmsis_gcc.h **** 
 285:Drivers/CMSIS/Include/cmsis_gcc.h **** 
 286:Drivers/CMSIS/Include/cmsis_gcc.h **** /**
 287:Drivers/CMSIS/Include/cmsis_gcc.h ****   \brief   Reverse byte order (32 bit)
 288:Drivers/CMSIS/Include/cmsis_gcc.h ****   \details Reverses the byte order in unsigned integer value. For example, 0x12345678 becomes 0x785
 289:Drivers/CMSIS/Include/cmsis_gcc.h ****   \param [in]    value  Value to reverse
 290:Drivers/CMSIS/Include/cmsis_gcc.h ****   \return               Reversed value
 291:Drivers/CMSIS/Include/cmsis_gcc.h ****  */
 292:Drivers/CMSIS/Include/cmsis_gcc.h **** __STATIC_FORCEINLINE uint32_t __REV(uint32_t value)
 293:Drivers/CMSIS/Include/cmsis_gcc.h **** {
 294:Drivers/CMSIS/Include/cmsis_gcc.h **** #if (__GNUC__ > 4) || (__GNUC__ == 4 && __GNUC_MINOR__ >= 5)
 295:Drivers/CMSIS/Include/cmsis_gcc.h ****   return __builtin_bswap32(value);
 296:Drivers/CMSIS/Include/cmsis_gcc.h **** #else
 297:Drivers/CMSIS/Include/cmsis_gcc.h ****   uint32_t result;
 298:Drivers/CMSIS/Include/cmsis_gcc.h **** 
 299:Drivers/CMSIS/Include/cmsis_gcc.h ****   __ASM ("rev %0, %1" : __CMSIS_GCC_OUT_REG (result) : __CMSIS_GCC_USE_REG (value) );
 300:Drivers/CMSIS/Include/cmsis_gcc.h ****   return result;
 301:Drivers/CMSIS/Include/cmsis_gcc.h **** #endif
 302:Drivers/CMSIS/Include/cmsis_gcc.h **** }
 303:Drivers/CMSIS/Include/cmsis_gcc.h **** 
 304:Drivers/CMSIS/Include/cmsis_gcc.h **** 
 305:Drivers/CMSIS/Include/cmsis_gcc.h **** /**
 306:Drivers/CMSIS/Include/cmsis_gcc.h ****   \brief   Reverse byte order (16 bit)
 307:Drivers/CMSIS/Include/cmsis_gcc.h ****   \details Reverses the byte order within each halfword of a word. For example, 0x12345678 becomes 
 308:Drivers/CMSIS/Include/cmsis_gcc.h ****   \param [in]    value  Value to reverse
 309:Drivers/CMSIS/Include/cmsis_gcc.h ****   \return               Reversed value
 310:Drivers/CMSIS/Include/cmsis_gcc.h ****  */
 311:Drivers/CMSIS/Include/cmsis_gcc.h **** __STATIC_FORCEINLINE uint32_t __REV16(uint32_t value)
 312:Drivers/CMSIS/Include/cmsis_gcc.h **** {
 313:Drivers/CMSIS/Include/cmsis_gcc.h ****   uint32_t result;
 314:Drivers/CMSIS/Include/cmsis_gcc.h **** 
 315:Drivers/CMSIS/Include/cmsis_gcc.h ****   __ASM ("rev16 %0, %1" : __CMSIS_GCC_OUT_REG (result) : __CMSIS_GCC_USE_REG (value) );
 316:Drivers/CMSIS/Include/cmsis_gcc.h ****   return result;
 317:Drivers/CMSIS/Include/cmsis_gcc.h **** }
 318:Drivers/CMSIS/Include/cmsis_gcc.h **** 
 319:Drivers/CMSIS/Include/cmsis_gcc.h **** 
 320:Drivers/CMSIS/Include/cmsis_gcc.h **** /**
 321:Drivers/CMSIS/Include/cmsis_gcc.h ****   \brief   Reverse byte order (16 bit)
 322:Drivers/CMSIS/Include/cmsis_gcc.h ****   \details Reverses the byte order in a 16-bit value and returns the signed 16-bit result. For exam
 323:Drivers/CMSIS/Include/cmsis_gcc.h ****   \param [in]    value  Value to reverse
 324:Drivers/CMSIS/Include/cmsis_gcc.h ****   \return               Reversed value
 325:Drivers/CMSIS/Include/cmsis_gcc.h ****  */
 326:Drivers/CMSIS/Include/cmsis_gcc.h **** __STATIC_FORCEINLINE int16_t __REVSH(int16_t value)
 327:Drivers/CMSIS/Include/cmsis_gcc.h **** {
 328:Drivers/CMSIS/Include/cmsis_gcc.h **** #if (__GNUC__ > 4) || (__GNUC__ == 4 && __GNUC_MINOR__ >= 8)
ARM GAS  C:\Users\Lenovo\AppData\Local\Temp\cc7QoDtc.s 			page 24


 329:Drivers/CMSIS/Include/cmsis_gcc.h ****   return (int16_t)__builtin_bswap16(value);
 330:Drivers/CMSIS/Include/cmsis_gcc.h **** #else
 331:Drivers/CMSIS/Include/cmsis_gcc.h ****   int16_t result;
 332:Drivers/CMSIS/Include/cmsis_gcc.h **** 
 333:Drivers/CMSIS/Include/cmsis_gcc.h ****   __ASM ("revsh %0, %1" : __CMSIS_GCC_OUT_REG (result) : __CMSIS_GCC_USE_REG (value) );
 334:Drivers/CMSIS/Include/cmsis_gcc.h ****   return result;
 335:Drivers/CMSIS/Include/cmsis_gcc.h **** #endif
 336:Drivers/CMSIS/Include/cmsis_gcc.h **** }
 337:Drivers/CMSIS/Include/cmsis_gcc.h **** 
 338:Drivers/CMSIS/Include/cmsis_gcc.h **** 
 339:Drivers/CMSIS/Include/cmsis_gcc.h **** /**
 340:Drivers/CMSIS/Include/cmsis_gcc.h ****   \brief   Rotate Right in unsigned value (32 bit)
 341:Drivers/CMSIS/Include/cmsis_gcc.h ****   \details Rotate Right (immediate) provides the value of the contents of a register rotated by a v
 342:Drivers/CMSIS/Include/cmsis_gcc.h ****   \param [in]    op1  Value to rotate
 343:Drivers/CMSIS/Include/cmsis_gcc.h ****   \param [in]    op2  Number of Bits to rotate
 344:Drivers/CMSIS/Include/cmsis_gcc.h ****   \return               Rotated value
 345:Drivers/CMSIS/Include/cmsis_gcc.h ****  */
 346:Drivers/CMSIS/Include/cmsis_gcc.h **** __STATIC_FORCEINLINE uint32_t __ROR(uint32_t op1, uint32_t op2)
 347:Drivers/CMSIS/Include/cmsis_gcc.h **** {
 348:Drivers/CMSIS/Include/cmsis_gcc.h ****   op2 %= 32U;
 349:Drivers/CMSIS/Include/cmsis_gcc.h ****   if (op2 == 0U)
 350:Drivers/CMSIS/Include/cmsis_gcc.h ****   {
 351:Drivers/CMSIS/Include/cmsis_gcc.h ****     return op1;
 352:Drivers/CMSIS/Include/cmsis_gcc.h ****   }
 353:Drivers/CMSIS/Include/cmsis_gcc.h ****   return (op1 >> op2) | (op1 << (32U - op2));
 354:Drivers/CMSIS/Include/cmsis_gcc.h **** }
 355:Drivers/CMSIS/Include/cmsis_gcc.h **** 
 356:Drivers/CMSIS/Include/cmsis_gcc.h **** 
 357:Drivers/CMSIS/Include/cmsis_gcc.h **** /**
 358:Drivers/CMSIS/Include/cmsis_gcc.h ****   \brief   Breakpoint
 359:Drivers/CMSIS/Include/cmsis_gcc.h ****   \details Causes the processor to enter Debug state.
 360:Drivers/CMSIS/Include/cmsis_gcc.h ****            Debug tools can use this to investigate system state when the instruction at a particula
 361:Drivers/CMSIS/Include/cmsis_gcc.h ****   \param [in]    value  is ignored by the processor.
 362:Drivers/CMSIS/Include/cmsis_gcc.h ****                  If required, a debugger can use it to store additional information about the break
 363:Drivers/CMSIS/Include/cmsis_gcc.h ****  */
 364:Drivers/CMSIS/Include/cmsis_gcc.h **** #define __BKPT(value)                       __ASM volatile ("bkpt "#value)
 365:Drivers/CMSIS/Include/cmsis_gcc.h **** 
 366:Drivers/CMSIS/Include/cmsis_gcc.h **** 
 367:Drivers/CMSIS/Include/cmsis_gcc.h **** /**
 368:Drivers/CMSIS/Include/cmsis_gcc.h ****   \brief   Reverse bit order of value
 369:Drivers/CMSIS/Include/cmsis_gcc.h ****   \details Reverses the bit order of the given value.
 370:Drivers/CMSIS/Include/cmsis_gcc.h ****   \param [in]    value  Value to reverse
 371:Drivers/CMSIS/Include/cmsis_gcc.h ****   \return               Reversed value
 372:Drivers/CMSIS/Include/cmsis_gcc.h ****  */
 373:Drivers/CMSIS/Include/cmsis_gcc.h **** __STATIC_FORCEINLINE uint32_t __RBIT(uint32_t value)
 374:Drivers/CMSIS/Include/cmsis_gcc.h **** {
 375:Drivers/CMSIS/Include/cmsis_gcc.h ****   uint32_t result;
 376:Drivers/CMSIS/Include/cmsis_gcc.h **** 
 377:Drivers/CMSIS/Include/cmsis_gcc.h **** #if ((defined (__ARM_ARCH_7M__      ) && (__ARM_ARCH_7M__      == 1)) || \
 378:Drivers/CMSIS/Include/cmsis_gcc.h ****      (defined (__ARM_ARCH_7EM__     ) && (__ARM_ARCH_7EM__     == 1)) || \
 379:Drivers/CMSIS/Include/cmsis_gcc.h ****      (defined (__ARM_ARCH_8M_MAIN__ ) && (__ARM_ARCH_8M_MAIN__ == 1))    )
 380:Drivers/CMSIS/Include/cmsis_gcc.h ****    __ASM ("rbit %0, %1" : "=r" (result) : "r" (value) );
 381:Drivers/CMSIS/Include/cmsis_gcc.h **** #else
 382:Drivers/CMSIS/Include/cmsis_gcc.h ****   uint32_t s = (4U /*sizeof(v)*/ * 8U) - 1U; /* extra shift needed at end */
 383:Drivers/CMSIS/Include/cmsis_gcc.h **** 
 384:Drivers/CMSIS/Include/cmsis_gcc.h ****   result = value;                      /* r will be reversed bits of v; first get LSB of v */
 385:Drivers/CMSIS/Include/cmsis_gcc.h ****   for (value >>= 1U; value != 0U; value >>= 1U)
ARM GAS  C:\Users\Lenovo\AppData\Local\Temp\cc7QoDtc.s 			page 25


 386:Drivers/CMSIS/Include/cmsis_gcc.h ****   {
 387:Drivers/CMSIS/Include/cmsis_gcc.h ****     result <<= 1U;
 388:Drivers/CMSIS/Include/cmsis_gcc.h ****     result |= value & 1U;
 389:Drivers/CMSIS/Include/cmsis_gcc.h ****     s--;
 390:Drivers/CMSIS/Include/cmsis_gcc.h ****   }
 391:Drivers/CMSIS/Include/cmsis_gcc.h ****   result <<= s;                        /* shift when v's highest bits are zero */
 392:Drivers/CMSIS/Include/cmsis_gcc.h **** #endif
 393:Drivers/CMSIS/Include/cmsis_gcc.h ****   return result;
 394:Drivers/CMSIS/Include/cmsis_gcc.h **** }
 395:Drivers/CMSIS/Include/cmsis_gcc.h **** 
 396:Drivers/CMSIS/Include/cmsis_gcc.h **** 
 397:Drivers/CMSIS/Include/cmsis_gcc.h **** /**
 398:Drivers/CMSIS/Include/cmsis_gcc.h ****   \brief   Count leading zeros
 399:Drivers/CMSIS/Include/cmsis_gcc.h ****   \details Counts the number of leading zeros of a data value.
 400:Drivers/CMSIS/Include/cmsis_gcc.h ****   \param [in]  value  Value to count the leading zeros
 401:Drivers/CMSIS/Include/cmsis_gcc.h ****   \return             number of leading zeros in value
 402:Drivers/CMSIS/Include/cmsis_gcc.h ****  */
 403:Drivers/CMSIS/Include/cmsis_gcc.h **** __STATIC_FORCEINLINE uint8_t __CLZ(uint32_t value)
 404:Drivers/CMSIS/Include/cmsis_gcc.h **** {
 405:Drivers/CMSIS/Include/cmsis_gcc.h ****   /* Even though __builtin_clz produces a CLZ instruction on ARM, formally
 406:Drivers/CMSIS/Include/cmsis_gcc.h ****      __builtin_clz(0) is undefined behaviour, so handle this case specially.
 407:Drivers/CMSIS/Include/cmsis_gcc.h ****      This guarantees ARM-compatible results if happening to compile on a non-ARM
 408:Drivers/CMSIS/Include/cmsis_gcc.h ****      target, and ensures the compiler doesn't decide to activate any
 409:Drivers/CMSIS/Include/cmsis_gcc.h ****      optimisations using the logic "value was passed to __builtin_clz, so it
 410:Drivers/CMSIS/Include/cmsis_gcc.h ****      is non-zero".
 411:Drivers/CMSIS/Include/cmsis_gcc.h ****      ARM GCC 7.3 and possibly earlier will optimise this test away, leaving a
 412:Drivers/CMSIS/Include/cmsis_gcc.h ****      single CLZ instruction.
 413:Drivers/CMSIS/Include/cmsis_gcc.h ****    */
 414:Drivers/CMSIS/Include/cmsis_gcc.h ****   if (value == 0U)
 415:Drivers/CMSIS/Include/cmsis_gcc.h ****   {
 416:Drivers/CMSIS/Include/cmsis_gcc.h ****     return 32U;
 417:Drivers/CMSIS/Include/cmsis_gcc.h ****   }
 418:Drivers/CMSIS/Include/cmsis_gcc.h ****   return __builtin_clz(value);
 419:Drivers/CMSIS/Include/cmsis_gcc.h **** }
 420:Drivers/CMSIS/Include/cmsis_gcc.h **** 
 421:Drivers/CMSIS/Include/cmsis_gcc.h **** 
 422:Drivers/CMSIS/Include/cmsis_gcc.h **** #if ((defined (__ARM_ARCH_7M__      ) && (__ARM_ARCH_7M__      == 1)) || \
 423:Drivers/CMSIS/Include/cmsis_gcc.h ****      (defined (__ARM_ARCH_7EM__     ) && (__ARM_ARCH_7EM__     == 1)) || \
 424:Drivers/CMSIS/Include/cmsis_gcc.h ****      (defined (__ARM_ARCH_8M_MAIN__ ) && (__ARM_ARCH_8M_MAIN__ == 1)) || \
 425:Drivers/CMSIS/Include/cmsis_gcc.h ****      (defined (__ARM_ARCH_8M_BASE__ ) && (__ARM_ARCH_8M_BASE__ == 1))    )
 426:Drivers/CMSIS/Include/cmsis_gcc.h **** /**
 427:Drivers/CMSIS/Include/cmsis_gcc.h ****   \brief   LDR Exclusive (8 bit)
 428:Drivers/CMSIS/Include/cmsis_gcc.h ****   \details Executes a exclusive LDR instruction for 8 bit value.
 429:Drivers/CMSIS/Include/cmsis_gcc.h ****   \param [in]    ptr  Pointer to data
 430:Drivers/CMSIS/Include/cmsis_gcc.h ****   \return             value of type uint8_t at (*ptr)
 431:Drivers/CMSIS/Include/cmsis_gcc.h ****  */
 432:Drivers/CMSIS/Include/cmsis_gcc.h **** __STATIC_FORCEINLINE uint8_t __LDREXB(volatile uint8_t *addr)
 433:Drivers/CMSIS/Include/cmsis_gcc.h **** {
 434:Drivers/CMSIS/Include/cmsis_gcc.h ****     uint32_t result;
 435:Drivers/CMSIS/Include/cmsis_gcc.h **** 
 436:Drivers/CMSIS/Include/cmsis_gcc.h **** #if (__GNUC__ > 4) || (__GNUC__ == 4 && __GNUC_MINOR__ >= 8)
 437:Drivers/CMSIS/Include/cmsis_gcc.h ****    __ASM volatile ("ldrexb %0, %1" : "=r" (result) : "Q" (*addr) );
 438:Drivers/CMSIS/Include/cmsis_gcc.h **** #else
 439:Drivers/CMSIS/Include/cmsis_gcc.h ****     /* Prior to GCC 4.8, "Q" will be expanded to [rx, #0] which is not
 440:Drivers/CMSIS/Include/cmsis_gcc.h ****        accepted by assembler. So has to use following less efficient pattern.
 441:Drivers/CMSIS/Include/cmsis_gcc.h ****     */
 442:Drivers/CMSIS/Include/cmsis_gcc.h ****    __ASM volatile ("ldrexb %0, [%1]" : "=r" (result) : "r" (addr) : "memory" );
ARM GAS  C:\Users\Lenovo\AppData\Local\Temp\cc7QoDtc.s 			page 26


 443:Drivers/CMSIS/Include/cmsis_gcc.h **** #endif
 444:Drivers/CMSIS/Include/cmsis_gcc.h ****    return ((uint8_t) result);    /* Add explicit type cast here */
 445:Drivers/CMSIS/Include/cmsis_gcc.h **** }
 446:Drivers/CMSIS/Include/cmsis_gcc.h **** 
 447:Drivers/CMSIS/Include/cmsis_gcc.h **** 
 448:Drivers/CMSIS/Include/cmsis_gcc.h **** /**
 449:Drivers/CMSIS/Include/cmsis_gcc.h ****   \brief   LDR Exclusive (16 bit)
 450:Drivers/CMSIS/Include/cmsis_gcc.h ****   \details Executes a exclusive LDR instruction for 16 bit values.
 451:Drivers/CMSIS/Include/cmsis_gcc.h ****   \param [in]    ptr  Pointer to data
 452:Drivers/CMSIS/Include/cmsis_gcc.h ****   \return        value of type uint16_t at (*ptr)
 453:Drivers/CMSIS/Include/cmsis_gcc.h ****  */
 454:Drivers/CMSIS/Include/cmsis_gcc.h **** __STATIC_FORCEINLINE uint16_t __LDREXH(volatile uint16_t *addr)
 455:Drivers/CMSIS/Include/cmsis_gcc.h **** {
 456:Drivers/CMSIS/Include/cmsis_gcc.h ****     uint32_t result;
 457:Drivers/CMSIS/Include/cmsis_gcc.h **** 
 458:Drivers/CMSIS/Include/cmsis_gcc.h **** #if (__GNUC__ > 4) || (__GNUC__ == 4 && __GNUC_MINOR__ >= 8)
 459:Drivers/CMSIS/Include/cmsis_gcc.h ****    __ASM volatile ("ldrexh %0, %1" : "=r" (result) : "Q" (*addr) );
 460:Drivers/CMSIS/Include/cmsis_gcc.h **** #else
 461:Drivers/CMSIS/Include/cmsis_gcc.h ****     /* Prior to GCC 4.8, "Q" will be expanded to [rx, #0] which is not
 462:Drivers/CMSIS/Include/cmsis_gcc.h ****        accepted by assembler. So has to use following less efficient pattern.
 463:Drivers/CMSIS/Include/cmsis_gcc.h ****     */
 464:Drivers/CMSIS/Include/cmsis_gcc.h ****    __ASM volatile ("ldrexh %0, [%1]" : "=r" (result) : "r" (addr) : "memory" );
 465:Drivers/CMSIS/Include/cmsis_gcc.h **** #endif
 466:Drivers/CMSIS/Include/cmsis_gcc.h ****    return ((uint16_t) result);    /* Add explicit type cast here */
 467:Drivers/CMSIS/Include/cmsis_gcc.h **** }
 468:Drivers/CMSIS/Include/cmsis_gcc.h **** 
 469:Drivers/CMSIS/Include/cmsis_gcc.h **** 
 470:Drivers/CMSIS/Include/cmsis_gcc.h **** /**
 471:Drivers/CMSIS/Include/cmsis_gcc.h ****   \brief   LDR Exclusive (32 bit)
 472:Drivers/CMSIS/Include/cmsis_gcc.h ****   \details Executes a exclusive LDR instruction for 32 bit values.
 473:Drivers/CMSIS/Include/cmsis_gcc.h ****   \param [in]    ptr  Pointer to data
 474:Drivers/CMSIS/Include/cmsis_gcc.h ****   \return        value of type uint32_t at (*ptr)
 475:Drivers/CMSIS/Include/cmsis_gcc.h ****  */
 476:Drivers/CMSIS/Include/cmsis_gcc.h **** __STATIC_FORCEINLINE uint32_t __LDREXW(volatile uint32_t *addr)
 477:Drivers/CMSIS/Include/cmsis_gcc.h **** {
 478:Drivers/CMSIS/Include/cmsis_gcc.h ****     uint32_t result;
 479:Drivers/CMSIS/Include/cmsis_gcc.h **** 
 480:Drivers/CMSIS/Include/cmsis_gcc.h ****    __ASM volatile ("ldrex %0, %1" : "=r" (result) : "Q" (*addr) );
 481:Drivers/CMSIS/Include/cmsis_gcc.h ****    return(result);
 482:Drivers/CMSIS/Include/cmsis_gcc.h **** }
 483:Drivers/CMSIS/Include/cmsis_gcc.h **** 
 484:Drivers/CMSIS/Include/cmsis_gcc.h **** 
 485:Drivers/CMSIS/Include/cmsis_gcc.h **** /**
 486:Drivers/CMSIS/Include/cmsis_gcc.h ****   \brief   STR Exclusive (8 bit)
 487:Drivers/CMSIS/Include/cmsis_gcc.h ****   \details Executes a exclusive STR instruction for 8 bit values.
 488:Drivers/CMSIS/Include/cmsis_gcc.h ****   \param [in]  value  Value to store
 489:Drivers/CMSIS/Include/cmsis_gcc.h ****   \param [in]    ptr  Pointer to location
 490:Drivers/CMSIS/Include/cmsis_gcc.h ****   \return          0  Function succeeded
 491:Drivers/CMSIS/Include/cmsis_gcc.h ****   \return          1  Function failed
 492:Drivers/CMSIS/Include/cmsis_gcc.h ****  */
 493:Drivers/CMSIS/Include/cmsis_gcc.h **** __STATIC_FORCEINLINE uint32_t __STREXB(uint8_t value, volatile uint8_t *addr)
 494:Drivers/CMSIS/Include/cmsis_gcc.h **** {
 495:Drivers/CMSIS/Include/cmsis_gcc.h ****    uint32_t result;
 496:Drivers/CMSIS/Include/cmsis_gcc.h **** 
 497:Drivers/CMSIS/Include/cmsis_gcc.h ****    __ASM volatile ("strexb %0, %2, %1" : "=&r" (result), "=Q" (*addr) : "r" ((uint32_t)value) );
 498:Drivers/CMSIS/Include/cmsis_gcc.h ****    return(result);
 499:Drivers/CMSIS/Include/cmsis_gcc.h **** }
ARM GAS  C:\Users\Lenovo\AppData\Local\Temp\cc7QoDtc.s 			page 27


 500:Drivers/CMSIS/Include/cmsis_gcc.h **** 
 501:Drivers/CMSIS/Include/cmsis_gcc.h **** 
 502:Drivers/CMSIS/Include/cmsis_gcc.h **** /**
 503:Drivers/CMSIS/Include/cmsis_gcc.h ****   \brief   STR Exclusive (16 bit)
 504:Drivers/CMSIS/Include/cmsis_gcc.h ****   \details Executes a exclusive STR instruction for 16 bit values.
 505:Drivers/CMSIS/Include/cmsis_gcc.h ****   \param [in]  value  Value to store
 506:Drivers/CMSIS/Include/cmsis_gcc.h ****   \param [in]    ptr  Pointer to location
 507:Drivers/CMSIS/Include/cmsis_gcc.h ****   \return          0  Function succeeded
 508:Drivers/CMSIS/Include/cmsis_gcc.h ****   \return          1  Function failed
 509:Drivers/CMSIS/Include/cmsis_gcc.h ****  */
 510:Drivers/CMSIS/Include/cmsis_gcc.h **** __STATIC_FORCEINLINE uint32_t __STREXH(uint16_t value, volatile uint16_t *addr)
 511:Drivers/CMSIS/Include/cmsis_gcc.h **** {
 512:Drivers/CMSIS/Include/cmsis_gcc.h ****    uint32_t result;
 513:Drivers/CMSIS/Include/cmsis_gcc.h **** 
 514:Drivers/CMSIS/Include/cmsis_gcc.h ****    __ASM volatile ("strexh %0, %2, %1" : "=&r" (result), "=Q" (*addr) : "r" ((uint32_t)value) );
 515:Drivers/CMSIS/Include/cmsis_gcc.h ****    return(result);
 516:Drivers/CMSIS/Include/cmsis_gcc.h **** }
 517:Drivers/CMSIS/Include/cmsis_gcc.h **** 
 518:Drivers/CMSIS/Include/cmsis_gcc.h **** 
 519:Drivers/CMSIS/Include/cmsis_gcc.h **** /**
 520:Drivers/CMSIS/Include/cmsis_gcc.h ****   \brief   STR Exclusive (32 bit)
 521:Drivers/CMSIS/Include/cmsis_gcc.h ****   \details Executes a exclusive STR instruction for 32 bit values.
 522:Drivers/CMSIS/Include/cmsis_gcc.h ****   \param [in]  value  Value to store
 523:Drivers/CMSIS/Include/cmsis_gcc.h ****   \param [in]    ptr  Pointer to location
 524:Drivers/CMSIS/Include/cmsis_gcc.h ****   \return          0  Function succeeded
 525:Drivers/CMSIS/Include/cmsis_gcc.h ****   \return          1  Function failed
 526:Drivers/CMSIS/Include/cmsis_gcc.h ****  */
 527:Drivers/CMSIS/Include/cmsis_gcc.h **** __STATIC_FORCEINLINE uint32_t __STREXW(uint32_t value, volatile uint32_t *addr)
 528:Drivers/CMSIS/Include/cmsis_gcc.h **** {
 529:Drivers/CMSIS/Include/cmsis_gcc.h ****    uint32_t result;
 530:Drivers/CMSIS/Include/cmsis_gcc.h **** 
 531:Drivers/CMSIS/Include/cmsis_gcc.h ****    __ASM volatile ("strex %0, %2, %1" : "=&r" (result), "=Q" (*addr) : "r" (value) );
 532:Drivers/CMSIS/Include/cmsis_gcc.h ****    return(result);
 533:Drivers/CMSIS/Include/cmsis_gcc.h **** }
 534:Drivers/CMSIS/Include/cmsis_gcc.h **** 
 535:Drivers/CMSIS/Include/cmsis_gcc.h **** 
 536:Drivers/CMSIS/Include/cmsis_gcc.h **** /**
 537:Drivers/CMSIS/Include/cmsis_gcc.h ****   \brief   Remove the exclusive lock
 538:Drivers/CMSIS/Include/cmsis_gcc.h ****   \details Removes the exclusive lock which is created by LDREX.
 539:Drivers/CMSIS/Include/cmsis_gcc.h ****  */
 540:Drivers/CMSIS/Include/cmsis_gcc.h **** __STATIC_FORCEINLINE void __CLREX(void)
 541:Drivers/CMSIS/Include/cmsis_gcc.h **** {
 542:Drivers/CMSIS/Include/cmsis_gcc.h ****   __ASM volatile ("clrex" ::: "memory");
 543:Drivers/CMSIS/Include/cmsis_gcc.h **** }
 544:Drivers/CMSIS/Include/cmsis_gcc.h **** 
 545:Drivers/CMSIS/Include/cmsis_gcc.h **** #endif /* ((defined (__ARM_ARCH_7M__      ) && (__ARM_ARCH_7M__      == 1)) || \
 546:Drivers/CMSIS/Include/cmsis_gcc.h ****            (defined (__ARM_ARCH_7EM__     ) && (__ARM_ARCH_7EM__     == 1)) || \
 547:Drivers/CMSIS/Include/cmsis_gcc.h ****            (defined (__ARM_ARCH_8M_MAIN__ ) && (__ARM_ARCH_8M_MAIN__ == 1)) || \
 548:Drivers/CMSIS/Include/cmsis_gcc.h ****            (defined (__ARM_ARCH_8M_BASE__ ) && (__ARM_ARCH_8M_BASE__ == 1))    ) */
 549:Drivers/CMSIS/Include/cmsis_gcc.h **** 
 550:Drivers/CMSIS/Include/cmsis_gcc.h **** 
 551:Drivers/CMSIS/Include/cmsis_gcc.h **** #if ((defined (__ARM_ARCH_7M__      ) && (__ARM_ARCH_7M__      == 1)) || \
 552:Drivers/CMSIS/Include/cmsis_gcc.h ****      (defined (__ARM_ARCH_7EM__     ) && (__ARM_ARCH_7EM__     == 1)) || \
 553:Drivers/CMSIS/Include/cmsis_gcc.h ****      (defined (__ARM_ARCH_8M_MAIN__ ) && (__ARM_ARCH_8M_MAIN__ == 1))    )
 554:Drivers/CMSIS/Include/cmsis_gcc.h **** /**
 555:Drivers/CMSIS/Include/cmsis_gcc.h ****   \brief   Signed Saturate
 556:Drivers/CMSIS/Include/cmsis_gcc.h ****   \details Saturates a signed value.
ARM GAS  C:\Users\Lenovo\AppData\Local\Temp\cc7QoDtc.s 			page 28


 557:Drivers/CMSIS/Include/cmsis_gcc.h ****   \param [in]  ARG1  Value to be saturated
 558:Drivers/CMSIS/Include/cmsis_gcc.h ****   \param [in]  ARG2  Bit position to saturate to (1..32)
 559:Drivers/CMSIS/Include/cmsis_gcc.h ****   \return             Saturated value
 560:Drivers/CMSIS/Include/cmsis_gcc.h ****  */
 561:Drivers/CMSIS/Include/cmsis_gcc.h **** #define __SSAT(ARG1, ARG2) \
 562:Drivers/CMSIS/Include/cmsis_gcc.h **** __extension__ \
 563:Drivers/CMSIS/Include/cmsis_gcc.h **** ({                          \
 564:Drivers/CMSIS/Include/cmsis_gcc.h ****   int32_t __RES, __ARG1 = (ARG1); \
 565:Drivers/CMSIS/Include/cmsis_gcc.h ****   __ASM volatile ("ssat %0, %1, %2" : "=r" (__RES) :  "I" (ARG2), "r" (__ARG1) : "cc" ); \
 566:Drivers/CMSIS/Include/cmsis_gcc.h ****   __RES; \
 567:Drivers/CMSIS/Include/cmsis_gcc.h ****  })
 568:Drivers/CMSIS/Include/cmsis_gcc.h **** 
 569:Drivers/CMSIS/Include/cmsis_gcc.h **** 
 570:Drivers/CMSIS/Include/cmsis_gcc.h **** /**
 571:Drivers/CMSIS/Include/cmsis_gcc.h ****   \brief   Unsigned Saturate
 572:Drivers/CMSIS/Include/cmsis_gcc.h ****   \details Saturates an unsigned value.
 573:Drivers/CMSIS/Include/cmsis_gcc.h ****   \param [in]  ARG1  Value to be saturated
 574:Drivers/CMSIS/Include/cmsis_gcc.h ****   \param [in]  ARG2  Bit position to saturate to (0..31)
 575:Drivers/CMSIS/Include/cmsis_gcc.h ****   \return             Saturated value
 576:Drivers/CMSIS/Include/cmsis_gcc.h ****  */
 577:Drivers/CMSIS/Include/cmsis_gcc.h **** #define __USAT(ARG1, ARG2) \
 578:Drivers/CMSIS/Include/cmsis_gcc.h **** __extension__ \
 579:Drivers/CMSIS/Include/cmsis_gcc.h **** ({                          \
 580:Drivers/CMSIS/Include/cmsis_gcc.h ****   uint32_t __RES, __ARG1 = (ARG1); \
 581:Drivers/CMSIS/Include/cmsis_gcc.h ****   __ASM volatile ("usat %0, %1, %2" : "=r" (__RES) :  "I" (ARG2), "r" (__ARG1) : "cc" ); \
 582:Drivers/CMSIS/Include/cmsis_gcc.h ****   __RES; \
 583:Drivers/CMSIS/Include/cmsis_gcc.h ****  })
 584:Drivers/CMSIS/Include/cmsis_gcc.h **** 
 585:Drivers/CMSIS/Include/cmsis_gcc.h **** 
 586:Drivers/CMSIS/Include/cmsis_gcc.h **** /**
 587:Drivers/CMSIS/Include/cmsis_gcc.h ****   \brief   Rotate Right with Extend (32 bit)
 588:Drivers/CMSIS/Include/cmsis_gcc.h ****   \details Moves each bit of a bitstring right by one bit.
 589:Drivers/CMSIS/Include/cmsis_gcc.h ****            The carry input is shifted in at the left end of the bitstring.
 590:Drivers/CMSIS/Include/cmsis_gcc.h ****   \param [in]    value  Value to rotate
 591:Drivers/CMSIS/Include/cmsis_gcc.h ****   \return               Rotated value
 592:Drivers/CMSIS/Include/cmsis_gcc.h ****  */
 593:Drivers/CMSIS/Include/cmsis_gcc.h **** __STATIC_FORCEINLINE uint32_t __RRX(uint32_t value)
 594:Drivers/CMSIS/Include/cmsis_gcc.h **** {
 595:Drivers/CMSIS/Include/cmsis_gcc.h ****   uint32_t result;
 596:Drivers/CMSIS/Include/cmsis_gcc.h **** 
 597:Drivers/CMSIS/Include/cmsis_gcc.h ****   __ASM volatile ("rrx %0, %1" : __CMSIS_GCC_OUT_REG (result) : __CMSIS_GCC_USE_REG (value) );
 598:Drivers/CMSIS/Include/cmsis_gcc.h ****   return(result);
 599:Drivers/CMSIS/Include/cmsis_gcc.h **** }
 600:Drivers/CMSIS/Include/cmsis_gcc.h **** 
 601:Drivers/CMSIS/Include/cmsis_gcc.h **** 
 602:Drivers/CMSIS/Include/cmsis_gcc.h **** /**
 603:Drivers/CMSIS/Include/cmsis_gcc.h ****   \brief   LDRT Unprivileged (8 bit)
 604:Drivers/CMSIS/Include/cmsis_gcc.h ****   \details Executes a Unprivileged LDRT instruction for 8 bit value.
 605:Drivers/CMSIS/Include/cmsis_gcc.h ****   \param [in]    ptr  Pointer to data
 606:Drivers/CMSIS/Include/cmsis_gcc.h ****   \return             value of type uint8_t at (*ptr)
 607:Drivers/CMSIS/Include/cmsis_gcc.h ****  */
 608:Drivers/CMSIS/Include/cmsis_gcc.h **** __STATIC_FORCEINLINE uint8_t __LDRBT(volatile uint8_t *ptr)
 609:Drivers/CMSIS/Include/cmsis_gcc.h **** {
 610:Drivers/CMSIS/Include/cmsis_gcc.h ****     uint32_t result;
 611:Drivers/CMSIS/Include/cmsis_gcc.h **** 
 612:Drivers/CMSIS/Include/cmsis_gcc.h **** #if (__GNUC__ > 4) || (__GNUC__ == 4 && __GNUC_MINOR__ >= 8)
 613:Drivers/CMSIS/Include/cmsis_gcc.h ****    __ASM volatile ("ldrbt %0, %1" : "=r" (result) : "Q" (*ptr) );
ARM GAS  C:\Users\Lenovo\AppData\Local\Temp\cc7QoDtc.s 			page 29


 614:Drivers/CMSIS/Include/cmsis_gcc.h **** #else
 615:Drivers/CMSIS/Include/cmsis_gcc.h ****     /* Prior to GCC 4.8, "Q" will be expanded to [rx, #0] which is not
 616:Drivers/CMSIS/Include/cmsis_gcc.h ****        accepted by assembler. So has to use following less efficient pattern.
 617:Drivers/CMSIS/Include/cmsis_gcc.h ****     */
 618:Drivers/CMSIS/Include/cmsis_gcc.h ****    __ASM volatile ("ldrbt %0, [%1]" : "=r" (result) : "r" (ptr) : "memory" );
 619:Drivers/CMSIS/Include/cmsis_gcc.h **** #endif
 620:Drivers/CMSIS/Include/cmsis_gcc.h ****    return ((uint8_t) result);    /* Add explicit type cast here */
 621:Drivers/CMSIS/Include/cmsis_gcc.h **** }
 622:Drivers/CMSIS/Include/cmsis_gcc.h **** 
 623:Drivers/CMSIS/Include/cmsis_gcc.h **** 
 624:Drivers/CMSIS/Include/cmsis_gcc.h **** /**
 625:Drivers/CMSIS/Include/cmsis_gcc.h ****   \brief   LDRT Unprivileged (16 bit)
 626:Drivers/CMSIS/Include/cmsis_gcc.h ****   \details Executes a Unprivileged LDRT instruction for 16 bit values.
 627:Drivers/CMSIS/Include/cmsis_gcc.h ****   \param [in]    ptr  Pointer to data
 628:Drivers/CMSIS/Include/cmsis_gcc.h ****   \return        value of type uint16_t at (*ptr)
 629:Drivers/CMSIS/Include/cmsis_gcc.h ****  */
 630:Drivers/CMSIS/Include/cmsis_gcc.h **** __STATIC_FORCEINLINE uint16_t __LDRHT(volatile uint16_t *ptr)
 631:Drivers/CMSIS/Include/cmsis_gcc.h **** {
 632:Drivers/CMSIS/Include/cmsis_gcc.h ****     uint32_t result;
 633:Drivers/CMSIS/Include/cmsis_gcc.h **** 
 634:Drivers/CMSIS/Include/cmsis_gcc.h **** #if (__GNUC__ > 4) || (__GNUC__ == 4 && __GNUC_MINOR__ >= 8)
 635:Drivers/CMSIS/Include/cmsis_gcc.h ****    __ASM volatile ("ldrht %0, %1" : "=r" (result) : "Q" (*ptr) );
 636:Drivers/CMSIS/Include/cmsis_gcc.h **** #else
 637:Drivers/CMSIS/Include/cmsis_gcc.h ****     /* Prior to GCC 4.8, "Q" will be expanded to [rx, #0] which is not
 638:Drivers/CMSIS/Include/cmsis_gcc.h ****        accepted by assembler. So has to use following less efficient pattern.
 639:Drivers/CMSIS/Include/cmsis_gcc.h ****     */
 640:Drivers/CMSIS/Include/cmsis_gcc.h ****    __ASM volatile ("ldrht %0, [%1]" : "=r" (result) : "r" (ptr) : "memory" );
 641:Drivers/CMSIS/Include/cmsis_gcc.h **** #endif
 642:Drivers/CMSIS/Include/cmsis_gcc.h ****    return ((uint16_t) result);    /* Add explicit type cast here */
 643:Drivers/CMSIS/Include/cmsis_gcc.h **** }
 644:Drivers/CMSIS/Include/cmsis_gcc.h **** 
 645:Drivers/CMSIS/Include/cmsis_gcc.h **** 
 646:Drivers/CMSIS/Include/cmsis_gcc.h **** /**
 647:Drivers/CMSIS/Include/cmsis_gcc.h ****   \brief   LDRT Unprivileged (32 bit)
 648:Drivers/CMSIS/Include/cmsis_gcc.h ****   \details Executes a Unprivileged LDRT instruction for 32 bit values.
 649:Drivers/CMSIS/Include/cmsis_gcc.h ****   \param [in]    ptr  Pointer to data
 650:Drivers/CMSIS/Include/cmsis_gcc.h ****   \return        value of type uint32_t at (*ptr)
 651:Drivers/CMSIS/Include/cmsis_gcc.h ****  */
 652:Drivers/CMSIS/Include/cmsis_gcc.h **** __STATIC_FORCEINLINE uint32_t __LDRT(volatile uint32_t *ptr)
 653:Drivers/CMSIS/Include/cmsis_gcc.h **** {
 654:Drivers/CMSIS/Include/cmsis_gcc.h ****     uint32_t result;
 655:Drivers/CMSIS/Include/cmsis_gcc.h **** 
 656:Drivers/CMSIS/Include/cmsis_gcc.h ****    __ASM volatile ("ldrt %0, %1" : "=r" (result) : "Q" (*ptr) );
 657:Drivers/CMSIS/Include/cmsis_gcc.h ****    return(result);
 658:Drivers/CMSIS/Include/cmsis_gcc.h **** }
 659:Drivers/CMSIS/Include/cmsis_gcc.h **** 
 660:Drivers/CMSIS/Include/cmsis_gcc.h **** 
 661:Drivers/CMSIS/Include/cmsis_gcc.h **** /**
 662:Drivers/CMSIS/Include/cmsis_gcc.h ****   \brief   STRT Unprivileged (8 bit)
 663:Drivers/CMSIS/Include/cmsis_gcc.h ****   \details Executes a Unprivileged STRT instruction for 8 bit values.
 664:Drivers/CMSIS/Include/cmsis_gcc.h ****   \param [in]  value  Value to store
 665:Drivers/CMSIS/Include/cmsis_gcc.h ****   \param [in]    ptr  Pointer to location
 666:Drivers/CMSIS/Include/cmsis_gcc.h ****  */
 667:Drivers/CMSIS/Include/cmsis_gcc.h **** __STATIC_FORCEINLINE void __STRBT(uint8_t value, volatile uint8_t *ptr)
 668:Drivers/CMSIS/Include/cmsis_gcc.h **** {
 669:Drivers/CMSIS/Include/cmsis_gcc.h ****    __ASM volatile ("strbt %1, %0" : "=Q" (*ptr) : "r" ((uint32_t)value) );
 670:Drivers/CMSIS/Include/cmsis_gcc.h **** }
ARM GAS  C:\Users\Lenovo\AppData\Local\Temp\cc7QoDtc.s 			page 30


 671:Drivers/CMSIS/Include/cmsis_gcc.h **** 
 672:Drivers/CMSIS/Include/cmsis_gcc.h **** 
 673:Drivers/CMSIS/Include/cmsis_gcc.h **** /**
 674:Drivers/CMSIS/Include/cmsis_gcc.h ****   \brief   STRT Unprivileged (16 bit)
 675:Drivers/CMSIS/Include/cmsis_gcc.h ****   \details Executes a Unprivileged STRT instruction for 16 bit values.
 676:Drivers/CMSIS/Include/cmsis_gcc.h ****   \param [in]  value  Value to store
 677:Drivers/CMSIS/Include/cmsis_gcc.h ****   \param [in]    ptr  Pointer to location
 678:Drivers/CMSIS/Include/cmsis_gcc.h ****  */
 679:Drivers/CMSIS/Include/cmsis_gcc.h **** __STATIC_FORCEINLINE void __STRHT(uint16_t value, volatile uint16_t *ptr)
 680:Drivers/CMSIS/Include/cmsis_gcc.h **** {
 681:Drivers/CMSIS/Include/cmsis_gcc.h ****    __ASM volatile ("strht %1, %0" : "=Q" (*ptr) : "r" ((uint32_t)value) );
 682:Drivers/CMSIS/Include/cmsis_gcc.h **** }
 683:Drivers/CMSIS/Include/cmsis_gcc.h **** 
 684:Drivers/CMSIS/Include/cmsis_gcc.h **** 
 685:Drivers/CMSIS/Include/cmsis_gcc.h **** /**
 686:Drivers/CMSIS/Include/cmsis_gcc.h ****   \brief   STRT Unprivileged (32 bit)
 687:Drivers/CMSIS/Include/cmsis_gcc.h ****   \details Executes a Unprivileged STRT instruction for 32 bit values.
 688:Drivers/CMSIS/Include/cmsis_gcc.h ****   \param [in]  value  Value to store
 689:Drivers/CMSIS/Include/cmsis_gcc.h ****   \param [in]    ptr  Pointer to location
 690:Drivers/CMSIS/Include/cmsis_gcc.h ****  */
 691:Drivers/CMSIS/Include/cmsis_gcc.h **** __STATIC_FORCEINLINE void __STRT(uint32_t value, volatile uint32_t *ptr)
 692:Drivers/CMSIS/Include/cmsis_gcc.h **** {
 693:Drivers/CMSIS/Include/cmsis_gcc.h ****    __ASM volatile ("strt %1, %0" : "=Q" (*ptr) : "r" (value) );
 694:Drivers/CMSIS/Include/cmsis_gcc.h **** }
 695:Drivers/CMSIS/Include/cmsis_gcc.h **** 
 696:Drivers/CMSIS/Include/cmsis_gcc.h **** #else  /* ((defined (__ARM_ARCH_7M__      ) && (__ARM_ARCH_7M__      == 1)) || \
 697:Drivers/CMSIS/Include/cmsis_gcc.h ****            (defined (__ARM_ARCH_7EM__     ) && (__ARM_ARCH_7EM__     == 1)) || \
 698:Drivers/CMSIS/Include/cmsis_gcc.h ****            (defined (__ARM_ARCH_8M_MAIN__ ) && (__ARM_ARCH_8M_MAIN__ == 1))    ) */
 699:Drivers/CMSIS/Include/cmsis_gcc.h **** 
 700:Drivers/CMSIS/Include/cmsis_gcc.h **** /**
 701:Drivers/CMSIS/Include/cmsis_gcc.h ****   \brief   Signed Saturate
 702:Drivers/CMSIS/Include/cmsis_gcc.h ****   \details Saturates a signed value.
 703:Drivers/CMSIS/Include/cmsis_gcc.h ****   \param [in]  value  Value to be saturated
 704:Drivers/CMSIS/Include/cmsis_gcc.h ****   \param [in]    sat  Bit position to saturate to (1..32)
 705:Drivers/CMSIS/Include/cmsis_gcc.h ****   \return             Saturated value
 706:Drivers/CMSIS/Include/cmsis_gcc.h ****  */
 707:Drivers/CMSIS/Include/cmsis_gcc.h **** __STATIC_FORCEINLINE int32_t __SSAT(int32_t val, uint32_t sat)
 708:Drivers/CMSIS/Include/cmsis_gcc.h **** {
 709:Drivers/CMSIS/Include/cmsis_gcc.h ****   if ((sat >= 1U) && (sat <= 32U))
 710:Drivers/CMSIS/Include/cmsis_gcc.h ****   {
 711:Drivers/CMSIS/Include/cmsis_gcc.h ****     const int32_t max = (int32_t)((1U << (sat - 1U)) - 1U);
 712:Drivers/CMSIS/Include/cmsis_gcc.h ****     const int32_t min = -1 - max ;
 713:Drivers/CMSIS/Include/cmsis_gcc.h ****     if (val > max)
 714:Drivers/CMSIS/Include/cmsis_gcc.h ****     {
 715:Drivers/CMSIS/Include/cmsis_gcc.h ****       return max;
 716:Drivers/CMSIS/Include/cmsis_gcc.h ****     }
 717:Drivers/CMSIS/Include/cmsis_gcc.h ****     else if (val < min)
 718:Drivers/CMSIS/Include/cmsis_gcc.h ****     {
 719:Drivers/CMSIS/Include/cmsis_gcc.h ****       return min;
 720:Drivers/CMSIS/Include/cmsis_gcc.h ****     }
 721:Drivers/CMSIS/Include/cmsis_gcc.h ****   }
 722:Drivers/CMSIS/Include/cmsis_gcc.h ****   return val;
 723:Drivers/CMSIS/Include/cmsis_gcc.h **** }
 724:Drivers/CMSIS/Include/cmsis_gcc.h **** 
 725:Drivers/CMSIS/Include/cmsis_gcc.h **** /**
 726:Drivers/CMSIS/Include/cmsis_gcc.h ****   \brief   Unsigned Saturate
 727:Drivers/CMSIS/Include/cmsis_gcc.h ****   \details Saturates an unsigned value.
ARM GAS  C:\Users\Lenovo\AppData\Local\Temp\cc7QoDtc.s 			page 31


 728:Drivers/CMSIS/Include/cmsis_gcc.h ****   \param [in]  value  Value to be saturated
 729:Drivers/CMSIS/Include/cmsis_gcc.h ****   \param [in]    sat  Bit position to saturate to (0..31)
 730:Drivers/CMSIS/Include/cmsis_gcc.h ****   \return             Saturated value
 731:Drivers/CMSIS/Include/cmsis_gcc.h ****  */
 732:Drivers/CMSIS/Include/cmsis_gcc.h **** __STATIC_FORCEINLINE uint32_t __USAT(int32_t val, uint32_t sat)
 733:Drivers/CMSIS/Include/cmsis_gcc.h **** {
 734:Drivers/CMSIS/Include/cmsis_gcc.h ****   if (sat <= 31U)
 735:Drivers/CMSIS/Include/cmsis_gcc.h ****   {
 736:Drivers/CMSIS/Include/cmsis_gcc.h ****     const uint32_t max = ((1U << sat) - 1U);
 737:Drivers/CMSIS/Include/cmsis_gcc.h ****     if (val > (int32_t)max)
 738:Drivers/CMSIS/Include/cmsis_gcc.h ****     {
 739:Drivers/CMSIS/Include/cmsis_gcc.h ****       return max;
 740:Drivers/CMSIS/Include/cmsis_gcc.h ****     }
 741:Drivers/CMSIS/Include/cmsis_gcc.h ****     else if (val < 0)
 742:Drivers/CMSIS/Include/cmsis_gcc.h ****     {
 743:Drivers/CMSIS/Include/cmsis_gcc.h ****       return 0U;
 744:Drivers/CMSIS/Include/cmsis_gcc.h ****     }
 745:Drivers/CMSIS/Include/cmsis_gcc.h ****   }
 746:Drivers/CMSIS/Include/cmsis_gcc.h ****   return (uint32_t)val;
 747:Drivers/CMSIS/Include/cmsis_gcc.h **** }
 748:Drivers/CMSIS/Include/cmsis_gcc.h **** 
 749:Drivers/CMSIS/Include/cmsis_gcc.h **** #endif /* ((defined (__ARM_ARCH_7M__      ) && (__ARM_ARCH_7M__      == 1)) || \
 750:Drivers/CMSIS/Include/cmsis_gcc.h ****            (defined (__ARM_ARCH_7EM__     ) && (__ARM_ARCH_7EM__     == 1)) || \
 751:Drivers/CMSIS/Include/cmsis_gcc.h ****            (defined (__ARM_ARCH_8M_MAIN__ ) && (__ARM_ARCH_8M_MAIN__ == 1))    ) */
 752:Drivers/CMSIS/Include/cmsis_gcc.h **** 
 753:Drivers/CMSIS/Include/cmsis_gcc.h **** 
 754:Drivers/CMSIS/Include/cmsis_gcc.h **** #if ((defined (__ARM_ARCH_8M_MAIN__ ) && (__ARM_ARCH_8M_MAIN__ == 1)) || \
 755:Drivers/CMSIS/Include/cmsis_gcc.h ****      (defined (__ARM_ARCH_8M_BASE__ ) && (__ARM_ARCH_8M_BASE__ == 1))    )
 756:Drivers/CMSIS/Include/cmsis_gcc.h **** /**
 757:Drivers/CMSIS/Include/cmsis_gcc.h ****   \brief   Load-Acquire (8 bit)
 758:Drivers/CMSIS/Include/cmsis_gcc.h ****   \details Executes a LDAB instruction for 8 bit value.
 759:Drivers/CMSIS/Include/cmsis_gcc.h ****   \param [in]    ptr  Pointer to data
 760:Drivers/CMSIS/Include/cmsis_gcc.h ****   \return             value of type uint8_t at (*ptr)
 761:Drivers/CMSIS/Include/cmsis_gcc.h ****  */
 762:Drivers/CMSIS/Include/cmsis_gcc.h **** __STATIC_FORCEINLINE uint8_t __LDAB(volatile uint8_t *ptr)
 763:Drivers/CMSIS/Include/cmsis_gcc.h **** {
 764:Drivers/CMSIS/Include/cmsis_gcc.h ****     uint32_t result;
 765:Drivers/CMSIS/Include/cmsis_gcc.h **** 
 766:Drivers/CMSIS/Include/cmsis_gcc.h ****    __ASM volatile ("ldab %0, %1" : "=r" (result) : "Q" (*ptr) : "memory" );
 767:Drivers/CMSIS/Include/cmsis_gcc.h ****    return ((uint8_t) result);
 768:Drivers/CMSIS/Include/cmsis_gcc.h **** }
 769:Drivers/CMSIS/Include/cmsis_gcc.h **** 
 770:Drivers/CMSIS/Include/cmsis_gcc.h **** 
 771:Drivers/CMSIS/Include/cmsis_gcc.h **** /**
 772:Drivers/CMSIS/Include/cmsis_gcc.h ****   \brief   Load-Acquire (16 bit)
 773:Drivers/CMSIS/Include/cmsis_gcc.h ****   \details Executes a LDAH instruction for 16 bit values.
 774:Drivers/CMSIS/Include/cmsis_gcc.h ****   \param [in]    ptr  Pointer to data
 775:Drivers/CMSIS/Include/cmsis_gcc.h ****   \return        value of type uint16_t at (*ptr)
 776:Drivers/CMSIS/Include/cmsis_gcc.h ****  */
 777:Drivers/CMSIS/Include/cmsis_gcc.h **** __STATIC_FORCEINLINE uint16_t __LDAH(volatile uint16_t *ptr)
 778:Drivers/CMSIS/Include/cmsis_gcc.h **** {
 779:Drivers/CMSIS/Include/cmsis_gcc.h ****     uint32_t result;
 780:Drivers/CMSIS/Include/cmsis_gcc.h **** 
 781:Drivers/CMSIS/Include/cmsis_gcc.h ****    __ASM volatile ("ldah %0, %1" : "=r" (result) : "Q" (*ptr) : "memory" );
 782:Drivers/CMSIS/Include/cmsis_gcc.h ****    return ((uint16_t) result);
 783:Drivers/CMSIS/Include/cmsis_gcc.h **** }
 784:Drivers/CMSIS/Include/cmsis_gcc.h **** 
ARM GAS  C:\Users\Lenovo\AppData\Local\Temp\cc7QoDtc.s 			page 32


 785:Drivers/CMSIS/Include/cmsis_gcc.h **** 
 786:Drivers/CMSIS/Include/cmsis_gcc.h **** /**
 787:Drivers/CMSIS/Include/cmsis_gcc.h ****   \brief   Load-Acquire (32 bit)
 788:Drivers/CMSIS/Include/cmsis_gcc.h ****   \details Executes a LDA instruction for 32 bit values.
 789:Drivers/CMSIS/Include/cmsis_gcc.h ****   \param [in]    ptr  Pointer to data
 790:Drivers/CMSIS/Include/cmsis_gcc.h ****   \return        value of type uint32_t at (*ptr)
 791:Drivers/CMSIS/Include/cmsis_gcc.h ****  */
 792:Drivers/CMSIS/Include/cmsis_gcc.h **** __STATIC_FORCEINLINE uint32_t __LDA(volatile uint32_t *ptr)
 793:Drivers/CMSIS/Include/cmsis_gcc.h **** {
 794:Drivers/CMSIS/Include/cmsis_gcc.h ****     uint32_t result;
 795:Drivers/CMSIS/Include/cmsis_gcc.h **** 
 796:Drivers/CMSIS/Include/cmsis_gcc.h ****    __ASM volatile ("lda %0, %1" : "=r" (result) : "Q" (*ptr) : "memory" );
 797:Drivers/CMSIS/Include/cmsis_gcc.h ****    return(result);
 798:Drivers/CMSIS/Include/cmsis_gcc.h **** }
 799:Drivers/CMSIS/Include/cmsis_gcc.h **** 
 800:Drivers/CMSIS/Include/cmsis_gcc.h **** 
 801:Drivers/CMSIS/Include/cmsis_gcc.h **** /**
 802:Drivers/CMSIS/Include/cmsis_gcc.h ****   \brief   Store-Release (8 bit)
 803:Drivers/CMSIS/Include/cmsis_gcc.h ****   \details Executes a STLB instruction for 8 bit values.
 804:Drivers/CMSIS/Include/cmsis_gcc.h ****   \param [in]  value  Value to store
 805:Drivers/CMSIS/Include/cmsis_gcc.h ****   \param [in]    ptr  Pointer to location
 806:Drivers/CMSIS/Include/cmsis_gcc.h ****  */
 807:Drivers/CMSIS/Include/cmsis_gcc.h **** __STATIC_FORCEINLINE void __STLB(uint8_t value, volatile uint8_t *ptr)
 808:Drivers/CMSIS/Include/cmsis_gcc.h **** {
 809:Drivers/CMSIS/Include/cmsis_gcc.h ****    __ASM volatile ("stlb %1, %0" : "=Q" (*ptr) : "r" ((uint32_t)value) : "memory" );
 810:Drivers/CMSIS/Include/cmsis_gcc.h **** }
 811:Drivers/CMSIS/Include/cmsis_gcc.h **** 
 812:Drivers/CMSIS/Include/cmsis_gcc.h **** 
 813:Drivers/CMSIS/Include/cmsis_gcc.h **** /**
 814:Drivers/CMSIS/Include/cmsis_gcc.h ****   \brief   Store-Release (16 bit)
 815:Drivers/CMSIS/Include/cmsis_gcc.h ****   \details Executes a STLH instruction for 16 bit values.
 816:Drivers/CMSIS/Include/cmsis_gcc.h ****   \param [in]  value  Value to store
 817:Drivers/CMSIS/Include/cmsis_gcc.h ****   \param [in]    ptr  Pointer to location
 818:Drivers/CMSIS/Include/cmsis_gcc.h ****  */
 819:Drivers/CMSIS/Include/cmsis_gcc.h **** __STATIC_FORCEINLINE void __STLH(uint16_t value, volatile uint16_t *ptr)
 820:Drivers/CMSIS/Include/cmsis_gcc.h **** {
 821:Drivers/CMSIS/Include/cmsis_gcc.h ****    __ASM volatile ("stlh %1, %0" : "=Q" (*ptr) : "r" ((uint32_t)value) : "memory" );
 822:Drivers/CMSIS/Include/cmsis_gcc.h **** }
 823:Drivers/CMSIS/Include/cmsis_gcc.h **** 
 824:Drivers/CMSIS/Include/cmsis_gcc.h **** 
 825:Drivers/CMSIS/Include/cmsis_gcc.h **** /**
 826:Drivers/CMSIS/Include/cmsis_gcc.h ****   \brief   Store-Release (32 bit)
 827:Drivers/CMSIS/Include/cmsis_gcc.h ****   \details Executes a STL instruction for 32 bit values.
 828:Drivers/CMSIS/Include/cmsis_gcc.h ****   \param [in]  value  Value to store
 829:Drivers/CMSIS/Include/cmsis_gcc.h ****   \param [in]    ptr  Pointer to location
 830:Drivers/CMSIS/Include/cmsis_gcc.h ****  */
 831:Drivers/CMSIS/Include/cmsis_gcc.h **** __STATIC_FORCEINLINE void __STL(uint32_t value, volatile uint32_t *ptr)
 832:Drivers/CMSIS/Include/cmsis_gcc.h **** {
 833:Drivers/CMSIS/Include/cmsis_gcc.h ****    __ASM volatile ("stl %1, %0" : "=Q" (*ptr) : "r" ((uint32_t)value) : "memory" );
 834:Drivers/CMSIS/Include/cmsis_gcc.h **** }
 835:Drivers/CMSIS/Include/cmsis_gcc.h **** 
 836:Drivers/CMSIS/Include/cmsis_gcc.h **** 
 837:Drivers/CMSIS/Include/cmsis_gcc.h **** /**
 838:Drivers/CMSIS/Include/cmsis_gcc.h ****   \brief   Load-Acquire Exclusive (8 bit)
 839:Drivers/CMSIS/Include/cmsis_gcc.h ****   \details Executes a LDAB exclusive instruction for 8 bit value.
 840:Drivers/CMSIS/Include/cmsis_gcc.h ****   \param [in]    ptr  Pointer to data
 841:Drivers/CMSIS/Include/cmsis_gcc.h ****   \return             value of type uint8_t at (*ptr)
ARM GAS  C:\Users\Lenovo\AppData\Local\Temp\cc7QoDtc.s 			page 33


 842:Drivers/CMSIS/Include/cmsis_gcc.h ****  */
 843:Drivers/CMSIS/Include/cmsis_gcc.h **** __STATIC_FORCEINLINE uint8_t __LDAEXB(volatile uint8_t *ptr)
 844:Drivers/CMSIS/Include/cmsis_gcc.h **** {
 845:Drivers/CMSIS/Include/cmsis_gcc.h ****     uint32_t result;
 846:Drivers/CMSIS/Include/cmsis_gcc.h **** 
 847:Drivers/CMSIS/Include/cmsis_gcc.h ****    __ASM volatile ("ldaexb %0, %1" : "=r" (result) : "Q" (*ptr) : "memory" );
 848:Drivers/CMSIS/Include/cmsis_gcc.h ****    return ((uint8_t) result);
 849:Drivers/CMSIS/Include/cmsis_gcc.h **** }
 850:Drivers/CMSIS/Include/cmsis_gcc.h **** 
 851:Drivers/CMSIS/Include/cmsis_gcc.h **** 
 852:Drivers/CMSIS/Include/cmsis_gcc.h **** /**
 853:Drivers/CMSIS/Include/cmsis_gcc.h ****   \brief   Load-Acquire Exclusive (16 bit)
 854:Drivers/CMSIS/Include/cmsis_gcc.h ****   \details Executes a LDAH exclusive instruction for 16 bit values.
 855:Drivers/CMSIS/Include/cmsis_gcc.h ****   \param [in]    ptr  Pointer to data
 856:Drivers/CMSIS/Include/cmsis_gcc.h ****   \return        value of type uint16_t at (*ptr)
 857:Drivers/CMSIS/Include/cmsis_gcc.h ****  */
 858:Drivers/CMSIS/Include/cmsis_gcc.h **** __STATIC_FORCEINLINE uint16_t __LDAEXH(volatile uint16_t *ptr)
 859:Drivers/CMSIS/Include/cmsis_gcc.h **** {
 860:Drivers/CMSIS/Include/cmsis_gcc.h ****     uint32_t result;
 861:Drivers/CMSIS/Include/cmsis_gcc.h **** 
 862:Drivers/CMSIS/Include/cmsis_gcc.h ****    __ASM volatile ("ldaexh %0, %1" : "=r" (result) : "Q" (*ptr) : "memory" );
 863:Drivers/CMSIS/Include/cmsis_gcc.h ****    return ((uint16_t) result);
 864:Drivers/CMSIS/Include/cmsis_gcc.h **** }
 865:Drivers/CMSIS/Include/cmsis_gcc.h **** 
 866:Drivers/CMSIS/Include/cmsis_gcc.h **** 
 867:Drivers/CMSIS/Include/cmsis_gcc.h **** /**
 868:Drivers/CMSIS/Include/cmsis_gcc.h ****   \brief   Load-Acquire Exclusive (32 bit)
 869:Drivers/CMSIS/Include/cmsis_gcc.h ****   \details Executes a LDA exclusive instruction for 32 bit values.
 870:Drivers/CMSIS/Include/cmsis_gcc.h ****   \param [in]    ptr  Pointer to data
 871:Drivers/CMSIS/Include/cmsis_gcc.h ****   \return        value of type uint32_t at (*ptr)
 872:Drivers/CMSIS/Include/cmsis_gcc.h ****  */
 873:Drivers/CMSIS/Include/cmsis_gcc.h **** __STATIC_FORCEINLINE uint32_t __LDAEX(volatile uint32_t *ptr)
 874:Drivers/CMSIS/Include/cmsis_gcc.h **** {
 875:Drivers/CMSIS/Include/cmsis_gcc.h ****     uint32_t result;
 876:Drivers/CMSIS/Include/cmsis_gcc.h **** 
 877:Drivers/CMSIS/Include/cmsis_gcc.h ****    __ASM volatile ("ldaex %0, %1" : "=r" (result) : "Q" (*ptr) : "memory" );
 878:Drivers/CMSIS/Include/cmsis_gcc.h ****    return(result);
 879:Drivers/CMSIS/Include/cmsis_gcc.h **** }
 880:Drivers/CMSIS/Include/cmsis_gcc.h **** 
 881:Drivers/CMSIS/Include/cmsis_gcc.h **** 
 882:Drivers/CMSIS/Include/cmsis_gcc.h **** /**
 883:Drivers/CMSIS/Include/cmsis_gcc.h ****   \brief   Store-Release Exclusive (8 bit)
 884:Drivers/CMSIS/Include/cmsis_gcc.h ****   \details Executes a STLB exclusive instruction for 8 bit values.
 885:Drivers/CMSIS/Include/cmsis_gcc.h ****   \param [in]  value  Value to store
 886:Drivers/CMSIS/Include/cmsis_gcc.h ****   \param [in]    ptr  Pointer to location
 887:Drivers/CMSIS/Include/cmsis_gcc.h ****   \return          0  Function succeeded
 888:Drivers/CMSIS/Include/cmsis_gcc.h ****   \return          1  Function failed
 889:Drivers/CMSIS/Include/cmsis_gcc.h ****  */
 890:Drivers/CMSIS/Include/cmsis_gcc.h **** __STATIC_FORCEINLINE uint32_t __STLEXB(uint8_t value, volatile uint8_t *ptr)
 891:Drivers/CMSIS/Include/cmsis_gcc.h **** {
 892:Drivers/CMSIS/Include/cmsis_gcc.h ****    uint32_t result;
 893:Drivers/CMSIS/Include/cmsis_gcc.h **** 
 894:Drivers/CMSIS/Include/cmsis_gcc.h ****    __ASM volatile ("stlexb %0, %2, %1" : "=&r" (result), "=Q" (*ptr) : "r" ((uint32_t)value) : "mem
 895:Drivers/CMSIS/Include/cmsis_gcc.h ****    return(result);
 896:Drivers/CMSIS/Include/cmsis_gcc.h **** }
 897:Drivers/CMSIS/Include/cmsis_gcc.h **** 
 898:Drivers/CMSIS/Include/cmsis_gcc.h **** 
ARM GAS  C:\Users\Lenovo\AppData\Local\Temp\cc7QoDtc.s 			page 34


 899:Drivers/CMSIS/Include/cmsis_gcc.h **** /**
 900:Drivers/CMSIS/Include/cmsis_gcc.h ****   \brief   Store-Release Exclusive (16 bit)
 901:Drivers/CMSIS/Include/cmsis_gcc.h ****   \details Executes a STLH exclusive instruction for 16 bit values.
 902:Drivers/CMSIS/Include/cmsis_gcc.h ****   \param [in]  value  Value to store
 903:Drivers/CMSIS/Include/cmsis_gcc.h ****   \param [in]    ptr  Pointer to location
 904:Drivers/CMSIS/Include/cmsis_gcc.h ****   \return          0  Function succeeded
 905:Drivers/CMSIS/Include/cmsis_gcc.h ****   \return          1  Function failed
 906:Drivers/CMSIS/Include/cmsis_gcc.h ****  */
 907:Drivers/CMSIS/Include/cmsis_gcc.h **** __STATIC_FORCEINLINE uint32_t __STLEXH(uint16_t value, volatile uint16_t *ptr)
 908:Drivers/CMSIS/Include/cmsis_gcc.h **** {
 909:Drivers/CMSIS/Include/cmsis_gcc.h ****    uint32_t result;
 910:Drivers/CMSIS/Include/cmsis_gcc.h **** 
 911:Drivers/CMSIS/Include/cmsis_gcc.h ****    __ASM volatile ("stlexh %0, %2, %1" : "=&r" (result), "=Q" (*ptr) : "r" ((uint32_t)value) : "mem
 912:Drivers/CMSIS/Include/cmsis_gcc.h ****    return(result);
 913:Drivers/CMSIS/Include/cmsis_gcc.h **** }
 914:Drivers/CMSIS/Include/cmsis_gcc.h **** 
 915:Drivers/CMSIS/Include/cmsis_gcc.h **** 
 916:Drivers/CMSIS/Include/cmsis_gcc.h **** /**
 917:Drivers/CMSIS/Include/cmsis_gcc.h ****   \brief   Store-Release Exclusive (32 bit)
 918:Drivers/CMSIS/Include/cmsis_gcc.h ****   \details Executes a STL exclusive instruction for 32 bit values.
 919:Drivers/CMSIS/Include/cmsis_gcc.h ****   \param [in]  value  Value to store
 920:Drivers/CMSIS/Include/cmsis_gcc.h ****   \param [in]    ptr  Pointer to location
 921:Drivers/CMSIS/Include/cmsis_gcc.h ****   \return          0  Function succeeded
 922:Drivers/CMSIS/Include/cmsis_gcc.h ****   \return          1  Function failed
 923:Drivers/CMSIS/Include/cmsis_gcc.h ****  */
 924:Drivers/CMSIS/Include/cmsis_gcc.h **** __STATIC_FORCEINLINE uint32_t __STLEX(uint32_t value, volatile uint32_t *ptr)
 925:Drivers/CMSIS/Include/cmsis_gcc.h **** {
 926:Drivers/CMSIS/Include/cmsis_gcc.h ****    uint32_t result;
 927:Drivers/CMSIS/Include/cmsis_gcc.h **** 
 928:Drivers/CMSIS/Include/cmsis_gcc.h ****    __ASM volatile ("stlex %0, %2, %1" : "=&r" (result), "=Q" (*ptr) : "r" ((uint32_t)value) : "memo
 929:Drivers/CMSIS/Include/cmsis_gcc.h ****    return(result);
 930:Drivers/CMSIS/Include/cmsis_gcc.h **** }
 931:Drivers/CMSIS/Include/cmsis_gcc.h **** 
 932:Drivers/CMSIS/Include/cmsis_gcc.h **** #endif /* ((defined (__ARM_ARCH_8M_MAIN__ ) && (__ARM_ARCH_8M_MAIN__ == 1)) || \
 933:Drivers/CMSIS/Include/cmsis_gcc.h ****            (defined (__ARM_ARCH_8M_BASE__ ) && (__ARM_ARCH_8M_BASE__ == 1))    ) */
 934:Drivers/CMSIS/Include/cmsis_gcc.h **** 
 935:Drivers/CMSIS/Include/cmsis_gcc.h **** /*@}*/ /* end of group CMSIS_Core_InstructionInterface */
 936:Drivers/CMSIS/Include/cmsis_gcc.h **** 
 937:Drivers/CMSIS/Include/cmsis_gcc.h **** 
 938:Drivers/CMSIS/Include/cmsis_gcc.h **** /* ###########################  Core Function Access  ########################### */
 939:Drivers/CMSIS/Include/cmsis_gcc.h **** /** \ingroup  CMSIS_Core_FunctionInterface
 940:Drivers/CMSIS/Include/cmsis_gcc.h ****     \defgroup CMSIS_Core_RegAccFunctions CMSIS Core Register Access Functions
 941:Drivers/CMSIS/Include/cmsis_gcc.h ****   @{
 942:Drivers/CMSIS/Include/cmsis_gcc.h ****  */
 943:Drivers/CMSIS/Include/cmsis_gcc.h **** 
 944:Drivers/CMSIS/Include/cmsis_gcc.h **** /**
 945:Drivers/CMSIS/Include/cmsis_gcc.h ****   \brief   Enable IRQ Interrupts
 946:Drivers/CMSIS/Include/cmsis_gcc.h ****   \details Enables IRQ interrupts by clearing special-purpose register PRIMASK.
 947:Drivers/CMSIS/Include/cmsis_gcc.h ****            Can only be executed in Privileged modes.
 948:Drivers/CMSIS/Include/cmsis_gcc.h ****  */
 949:Drivers/CMSIS/Include/cmsis_gcc.h **** __STATIC_FORCEINLINE void __enable_irq(void)
 950:Drivers/CMSIS/Include/cmsis_gcc.h **** {
 951:Drivers/CMSIS/Include/cmsis_gcc.h ****   __ASM volatile ("cpsie i" : : : "memory");
 952:Drivers/CMSIS/Include/cmsis_gcc.h **** }
 953:Drivers/CMSIS/Include/cmsis_gcc.h **** 
 954:Drivers/CMSIS/Include/cmsis_gcc.h **** 
 955:Drivers/CMSIS/Include/cmsis_gcc.h **** /**
ARM GAS  C:\Users\Lenovo\AppData\Local\Temp\cc7QoDtc.s 			page 35


 956:Drivers/CMSIS/Include/cmsis_gcc.h ****   \brief   Disable IRQ Interrupts
 957:Drivers/CMSIS/Include/cmsis_gcc.h ****   \details Disables IRQ interrupts by setting special-purpose register PRIMASK.
 958:Drivers/CMSIS/Include/cmsis_gcc.h ****            Can only be executed in Privileged modes.
 959:Drivers/CMSIS/Include/cmsis_gcc.h ****  */
 960:Drivers/CMSIS/Include/cmsis_gcc.h **** __STATIC_FORCEINLINE void __disable_irq(void)
 486              		.loc 2 960 27 view .LVU101
 487              	.LBB11:
 961:Drivers/CMSIS/Include/cmsis_gcc.h **** {
 962:Drivers/CMSIS/Include/cmsis_gcc.h ****   __ASM volatile ("cpsid i" : : : "memory");
 488              		.loc 2 962 3 view .LVU102
 489              		.syntax unified
 490              	@ 962 "Drivers/CMSIS/Include/cmsis_gcc.h" 1
 491 0000 72B6     		cpsid i
 492              	@ 0 "" 2
 493              		.thumb
 494              		.syntax unified
 495              	.L27:
 496              	.LBE11:
 497              	.LBE10:
 479:Core/Src/main.c ****   while (1)
 498              		.loc 1 479 3 view .LVU103
 480:Core/Src/main.c ****   {
 481:Core/Src/main.c ****   }
 499              		.loc 1 481 3 view .LVU104
 479:Core/Src/main.c ****   while (1)
 500              		.loc 1 479 9 view .LVU105
 501 0002 FEE7     		b	.L27
 502              		.cfi_endproc
 503              	.LFE144:
 505              		.section	.text.MX_TIM2_Init,"ax",%progbits
 506              		.align	1
 507              		.syntax unified
 508              		.thumb
 509              		.thumb_func
 511              	MX_TIM2_Init:
 512              	.LFB139:
 197:Core/Src/main.c **** 
 513              		.loc 1 197 1 view -0
 514              		.cfi_startproc
 515              		@ args = 0, pretend = 0, frame = 56
 516              		@ frame_needed = 0, uses_anonymous_args = 0
 517 0000 00B5     		push	{lr}
 518              	.LCFI7:
 519              		.cfi_def_cfa_offset 4
 520              		.cfi_offset 14, -4
 521 0002 8FB0     		sub	sp, sp, #60
 522              	.LCFI8:
 523              		.cfi_def_cfa_offset 64
 203:Core/Src/main.c ****   TIM_MasterConfigTypeDef sMasterConfig = {0};
 524              		.loc 1 203 3 view .LVU107
 203:Core/Src/main.c ****   TIM_MasterConfigTypeDef sMasterConfig = {0};
 525              		.loc 1 203 26 is_stmt 0 view .LVU108
 526 0004 0023     		movs	r3, #0
 527 0006 0A93     		str	r3, [sp, #40]
 528 0008 0B93     		str	r3, [sp, #44]
 529 000a 0C93     		str	r3, [sp, #48]
 530 000c 0D93     		str	r3, [sp, #52]
ARM GAS  C:\Users\Lenovo\AppData\Local\Temp\cc7QoDtc.s 			page 36


 204:Core/Src/main.c ****   TIM_OC_InitTypeDef sConfigOC = {0};
 531              		.loc 1 204 3 is_stmt 1 view .LVU109
 204:Core/Src/main.c ****   TIM_OC_InitTypeDef sConfigOC = {0};
 532              		.loc 1 204 27 is_stmt 0 view .LVU110
 533 000e 0893     		str	r3, [sp, #32]
 534 0010 0993     		str	r3, [sp, #36]
 205:Core/Src/main.c **** 
 535              		.loc 1 205 3 is_stmt 1 view .LVU111
 205:Core/Src/main.c **** 
 536              		.loc 1 205 22 is_stmt 0 view .LVU112
 537 0012 0193     		str	r3, [sp, #4]
 538 0014 0293     		str	r3, [sp, #8]
 539 0016 0393     		str	r3, [sp, #12]
 540 0018 0493     		str	r3, [sp, #16]
 541 001a 0593     		str	r3, [sp, #20]
 542 001c 0693     		str	r3, [sp, #24]
 543 001e 0793     		str	r3, [sp, #28]
 210:Core/Src/main.c ****   htim2.Init.Prescaler = 0;
 544              		.loc 1 210 3 is_stmt 1 view .LVU113
 210:Core/Src/main.c ****   htim2.Init.Prescaler = 0;
 545              		.loc 1 210 18 is_stmt 0 view .LVU114
 546 0020 3648     		ldr	r0, .L42
 547 0022 4FF08042 		mov	r2, #1073741824
 548 0026 0260     		str	r2, [r0]
 211:Core/Src/main.c ****   htim2.Init.CounterMode = TIM_COUNTERMODE_UP;
 549              		.loc 1 211 3 is_stmt 1 view .LVU115
 211:Core/Src/main.c ****   htim2.Init.CounterMode = TIM_COUNTERMODE_UP;
 550              		.loc 1 211 24 is_stmt 0 view .LVU116
 551 0028 4360     		str	r3, [r0, #4]
 212:Core/Src/main.c ****   htim2.Init.Period = TIM2_Ticks - 1;//4294967295
 552              		.loc 1 212 3 is_stmt 1 view .LVU117
 212:Core/Src/main.c ****   htim2.Init.Period = TIM2_Ticks - 1;//4294967295
 553              		.loc 1 212 26 is_stmt 0 view .LVU118
 554 002a 8360     		str	r3, [r0, #8]
 213:Core/Src/main.c ****   htim2.Init.ClockDivision = TIM_CLOCKDIVISION_DIV1;
 555              		.loc 1 213 3 is_stmt 1 view .LVU119
 213:Core/Src/main.c ****   htim2.Init.ClockDivision = TIM_CLOCKDIVISION_DIV1;
 556              		.loc 1 213 34 is_stmt 0 view .LVU120
 557 002c 344A     		ldr	r2, .L42+4
 558 002e 1268     		ldr	r2, [r2]
 559 0030 013A     		subs	r2, r2, #1
 213:Core/Src/main.c ****   htim2.Init.ClockDivision = TIM_CLOCKDIVISION_DIV1;
 560              		.loc 1 213 21 view .LVU121
 561 0032 C260     		str	r2, [r0, #12]
 214:Core/Src/main.c ****   htim2.Init.AutoReloadPreload = TIM_AUTORELOAD_PRELOAD_DISABLE;
 562              		.loc 1 214 3 is_stmt 1 view .LVU122
 214:Core/Src/main.c ****   htim2.Init.AutoReloadPreload = TIM_AUTORELOAD_PRELOAD_DISABLE;
 563              		.loc 1 214 28 is_stmt 0 view .LVU123
 564 0034 0361     		str	r3, [r0, #16]
 215:Core/Src/main.c ****   if (HAL_TIM_Base_Init(&htim2) != HAL_OK)
 565              		.loc 1 215 3 is_stmt 1 view .LVU124
 215:Core/Src/main.c ****   if (HAL_TIM_Base_Init(&htim2) != HAL_OK)
 566              		.loc 1 215 32 is_stmt 0 view .LVU125
 567 0036 8361     		str	r3, [r0, #24]
 216:Core/Src/main.c ****   {
 568              		.loc 1 216 3 is_stmt 1 view .LVU126
 216:Core/Src/main.c ****   {
ARM GAS  C:\Users\Lenovo\AppData\Local\Temp\cc7QoDtc.s 			page 37


 569              		.loc 1 216 7 is_stmt 0 view .LVU127
 570 0038 FFF7FEFF 		bl	HAL_TIM_Base_Init
 571              	.LVL27:
 216:Core/Src/main.c ****   {
 572              		.loc 1 216 6 discriminator 1 view .LVU128
 573 003c 0028     		cmp	r0, #0
 574 003e 50D1     		bne	.L36
 220:Core/Src/main.c ****   if (HAL_TIM_ConfigClockSource(&htim2, &sClockSourceConfig) != HAL_OK)
 575              		.loc 1 220 3 is_stmt 1 view .LVU129
 220:Core/Src/main.c ****   if (HAL_TIM_ConfigClockSource(&htim2, &sClockSourceConfig) != HAL_OK)
 576              		.loc 1 220 34 is_stmt 0 view .LVU130
 577 0040 4FF48053 		mov	r3, #4096
 578 0044 0A93     		str	r3, [sp, #40]
 221:Core/Src/main.c ****   {
 579              		.loc 1 221 3 is_stmt 1 view .LVU131
 221:Core/Src/main.c ****   {
 580              		.loc 1 221 7 is_stmt 0 view .LVU132
 581 0046 0AA9     		add	r1, sp, #40
 582 0048 2C48     		ldr	r0, .L42
 583 004a FFF7FEFF 		bl	HAL_TIM_ConfigClockSource
 584              	.LVL28:
 221:Core/Src/main.c ****   {
 585              		.loc 1 221 6 discriminator 1 view .LVU133
 586 004e 0028     		cmp	r0, #0
 587 0050 49D1     		bne	.L37
 225:Core/Src/main.c ****   {
 588              		.loc 1 225 3 is_stmt 1 view .LVU134
 225:Core/Src/main.c ****   {
 589              		.loc 1 225 7 is_stmt 0 view .LVU135
 590 0052 2A48     		ldr	r0, .L42
 591 0054 FFF7FEFF 		bl	HAL_TIM_OC_Init
 592              	.LVL29:
 225:Core/Src/main.c ****   {
 593              		.loc 1 225 6 discriminator 1 view .LVU136
 594 0058 0028     		cmp	r0, #0
 595 005a 46D1     		bne	.L38
 229:Core/Src/main.c ****   sMasterConfig.MasterSlaveMode = TIM_MASTERSLAVEMODE_DISABLE;
 596              		.loc 1 229 3 is_stmt 1 view .LVU137
 229:Core/Src/main.c ****   sMasterConfig.MasterSlaveMode = TIM_MASTERSLAVEMODE_DISABLE;
 597              		.loc 1 229 37 is_stmt 0 view .LVU138
 598 005c 0023     		movs	r3, #0
 599 005e 0893     		str	r3, [sp, #32]
 230:Core/Src/main.c ****   if (HAL_TIMEx_MasterConfigSynchronization(&htim2, &sMasterConfig) != HAL_OK)
 600              		.loc 1 230 3 is_stmt 1 view .LVU139
 230:Core/Src/main.c ****   if (HAL_TIMEx_MasterConfigSynchronization(&htim2, &sMasterConfig) != HAL_OK)
 601              		.loc 1 230 33 is_stmt 0 view .LVU140
 602 0060 0993     		str	r3, [sp, #36]
 231:Core/Src/main.c ****   {
 603              		.loc 1 231 3 is_stmt 1 view .LVU141
 231:Core/Src/main.c ****   {
 604              		.loc 1 231 7 is_stmt 0 view .LVU142
 605 0062 08A9     		add	r1, sp, #32
 606 0064 2548     		ldr	r0, .L42
 607 0066 FFF7FEFF 		bl	HAL_TIMEx_MasterConfigSynchronization
 608              	.LVL30:
 231:Core/Src/main.c ****   {
 609              		.loc 1 231 6 discriminator 1 view .LVU143
ARM GAS  C:\Users\Lenovo\AppData\Local\Temp\cc7QoDtc.s 			page 38


 610 006a 0028     		cmp	r0, #0
 611 006c 3FD1     		bne	.L39
 235:Core/Src/main.c ****   sConfigOC.Pulse = 0;
 612              		.loc 1 235 3 is_stmt 1 view .LVU144
 235:Core/Src/main.c ****   sConfigOC.Pulse = 0;
 613              		.loc 1 235 20 is_stmt 0 view .LVU145
 614 006e 0022     		movs	r2, #0
 615 0070 0192     		str	r2, [sp, #4]
 236:Core/Src/main.c ****   sConfigOC.OCPolarity = TIM_OCPOLARITY_HIGH;
 616              		.loc 1 236 3 is_stmt 1 view .LVU146
 236:Core/Src/main.c ****   sConfigOC.OCPolarity = TIM_OCPOLARITY_HIGH;
 617              		.loc 1 236 19 is_stmt 0 view .LVU147
 618 0072 0292     		str	r2, [sp, #8]
 237:Core/Src/main.c ****   sConfigOC.OCFastMode = TIM_OCFAST_DISABLE;
 619              		.loc 1 237 3 is_stmt 1 view .LVU148
 237:Core/Src/main.c ****   sConfigOC.OCFastMode = TIM_OCFAST_DISABLE;
 620              		.loc 1 237 24 is_stmt 0 view .LVU149
 621 0074 0392     		str	r2, [sp, #12]
 238:Core/Src/main.c ****   if (HAL_TIM_OC_ConfigChannel(&htim2, &sConfigOC, TIM_CHANNEL_1) != HAL_OK)
 622              		.loc 1 238 3 is_stmt 1 view .LVU150
 238:Core/Src/main.c ****   if (HAL_TIM_OC_ConfigChannel(&htim2, &sConfigOC, TIM_CHANNEL_1) != HAL_OK)
 623              		.loc 1 238 24 is_stmt 0 view .LVU151
 624 0076 0592     		str	r2, [sp, #20]
 239:Core/Src/main.c ****   {
 625              		.loc 1 239 3 is_stmt 1 view .LVU152
 239:Core/Src/main.c ****   {
 626              		.loc 1 239 7 is_stmt 0 view .LVU153
 627 0078 01A9     		add	r1, sp, #4
 628 007a 2048     		ldr	r0, .L42
 629 007c FFF7FEFF 		bl	HAL_TIM_OC_ConfigChannel
 630              	.LVL31:
 239:Core/Src/main.c ****   {
 631              		.loc 1 239 6 discriminator 1 view .LVU154
 632 0080 0028     		cmp	r0, #0
 633 0082 36D1     		bne	.L40
 245:Core/Src/main.c **** 
 634              		.loc 1 245 3 is_stmt 1 view .LVU155
 635              	.LBB12:
 245:Core/Src/main.c **** 
 636              		.loc 1 245 3 view .LVU156
 637 0084 0023     		movs	r3, #0
 638 0086 0093     		str	r3, [sp]
 245:Core/Src/main.c **** 
 639              		.loc 1 245 3 view .LVU157
 640 0088 1E4A     		ldr	r2, .L42+8
 641 008a 116B     		ldr	r1, [r2, #48]
 642 008c 41F40011 		orr	r1, r1, #2097152
 643 0090 1163     		str	r1, [r2, #48]
 245:Core/Src/main.c **** 
 644              		.loc 1 245 3 view .LVU158
 645 0092 126B     		ldr	r2, [r2, #48]
 646 0094 02F40012 		and	r2, r2, #2097152
 647 0098 0092     		str	r2, [sp]
 245:Core/Src/main.c **** 
 648              		.loc 1 245 3 view .LVU159
 649 009a 009A     		ldr	r2, [sp]
 650              	.LBE12:
ARM GAS  C:\Users\Lenovo\AppData\Local\Temp\cc7QoDtc.s 			page 39


 245:Core/Src/main.c **** 
 651              		.loc 1 245 3 view .LVU160
 247:Core/Src/main.c ****   hdma_tim2_ch1.Init.Channel = DMA_CHANNEL_3;         // TIM2_CH1 is on channel 3
 652              		.loc 1 247 3 view .LVU161
 247:Core/Src/main.c ****   hdma_tim2_ch1.Init.Channel = DMA_CHANNEL_3;         // TIM2_CH1 is on channel 3
 653              		.loc 1 247 26 is_stmt 0 view .LVU162
 654 009c 1A48     		ldr	r0, .L42+12
 655 009e 1B4A     		ldr	r2, .L42+16
 656 00a0 0260     		str	r2, [r0]
 248:Core/Src/main.c ****   hdma_tim2_ch1.Init.Direction = DMA_MEMORY_TO_PERIPH; // Memory -> TIM3->CCR3
 657              		.loc 1 248 3 is_stmt 1 view .LVU163
 248:Core/Src/main.c ****   hdma_tim2_ch1.Init.Direction = DMA_MEMORY_TO_PERIPH; // Memory -> TIM3->CCR3
 658              		.loc 1 248 30 is_stmt 0 view .LVU164
 659 00a2 4FF0C062 		mov	r2, #100663296
 660 00a6 4260     		str	r2, [r0, #4]
 249:Core/Src/main.c ****   hdma_tim2_ch1.Init.PeriphInc = DMA_PINC_DISABLE;    // Peripheral address fixed
 661              		.loc 1 249 3 is_stmt 1 view .LVU165
 249:Core/Src/main.c ****   hdma_tim2_ch1.Init.PeriphInc = DMA_PINC_DISABLE;    // Peripheral address fixed
 662              		.loc 1 249 32 is_stmt 0 view .LVU166
 663 00a8 4022     		movs	r2, #64
 664 00aa 8260     		str	r2, [r0, #8]
 250:Core/Src/main.c ****   hdma_tim2_ch1.Init.MemInc = DMA_MINC_ENABLE;        // Memory address increments
 665              		.loc 1 250 3 is_stmt 1 view .LVU167
 250:Core/Src/main.c ****   hdma_tim2_ch1.Init.MemInc = DMA_MINC_ENABLE;        // Memory address increments
 666              		.loc 1 250 32 is_stmt 0 view .LVU168
 667 00ac C360     		str	r3, [r0, #12]
 251:Core/Src/main.c ****   hdma_tim2_ch1.Init.PeriphDataAlignment = DMA_PDATAALIGN_WORD;
 668              		.loc 1 251 3 is_stmt 1 view .LVU169
 251:Core/Src/main.c ****   hdma_tim2_ch1.Init.PeriphDataAlignment = DMA_PDATAALIGN_WORD;
 669              		.loc 1 251 29 is_stmt 0 view .LVU170
 670 00ae 4FF48062 		mov	r2, #1024
 671 00b2 0261     		str	r2, [r0, #16]
 252:Core/Src/main.c ****   hdma_tim2_ch1.Init.MemDataAlignment = DMA_MDATAALIGN_WORD;
 672              		.loc 1 252 3 is_stmt 1 view .LVU171
 252:Core/Src/main.c ****   hdma_tim2_ch1.Init.MemDataAlignment = DMA_MDATAALIGN_WORD;
 673              		.loc 1 252 42 is_stmt 0 view .LVU172
 674 00b4 4FF48052 		mov	r2, #4096
 675 00b8 4261     		str	r2, [r0, #20]
 253:Core/Src/main.c ****   hdma_tim2_ch1.Init.Mode = DMA_CIRCULAR;            // Repeat LUT automatically
 676              		.loc 1 253 3 is_stmt 1 view .LVU173
 253:Core/Src/main.c ****   hdma_tim2_ch1.Init.Mode = DMA_CIRCULAR;            // Repeat LUT automatically
 677              		.loc 1 253 39 is_stmt 0 view .LVU174
 678 00ba 4FF48042 		mov	r2, #16384
 679 00be 8261     		str	r2, [r0, #24]
 254:Core/Src/main.c ****   hdma_tim2_ch1.Init.Priority = DMA_PRIORITY_HIGH;
 680              		.loc 1 254 3 is_stmt 1 view .LVU175
 254:Core/Src/main.c ****   hdma_tim2_ch1.Init.Priority = DMA_PRIORITY_HIGH;
 681              		.loc 1 254 27 is_stmt 0 view .LVU176
 682 00c0 4FF48072 		mov	r2, #256
 683 00c4 C261     		str	r2, [r0, #28]
 255:Core/Src/main.c ****   hdma_tim2_ch1.Init.FIFOMode = DMA_FIFOMODE_DISABLE;
 684              		.loc 1 255 3 is_stmt 1 view .LVU177
 255:Core/Src/main.c ****   hdma_tim2_ch1.Init.FIFOMode = DMA_FIFOMODE_DISABLE;
 685              		.loc 1 255 31 is_stmt 0 view .LVU178
 686 00c6 4FF40032 		mov	r2, #131072
 687 00ca 0262     		str	r2, [r0, #32]
 256:Core/Src/main.c **** 
ARM GAS  C:\Users\Lenovo\AppData\Local\Temp\cc7QoDtc.s 			page 40


 688              		.loc 1 256 3 is_stmt 1 view .LVU179
 256:Core/Src/main.c **** 
 689              		.loc 1 256 31 is_stmt 0 view .LVU180
 690 00cc 4362     		str	r3, [r0, #36]
 258:Core/Src/main.c ****   {
 691              		.loc 1 258 3 is_stmt 1 view .LVU181
 258:Core/Src/main.c ****   {
 692              		.loc 1 258 7 is_stmt 0 view .LVU182
 693 00ce FFF7FEFF 		bl	HAL_DMA_Init
 694              	.LVL32:
 258:Core/Src/main.c ****   {
 695              		.loc 1 258 6 discriminator 1 view .LVU183
 696 00d2 80B9     		cbnz	r0, .L41
 264:Core/Src/main.c ****   /* USER CODE END TIM2_Init 2 */
 697              		.loc 1 264 3 is_stmt 1 view .LVU184
 264:Core/Src/main.c ****   /* USER CODE END TIM2_Init 2 */
 698              		.loc 1 264 3 view .LVU185
 699 00d4 094A     		ldr	r2, .L42
 700 00d6 0C4B     		ldr	r3, .L42+12
 701 00d8 5362     		str	r3, [r2, #36]
 264:Core/Src/main.c ****   /* USER CODE END TIM2_Init 2 */
 702              		.loc 1 264 3 view .LVU186
 703 00da 9A63     		str	r2, [r3, #56]
 264:Core/Src/main.c ****   /* USER CODE END TIM2_Init 2 */
 704              		.loc 1 264 3 view .LVU187
 267:Core/Src/main.c **** 
 705              		.loc 1 267 1 is_stmt 0 view .LVU188
 706 00dc 0FB0     		add	sp, sp, #60
 707              	.LCFI9:
 708              		.cfi_remember_state
 709              		.cfi_def_cfa_offset 4
 710              		@ sp needed
 711 00de 5DF804FB 		ldr	pc, [sp], #4
 712              	.L36:
 713              	.LCFI10:
 714              		.cfi_restore_state
 218:Core/Src/main.c ****   }
 715              		.loc 1 218 5 is_stmt 1 view .LVU189
 716 00e2 FFF7FEFF 		bl	Error_Handler
 717              	.LVL33:
 718              	.L37:
 223:Core/Src/main.c ****   }
 719              		.loc 1 223 5 view .LVU190
 720 00e6 FFF7FEFF 		bl	Error_Handler
 721              	.LVL34:
 722              	.L38:
 227:Core/Src/main.c ****   }
 723              		.loc 1 227 5 view .LVU191
 724 00ea FFF7FEFF 		bl	Error_Handler
 725              	.LVL35:
 726              	.L39:
 233:Core/Src/main.c ****   }
 727              		.loc 1 233 5 view .LVU192
 728 00ee FFF7FEFF 		bl	Error_Handler
 729              	.LVL36:
 730              	.L40:
 241:Core/Src/main.c ****   }
ARM GAS  C:\Users\Lenovo\AppData\Local\Temp\cc7QoDtc.s 			page 41


 731              		.loc 1 241 5 view .LVU193
 732 00f2 FFF7FEFF 		bl	Error_Handler
 733              	.LVL37:
 734              	.L41:
 260:Core/Src/main.c ****   }
 735              		.loc 1 260 7 view .LVU194
 736 00f6 FFF7FEFF 		bl	Error_Handler
 737              	.LVL38:
 738              	.L43:
 739 00fa 00BF     		.align	2
 740              	.L42:
 741 00fc 00000000 		.word	htim2
 742 0100 00000000 		.word	TIM2_Ticks
 743 0104 00380240 		.word	1073887232
 744 0108 00000000 		.word	hdma_tim2_ch1
 745 010c 88600240 		.word	1073897608
 746              		.cfi_endproc
 747              	.LFE139:
 749              		.section	.text.MX_TIM3_Init,"ax",%progbits
 750              		.align	1
 751              		.syntax unified
 752              		.thumb
 753              		.thumb_func
 755              	MX_TIM3_Init:
 756              	.LFB140:
 275:Core/Src/main.c **** 
 757              		.loc 1 275 1 view -0
 758              		.cfi_startproc
 759              		@ args = 0, pretend = 0, frame = 56
 760              		@ frame_needed = 0, uses_anonymous_args = 0
 761 0000 00B5     		push	{lr}
 762              	.LCFI11:
 763              		.cfi_def_cfa_offset 4
 764              		.cfi_offset 14, -4
 765 0002 8FB0     		sub	sp, sp, #60
 766              	.LCFI12:
 767              		.cfi_def_cfa_offset 64
 281:Core/Src/main.c ****   TIM_MasterConfigTypeDef sMasterConfig = {0};
 768              		.loc 1 281 3 view .LVU196
 281:Core/Src/main.c ****   TIM_MasterConfigTypeDef sMasterConfig = {0};
 769              		.loc 1 281 26 is_stmt 0 view .LVU197
 770 0004 0023     		movs	r3, #0
 771 0006 0A93     		str	r3, [sp, #40]
 772 0008 0B93     		str	r3, [sp, #44]
 773 000a 0C93     		str	r3, [sp, #48]
 774 000c 0D93     		str	r3, [sp, #52]
 282:Core/Src/main.c ****   TIM_OC_InitTypeDef sConfigOC = {0};
 775              		.loc 1 282 3 is_stmt 1 view .LVU198
 282:Core/Src/main.c ****   TIM_OC_InitTypeDef sConfigOC = {0};
 776              		.loc 1 282 27 is_stmt 0 view .LVU199
 777 000e 0893     		str	r3, [sp, #32]
 778 0010 0993     		str	r3, [sp, #36]
 283:Core/Src/main.c **** 
 779              		.loc 1 283 3 is_stmt 1 view .LVU200
 283:Core/Src/main.c **** 
 780              		.loc 1 283 22 is_stmt 0 view .LVU201
 781 0012 0193     		str	r3, [sp, #4]
ARM GAS  C:\Users\Lenovo\AppData\Local\Temp\cc7QoDtc.s 			page 42


 782 0014 0293     		str	r3, [sp, #8]
 783 0016 0393     		str	r3, [sp, #12]
 784 0018 0493     		str	r3, [sp, #16]
 785 001a 0593     		str	r3, [sp, #20]
 786 001c 0693     		str	r3, [sp, #24]
 787 001e 0793     		str	r3, [sp, #28]
 288:Core/Src/main.c ****   htim3.Init.Prescaler = 0;
 788              		.loc 1 288 3 is_stmt 1 view .LVU202
 288:Core/Src/main.c ****   htim3.Init.Prescaler = 0;
 789              		.loc 1 288 18 is_stmt 0 view .LVU203
 790 0020 1E48     		ldr	r0, .L56
 791 0022 1F4A     		ldr	r2, .L56+4
 792 0024 0260     		str	r2, [r0]
 289:Core/Src/main.c ****   htim3.Init.CounterMode = TIM_COUNTERMODE_UP;
 793              		.loc 1 289 3 is_stmt 1 view .LVU204
 289:Core/Src/main.c ****   htim3.Init.CounterMode = TIM_COUNTERMODE_UP;
 794              		.loc 1 289 24 is_stmt 0 view .LVU205
 795 0026 4360     		str	r3, [r0, #4]
 290:Core/Src/main.c ****   htim3.Init.Period = 65535;
 796              		.loc 1 290 3 is_stmt 1 view .LVU206
 290:Core/Src/main.c ****   htim3.Init.Period = 65535;
 797              		.loc 1 290 26 is_stmt 0 view .LVU207
 798 0028 8360     		str	r3, [r0, #8]
 291:Core/Src/main.c ****   htim3.Init.ClockDivision = TIM_CLOCKDIVISION_DIV1;
 799              		.loc 1 291 3 is_stmt 1 view .LVU208
 291:Core/Src/main.c ****   htim3.Init.ClockDivision = TIM_CLOCKDIVISION_DIV1;
 800              		.loc 1 291 21 is_stmt 0 view .LVU209
 801 002a 4FF6FF72 		movw	r2, #65535
 802 002e C260     		str	r2, [r0, #12]
 292:Core/Src/main.c ****   htim3.Init.AutoReloadPreload = TIM_AUTORELOAD_PRELOAD_DISABLE;
 803              		.loc 1 292 3 is_stmt 1 view .LVU210
 292:Core/Src/main.c ****   htim3.Init.AutoReloadPreload = TIM_AUTORELOAD_PRELOAD_DISABLE;
 804              		.loc 1 292 28 is_stmt 0 view .LVU211
 805 0030 0361     		str	r3, [r0, #16]
 293:Core/Src/main.c ****   if (HAL_TIM_Base_Init(&htim3) != HAL_OK)
 806              		.loc 1 293 3 is_stmt 1 view .LVU212
 293:Core/Src/main.c ****   if (HAL_TIM_Base_Init(&htim3) != HAL_OK)
 807              		.loc 1 293 32 is_stmt 0 view .LVU213
 808 0032 8361     		str	r3, [r0, #24]
 294:Core/Src/main.c ****   {
 809              		.loc 1 294 3 is_stmt 1 view .LVU214
 294:Core/Src/main.c ****   {
 810              		.loc 1 294 7 is_stmt 0 view .LVU215
 811 0034 FFF7FEFF 		bl	HAL_TIM_Base_Init
 812              	.LVL39:
 294:Core/Src/main.c ****   {
 813              		.loc 1 294 6 discriminator 1 view .LVU216
 814 0038 28BB     		cbnz	r0, .L51
 298:Core/Src/main.c ****   if (HAL_TIM_ConfigClockSource(&htim3, &sClockSourceConfig) != HAL_OK)
 815              		.loc 1 298 3 is_stmt 1 view .LVU217
 298:Core/Src/main.c ****   if (HAL_TIM_ConfigClockSource(&htim3, &sClockSourceConfig) != HAL_OK)
 816              		.loc 1 298 34 is_stmt 0 view .LVU218
 817 003a 4FF48053 		mov	r3, #4096
 818 003e 0A93     		str	r3, [sp, #40]
 299:Core/Src/main.c ****   {
 819              		.loc 1 299 3 is_stmt 1 view .LVU219
 299:Core/Src/main.c ****   {
ARM GAS  C:\Users\Lenovo\AppData\Local\Temp\cc7QoDtc.s 			page 43


 820              		.loc 1 299 7 is_stmt 0 view .LVU220
 821 0040 0AA9     		add	r1, sp, #40
 822 0042 1648     		ldr	r0, .L56
 823 0044 FFF7FEFF 		bl	HAL_TIM_ConfigClockSource
 824              	.LVL40:
 299:Core/Src/main.c ****   {
 825              		.loc 1 299 6 discriminator 1 view .LVU221
 826 0048 F8B9     		cbnz	r0, .L52
 303:Core/Src/main.c ****   {
 827              		.loc 1 303 3 is_stmt 1 view .LVU222
 303:Core/Src/main.c ****   {
 828              		.loc 1 303 7 is_stmt 0 view .LVU223
 829 004a 1448     		ldr	r0, .L56
 830 004c FFF7FEFF 		bl	HAL_TIM_PWM_Init
 831              	.LVL41:
 303:Core/Src/main.c ****   {
 832              		.loc 1 303 6 discriminator 1 view .LVU224
 833 0050 E8B9     		cbnz	r0, .L53
 307:Core/Src/main.c ****   sMasterConfig.MasterSlaveMode = TIM_MASTERSLAVEMODE_DISABLE;
 834              		.loc 1 307 3 is_stmt 1 view .LVU225
 307:Core/Src/main.c ****   sMasterConfig.MasterSlaveMode = TIM_MASTERSLAVEMODE_DISABLE;
 835              		.loc 1 307 37 is_stmt 0 view .LVU226
 836 0052 0023     		movs	r3, #0
 837 0054 0893     		str	r3, [sp, #32]
 308:Core/Src/main.c ****   if (HAL_TIMEx_MasterConfigSynchronization(&htim3, &sMasterConfig) != HAL_OK)
 838              		.loc 1 308 3 is_stmt 1 view .LVU227
 308:Core/Src/main.c ****   if (HAL_TIMEx_MasterConfigSynchronization(&htim3, &sMasterConfig) != HAL_OK)
 839              		.loc 1 308 33 is_stmt 0 view .LVU228
 840 0056 0993     		str	r3, [sp, #36]
 309:Core/Src/main.c ****   {
 841              		.loc 1 309 3 is_stmt 1 view .LVU229
 309:Core/Src/main.c ****   {
 842              		.loc 1 309 7 is_stmt 0 view .LVU230
 843 0058 08A9     		add	r1, sp, #32
 844 005a 1048     		ldr	r0, .L56
 845 005c FFF7FEFF 		bl	HAL_TIMEx_MasterConfigSynchronization
 846              	.LVL42:
 309:Core/Src/main.c ****   {
 847              		.loc 1 309 6 discriminator 1 view .LVU231
 848 0060 B8B9     		cbnz	r0, .L54
 313:Core/Src/main.c ****   sConfigOC.Pulse = 0;
 849              		.loc 1 313 3 is_stmt 1 view .LVU232
 313:Core/Src/main.c ****   sConfigOC.Pulse = 0;
 850              		.loc 1 313 20 is_stmt 0 view .LVU233
 851 0062 6023     		movs	r3, #96
 852 0064 0193     		str	r3, [sp, #4]
 314:Core/Src/main.c ****   sConfigOC.OCPolarity = TIM_OCPOLARITY_HIGH;
 853              		.loc 1 314 3 is_stmt 1 view .LVU234
 314:Core/Src/main.c ****   sConfigOC.OCPolarity = TIM_OCPOLARITY_HIGH;
 854              		.loc 1 314 19 is_stmt 0 view .LVU235
 855 0066 0023     		movs	r3, #0
 856 0068 0293     		str	r3, [sp, #8]
 315:Core/Src/main.c ****   sConfigOC.OCFastMode = TIM_OCFAST_DISABLE;
 857              		.loc 1 315 3 is_stmt 1 view .LVU236
 315:Core/Src/main.c ****   sConfigOC.OCFastMode = TIM_OCFAST_DISABLE;
 858              		.loc 1 315 24 is_stmt 0 view .LVU237
 859 006a 0393     		str	r3, [sp, #12]
ARM GAS  C:\Users\Lenovo\AppData\Local\Temp\cc7QoDtc.s 			page 44


 316:Core/Src/main.c ****   if (HAL_TIM_PWM_ConfigChannel(&htim3, &sConfigOC, TIM_CHANNEL_3) != HAL_OK)
 860              		.loc 1 316 3 is_stmt 1 view .LVU238
 316:Core/Src/main.c ****   if (HAL_TIM_PWM_ConfigChannel(&htim3, &sConfigOC, TIM_CHANNEL_3) != HAL_OK)
 861              		.loc 1 316 24 is_stmt 0 view .LVU239
 862 006c 0593     		str	r3, [sp, #20]
 317:Core/Src/main.c ****   {
 863              		.loc 1 317 3 is_stmt 1 view .LVU240
 317:Core/Src/main.c ****   {
 864              		.loc 1 317 7 is_stmt 0 view .LVU241
 865 006e 0822     		movs	r2, #8
 866 0070 01A9     		add	r1, sp, #4
 867 0072 0A48     		ldr	r0, .L56
 868 0074 FFF7FEFF 		bl	HAL_TIM_PWM_ConfigChannel
 869              	.LVL43:
 317:Core/Src/main.c ****   {
 870              		.loc 1 317 6 discriminator 1 view .LVU242
 871 0078 68B9     		cbnz	r0, .L55
 324:Core/Src/main.c **** 
 872              		.loc 1 324 3 is_stmt 1 view .LVU243
 873 007a 0848     		ldr	r0, .L56
 874 007c FFF7FEFF 		bl	HAL_TIM_MspPostInit
 875              	.LVL44:
 326:Core/Src/main.c **** 
 876              		.loc 1 326 1 is_stmt 0 view .LVU244
 877 0080 0FB0     		add	sp, sp, #60
 878              	.LCFI13:
 879              		.cfi_remember_state
 880              		.cfi_def_cfa_offset 4
 881              		@ sp needed
 882 0082 5DF804FB 		ldr	pc, [sp], #4
 883              	.L51:
 884              	.LCFI14:
 885              		.cfi_restore_state
 296:Core/Src/main.c ****   }
 886              		.loc 1 296 5 is_stmt 1 view .LVU245
 887 0086 FFF7FEFF 		bl	Error_Handler
 888              	.LVL45:
 889              	.L52:
 301:Core/Src/main.c ****   }
 890              		.loc 1 301 5 view .LVU246
 891 008a FFF7FEFF 		bl	Error_Handler
 892              	.LVL46:
 893              	.L53:
 305:Core/Src/main.c ****   }
 894              		.loc 1 305 5 view .LVU247
 895 008e FFF7FEFF 		bl	Error_Handler
 896              	.LVL47:
 897              	.L54:
 311:Core/Src/main.c ****   }
 898              		.loc 1 311 5 view .LVU248
 899 0092 FFF7FEFF 		bl	Error_Handler
 900              	.LVL48:
 901              	.L55:
 319:Core/Src/main.c ****   }
 902              		.loc 1 319 5 view .LVU249
 903 0096 FFF7FEFF 		bl	Error_Handler
 904              	.LVL49:
ARM GAS  C:\Users\Lenovo\AppData\Local\Temp\cc7QoDtc.s 			page 45


 905              	.L57:
 906 009a 00BF     		.align	2
 907              	.L56:
 908 009c 00000000 		.word	htim3
 909 00a0 00040040 		.word	1073742848
 910              		.cfi_endproc
 911              	.LFE140:
 913              		.section	.text.SystemClock_Config,"ax",%progbits
 914              		.align	1
 915              		.global	SystemClock_Config
 916              		.syntax unified
 917              		.thumb
 918              		.thumb_func
 920              	SystemClock_Config:
 921              	.LFB138:
 155:Core/Src/main.c ****   RCC_OscInitTypeDef RCC_OscInitStruct = {0};
 922              		.loc 1 155 1 view -0
 923              		.cfi_startproc
 924              		@ args = 0, pretend = 0, frame = 80
 925              		@ frame_needed = 0, uses_anonymous_args = 0
 926 0000 00B5     		push	{lr}
 927              	.LCFI15:
 928              		.cfi_def_cfa_offset 4
 929              		.cfi_offset 14, -4
 930 0002 95B0     		sub	sp, sp, #84
 931              	.LCFI16:
 932              		.cfi_def_cfa_offset 88
 156:Core/Src/main.c ****   RCC_ClkInitTypeDef RCC_ClkInitStruct = {0};
 933              		.loc 1 156 3 view .LVU251
 156:Core/Src/main.c ****   RCC_ClkInitTypeDef RCC_ClkInitStruct = {0};
 934              		.loc 1 156 22 is_stmt 0 view .LVU252
 935 0004 3422     		movs	r2, #52
 936 0006 0021     		movs	r1, #0
 937 0008 07A8     		add	r0, sp, #28
 938 000a FFF7FEFF 		bl	memset
 939              	.LVL50:
 157:Core/Src/main.c **** 
 940              		.loc 1 157 3 is_stmt 1 view .LVU253
 157:Core/Src/main.c **** 
 941              		.loc 1 157 22 is_stmt 0 view .LVU254
 942 000e 0023     		movs	r3, #0
 943 0010 0293     		str	r3, [sp, #8]
 944 0012 0393     		str	r3, [sp, #12]
 945 0014 0493     		str	r3, [sp, #16]
 946 0016 0593     		str	r3, [sp, #20]
 947 0018 0693     		str	r3, [sp, #24]
 161:Core/Src/main.c ****   __HAL_PWR_VOLTAGESCALING_CONFIG(PWR_REGULATOR_VOLTAGE_SCALE3);
 948              		.loc 1 161 3 is_stmt 1 view .LVU255
 949              	.LBB13:
 161:Core/Src/main.c ****   __HAL_PWR_VOLTAGESCALING_CONFIG(PWR_REGULATOR_VOLTAGE_SCALE3);
 950              		.loc 1 161 3 view .LVU256
 951 001a 0093     		str	r3, [sp]
 161:Core/Src/main.c ****   __HAL_PWR_VOLTAGESCALING_CONFIG(PWR_REGULATOR_VOLTAGE_SCALE3);
 952              		.loc 1 161 3 view .LVU257
 953 001c 194A     		ldr	r2, .L64
 954 001e 116C     		ldr	r1, [r2, #64]
 955 0020 41F08051 		orr	r1, r1, #268435456
ARM GAS  C:\Users\Lenovo\AppData\Local\Temp\cc7QoDtc.s 			page 46


 956 0024 1164     		str	r1, [r2, #64]
 161:Core/Src/main.c ****   __HAL_PWR_VOLTAGESCALING_CONFIG(PWR_REGULATOR_VOLTAGE_SCALE3);
 957              		.loc 1 161 3 view .LVU258
 958 0026 126C     		ldr	r2, [r2, #64]
 959 0028 02F08052 		and	r2, r2, #268435456
 960 002c 0092     		str	r2, [sp]
 161:Core/Src/main.c ****   __HAL_PWR_VOLTAGESCALING_CONFIG(PWR_REGULATOR_VOLTAGE_SCALE3);
 961              		.loc 1 161 3 view .LVU259
 962 002e 009A     		ldr	r2, [sp]
 963              	.LBE13:
 161:Core/Src/main.c ****   __HAL_PWR_VOLTAGESCALING_CONFIG(PWR_REGULATOR_VOLTAGE_SCALE3);
 964              		.loc 1 161 3 view .LVU260
 162:Core/Src/main.c **** 
 965              		.loc 1 162 3 view .LVU261
 966              	.LBB14:
 162:Core/Src/main.c **** 
 967              		.loc 1 162 3 view .LVU262
 968 0030 0193     		str	r3, [sp, #4]
 162:Core/Src/main.c **** 
 969              		.loc 1 162 3 view .LVU263
 970 0032 1549     		ldr	r1, .L64+4
 971 0034 0A68     		ldr	r2, [r1]
 972 0036 22F44042 		bic	r2, r2, #49152
 973 003a 42F48042 		orr	r2, r2, #16384
 974 003e 0A60     		str	r2, [r1]
 162:Core/Src/main.c **** 
 975              		.loc 1 162 3 view .LVU264
 976 0040 0A68     		ldr	r2, [r1]
 977 0042 02F44042 		and	r2, r2, #49152
 978 0046 0192     		str	r2, [sp, #4]
 162:Core/Src/main.c **** 
 979              		.loc 1 162 3 view .LVU265
 980 0048 019A     		ldr	r2, [sp, #4]
 981              	.LBE14:
 162:Core/Src/main.c **** 
 982              		.loc 1 162 3 view .LVU266
 167:Core/Src/main.c ****   RCC_OscInitStruct.HSIState = RCC_HSI_ON;
 983              		.loc 1 167 3 view .LVU267
 167:Core/Src/main.c ****   RCC_OscInitStruct.HSIState = RCC_HSI_ON;
 984              		.loc 1 167 36 is_stmt 0 view .LVU268
 985 004a 0222     		movs	r2, #2
 986 004c 0792     		str	r2, [sp, #28]
 168:Core/Src/main.c ****   RCC_OscInitStruct.HSICalibrationValue = RCC_HSICALIBRATION_DEFAULT;
 987              		.loc 1 168 3 is_stmt 1 view .LVU269
 168:Core/Src/main.c ****   RCC_OscInitStruct.HSICalibrationValue = RCC_HSICALIBRATION_DEFAULT;
 988              		.loc 1 168 30 is_stmt 0 view .LVU270
 989 004e 0122     		movs	r2, #1
 990 0050 0A92     		str	r2, [sp, #40]
 169:Core/Src/main.c ****   RCC_OscInitStruct.PLL.PLLState = RCC_PLL_NONE;
 991              		.loc 1 169 3 is_stmt 1 view .LVU271
 169:Core/Src/main.c ****   RCC_OscInitStruct.PLL.PLLState = RCC_PLL_NONE;
 992              		.loc 1 169 41 is_stmt 0 view .LVU272
 993 0052 1022     		movs	r2, #16
 994 0054 0B92     		str	r2, [sp, #44]
 170:Core/Src/main.c ****   if (HAL_RCC_OscConfig(&RCC_OscInitStruct) != HAL_OK)
 995              		.loc 1 170 3 is_stmt 1 view .LVU273
 170:Core/Src/main.c ****   if (HAL_RCC_OscConfig(&RCC_OscInitStruct) != HAL_OK)
ARM GAS  C:\Users\Lenovo\AppData\Local\Temp\cc7QoDtc.s 			page 47


 996              		.loc 1 170 34 is_stmt 0 view .LVU274
 997 0056 0D93     		str	r3, [sp, #52]
 171:Core/Src/main.c ****   {
 998              		.loc 1 171 3 is_stmt 1 view .LVU275
 171:Core/Src/main.c ****   {
 999              		.loc 1 171 7 is_stmt 0 view .LVU276
 1000 0058 07A8     		add	r0, sp, #28
 1001 005a FFF7FEFF 		bl	HAL_RCC_OscConfig
 1002              	.LVL51:
 171:Core/Src/main.c ****   {
 1003              		.loc 1 171 6 discriminator 1 view .LVU277
 1004 005e 68B9     		cbnz	r0, .L62
 178:Core/Src/main.c ****                               |RCC_CLOCKTYPE_PCLK1|RCC_CLOCKTYPE_PCLK2;
 1005              		.loc 1 178 3 is_stmt 1 view .LVU278
 178:Core/Src/main.c ****                               |RCC_CLOCKTYPE_PCLK1|RCC_CLOCKTYPE_PCLK2;
 1006              		.loc 1 178 31 is_stmt 0 view .LVU279
 1007 0060 0F23     		movs	r3, #15
 1008 0062 0293     		str	r3, [sp, #8]
 180:Core/Src/main.c ****   RCC_ClkInitStruct.AHBCLKDivider = RCC_SYSCLK_DIV1;
 1009              		.loc 1 180 3 is_stmt 1 view .LVU280
 180:Core/Src/main.c ****   RCC_ClkInitStruct.AHBCLKDivider = RCC_SYSCLK_DIV1;
 1010              		.loc 1 180 34 is_stmt 0 view .LVU281
 1011 0064 0021     		movs	r1, #0
 1012 0066 0391     		str	r1, [sp, #12]
 181:Core/Src/main.c ****   RCC_ClkInitStruct.APB1CLKDivider = RCC_HCLK_DIV1;
 1013              		.loc 1 181 3 is_stmt 1 view .LVU282
 181:Core/Src/main.c ****   RCC_ClkInitStruct.APB1CLKDivider = RCC_HCLK_DIV1;
 1014              		.loc 1 181 35 is_stmt 0 view .LVU283
 1015 0068 0491     		str	r1, [sp, #16]
 182:Core/Src/main.c ****   RCC_ClkInitStruct.APB2CLKDivider = RCC_HCLK_DIV1;
 1016              		.loc 1 182 3 is_stmt 1 view .LVU284
 182:Core/Src/main.c ****   RCC_ClkInitStruct.APB2CLKDivider = RCC_HCLK_DIV1;
 1017              		.loc 1 182 36 is_stmt 0 view .LVU285
 1018 006a 0591     		str	r1, [sp, #20]
 183:Core/Src/main.c **** 
 1019              		.loc 1 183 3 is_stmt 1 view .LVU286
 183:Core/Src/main.c **** 
 1020              		.loc 1 183 36 is_stmt 0 view .LVU287
 1021 006c 0691     		str	r1, [sp, #24]
 185:Core/Src/main.c ****   {
 1022              		.loc 1 185 3 is_stmt 1 view .LVU288
 185:Core/Src/main.c ****   {
 1023              		.loc 1 185 7 is_stmt 0 view .LVU289
 1024 006e 02A8     		add	r0, sp, #8
 1025 0070 FFF7FEFF 		bl	HAL_RCC_ClockConfig
 1026              	.LVL52:
 185:Core/Src/main.c ****   {
 1027              		.loc 1 185 6 discriminator 1 view .LVU290
 1028 0074 20B9     		cbnz	r0, .L63
 189:Core/Src/main.c **** 
 1029              		.loc 1 189 1 view .LVU291
 1030 0076 15B0     		add	sp, sp, #84
 1031              	.LCFI17:
 1032              		.cfi_remember_state
 1033              		.cfi_def_cfa_offset 4
 1034              		@ sp needed
 1035 0078 5DF804FB 		ldr	pc, [sp], #4
ARM GAS  C:\Users\Lenovo\AppData\Local\Temp\cc7QoDtc.s 			page 48


 1036              	.L62:
 1037              	.LCFI18:
 1038              		.cfi_restore_state
 173:Core/Src/main.c ****   }
 1039              		.loc 1 173 5 is_stmt 1 view .LVU292
 1040 007c FFF7FEFF 		bl	Error_Handler
 1041              	.LVL53:
 1042              	.L63:
 187:Core/Src/main.c ****   }
 1043              		.loc 1 187 5 view .LVU293
 1044 0080 FFF7FEFF 		bl	Error_Handler
 1045              	.LVL54:
 1046              	.L65:
 1047              		.align	2
 1048              	.L64:
 1049 0084 00380240 		.word	1073887232
 1050 0088 00700040 		.word	1073770496
 1051              		.cfi_endproc
 1052              	.LFE138:
 1054              		.section	.text.main,"ax",%progbits
 1055              		.align	1
 1056              		.global	main
 1057              		.syntax unified
 1058              		.thumb
 1059              		.thumb_func
 1061              	main:
 1062              	.LFB137:
  94:Core/Src/main.c **** 
 1063              		.loc 1 94 1 view -0
 1064              		.cfi_startproc
 1065              		@ Volatile: function does not return.
 1066              		@ args = 0, pretend = 0, frame = 0
 1067              		@ frame_needed = 0, uses_anonymous_args = 0
 1068 0000 08B5     		push	{r3, lr}
 1069              	.LCFI19:
 1070              		.cfi_def_cfa_offset 8
 1071              		.cfi_offset 3, -8
 1072              		.cfi_offset 14, -4
 103:Core/Src/main.c **** 
 1073              		.loc 1 103 3 view .LVU295
 1074 0002 FFF7FEFF 		bl	HAL_Init
 1075              	.LVL55:
 110:Core/Src/main.c **** 
 1076              		.loc 1 110 3 view .LVU296
 1077 0006 FFF7FEFF 		bl	SystemClock_Config
 1078              	.LVL56:
 117:Core/Src/main.c ****   MX_DMA_Init();
 1079              		.loc 1 117 3 view .LVU297
 1080 000a FFF7FEFF 		bl	MX_GPIO_Init
 1081              	.LVL57:
 118:Core/Src/main.c ****   MX_TIM2_Init();
 1082              		.loc 1 118 3 view .LVU298
 1083 000e FFF7FEFF 		bl	MX_DMA_Init
 1084              	.LVL58:
 119:Core/Src/main.c ****   MX_TIM3_Init();
 1085              		.loc 1 119 3 view .LVU299
 1086 0012 FFF7FEFF 		bl	MX_TIM2_Init
ARM GAS  C:\Users\Lenovo\AppData\Local\Temp\cc7QoDtc.s 			page 49


 1087              	.LVL59:
 120:Core/Src/main.c ****   /* USER CODE BEGIN 2 */
 1088              		.loc 1 120 3 view .LVU300
 1089 0016 FFF7FEFF 		bl	MX_TIM3_Init
 1090              	.LVL60:
 123:Core/Src/main.c **** 
 1091              		.loc 1 123 3 view .LVU301
 1092 001a 0821     		movs	r1, #8
 1093 001c 0C48     		ldr	r0, .L69
 1094 001e FFF7FEFF 		bl	HAL_TIM_PWM_Start
 1095              	.LVL61:
 126:Core/Src/main.c **** 
 1096              		.loc 1 126 3 view .LVU302
 1097 0022 0C4C     		ldr	r4, .L69+4
 1098 0024 0021     		movs	r1, #0
 1099 0026 2046     		mov	r0, r4
 1100 0028 FFF7FEFF 		bl	HAL_TIM_OC_Start
 1101              	.LVL62:
 129:Core/Src/main.c **** 
 1102              		.loc 1 129 3 view .LVU303
 1103 002c 8023     		movs	r3, #128
 1104 002e 0A4A     		ldr	r2, .L69+8
 1105 0030 0021     		movs	r1, #0
 1106 0032 2046     		mov	r0, r4
 1107 0034 FFF7FEFF 		bl	HAL_TIM_OC_Start_DMA
 1108              	.LVL63:
 132:Core/Src/main.c ****   lcd_update_line(LCD_CHARS[0]);
 1109              		.loc 1 132 3 view .LVU304
 1110 0038 FFF7FEFF 		bl	init_LCD
 1111              	.LVL64:
 133:Core/Src/main.c ****   // TODO: Enable DMA (start transfer from LUT to CCR)
 1112              		.loc 1 133 3 view .LVU305
 1113 003c 0748     		ldr	r0, .L69+12
 1114 003e FFF7FEFF 		bl	lcd_update_line
 1115              	.LVL65:
 135:Core/Src/main.c **** 
 1116              		.loc 1 135 3 view .LVU306
 1117 0042 2268     		ldr	r2, [r4]
 1118 0044 D368     		ldr	r3, [r2, #12]
 1119 0046 43F40073 		orr	r3, r3, #512
 1120 004a D360     		str	r3, [r2, #12]
 1121              	.L67:
 141:Core/Src/main.c ****   {
 1122              		.loc 1 141 3 view .LVU307
 146:Core/Src/main.c ****   /* USER CODE END 3 */
 1123              		.loc 1 146 3 view .LVU308
 141:Core/Src/main.c ****   {
 1124              		.loc 1 141 9 view .LVU309
 1125 004c FEE7     		b	.L67
 1126              	.L70:
 1127 004e 00BF     		.align	2
 1128              	.L69:
 1129 0050 00000000 		.word	htim3
 1130 0054 00000000 		.word	htim2
 1131 0058 00000000 		.word	Sin_LUT
 1132 005c 00000000 		.word	LCD_CHARS
 1133              		.cfi_endproc
ARM GAS  C:\Users\Lenovo\AppData\Local\Temp\cc7QoDtc.s 			page 50


 1134              	.LFE137:
 1136              		.global	DestAddress
 1137              		.section	.data.DestAddress,"aw"
 1138              		.align	2
 1141              	DestAddress:
 1142 0000 3C040040 		.word	1073742908
 1143              		.global	TIM2_Ticks
 1144              		.section	.data.TIM2_Ticks,"aw"
 1145              		.align	2
 1148              	TIM2_Ticks:
 1149 0000 02000000 		.word	2
 1150              		.global	last_button_press
 1151              		.section	.bss.last_button_press,"aw",%nobits
 1152              		.align	2
 1155              	last_button_press:
 1156 0000 00000000 		.space	4
 1157              		.global	current_time
 1158              		.section	.bss.current_time,"aw",%nobits
 1159              		.align	2
 1162              	current_time:
 1163 0000 00000000 		.space	4
 1164              		.global	debounce_delay
 1165              		.section	.data.debounce_delay,"aw"
 1166              		.align	2
 1169              	debounce_delay:
 1170 0000 C8000000 		.word	200
 1171              		.global	wave_index
 1172              		.section	.data.wave_index,"aw"
 1173              		.align	2
 1176              	wave_index:
 1177 0000 01000000 		.word	1
 1178              		.global	LCD_CHARS
 1179              		.section	.data.LCD_CHARS,"aw"
 1180              		.align	2
 1183              	LCD_CHARS:
 1184 0000 53696E65 		.ascii	"Sine Wave\000"
 1184      20576176 
 1184      6500
 1185 000a 00000000 		.space	40
 1185      00000000 
 1185      00000000 
 1185      00000000 
 1185      00000000 
 1186 0032 53617774 		.ascii	"Sawtooth Wave\000"
 1186      6F6F7468 
 1186      20576176 
 1186      6500
 1187 0040 00000000 		.space	36
 1187      00000000 
 1187      00000000 
 1187      00000000 
 1187      00000000 
 1188 0064 54726961 		.ascii	"Triangle Wave\000"
 1188      6E676C65 
 1188      20576176 
 1188      6500
 1189 0072 00000000 		.space	36
ARM GAS  C:\Users\Lenovo\AppData\Local\Temp\cc7QoDtc.s 			page 51


 1189      00000000 
 1189      00000000 
 1189      00000000 
 1189      00000000 
 1190 0096 47756974 		.ascii	"Guitar Wave\000"
 1190      61722057 
 1190      61766500 
 1191 00a2 00000000 		.space	38
 1191      00000000 
 1191      00000000 
 1191      00000000 
 1191      00000000 
 1192 00c8 5069616E 		.ascii	"Piano Wave\000"
 1192      6F205761 
 1192      766500
 1193 00d3 00000000 		.space	39
 1193      00000000 
 1193      00000000 
 1193      00000000 
 1193      00000000 
 1194 00fa 4472756D 		.ascii	"Drums Wave\000"
 1194      73205761 
 1194      766500
 1195 0105 00000000 		.space	39
 1195      00000000 
 1195      00000000 
 1195      00000000 
 1195      00000000 
 1196              		.global	Drum_LUT
 1197              		.section	.data.Drum_LUT,"aw"
 1198              		.align	2
 1201              	Drum_LUT:
 1202 0000 00080000 		.word	2048
 1203 0004 330D0000 		.word	3379
 1204 0008 49070000 		.word	1865
 1205 000c 3E080000 		.word	2110
 1206 0010 10080000 		.word	2064
 1207 0014 620D0000 		.word	3426
 1208 0018 65070000 		.word	1893
 1209 001c 8E070000 		.word	1934
 1210 0020 26080000 		.word	2086
 1211 0024 52080000 		.word	2130
 1212 0028 F4070000 		.word	2036
 1213 002c EF070000 		.word	2031
 1214 0030 F7070000 		.word	2039
 1215 0034 91070000 		.word	1937
 1216 0038 86050000 		.word	1414
 1217 003c 39070000 		.word	1849
 1218 0040 2F080000 		.word	2095
 1219 0044 E5070000 		.word	2021
 1220 0048 FD070000 		.word	2045
 1221 004c 0B080000 		.word	2059
 1222 0050 00080000 		.word	2048
 1223 0054 18080000 		.word	2072
 1224 0058 FC070000 		.word	2044
 1225 005c E5070000 		.word	2021
 1226 0060 50080000 		.word	2128
ARM GAS  C:\Users\Lenovo\AppData\Local\Temp\cc7QoDtc.s 			page 52


 1227 0064 19070000 		.word	1817
 1228 0068 19080000 		.word	2073
 1229 006c FD070000 		.word	2045
 1230 0070 53080000 		.word	2131
 1231 0074 FA070000 		.word	2042
 1232 0078 A40C0000 		.word	3236
 1233 007c FC040000 		.word	1276
 1234 0080 9D050000 		.word	1437
 1235 0084 8E080000 		.word	2190
 1236 0088 84090000 		.word	2436
 1237 008c 39080000 		.word	2105
 1238 0090 EE060000 		.word	1774
 1239 0094 22080000 		.word	2082
 1240 0098 ED070000 		.word	2029
 1241 009c F0070000 		.word	2032
 1242 00a0 FE0F0000 		.word	4094
 1243 00a4 AB070000 		.word	1963
 1244 00a8 F4070000 		.word	2036
 1245 00ac FA070000 		.word	2042
 1246 00b0 86090000 		.word	2438
 1247 00b4 E1080000 		.word	2273
 1248 00b8 1C070000 		.word	1820
 1249 00bc CC070000 		.word	1996
 1250 00c0 38080000 		.word	2104
 1251 00c4 17080000 		.word	2071
 1252 00c8 E2070000 		.word	2018
 1253 00cc 04080000 		.word	2052
 1254 00d0 19030000 		.word	793
 1255 00d4 73090000 		.word	2419
 1256 00d8 1B080000 		.word	2075
 1257 00dc 15080000 		.word	2069
 1258 00e0 37000000 		.word	55
 1259 00e4 C0080000 		.word	2240
 1260 00e8 FB070000 		.word	2043
 1261 00ec E8070000 		.word	2024
 1262 00f0 70080000 		.word	2160
 1263 00f4 01080000 		.word	2049
 1264 00f8 570B0000 		.word	2903
 1265 00fc 53090000 		.word	2387
 1266 0100 E30F0000 		.word	4067
 1267 0104 DD070000 		.word	2013
 1268 0108 EE080000 		.word	2286
 1269 010c F7070000 		.word	2039
 1270 0110 E8090000 		.word	2536
 1271 0114 960A0000 		.word	2710
 1272 0118 00080000 		.word	2048
 1273 011c 30080000 		.word	2096
 1274 0120 E0060000 		.word	1760
 1275 0124 D3070000 		.word	2003
 1276 0128 26080000 		.word	2086
 1277 012c FB070000 		.word	2043
 1278 0130 4E0A0000 		.word	2638
 1279 0134 91070000 		.word	1937
 1280 0138 0E080000 		.word	2062
 1281 013c 1C080000 		.word	2076
 1282 0140 DE070000 		.word	2014
 1283 0144 09080000 		.word	2057
ARM GAS  C:\Users\Lenovo\AppData\Local\Temp\cc7QoDtc.s 			page 53


 1284 0148 FB070000 		.word	2043
 1285 014c 01080000 		.word	2049
 1286 0150 A4080000 		.word	2212
 1287 0154 00080000 		.word	2048
 1288 0158 12080000 		.word	2066
 1289 015c 00080000 		.word	2048
 1290 0160 690B0000 		.word	2921
 1291 0164 17080000 		.word	2071
 1292 0168 E2070000 		.word	2018
 1293 016c 21080000 		.word	2081
 1294 0170 D7070000 		.word	2007
 1295 0174 01080000 		.word	2049
 1296 0178 27070000 		.word	1831
 1297 017c DE070000 		.word	2014
 1298 0180 57030000 		.word	855
 1299 0184 FE080000 		.word	2302
 1300 0188 BA070000 		.word	1978
 1301 018c F9070000 		.word	2041
 1302 0190 F5070000 		.word	2037
 1303 0194 F5070000 		.word	2037
 1304 0198 3B080000 		.word	2107
 1305 019c FB070000 		.word	2043
 1306 01a0 69060000 		.word	1641
 1307 01a4 09080000 		.word	2057
 1308 01a8 13080000 		.word	2067
 1309 01ac F0070000 		.word	2032
 1310 01b0 FD070000 		.word	2045
 1311 01b4 87090000 		.word	2439
 1312 01b8 61080000 		.word	2145
 1313 01bc AA080000 		.word	2218
 1314 01c0 46080000 		.word	2118
 1315 01c4 0D080000 		.word	2061
 1316 01c8 F7070000 		.word	2039
 1317 01cc F6060000 		.word	1782
 1318 01d0 76080000 		.word	2166
 1319 01d4 7B090000 		.word	2427
 1320 01d8 54080000 		.word	2132
 1321 01dc FF0F0000 		.word	4095
 1322 01e0 6A080000 		.word	2154
 1323 01e4 DB070000 		.word	2011
 1324 01e8 F4070000 		.word	2036
 1325 01ec 4F060000 		.word	1615
 1326 01f0 A6070000 		.word	1958
 1327 01f4 29010000 		.word	297
 1328 01f8 DD090000 		.word	2525
 1329 01fc 00080000 		.word	2048
 1330              		.global	Guitar_LUT
 1331              		.section	.data.Guitar_LUT,"aw"
 1332              		.align	2
 1335              	Guitar_LUT:
 1336 0000 00080000 		.word	2048
 1337 0004 8E080000 		.word	2190
 1338 0008 8B080000 		.word	2187
 1339 000c 21080000 		.word	2081
 1340 0010 19080000 		.word	2073
 1341 0014 AD070000 		.word	1965
 1342 0018 A1070000 		.word	1953
ARM GAS  C:\Users\Lenovo\AppData\Local\Temp\cc7QoDtc.s 			page 54


 1343 001c 95070000 		.word	1941
 1344 0020 10070000 		.word	1808
 1345 0024 14080000 		.word	2068
 1346 0028 0F080000 		.word	2063
 1347 002c 02080000 		.word	2050
 1348 0030 11080000 		.word	2065
 1349 0034 0C080000 		.word	2060
 1350 0038 C0070000 		.word	1984
 1351 003c FB070000 		.word	2043
 1352 0040 FE070000 		.word	2046
 1353 0044 F7070000 		.word	2039
 1354 0048 68070000 		.word	1896
 1355 004c C9080000 		.word	2249
 1356 0050 C0070000 		.word	1984
 1357 0054 B8070000 		.word	1976
 1358 0058 BA080000 		.word	2234
 1359 005c 3F080000 		.word	2111
 1360 0060 99070000 		.word	1945
 1361 0064 02080000 		.word	2050
 1362 0068 F1070000 		.word	2033
 1363 006c 06080000 		.word	2054
 1364 0070 FB070000 		.word	2043
 1365 0074 E8070000 		.word	2024
 1366 0078 D9070000 		.word	2009
 1367 007c 02080000 		.word	2050
 1368 0080 02080000 		.word	2050
 1369 0084 17080000 		.word	2071
 1370 0088 AE070000 		.word	1966
 1371 008c 2D080000 		.word	2093
 1372 0090 AD070000 		.word	1965
 1373 0094 24080000 		.word	2084
 1374 0098 EC070000 		.word	2028
 1375 009c 7B070000 		.word	1915
 1376 00a0 51080000 		.word	2129
 1377 00a4 F5070000 		.word	2037
 1378 00a8 04080000 		.word	2052
 1379 00ac 01080000 		.word	2049
 1380 00b0 07080000 		.word	2055
 1381 00b4 CD070000 		.word	1997
 1382 00b8 29080000 		.word	2089
 1383 00bc FD070000 		.word	2045
 1384 00c0 B4070000 		.word	1972
 1385 00c4 E7070000 		.word	2023
 1386 00c8 40080000 		.word	2112
 1387 00cc EF070000 		.word	2031
 1388 00d0 3F080000 		.word	2111
 1389 00d4 2A080000 		.word	2090
 1390 00d8 BA070000 		.word	1978
 1391 00dc ED070000 		.word	2029
 1392 00e0 1B080000 		.word	2075
 1393 00e4 28080000 		.word	2088
 1394 00e8 15080000 		.word	2069
 1395 00ec A4070000 		.word	1956
 1396 00f0 4F080000 		.word	2127
 1397 00f4 16080000 		.word	2070
 1398 00f8 27090000 		.word	2343
 1399 00fc 5A080000 		.word	2138
ARM GAS  C:\Users\Lenovo\AppData\Local\Temp\cc7QoDtc.s 			page 55


 1400 0100 1A080000 		.word	2074
 1401 0104 51080000 		.word	2129
 1402 0108 66080000 		.word	2150
 1403 010c 58080000 		.word	2136
 1404 0110 28080000 		.word	2088
 1405 0114 24080000 		.word	2084
 1406 0118 08070000 		.word	1800
 1407 011c 5F070000 		.word	1887
 1408 0120 09080000 		.word	2057
 1409 0124 FE070000 		.word	2046
 1410 0128 0E080000 		.word	2062
 1411 012c 07080000 		.word	2055
 1412 0130 6B080000 		.word	2155
 1413 0134 FE070000 		.word	2046
 1414 0138 F9070000 		.word	2041
 1415 013c 03080000 		.word	2051
 1416 0140 34080000 		.word	2100
 1417 0144 3B080000 		.word	2107
 1418 0148 95070000 		.word	1941
 1419 014c 2B080000 		.word	2091
 1420 0150 0E080000 		.word	2062
 1421 0154 73070000 		.word	1907
 1422 0158 0F080000 		.word	2063
 1423 015c B6070000 		.word	1974
 1424 0160 11080000 		.word	2065
 1425 0164 17080000 		.word	2071
 1426 0168 FF070000 		.word	2047
 1427 016c F9070000 		.word	2041
 1428 0170 CB070000 		.word	1995
 1429 0174 B9070000 		.word	1977
 1430 0178 1E080000 		.word	2078
 1431 017c FF070000 		.word	2047
 1432 0180 64080000 		.word	2148
 1433 0184 DE070000 		.word	2014
 1434 0188 58080000 		.word	2136
 1435 018c E4070000 		.word	2020
 1436 0190 F8070000 		.word	2040
 1437 0194 EB070000 		.word	2027
 1438 0198 DB080000 		.word	2267
 1439 019c A7080000 		.word	2215
 1440 01a0 F0070000 		.word	2032
 1441 01a4 01080000 		.word	2049
 1442 01a8 FA070000 		.word	2042
 1443 01ac FD070000 		.word	2045
 1444 01b0 1D080000 		.word	2077
 1445 01b4 CC070000 		.word	1996
 1446 01b8 FF070000 		.word	2047
 1447 01bc 01080000 		.word	2049
 1448 01c0 CA070000 		.word	1994
 1449 01c4 F7070000 		.word	2039
 1450 01c8 2D080000 		.word	2093
 1451 01cc BE070000 		.word	1982
 1452 01d0 6F080000 		.word	2159
 1453 01d4 D2070000 		.word	2002
 1454 01d8 29080000 		.word	2089
 1455 01dc 51070000 		.word	1873
 1456 01e0 19080000 		.word	2073
ARM GAS  C:\Users\Lenovo\AppData\Local\Temp\cc7QoDtc.s 			page 56


 1457 01e4 A3070000 		.word	1955
 1458 01e8 97080000 		.word	2199
 1459 01ec C1070000 		.word	1985
 1460 01f0 4E070000 		.word	1870
 1461 01f4 FE080000 		.word	2302
 1462 01f8 CD070000 		.word	1997
 1463 01fc 00080000 		.word	2048
 1464              		.global	Piano_LUT
 1465              		.section	.data.Piano_LUT,"aw"
 1466              		.align	2
 1469              	Piano_LUT:
 1470 0000 00080000 		.word	2048
 1471 0004 80080000 		.word	2176
 1472 0008 C4070000 		.word	1988
 1473 000c 30080000 		.word	2096
 1474 0010 0C080000 		.word	2060
 1475 0014 29080000 		.word	2089
 1476 0018 F8070000 		.word	2040
 1477 001c 69080000 		.word	2153
 1478 0020 2F080000 		.word	2095
 1479 0024 64080000 		.word	2148
 1480 0028 21080000 		.word	2081
 1481 002c F7070000 		.word	2039
 1482 0030 F3070000 		.word	2035
 1483 0034 0F090000 		.word	2319
 1484 0038 0B080000 		.word	2059
 1485 003c F4060000 		.word	1780
 1486 0040 EE070000 		.word	2030
 1487 0044 FE070000 		.word	2046
 1488 0048 C2070000 		.word	1986
 1489 004c 06080000 		.word	2054
 1490 0050 0F080000 		.word	2063
 1491 0054 03080000 		.word	2051
 1492 0058 47060000 		.word	1607
 1493 005c EA070000 		.word	2026
 1494 0060 EB080000 		.word	2283
 1495 0064 04080000 		.word	2052
 1496 0068 190B0000 		.word	2841
 1497 006c AF060000 		.word	1711
 1498 0070 EE060000 		.word	1774
 1499 0074 3A070000 		.word	1850
 1500 0078 E8080000 		.word	2280
 1501 007c 8A080000 		.word	2186
 1502 0080 16060000 		.word	1558
 1503 0084 6E080000 		.word	2158
 1504 0088 B5070000 		.word	1973
 1505 008c 0E080000 		.word	2062
 1506 0090 C4070000 		.word	1988
 1507 0094 27080000 		.word	2087
 1508 0098 D6060000 		.word	1750
 1509 009c A5070000 		.word	1957
 1510 00a0 94070000 		.word	1940
 1511 00a4 33080000 		.word	2099
 1512 00a8 9C080000 		.word	2204
 1513 00ac 92070000 		.word	1938
 1514 00b0 C9080000 		.word	2249
 1515 00b4 90070000 		.word	1936
ARM GAS  C:\Users\Lenovo\AppData\Local\Temp\cc7QoDtc.s 			page 57


 1516 00b8 1B0A0000 		.word	2587
 1517 00bc EF070000 		.word	2031
 1518 00c0 2A080000 		.word	2090
 1519 00c4 0D080000 		.word	2061
 1520 00c8 D0070000 		.word	2000
 1521 00cc 0F080000 		.word	2063
 1522 00d0 EA070000 		.word	2026
 1523 00d4 F6070000 		.word	2038
 1524 00d8 A10A0000 		.word	2721
 1525 00dc A7070000 		.word	1959
 1526 00e0 23090000 		.word	2339
 1527 00e4 4E070000 		.word	1870
 1528 00e8 D3070000 		.word	2003
 1529 00ec A2070000 		.word	1954
 1530 00f0 DF050000 		.word	1503
 1531 00f4 89070000 		.word	1929
 1532 00f8 B0060000 		.word	1712
 1533 00fc F5070000 		.word	2037
 1534 0100 01070000 		.word	1793
 1535 0104 15080000 		.word	2069
 1536 0108 5A080000 		.word	2138
 1537 010c FF070000 		.word	2047
 1538 0110 E5070000 		.word	2021
 1539 0114 E5070000 		.word	2021
 1540 0118 C8060000 		.word	1736
 1541 011c 64080000 		.word	2148
 1542 0120 76070000 		.word	1910
 1543 0124 24080000 		.word	2084
 1544 0128 07070000 		.word	1799
 1545 012c A1090000 		.word	2465
 1546 0130 82080000 		.word	2178
 1547 0134 F2070000 		.word	2034
 1548 0138 28090000 		.word	2344
 1549 013c 79080000 		.word	2169
 1550 0140 F1070000 		.word	2033
 1551 0144 FA070000 		.word	2042
 1552 0148 D4070000 		.word	2004
 1553 014c 17080000 		.word	2071
 1554 0150 F3070000 		.word	2035
 1555 0154 FA070000 		.word	2042
 1556 0158 81080000 		.word	2177
 1557 015c 05080000 		.word	2053
 1558 0160 35080000 		.word	2101
 1559 0164 8F070000 		.word	1935
 1560 0168 3E070000 		.word	1854
 1561 016c F3070000 		.word	2035
 1562 0170 DD070000 		.word	2013
 1563 0174 AA080000 		.word	2218
 1564 0178 D4070000 		.word	2004
 1565 017c 36080000 		.word	2102
 1566 0180 1B090000 		.word	2331
 1567 0184 04080000 		.word	2052
 1568 0188 1C080000 		.word	2076
 1569 018c F8070000 		.word	2040
 1570 0190 18080000 		.word	2072
 1571 0194 E9070000 		.word	2025
 1572 0198 EA060000 		.word	1770
ARM GAS  C:\Users\Lenovo\AppData\Local\Temp\cc7QoDtc.s 			page 58


 1573 019c 89070000 		.word	1929
 1574 01a0 CC070000 		.word	1996
 1575 01a4 D0070000 		.word	2000
 1576 01a8 7E080000 		.word	2174
 1577 01ac 18080000 		.word	2072
 1578 01b0 F5070000 		.word	2037
 1579 01b4 D2070000 		.word	2002
 1580 01b8 38070000 		.word	1848
 1581 01bc 61080000 		.word	2145
 1582 01c0 DC070000 		.word	2012
 1583 01c4 1E080000 		.word	2078
 1584 01c8 CD070000 		.word	1997
 1585 01cc 17080000 		.word	2071
 1586 01d0 F0070000 		.word	2032
 1587 01d4 0C080000 		.word	2060
 1588 01d8 9D070000 		.word	1949
 1589 01dc 5D070000 		.word	1885
 1590 01e0 62060000 		.word	1634
 1591 01e4 02070000 		.word	1794
 1592 01e8 1C080000 		.word	2076
 1593 01ec 08080000 		.word	2056
 1594 01f0 D8070000 		.word	2008
 1595 01f4 B1070000 		.word	1969
 1596 01f8 11080000 		.word	2065
 1597 01fc 00080000 		.word	2048
 1598              		.global	Triangle_LUT
 1599              		.section	.data.Triangle_LUT,"aw"
 1600              		.align	2
 1603              	Triangle_LUT:
 1604 0000 00000000 		.word	0
 1605 0004 40000000 		.word	64
 1606 0008 81000000 		.word	129
 1607 000c C1000000 		.word	193
 1608 0010 02010000 		.word	258
 1609 0014 42010000 		.word	322
 1610 0018 83010000 		.word	387
 1611 001c C3010000 		.word	451
 1612 0020 04020000 		.word	516
 1613 0024 44020000 		.word	580
 1614 0028 85020000 		.word	645
 1615 002c C5020000 		.word	709
 1616 0030 06030000 		.word	774
 1617 0034 46030000 		.word	838
 1618 0038 87030000 		.word	903
 1619 003c C7030000 		.word	967
 1620 0040 08040000 		.word	1032
 1621 0044 48040000 		.word	1096
 1622 0048 89040000 		.word	1161
 1623 004c C9040000 		.word	1225
 1624 0050 0A050000 		.word	1290
 1625 0054 4A050000 		.word	1354
 1626 0058 8B050000 		.word	1419
 1627 005c CB050000 		.word	1483
 1628 0060 0C060000 		.word	1548
 1629 0064 4C060000 		.word	1612
 1630 0068 8D060000 		.word	1677
 1631 006c CD060000 		.word	1741
ARM GAS  C:\Users\Lenovo\AppData\Local\Temp\cc7QoDtc.s 			page 59


 1632 0070 0E070000 		.word	1806
 1633 0074 4E070000 		.word	1870
 1634 0078 8F070000 		.word	1935
 1635 007c CF070000 		.word	1999
 1636 0080 10080000 		.word	2064
 1637 0084 50080000 		.word	2128
 1638 0088 91080000 		.word	2193
 1639 008c D1080000 		.word	2257
 1640 0090 12090000 		.word	2322
 1641 0094 52090000 		.word	2386
 1642 0098 93090000 		.word	2451
 1643 009c D3090000 		.word	2515
 1644 00a0 140A0000 		.word	2580
 1645 00a4 540A0000 		.word	2644
 1646 00a8 950A0000 		.word	2709
 1647 00ac D50A0000 		.word	2773
 1648 00b0 150B0000 		.word	2837
 1649 00b4 560B0000 		.word	2902
 1650 00b8 960B0000 		.word	2966
 1651 00bc D70B0000 		.word	3031
 1652 00c0 170C0000 		.word	3095
 1653 00c4 580C0000 		.word	3160
 1654 00c8 980C0000 		.word	3224
 1655 00cc D90C0000 		.word	3289
 1656 00d0 190D0000 		.word	3353
 1657 00d4 5A0D0000 		.word	3418
 1658 00d8 9A0D0000 		.word	3482
 1659 00dc DB0D0000 		.word	3547
 1660 00e0 1B0E0000 		.word	3611
 1661 00e4 5C0E0000 		.word	3676
 1662 00e8 9C0E0000 		.word	3740
 1663 00ec DD0E0000 		.word	3805
 1664 00f0 1D0F0000 		.word	3869
 1665 00f4 5E0F0000 		.word	3934
 1666 00f8 9E0F0000 		.word	3998
 1667 00fc DF0F0000 		.word	4063
 1668 0100 DF0F0000 		.word	4063
 1669 0104 9E0F0000 		.word	3998
 1670 0108 5E0F0000 		.word	3934
 1671 010c 1D0F0000 		.word	3869
 1672 0110 DD0E0000 		.word	3805
 1673 0114 9C0E0000 		.word	3740
 1674 0118 5C0E0000 		.word	3676
 1675 011c 1B0E0000 		.word	3611
 1676 0120 DB0D0000 		.word	3547
 1677 0124 9A0D0000 		.word	3482
 1678 0128 5A0D0000 		.word	3418
 1679 012c 190D0000 		.word	3353
 1680 0130 D90C0000 		.word	3289
 1681 0134 980C0000 		.word	3224
 1682 0138 580C0000 		.word	3160
 1683 013c 170C0000 		.word	3095
 1684 0140 D70B0000 		.word	3031
 1685 0144 960B0000 		.word	2966
 1686 0148 560B0000 		.word	2902
 1687 014c 150B0000 		.word	2837
 1688 0150 D50A0000 		.word	2773
ARM GAS  C:\Users\Lenovo\AppData\Local\Temp\cc7QoDtc.s 			page 60


 1689 0154 950A0000 		.word	2709
 1690 0158 540A0000 		.word	2644
 1691 015c 140A0000 		.word	2580
 1692 0160 D3090000 		.word	2515
 1693 0164 93090000 		.word	2451
 1694 0168 52090000 		.word	2386
 1695 016c 12090000 		.word	2322
 1696 0170 D1080000 		.word	2257
 1697 0174 91080000 		.word	2193
 1698 0178 50080000 		.word	2128
 1699 017c 10080000 		.word	2064
 1700 0180 CF070000 		.word	1999
 1701 0184 8F070000 		.word	1935
 1702 0188 4E070000 		.word	1870
 1703 018c 0E070000 		.word	1806
 1704 0190 CD060000 		.word	1741
 1705 0194 8D060000 		.word	1677
 1706 0198 4C060000 		.word	1612
 1707 019c 0C060000 		.word	1548
 1708 01a0 CB050000 		.word	1483
 1709 01a4 8B050000 		.word	1419
 1710 01a8 4A050000 		.word	1354
 1711 01ac 0A050000 		.word	1290
 1712 01b0 C9040000 		.word	1225
 1713 01b4 89040000 		.word	1161
 1714 01b8 48040000 		.word	1096
 1715 01bc 08040000 		.word	1032
 1716 01c0 C7030000 		.word	967
 1717 01c4 87030000 		.word	903
 1718 01c8 46030000 		.word	838
 1719 01cc 06030000 		.word	774
 1720 01d0 C5020000 		.word	709
 1721 01d4 85020000 		.word	645
 1722 01d8 44020000 		.word	580
 1723 01dc 04020000 		.word	516
 1724 01e0 C3010000 		.word	451
 1725 01e4 83010000 		.word	387
 1726 01e8 42010000 		.word	322
 1727 01ec 02010000 		.word	258
 1728 01f0 C1000000 		.word	193
 1729 01f4 81000000 		.word	129
 1730 01f8 40000000 		.word	64
 1731 01fc 00000000 		.word	0
 1732              		.global	Saw_LUT
 1733              		.section	.data.Saw_LUT,"aw"
 1734              		.align	2
 1737              	Saw_LUT:
 1738 0000 00000000 		.word	0
 1739 0004 20000000 		.word	32
 1740 0008 40000000 		.word	64
 1741 000c 61000000 		.word	97
 1742 0010 81000000 		.word	129
 1743 0014 A1000000 		.word	161
 1744 0018 C1000000 		.word	193
 1745 001c E2000000 		.word	226
 1746 0020 02010000 		.word	258
 1747 0024 22010000 		.word	290
ARM GAS  C:\Users\Lenovo\AppData\Local\Temp\cc7QoDtc.s 			page 61


 1748 0028 42010000 		.word	322
 1749 002c 63010000 		.word	355
 1750 0030 83010000 		.word	387
 1751 0034 A3010000 		.word	419
 1752 0038 C3010000 		.word	451
 1753 003c E4010000 		.word	484
 1754 0040 04020000 		.word	516
 1755 0044 24020000 		.word	548
 1756 0048 44020000 		.word	580
 1757 004c 65020000 		.word	613
 1758 0050 85020000 		.word	645
 1759 0054 A5020000 		.word	677
 1760 0058 C5020000 		.word	709
 1761 005c E6020000 		.word	742
 1762 0060 06030000 		.word	774
 1763 0064 26030000 		.word	806
 1764 0068 46030000 		.word	838
 1765 006c 67030000 		.word	871
 1766 0070 87030000 		.word	903
 1767 0074 A7030000 		.word	935
 1768 0078 C7030000 		.word	967
 1769 007c E8030000 		.word	1000
 1770 0080 08040000 		.word	1032
 1771 0084 28040000 		.word	1064
 1772 0088 48040000 		.word	1096
 1773 008c 69040000 		.word	1129
 1774 0090 89040000 		.word	1161
 1775 0094 A9040000 		.word	1193
 1776 0098 C9040000 		.word	1225
 1777 009c EA040000 		.word	1258
 1778 00a0 0A050000 		.word	1290
 1779 00a4 2A050000 		.word	1322
 1780 00a8 4A050000 		.word	1354
 1781 00ac 6A050000 		.word	1386
 1782 00b0 8B050000 		.word	1419
 1783 00b4 AB050000 		.word	1451
 1784 00b8 CB050000 		.word	1483
 1785 00bc EB050000 		.word	1515
 1786 00c0 0C060000 		.word	1548
 1787 00c4 2C060000 		.word	1580
 1788 00c8 4C060000 		.word	1612
 1789 00cc 6C060000 		.word	1644
 1790 00d0 8D060000 		.word	1677
 1791 00d4 AD060000 		.word	1709
 1792 00d8 CD060000 		.word	1741
 1793 00dc ED060000 		.word	1773
 1794 00e0 0E070000 		.word	1806
 1795 00e4 2E070000 		.word	1838
 1796 00e8 4E070000 		.word	1870
 1797 00ec 6E070000 		.word	1902
 1798 00f0 8F070000 		.word	1935
 1799 00f4 AF070000 		.word	1967
 1800 00f8 CF070000 		.word	1999
 1801 00fc EF070000 		.word	2031
 1802 0100 10080000 		.word	2064
 1803 0104 30080000 		.word	2096
 1804 0108 50080000 		.word	2128
ARM GAS  C:\Users\Lenovo\AppData\Local\Temp\cc7QoDtc.s 			page 62


 1805 010c 70080000 		.word	2160
 1806 0110 91080000 		.word	2193
 1807 0114 B1080000 		.word	2225
 1808 0118 D1080000 		.word	2257
 1809 011c F1080000 		.word	2289
 1810 0120 12090000 		.word	2322
 1811 0124 32090000 		.word	2354
 1812 0128 52090000 		.word	2386
 1813 012c 72090000 		.word	2418
 1814 0130 93090000 		.word	2451
 1815 0134 B3090000 		.word	2483
 1816 0138 D3090000 		.word	2515
 1817 013c F3090000 		.word	2547
 1818 0140 140A0000 		.word	2580
 1819 0144 340A0000 		.word	2612
 1820 0148 540A0000 		.word	2644
 1821 014c 740A0000 		.word	2676
 1822 0150 950A0000 		.word	2709
 1823 0154 B50A0000 		.word	2741
 1824 0158 D50A0000 		.word	2773
 1825 015c F50A0000 		.word	2805
 1826 0160 150B0000 		.word	2837
 1827 0164 360B0000 		.word	2870
 1828 0168 560B0000 		.word	2902
 1829 016c 760B0000 		.word	2934
 1830 0170 960B0000 		.word	2966
 1831 0174 B70B0000 		.word	2999
 1832 0178 D70B0000 		.word	3031
 1833 017c F70B0000 		.word	3063
 1834 0180 170C0000 		.word	3095
 1835 0184 380C0000 		.word	3128
 1836 0188 580C0000 		.word	3160
 1837 018c 780C0000 		.word	3192
 1838 0190 980C0000 		.word	3224
 1839 0194 B90C0000 		.word	3257
 1840 0198 D90C0000 		.word	3289
 1841 019c F90C0000 		.word	3321
 1842 01a0 190D0000 		.word	3353
 1843 01a4 3A0D0000 		.word	3386
 1844 01a8 5A0D0000 		.word	3418
 1845 01ac 7A0D0000 		.word	3450
 1846 01b0 9A0D0000 		.word	3482
 1847 01b4 BB0D0000 		.word	3515
 1848 01b8 DB0D0000 		.word	3547
 1849 01bc FB0D0000 		.word	3579
 1850 01c0 1B0E0000 		.word	3611
 1851 01c4 3C0E0000 		.word	3644
 1852 01c8 5C0E0000 		.word	3676
 1853 01cc 7C0E0000 		.word	3708
 1854 01d0 9C0E0000 		.word	3740
 1855 01d4 BD0E0000 		.word	3773
 1856 01d8 DD0E0000 		.word	3805
 1857 01dc FD0E0000 		.word	3837
 1858 01e0 1D0F0000 		.word	3869
 1859 01e4 3E0F0000 		.word	3902
 1860 01e8 5E0F0000 		.word	3934
 1861 01ec 7E0F0000 		.word	3966
ARM GAS  C:\Users\Lenovo\AppData\Local\Temp\cc7QoDtc.s 			page 63


 1862 01f0 9E0F0000 		.word	3998
 1863 01f4 BF0F0000 		.word	4031
 1864 01f8 DF0F0000 		.word	4063
 1865 01fc 00000000 		.word	0
 1866              		.global	Sin_LUT
 1867              		.section	.data.Sin_LUT,"aw"
 1868              		.align	2
 1871              	Sin_LUT:
 1872 0000 00080000 		.word	2048
 1873 0004 65080000 		.word	2149
 1874 0008 CA080000 		.word	2250
 1875 000c 2E090000 		.word	2350
 1876 0010 92090000 		.word	2450
 1877 0014 F5090000 		.word	2549
 1878 0018 560A0000 		.word	2646
 1879 001c B60A0000 		.word	2742
 1880 0020 150B0000 		.word	2837
 1881 0024 710B0000 		.word	2929
 1882 0028 CC0B0000 		.word	3020
 1883 002c 240C0000 		.word	3108
 1884 0030 790C0000 		.word	3193
 1885 0034 CB0C0000 		.word	3275
 1886 0038 1B0D0000 		.word	3355
 1887 003c 670D0000 		.word	3431
 1888 0040 B00D0000 		.word	3504
 1889 0044 F60D0000 		.word	3574
 1890 0048 370E0000 		.word	3639
 1891 004c 750E0000 		.word	3701
 1892 0050 AF0E0000 		.word	3759
 1893 0054 E40E0000 		.word	3812
 1894 0058 150F0000 		.word	3861
 1895 005c 420F0000 		.word	3906
 1896 0060 6A0F0000 		.word	3946
 1897 0064 8E0F0000 		.word	3982
 1898 0068 AD0F0000 		.word	4013
 1899 006c C70F0000 		.word	4039
 1900 0070 DC0F0000 		.word	4060
 1901 0074 EC0F0000 		.word	4076
 1902 0078 F70F0000 		.word	4087
 1903 007c FE0F0000 		.word	4094
 1904 0080 FF0F0000 		.word	4095
 1905 0084 FB0F0000 		.word	4091
 1906 0088 F20F0000 		.word	4082
 1907 008c E50F0000 		.word	4069
 1908 0090 D20F0000 		.word	4050
 1909 0094 BA0F0000 		.word	4026
 1910 0098 9E0F0000 		.word	3998
 1911 009c 7D0F0000 		.word	3965
 1912 00a0 570F0000 		.word	3927
 1913 00a4 2C0F0000 		.word	3884
 1914 00a8 FD0E0000 		.word	3837
 1915 00ac CA0E0000 		.word	3786
 1916 00b0 920E0000 		.word	3730
 1917 00b4 570E0000 		.word	3671
 1918 00b8 170E0000 		.word	3607
 1919 00bc D30D0000 		.word	3539
 1920 00c0 8C0D0000 		.word	3468
ARM GAS  C:\Users\Lenovo\AppData\Local\Temp\cc7QoDtc.s 			page 64


 1921 00c4 420D0000 		.word	3394
 1922 00c8 F40C0000 		.word	3316
 1923 00cc A30C0000 		.word	3235
 1924 00d0 4F0C0000 		.word	3151
 1925 00d4 F80B0000 		.word	3064
 1926 00d8 9F0B0000 		.word	2975
 1927 00dc 430B0000 		.word	2883
 1928 00e0 E60A0000 		.word	2790
 1929 00e4 870A0000 		.word	2695
 1930 00e8 260A0000 		.word	2598
 1931 00ec C4090000 		.word	2500
 1932 00f0 60090000 		.word	2400
 1933 00f4 FC080000 		.word	2300
 1934 00f8 97080000 		.word	2199
 1935 00fc 32080000 		.word	2098
 1936 0100 CD070000 		.word	1997
 1937 0104 68070000 		.word	1896
 1938 0108 03070000 		.word	1795
 1939 010c 9F060000 		.word	1695
 1940 0110 3B060000 		.word	1595
 1941 0114 D9050000 		.word	1497
 1942 0118 78050000 		.word	1400
 1943 011c 19050000 		.word	1305
 1944 0120 BC040000 		.word	1212
 1945 0124 60040000 		.word	1120
 1946 0128 07040000 		.word	1031
 1947 012c B0030000 		.word	944
 1948 0130 5C030000 		.word	860
 1949 0134 0B030000 		.word	779
 1950 0138 BD020000 		.word	701
 1951 013c 73020000 		.word	627
 1952 0140 2C020000 		.word	556
 1953 0144 E8010000 		.word	488
 1954 0148 A8010000 		.word	424
 1955 014c 6D010000 		.word	365
 1956 0150 35010000 		.word	309
 1957 0154 02010000 		.word	258
 1958 0158 D3000000 		.word	211
 1959 015c A8000000 		.word	168
 1960 0160 82000000 		.word	130
 1961 0164 61000000 		.word	97
 1962 0168 45000000 		.word	69
 1963 016c 2D000000 		.word	45
 1964 0170 1A000000 		.word	26
 1965 0174 0D000000 		.word	13
 1966 0178 04000000 		.word	4
 1967 017c 00000000 		.word	0
 1968 0180 01000000 		.word	1
 1969 0184 08000000 		.word	8
 1970 0188 13000000 		.word	19
 1971 018c 23000000 		.word	35
 1972 0190 38000000 		.word	56
 1973 0194 52000000 		.word	82
 1974 0198 71000000 		.word	113
 1975 019c 95000000 		.word	149
 1976 01a0 BD000000 		.word	189
 1977 01a4 EA000000 		.word	234
ARM GAS  C:\Users\Lenovo\AppData\Local\Temp\cc7QoDtc.s 			page 65


 1978 01a8 1B010000 		.word	283
 1979 01ac 50010000 		.word	336
 1980 01b0 8A010000 		.word	394
 1981 01b4 C8010000 		.word	456
 1982 01b8 09020000 		.word	521
 1983 01bc 4F020000 		.word	591
 1984 01c0 98020000 		.word	664
 1985 01c4 E4020000 		.word	740
 1986 01c8 34030000 		.word	820
 1987 01cc 86030000 		.word	902
 1988 01d0 DB030000 		.word	987
 1989 01d4 33040000 		.word	1075
 1990 01d8 8E040000 		.word	1166
 1991 01dc EA040000 		.word	1258
 1992 01e0 49050000 		.word	1353
 1993 01e4 A9050000 		.word	1449
 1994 01e8 0A060000 		.word	1546
 1995 01ec 6D060000 		.word	1645
 1996 01f0 D1060000 		.word	1745
 1997 01f4 35070000 		.word	1845
 1998 01f8 9A070000 		.word	1946
 1999 01fc FF070000 		.word	2047
 2000              		.global	hdma_tim2_ch1
 2001              		.section	.bss.hdma_tim2_ch1,"aw",%nobits
 2002              		.align	2
 2005              	hdma_tim2_ch1:
 2006 0000 00000000 		.space	96
 2006      00000000 
 2006      00000000 
 2006      00000000 
 2006      00000000 
 2007              		.global	htim3
 2008              		.section	.bss.htim3,"aw",%nobits
 2009              		.align	2
 2012              	htim3:
 2013 0000 00000000 		.space	72
 2013      00000000 
 2013      00000000 
 2013      00000000 
 2013      00000000 
 2014              		.global	htim2
 2015              		.section	.bss.htim2,"aw",%nobits
 2016              		.align	2
 2019              	htim2:
 2020 0000 00000000 		.space	72
 2020      00000000 
 2020      00000000 
 2020      00000000 
 2020      00000000 
 2021              		.text
 2022              	.Letext0:
 2023              		.file 3 "Drivers/CMSIS/Device/ST/STM32F4xx/Include/stm32f446xx.h"
 2024              		.file 4 "C:\\ST\\STM32CubeIDE_1.19.0\\STM32CubeIDE\\plugins\\com.st.stm32cube.ide.mcu.externaltool
 2025              		.file 5 "C:\\ST\\STM32CubeIDE_1.19.0\\STM32CubeIDE\\plugins\\com.st.stm32cube.ide.mcu.externaltool
 2026              		.file 6 "Drivers/STM32F4xx_HAL_Driver/Inc/stm32f4xx_hal_def.h"
 2027              		.file 7 "Drivers/STM32F4xx_HAL_Driver/Inc/stm32f4xx_hal_rcc_ex.h"
 2028              		.file 8 "Drivers/STM32F4xx_HAL_Driver/Inc/stm32f4xx_hal_rcc.h"
ARM GAS  C:\Users\Lenovo\AppData\Local\Temp\cc7QoDtc.s 			page 66


 2029              		.file 9 "Drivers/STM32F4xx_HAL_Driver/Inc/stm32f4xx_hal_gpio.h"
 2030              		.file 10 "Drivers/STM32F4xx_HAL_Driver/Inc/stm32f4xx_hal_dma.h"
 2031              		.file 11 "Drivers/STM32F4xx_HAL_Driver/Inc/stm32f4xx_hal_tim.h"
 2032              		.file 12 "Core/Inc/main.h"
 2033              		.file 13 "Drivers/STM32F4xx_HAL_Driver/Inc/stm32f4xx_hal_tim_ex.h"
 2034              		.file 14 "Drivers/STM32F4xx_HAL_Driver/Inc/stm32f4xx_hal_cortex.h"
 2035              		.file 15 "Drivers/STM32F4xx_HAL_Driver/Inc/stm32f4xx_hal.h"
 2036              		.file 16 "Core/Inc/lcd_stm32f4.h"
 2037              		.file 17 "<built-in>"
ARM GAS  C:\Users\Lenovo\AppData\Local\Temp\cc7QoDtc.s 			page 67


DEFINED SYMBOLS
                            *ABS*:00000000 main.c
C:\Users\Lenovo\AppData\Local\Temp\cc7QoDtc.s:21     .text.MX_GPIO_Init:00000000 $t
C:\Users\Lenovo\AppData\Local\Temp\cc7QoDtc.s:26     .text.MX_GPIO_Init:00000000 MX_GPIO_Init
C:\Users\Lenovo\AppData\Local\Temp\cc7QoDtc.s:192    .text.MX_GPIO_Init:000000d4 $d
C:\Users\Lenovo\AppData\Local\Temp\cc7QoDtc.s:200    .text.MX_DMA_Init:00000000 $t
C:\Users\Lenovo\AppData\Local\Temp\cc7QoDtc.s:205    .text.MX_DMA_Init:00000000 MX_DMA_Init
C:\Users\Lenovo\AppData\Local\Temp\cc7QoDtc.s:254    .text.MX_DMA_Init:00000030 $d
C:\Users\Lenovo\AppData\Local\Temp\cc7QoDtc.s:259    .text.EXTI0_IRQHandler:00000000 $t
C:\Users\Lenovo\AppData\Local\Temp\cc7QoDtc.s:265    .text.EXTI0_IRQHandler:00000000 EXTI0_IRQHandler
C:\Users\Lenovo\AppData\Local\Temp\cc7QoDtc.s:334    .text.EXTI0_IRQHandler:00000050 $d
C:\Users\Lenovo\AppData\Local\Temp\cc7QoDtc.s:340    .text.EXTI0_IRQHandler:00000056 $t
C:\Users\Lenovo\AppData\Local\Temp\cc7QoDtc.s:445    .text.EXTI0_IRQHandler:000000dc $d
C:\Users\Lenovo\AppData\Local\Temp\cc7QoDtc.s:1162   .bss.current_time:00000000 current_time
C:\Users\Lenovo\AppData\Local\Temp\cc7QoDtc.s:1155   .bss.last_button_press:00000000 last_button_press
C:\Users\Lenovo\AppData\Local\Temp\cc7QoDtc.s:1169   .data.debounce_delay:00000000 debounce_delay
C:\Users\Lenovo\AppData\Local\Temp\cc7QoDtc.s:2019   .bss.htim2:00000000 htim2
C:\Users\Lenovo\AppData\Local\Temp\cc7QoDtc.s:2005   .bss.hdma_tim2_ch1:00000000 hdma_tim2_ch1
C:\Users\Lenovo\AppData\Local\Temp\cc7QoDtc.s:1176   .data.wave_index:00000000 wave_index
C:\Users\Lenovo\AppData\Local\Temp\cc7QoDtc.s:1871   .data.Sin_LUT:00000000 Sin_LUT
C:\Users\Lenovo\AppData\Local\Temp\cc7QoDtc.s:1183   .data.LCD_CHARS:00000000 LCD_CHARS
C:\Users\Lenovo\AppData\Local\Temp\cc7QoDtc.s:1737   .data.Saw_LUT:00000000 Saw_LUT
C:\Users\Lenovo\AppData\Local\Temp\cc7QoDtc.s:1603   .data.Triangle_LUT:00000000 Triangle_LUT
C:\Users\Lenovo\AppData\Local\Temp\cc7QoDtc.s:1335   .data.Guitar_LUT:00000000 Guitar_LUT
C:\Users\Lenovo\AppData\Local\Temp\cc7QoDtc.s:1469   .data.Piano_LUT:00000000 Piano_LUT
C:\Users\Lenovo\AppData\Local\Temp\cc7QoDtc.s:1201   .data.Drum_LUT:00000000 Drum_LUT
C:\Users\Lenovo\AppData\Local\Temp\cc7QoDtc.s:468    .text.Error_Handler:00000000 $t
C:\Users\Lenovo\AppData\Local\Temp\cc7QoDtc.s:474    .text.Error_Handler:00000000 Error_Handler
C:\Users\Lenovo\AppData\Local\Temp\cc7QoDtc.s:506    .text.MX_TIM2_Init:00000000 $t
C:\Users\Lenovo\AppData\Local\Temp\cc7QoDtc.s:511    .text.MX_TIM2_Init:00000000 MX_TIM2_Init
C:\Users\Lenovo\AppData\Local\Temp\cc7QoDtc.s:741    .text.MX_TIM2_Init:000000fc $d
C:\Users\Lenovo\AppData\Local\Temp\cc7QoDtc.s:1148   .data.TIM2_Ticks:00000000 TIM2_Ticks
C:\Users\Lenovo\AppData\Local\Temp\cc7QoDtc.s:750    .text.MX_TIM3_Init:00000000 $t
C:\Users\Lenovo\AppData\Local\Temp\cc7QoDtc.s:755    .text.MX_TIM3_Init:00000000 MX_TIM3_Init
C:\Users\Lenovo\AppData\Local\Temp\cc7QoDtc.s:908    .text.MX_TIM3_Init:0000009c $d
C:\Users\Lenovo\AppData\Local\Temp\cc7QoDtc.s:2012   .bss.htim3:00000000 htim3
C:\Users\Lenovo\AppData\Local\Temp\cc7QoDtc.s:914    .text.SystemClock_Config:00000000 $t
C:\Users\Lenovo\AppData\Local\Temp\cc7QoDtc.s:920    .text.SystemClock_Config:00000000 SystemClock_Config
C:\Users\Lenovo\AppData\Local\Temp\cc7QoDtc.s:1049   .text.SystemClock_Config:00000084 $d
C:\Users\Lenovo\AppData\Local\Temp\cc7QoDtc.s:1055   .text.main:00000000 $t
C:\Users\Lenovo\AppData\Local\Temp\cc7QoDtc.s:1061   .text.main:00000000 main
C:\Users\Lenovo\AppData\Local\Temp\cc7QoDtc.s:1129   .text.main:00000050 $d
C:\Users\Lenovo\AppData\Local\Temp\cc7QoDtc.s:1141   .data.DestAddress:00000000 DestAddress
C:\Users\Lenovo\AppData\Local\Temp\cc7QoDtc.s:1138   .data.DestAddress:00000000 $d
C:\Users\Lenovo\AppData\Local\Temp\cc7QoDtc.s:1145   .data.TIM2_Ticks:00000000 $d
C:\Users\Lenovo\AppData\Local\Temp\cc7QoDtc.s:1152   .bss.last_button_press:00000000 $d
C:\Users\Lenovo\AppData\Local\Temp\cc7QoDtc.s:1159   .bss.current_time:00000000 $d
C:\Users\Lenovo\AppData\Local\Temp\cc7QoDtc.s:1166   .data.debounce_delay:00000000 $d
C:\Users\Lenovo\AppData\Local\Temp\cc7QoDtc.s:1173   .data.wave_index:00000000 $d
C:\Users\Lenovo\AppData\Local\Temp\cc7QoDtc.s:1180   .data.LCD_CHARS:00000000 $d
C:\Users\Lenovo\AppData\Local\Temp\cc7QoDtc.s:1198   .data.Drum_LUT:00000000 $d
C:\Users\Lenovo\AppData\Local\Temp\cc7QoDtc.s:1332   .data.Guitar_LUT:00000000 $d
C:\Users\Lenovo\AppData\Local\Temp\cc7QoDtc.s:1466   .data.Piano_LUT:00000000 $d
C:\Users\Lenovo\AppData\Local\Temp\cc7QoDtc.s:1600   .data.Triangle_LUT:00000000 $d
C:\Users\Lenovo\AppData\Local\Temp\cc7QoDtc.s:1734   .data.Saw_LUT:00000000 $d
C:\Users\Lenovo\AppData\Local\Temp\cc7QoDtc.s:1868   .data.Sin_LUT:00000000 $d
C:\Users\Lenovo\AppData\Local\Temp\cc7QoDtc.s:2002   .bss.hdma_tim2_ch1:00000000 $d
ARM GAS  C:\Users\Lenovo\AppData\Local\Temp\cc7QoDtc.s 			page 68


C:\Users\Lenovo\AppData\Local\Temp\cc7QoDtc.s:2009   .bss.htim3:00000000 $d
C:\Users\Lenovo\AppData\Local\Temp\cc7QoDtc.s:2016   .bss.htim2:00000000 $d

UNDEFINED SYMBOLS
HAL_GPIO_Init
HAL_GPIO_WritePin
HAL_NVIC_SetPriority
HAL_NVIC_EnableIRQ
HAL_GetTick
HAL_DMA_Abort_IT
HAL_GPIO_EXTI_IRQHandler
HAL_TIM_OC_Start_DMA
lcd_update_line
HAL_TIM_Base_Init
HAL_TIM_ConfigClockSource
HAL_TIM_OC_Init
HAL_TIMEx_MasterConfigSynchronization
HAL_TIM_OC_ConfigChannel
HAL_DMA_Init
HAL_TIM_PWM_Init
HAL_TIM_PWM_ConfigChannel
HAL_TIM_MspPostInit
memset
HAL_RCC_OscConfig
HAL_RCC_ClockConfig
HAL_Init
HAL_TIM_PWM_Start
HAL_TIM_OC_Start
init_LCD
