ARM GAS  C:\Users\kaush\AppData\Local\Temp\cc4isafG.s 			page 1


   1              		.cpu cortex-m4
   2              		.arch armv7e-m
   3              		.fpu softvfp
   4              		.eabi_attribute 20, 1
   5              		.eabi_attribute 21, 1
   6              		.eabi_attribute 23, 3
   7              		.eabi_attribute 24, 1
   8              		.eabi_attribute 25, 1
   9              		.eabi_attribute 26, 1
  10              		.eabi_attribute 30, 1
  11              		.eabi_attribute 34, 1
  12              		.eabi_attribute 18, 4
  13              		.file	"main.c"
  14              		.text
  15              	.Ltext0:
  16              		.cfi_sections	.debug_frame
  17              		.file 1 "Core/Src/main.c"
  18              		.section	.text.MX_GPIO_Init,"ax",%progbits
  19              		.align	1
  20              		.syntax unified
  21              		.thumb
  22              		.thumb_func
  24              	MX_GPIO_Init:
  25              	.LFB137:
   1:Core/Src/main.c **** /* USER CODE BEGIN Header */
   2:Core/Src/main.c **** /**
   3:Core/Src/main.c ****   ******************************************************************************
   4:Core/Src/main.c ****   * @file           : main.c
   5:Core/Src/main.c ****   * @brief          : Main program body
   6:Core/Src/main.c ****   ******************************************************************************
   7:Core/Src/main.c ****   * @attention
   8:Core/Src/main.c ****   *
   9:Core/Src/main.c ****   * Copyright (c) 2025 STMicroelectronics.
  10:Core/Src/main.c ****   * All rights reserved.
  11:Core/Src/main.c ****   *
  12:Core/Src/main.c ****   * This software is licensed under terms that can be found in the LICENSE file
  13:Core/Src/main.c ****   * in the root directory of this software component.
  14:Core/Src/main.c ****   * If no LICENSE file comes with this software, it is provided AS-IS.
  15:Core/Src/main.c ****   *
  16:Core/Src/main.c ****   ******************************************************************************
  17:Core/Src/main.c ****   */
  18:Core/Src/main.c **** /* USER CODE END Header */
  19:Core/Src/main.c **** /* Includes ------------------------------------------------------------------*/
  20:Core/Src/main.c **** #include "main.h"
  21:Core/Src/main.c **** 
  22:Core/Src/main.c **** /* Private includes ----------------------------------------------------------*/
  23:Core/Src/main.c **** /* USER CODE BEGIN Includes */
  24:Core/Src/main.c **** #include <stdint.h>
  25:Core/Src/main.c **** #include <stdlib.h>
  26:Core/Src/main.c **** #include "stm32f4xx.h"
  27:Core/Src/main.c **** /* USER CODE END Includes */
  28:Core/Src/main.c **** 
  29:Core/Src/main.c **** /* Private typedef -----------------------------------------------------------*/
  30:Core/Src/main.c **** /* USER CODE BEGIN PTD */
  31:Core/Src/main.c **** 
  32:Core/Src/main.c **** /* USER CODE END PTD */
  33:Core/Src/main.c **** 
ARM GAS  C:\Users\kaush\AppData\Local\Temp\cc4isafG.s 			page 2


  34:Core/Src/main.c **** /* Private define ------------------------------------------------------------*/
  35:Core/Src/main.c **** /* USER CODE BEGIN PD */
  36:Core/Src/main.c **** #define MAX_ITER 100
  37:Core/Src/main.c **** /* USER CODE END PD */
  38:Core/Src/main.c **** /* Private typedef -----------------------------------------------------------*/
  39:Core/Src/main.c **** /* USER CODE BEGIN PTD */
  40:Core/Src/main.c **** typedef struct {
  41:Core/Src/main.c ****     int overflow_square;
  42:Core/Src/main.c ****     int overflow_cross;
  43:Core/Src/main.c **** } Task7_Variables;
  44:Core/Src/main.c **** /* USER CODE END PTD */
  45:Core/Src/main.c **** /* Private macro -------------------------------------------------------------*/
  46:Core/Src/main.c **** /* USER CODE BEGIN PM */
  47:Core/Src/main.c **** 
  48:Core/Src/main.c **** /* USER CODE END PM */
  49:Core/Src/main.c **** 
  50:Core/Src/main.c **** /* Private variables ---------------------------------------------------------*/
  51:Core/Src/main.c **** 
  52:Core/Src/main.c **** /* USER CODE BEGIN PV */
  53:Core/Src/main.c **** //TODO: Define variables you think you might need
  54:Core/Src/main.c **** // - Performance timing variables (e.g execution time, throughput, pixels per second, clock cycles)
  55:Core/Src/main.c **** Task7_Variables task7_variables;
  56:Core/Src/main.c **** uint32_t start_time = 0;
  57:Core/Src/main.c **** uint32_t end_time = 0;
  58:Core/Src/main.c **** uint32_t execution_time = 0;
  59:Core/Src/main.c **** uint64_t checksum = 0;
  60:Core/Src/main.c **** 
  61:Core/Src/main.c **** int Image_width[6]  = {333,580,768,1280,1440,1920};
  62:Core/Src/main.c **** int Image_height[6] = {480,480,576,720,1080,1080};
  63:Core/Src/main.c **** 
  64:Core/Src/main.c **** uint64_t checksum_t2[5];
  65:Core/Src/main.c **** uint64_t Exec_time_t2[5];
  66:Core/Src/main.c **** uint64_t checksum_t3[5];
  67:Core/Src/main.c **** uint64_t Exec_time_t3[5];
  68:Core/Src/main.c **** uint64_t checksum_t4[3][5];
  69:Core/Src/main.c **** uint64_t End_time_t4[3][5];
  70:Core/Src/main.c **** uint64_t checksum_t4[3][5];
  71:Core/Src/main.c **** uint64_t Cycles[6];
  72:Core/Src/main.c **** uint64_t o_square[3][5];
  73:Core/Src/main.c **** uint64_t o_cross[3][5];
  74:Core/Src/main.c **** uint64_t throughput[5];
  75:Core/Src/main.c **** uint64_t dimension;
  76:Core/Src/main.c **** int Scales[3] = {1000,10000,1000000};
  77:Core/Src/main.c **** int Scale_val = 0;
  78:Core/Src/main.c **** int Dimension_val = 0;
  79:Core/Src/main.c **** 
  80:Core/Src/main.c **** uint32_t start, end, cycles;
  81:Core/Src/main.c **** int record = 1;  // live expression marker
  82:Core/Src/main.c **** int image_dimension[5] = {128,160,192,224,256};
  83:Core/Src/main.c **** int Test_ITER = 100;
  84:Core/Src/main.c **** int iters[5]={100,250,500,750,1000};
  85:Core/Src/main.c **** 
  86:Core/Src/main.c **** /* USER CODE END PV */
  87:Core/Src/main.c **** 
  88:Core/Src/main.c **** /* Private function prototypes -----------------------------------------------*/
  89:Core/Src/main.c **** void SystemClock_Config(void);
  90:Core/Src/main.c **** static void MX_GPIO_Init(void);
ARM GAS  C:\Users\kaush\AppData\Local\Temp\cc4isafG.s 			page 3


  91:Core/Src/main.c **** /* USER CODE BEGIN PFP */
  92:Core/Src/main.c **** //TODO: Define any function prototypes you might need such as the calculate Mandelbrot function amo
  93:Core/Src/main.c **** uint64_t calculate_mandelbrot_fixed_point_arithmetic(int width, int height, int max_iterations);
  94:Core/Src/main.c **** 
  95:Core/Src/main.c **** uint64_t calculate_mandelbrot_double(int width, int height, int max_iterations);
  96:Core/Src/main.c **** 
  97:Core/Src/main.c **** uint64_t calculate_mandelbrot_var_fixed_point_arithmetic(int width, int height,	int max_iterations,
  98:Core/Src/main.c **** /* USER CODE END PFP */
  99:Core/Src/main.c **** 
 100:Core/Src/main.c **** /* Private user code ---------------------------------------------------------*/
 101:Core/Src/main.c **** /* USER CODE BEGIN 0 */
 102:Core/Src/main.c **** void DWT_Init(void) {
 103:Core/Src/main.c ****     // Enable trace
 104:Core/Src/main.c ****     CoreDebug->DEMCR |= CoreDebug_DEMCR_TRCENA_Msk;
 105:Core/Src/main.c ****     // Reset cycle counter
 106:Core/Src/main.c ****     DWT->CYCCNT = 0;
 107:Core/Src/main.c ****     // Enable the cycle counter
 108:Core/Src/main.c ****     DWT->CTRL |= DWT_CTRL_CYCCNTENA_Msk;
 109:Core/Src/main.c **** }
 110:Core/Src/main.c **** 
 111:Core/Src/main.c **** /* USER CODE END 0 */
 112:Core/Src/main.c **** 
 113:Core/Src/main.c **** /**
 114:Core/Src/main.c ****   * @brief  The application entry point.
 115:Core/Src/main.c ****   * @retval int
 116:Core/Src/main.c ****   */
 117:Core/Src/main.c **** int main(void)
 118:Core/Src/main.c **** {
 119:Core/Src/main.c **** 
 120:Core/Src/main.c ****   /* USER CODE BEGIN 1 */
 121:Core/Src/main.c **** 
 122:Core/Src/main.c ****   /* USER CODE END 1 */
 123:Core/Src/main.c **** 
 124:Core/Src/main.c ****   /* MCU Configuration--------------------------------------------------------*/
 125:Core/Src/main.c **** 
 126:Core/Src/main.c ****   /* Reset of all peripherals, Initializes the Flash interface and the Systick. */
 127:Core/Src/main.c ****   HAL_Init();
 128:Core/Src/main.c **** 
 129:Core/Src/main.c ****   /* USER CODE BEGIN Init */
 130:Core/Src/main.c **** 
 131:Core/Src/main.c ****   /* USER CODE END Init */
 132:Core/Src/main.c **** 
 133:Core/Src/main.c ****   /* Configure the system clock */
 134:Core/Src/main.c ****   SystemClock_Config();
 135:Core/Src/main.c **** 
 136:Core/Src/main.c ****   /* USER CODE BEGIN SysInit */
 137:Core/Src/main.c ****   DWT_Init();
 138:Core/Src/main.c ****   /* USER CODE END SysInit */
 139:Core/Src/main.c **** 
 140:Core/Src/main.c ****   /* Initialize all configured peripherals */
 141:Core/Src/main.c ****   MX_GPIO_Init();
 142:Core/Src/main.c ****   /* USER CODE BEGIN 2 */
 143:Core/Src/main.c ****   // Task 2
 144:Core/Src/main.c **** 
 145:Core/Src/main.c **** 
 146:Core/Src/main.c ****     //  for(int j=0;j<6;j++){
 147:Core/Src/main.c **** 
ARM GAS  C:\Users\kaush\AppData\Local\Temp\cc4isafG.s 			page 4


 148:Core/Src/main.c ****    // 	  for(int i=0;i<6;i++){
 149:Core/Src/main.c ****      //  HAL_GPIO_WritePin(GPIOB, GPIO_PIN_0, GPIO_PIN_SET);
 150:Core/Src/main.c **** 
 151:Core/Src/main.c ****   //	   	//TODO: Record the start time
 152:Core/Src/main.c ****     	//start_time = HAL_GetTick();
 153:Core/Src/main.c ****   //
 154:Core/Src/main.c ****   //
 155:Core/Src/main.c ****   //	   	//TODO: Call the Mandelbrot Function and store the output in the checksum variable defined
 156:Core/Src/main.c ****     	//checksum = calculate_mandelbrot_double (image_dimension[i],image_dimension[i],iters[j]);
 157:Core/Src/main.c ****   	   	//checksum = calculate_mandelbrot_fixed_point_arithmetic (image_dimension[i],image_dimension
 158:Core/Src/main.c ****   //
 159:Core/Src/main.c ****   //	   	//TODO: Record the end time
 160:Core/Src/main.c ****   	   	//end_time = HAL_GetTick();
 161:Core/Src/main.c ****   //
 162:Core/Src/main.c ****   //	   	//TODO: Calculate the execution time
 163:Core/Src/main.c ****   	   	//execution_time = end_time - start_time;
 164:Core/Src/main.c ****   	   	//Exec_time_t2[j][i]=execution_time;
 165:Core/Src/main.c ****   	   	//checksum_t2[j][i]=checksum;
 166:Core/Src/main.c ****   //
 167:Core/Src/main.c ****   //	   	//TODO: Turn on LED 1 to signify the end of the operation
 168:Core/Src/main.c ****   	   	//HAL_GPIO_WritePin(GPIOB, GPIO_PIN_1, GPIO_PIN_SET);
 169:Core/Src/main.c ****   //
 170:Core/Src/main.c ****   //	   	//TODO: Hold the LEDs on for a 1s delay
 171:Core/Src/main.c ****   	   	//HAL_Delay (1000);
 172:Core/Src/main.c ****   //	   	//TODO: Turn off the LEDs
 173:Core/Src/main.c ****   	   	//HAL_GPIO_WritePin(GPIOB, GPIO_PIN_0, GPIO_PIN_RESET);
 174:Core/Src/main.c ****   	   	//HAL_GPIO_WritePin(GPIOB, GPIO_PIN_1, GPIO_PIN_RESET);
 175:Core/Src/main.c **** 
 176:Core/Src/main.c ****       // }
 177:Core/Src/main.c ****       //}
 178:Core/Src/main.c **** 
 179:Core/Src/main.c **** 
 180:Core/Src/main.c ****   for (int i = 0; i < 6 ; i++) {
 181:Core/Src/main.c **** 
 182:Core/Src/main.c ****       HAL_GPIO_WritePin(GPIOB, GPIO_PIN_0, GPIO_PIN_SET); // LED0 on (start)
 183:Core/Src/main.c **** 
 184:Core/Src/main.c ****       start = DWT->CYCCNT;
 185:Core/Src/main.c ****       start_time = HAL_GetTick();
 186:Core/Src/main.c **** 
 187:Core/Src/main.c ****       checksum = calculate_mandelbrot_double(image_dimension[i],image_dimension[i],MAX_ITER);
 188:Core/Src/main.c ****       dimension=image_dimension[i]*image_dimension[i];
 189:Core/Src/main.c ****       end_time = HAL_GetTick();
 190:Core/Src/main.c ****       end = DWT->CYCCNT;
 191:Core/Src/main.c **** 
 192:Core/Src/main.c ****       execution_time = end_time - start_time;
 193:Core/Src/main.c ****       cycles = end - start;
 194:Core/Src/main.c **** 
 195:Core/Src/main.c ****       Exec_time_t2[i] = execution_time;
 196:Core/Src/main.c ****       checksum_t2[i] = checksum;
 197:Core/Src/main.c ****       Cycles[i]      = cycles;
 198:Core/Src/main.c ****       throughput[i] = ((1000*dimension)/execution_time) ;
 199:Core/Src/main.c ****       HAL_GPIO_WritePin(GPIOB, GPIO_PIN_0, GPIO_PIN_RESET); // LED0 off
 200:Core/Src/main.c ****     }
 201:Core/Src/main.c ****   /*Code for Task 7 */ /*
 202:Core/Src/main.c **** 	for (int j = 0; j < (sizeof(Scales) / sizeof(Scales[0])); j++) {
 203:Core/Src/main.c **** 		for (int i = 0;
 204:Core/Src/main.c **** 				i < (sizeof(image_dimension) / sizeof(image_dimension[0]));i++) {
ARM GAS  C:\Users\kaush\AppData\Local\Temp\cc4isafG.s 			page 5


 205:Core/Src/main.c **** 			Scale_val = Scales[j];
 206:Core/Src/main.c **** 			Dimension_val = image_dimension[i];
 207:Core/Src/main.c **** 			HAL_GPIO_WritePin(GPIOB, GPIO_PIN_0, GPIO_PIN_SET); // Turn on LED0 to signify the start of a co
 208:Core/Src/main.c **** 			start_time = HAL_GetTick(); //Record start time
 209:Core/Src/main.c **** 			checksum = calculate_mandelbrot_var_fixed_point_arithmetic(
 210:Core/Src/main.c **** 					image_dimension[i], image_dimension[i], Test_ITER,
 211:Core/Src/main.c **** 					Scales[j]); // Compute Mandelbrot
 212:Core/Src/main.c **** 
 213:Core/Src/main.c **** 			/*Retrieve end time and compute execution time*/
 214:Core/Src/main.c ****   /*         end_time = HAL_GetTick();
 215:Core/Src/main.c **** 			execution_time = end_time - start_time;
 216:Core/Src/main.c **** 			o_square[j][i]=task7_variables.overflow_square;
 217:Core/Src/main.c **** 			o_cross[j][i]=task7_variables.overflow_cross;
 218:Core/Src/main.c **** 
 219:Core/Src/main.c **** 			HAL_GPIO_WritePin(GPIOB, GPIO_PIN_1, GPIO_PIN_SET); // Turn on LED1 to signify end of computatio
 220:Core/Src/main.c **** 			HAL_Delay(1000);
 221:Core/Src/main.c **** 			HAL_GPIO_WritePin(GPIOB, GPIO_PIN_0 | GPIO_PIN_1, GPIO_PIN_RESET); // reset LEDS for next cycle
 222:Core/Src/main.c **** 			End_time_t4[j][i] = execution_time;
 223:Core/Src/main.c **** 			checksum_t4[j][i] = checksum;
 224:Core/Src/main.c **** 
 225:Core/Src/main.c **** 		}
 226:Core/Src/main.c **** 	}
 227:Core/Src/main.c ****   /* USER CODE END 2 */
 228:Core/Src/main.c **** 
 229:Core/Src/main.c ****   /* Infinite loop */
 230:Core/Src/main.c ****   /* USER CODE BEGIN WHILE */
 231:Core/Src/main.c ****   while (1)
 232:Core/Src/main.c ****   {
 233:Core/Src/main.c ****     /* USER CODE END WHILE */
 234:Core/Src/main.c **** 
 235:Core/Src/main.c ****     /* USER CODE BEGIN 3 */
 236:Core/Src/main.c **** 	  //TODO: Visual indicator: Turn on LED0 to signal processing start
 237:Core/Src/main.c **** 	    HAL_GPIO_WritePin(GPIOB, GPIO_PIN_0, GPIO_PIN_SET);
 238:Core/Src/main.c **** 
 239:Core/Src/main.c **** 	  //TODO: Benchmark and Profile Performance
 240:Core/Src/main.c **** //	    if (record)
 241:Core/Src/main.c **** //	     		{record=0;} // this will run first since record is initially set =1,then record is set to
 242:Core/Src/main.c **** //	     for(int i=0;i<5;i++){
 243:Core/Src/main.c **** //	   	//TODO: Turn on LED 0 to signify the start of the operation
 244:Core/Src/main.c **** //
 245:Core/Src/main.c **** //	   	HAL_GPIO_WritePin(GPIOB, GPIO_PIN_0, GPIO_PIN_SET);
 246:Core/Src/main.c **** //
 247:Core/Src/main.c **** //	   	//TODO: Record the start time
 248:Core/Src/main.c **** //	   	start_time = HAL_GetTick();
 249:Core/Src/main.c **** //
 250:Core/Src/main.c **** //
 251:Core/Src/main.c **** //	   	//TODO: Call the Mandelbrot Function and store the output in the checksum variable defined i
 252:Core/Src/main.c **** //	   	//checksum = calculate_mandelbrot_fixed_point_arithmetic (image_dimension[i],image_dimension
 253:Core/Src/main.c **** //
 254:Core/Src/main.c **** //	   	//TODO: Record the end time
 255:Core/Src/main.c **** //	   	end_time = HAL_GetTick();
 256:Core/Src/main.c **** //
 257:Core/Src/main.c **** //	   	//TODO: Calculate the execution time
 258:Core/Src/main.c **** //	   	execution_time = end_time - start_time;
 259:Core/Src/main.c **** //
 260:Core/Src/main.c **** //	   	//TODO: Turn on LED 1 to signify the end of the operation
 261:Core/Src/main.c **** //	   	HAL_GPIO_WritePin(GPIOB, GPIO_PIN_1, GPIO_PIN_SET);
ARM GAS  C:\Users\kaush\AppData\Local\Temp\cc4isafG.s 			page 6


 262:Core/Src/main.c **** //
 263:Core/Src/main.c **** //	   	//TODO: Hold the LEDs on for a 1s delay
 264:Core/Src/main.c **** //	   	HAL_Delay (1000);
 265:Core/Src/main.c **** //	   	//TODO: Turn off the LEDs
 266:Core/Src/main.c **** //	   	HAL_GPIO_WritePin(GPIOB, GPIO_PIN_0, GPIO_PIN_RESET);
 267:Core/Src/main.c **** //	   	HAL_GPIO_WritePin(GPIOB, GPIO_PIN_1, GPIO_PIN_RESET);
 268:Core/Src/main.c **** //
 269:Core/Src/main.c **** //
 270:Core/Src/main.c **** //	     }
 271:Core/Src/main.c **** 	//    if (!record)
 272:Core/Src/main.c **** 	//    	{record=1;} //since record was previously set to 0 in previous function, it is now set to 1
 273:Core/Src/main.c **** 	//    for(int i=0;i<5;i++){
 274:Core/Src/main.c **** 
 275:Core/Src/main.c **** 	//   	HAL_GPIO_WritePin(GPIOB, GPIO_PIN_0, GPIO_PIN_SET);
 276:Core/Src/main.c **** 
 277:Core/Src/main.c **** 	   	//TODO: Record the start time
 278:Core/Src/main.c **** 	 //  	start_time = HAL_GetTick();
 279:Core/Src/main.c **** 
 280:Core/Src/main.c **** 
 281:Core/Src/main.c **** 	   	//TODO: Call the Mandelbrot Function and store the output in the checksum variable defined ini
 282:Core/Src/main.c **** 	//   	checksum = calculate_mandelbrot_double (image_dimension[i],image_dimension[i],MAX_ITER);
 283:Core/Src/main.c **** 
 284:Core/Src/main.c **** 	   	//TODO: Record the end time
 285:Core/Src/main.c **** 	 //  	end_time = HAL_GetTick();
 286:Core/Src/main.c **** 
 287:Core/Src/main.c **** 	   	//TODO: Calculate the execution time
 288:Core/Src/main.c **** 	//   	execution_time = end_time - start_time;
 289:Core/Src/main.c **** 
 290:Core/Src/main.c **** 	   	//TODO: Turn on LED 1 to signify the end of the operation
 291:Core/Src/main.c **** 	//   	HAL_GPIO_WritePin(GPIOB, GPIO_PIN_1, GPIO_PIN_SET);
 292:Core/Src/main.c **** 
 293:Core/Src/main.c **** 	   	//TODO: Hold the LEDs on for a 1s delay
 294:Core/Src/main.c **** 	 //  	HAL_Delay (1000);
 295:Core/Src/main.c **** 	   	//TODO: Turn off the LEDs
 296:Core/Src/main.c **** 	 //  	HAL_GPIO_WritePin(GPIOB, GPIO_PIN_0, GPIO_PIN_RESET);
 297:Core/Src/main.c **** 	 //  	HAL_GPIO_WritePin(GPIOB, GPIO_PIN_1, GPIO_PIN_RESET);
 298:Core/Src/main.c **** 	    // }
 299:Core/Src/main.c **** 
 300:Core/Src/main.c **** 	  //TODO: Visual indicator: Turn on LED1 to signal processing start
 301:Core/Src/main.c **** 	    HAL_GPIO_WritePin(GPIOB, GPIO_PIN_1, GPIO_PIN_SET);
 302:Core/Src/main.c **** 
 303:Core/Src/main.c **** 	  //TODO: Keep the LEDs ON for 2s
 304:Core/Src/main.c **** 	    HAL_Delay (2000);
 305:Core/Src/main.c **** 
 306:Core/Src/main.c **** 	   //TODO: Turn off the LEDs
 307:Core/Src/main.c **** 
 308:Core/Src/main.c **** 	    HAL_GPIO_WritePin(GPIOB, GPIO_PIN_0, GPIO_PIN_RESET);
 309:Core/Src/main.c **** 	    HAL_GPIO_WritePin(GPIOB, GPIO_PIN_1, GPIO_PIN_RESET);
 310:Core/Src/main.c **** 
 311:Core/Src/main.c ****   }
 312:Core/Src/main.c ****   /* USER CODE END 3 */
 313:Core/Src/main.c **** }
 314:Core/Src/main.c **** 
 315:Core/Src/main.c **** /**
 316:Core/Src/main.c ****   * @brief System Clock Configuration
 317:Core/Src/main.c ****   * @retval None
 318:Core/Src/main.c ****   */
ARM GAS  C:\Users\kaush\AppData\Local\Temp\cc4isafG.s 			page 7


 319:Core/Src/main.c **** void SystemClock_Config(void)
 320:Core/Src/main.c **** {
 321:Core/Src/main.c ****   RCC_OscInitTypeDef RCC_OscInitStruct = {0};
 322:Core/Src/main.c ****   RCC_ClkInitTypeDef RCC_ClkInitStruct = {0};
 323:Core/Src/main.c **** 
 324:Core/Src/main.c ****   /** Configure the main internal regulator output voltage
 325:Core/Src/main.c ****   */
 326:Core/Src/main.c ****   __HAL_RCC_PWR_CLK_ENABLE();
 327:Core/Src/main.c ****   __HAL_PWR_VOLTAGESCALING_CONFIG(PWR_REGULATOR_VOLTAGE_SCALE3);
 328:Core/Src/main.c **** 
 329:Core/Src/main.c ****   /** Initializes the RCC Oscillators according to the specified parameters
 330:Core/Src/main.c ****   * in the RCC_OscInitTypeDef structure.
 331:Core/Src/main.c ****   */
 332:Core/Src/main.c ****   RCC_OscInitStruct.OscillatorType = RCC_OSCILLATORTYPE_HSE;
 333:Core/Src/main.c ****   RCC_OscInitStruct.HSEState = RCC_HSE_ON;
 334:Core/Src/main.c ****   RCC_OscInitStruct.PLL.PLLState = RCC_PLL_ON;
 335:Core/Src/main.c ****   RCC_OscInitStruct.PLL.PLLSource = RCC_PLLSOURCE_HSE;
 336:Core/Src/main.c ****   RCC_OscInitStruct.PLL.PLLM = 15;
 337:Core/Src/main.c ****   RCC_OscInitStruct.PLL.PLLN = 144;
 338:Core/Src/main.c ****   RCC_OscInitStruct.PLL.PLLP = RCC_PLLP_DIV2;
 339:Core/Src/main.c ****   RCC_OscInitStruct.PLL.PLLQ = 2;
 340:Core/Src/main.c ****   RCC_OscInitStruct.PLL.PLLR = 2;
 341:Core/Src/main.c ****   if (HAL_RCC_OscConfig(&RCC_OscInitStruct) != HAL_OK)
 342:Core/Src/main.c ****   {
 343:Core/Src/main.c ****     Error_Handler();
 344:Core/Src/main.c ****   }
 345:Core/Src/main.c **** 
 346:Core/Src/main.c ****   /** Initializes the CPU, AHB and APB buses clocks
 347:Core/Src/main.c ****   */
 348:Core/Src/main.c ****   RCC_ClkInitStruct.ClockType = RCC_CLOCKTYPE_HCLK|RCC_CLOCKTYPE_SYSCLK
 349:Core/Src/main.c ****                               |RCC_CLOCKTYPE_PCLK1|RCC_CLOCKTYPE_PCLK2;
 350:Core/Src/main.c ****   RCC_ClkInitStruct.SYSCLKSource = RCC_SYSCLKSOURCE_PLLCLK;
 351:Core/Src/main.c ****   RCC_ClkInitStruct.AHBCLKDivider = RCC_SYSCLK_DIV1;
 352:Core/Src/main.c ****   RCC_ClkInitStruct.APB1CLKDivider = RCC_HCLK_DIV4;
 353:Core/Src/main.c ****   RCC_ClkInitStruct.APB2CLKDivider = RCC_HCLK_DIV2;
 354:Core/Src/main.c **** 
 355:Core/Src/main.c ****   if (HAL_RCC_ClockConfig(&RCC_ClkInitStruct, FLASH_LATENCY_3) != HAL_OK)
 356:Core/Src/main.c ****   {
 357:Core/Src/main.c ****     Error_Handler();
 358:Core/Src/main.c ****   }
 359:Core/Src/main.c **** }
 360:Core/Src/main.c **** 
 361:Core/Src/main.c **** /**
 362:Core/Src/main.c ****   * @brief GPIO Initialization Function
 363:Core/Src/main.c ****   * @param None
 364:Core/Src/main.c ****   * @retval None
 365:Core/Src/main.c ****   */
 366:Core/Src/main.c **** static void MX_GPIO_Init(void)
 367:Core/Src/main.c **** {
  26              		.loc 1 367 1 view -0
  27              		.cfi_startproc
  28              		@ args = 0, pretend = 0, frame = 32
  29              		@ frame_needed = 0, uses_anonymous_args = 0
  30 0000 30B5     		push	{r4, r5, lr}
  31              	.LCFI0:
  32              		.cfi_def_cfa_offset 12
  33              		.cfi_offset 4, -12
ARM GAS  C:\Users\kaush\AppData\Local\Temp\cc4isafG.s 			page 8


  34              		.cfi_offset 5, -8
  35              		.cfi_offset 14, -4
  36 0002 89B0     		sub	sp, sp, #36
  37              	.LCFI1:
  38              		.cfi_def_cfa_offset 48
 368:Core/Src/main.c ****   GPIO_InitTypeDef GPIO_InitStruct = {0};
  39              		.loc 1 368 3 view .LVU1
  40              		.loc 1 368 20 is_stmt 0 view .LVU2
  41 0004 0024     		movs	r4, #0
  42 0006 0394     		str	r4, [sp, #12]
  43 0008 0494     		str	r4, [sp, #16]
  44 000a 0594     		str	r4, [sp, #20]
  45 000c 0694     		str	r4, [sp, #24]
  46 000e 0794     		str	r4, [sp, #28]
 369:Core/Src/main.c ****   /* USER CODE BEGIN MX_GPIO_Init_1 */
 370:Core/Src/main.c **** 
 371:Core/Src/main.c ****   /* USER CODE END MX_GPIO_Init_1 */
 372:Core/Src/main.c **** 
 373:Core/Src/main.c ****   /* GPIO Ports Clock Enable */
 374:Core/Src/main.c ****   __HAL_RCC_GPIOC_CLK_ENABLE();
  47              		.loc 1 374 3 is_stmt 1 view .LVU3
  48              	.LBB4:
  49              		.loc 1 374 3 view .LVU4
  50 0010 0094     		str	r4, [sp]
  51              		.loc 1 374 3 view .LVU5
  52 0012 184B     		ldr	r3, .L3
  53 0014 1A6B     		ldr	r2, [r3, #48]
  54 0016 42F00402 		orr	r2, r2, #4
  55 001a 1A63     		str	r2, [r3, #48]
  56              		.loc 1 374 3 view .LVU6
  57 001c 1A6B     		ldr	r2, [r3, #48]
  58 001e 02F00402 		and	r2, r2, #4
  59 0022 0092     		str	r2, [sp]
  60              		.loc 1 374 3 view .LVU7
  61 0024 009A     		ldr	r2, [sp]
  62              	.LBE4:
  63              		.loc 1 374 3 view .LVU8
 375:Core/Src/main.c ****   __HAL_RCC_GPIOH_CLK_ENABLE();
  64              		.loc 1 375 3 view .LVU9
  65              	.LBB5:
  66              		.loc 1 375 3 view .LVU10
  67 0026 0194     		str	r4, [sp, #4]
  68              		.loc 1 375 3 view .LVU11
  69 0028 1A6B     		ldr	r2, [r3, #48]
  70 002a 42F08002 		orr	r2, r2, #128
  71 002e 1A63     		str	r2, [r3, #48]
  72              		.loc 1 375 3 view .LVU12
  73 0030 1A6B     		ldr	r2, [r3, #48]
  74 0032 02F08002 		and	r2, r2, #128
  75 0036 0192     		str	r2, [sp, #4]
  76              		.loc 1 375 3 view .LVU13
  77 0038 019A     		ldr	r2, [sp, #4]
  78              	.LBE5:
  79              		.loc 1 375 3 view .LVU14
 376:Core/Src/main.c ****   __HAL_RCC_GPIOB_CLK_ENABLE();
  80              		.loc 1 376 3 view .LVU15
  81              	.LBB6:
ARM GAS  C:\Users\kaush\AppData\Local\Temp\cc4isafG.s 			page 9


  82              		.loc 1 376 3 view .LVU16
  83 003a 0294     		str	r4, [sp, #8]
  84              		.loc 1 376 3 view .LVU17
  85 003c 1A6B     		ldr	r2, [r3, #48]
  86 003e 42F00202 		orr	r2, r2, #2
  87 0042 1A63     		str	r2, [r3, #48]
  88              		.loc 1 376 3 view .LVU18
  89 0044 1B6B     		ldr	r3, [r3, #48]
  90 0046 03F00203 		and	r3, r3, #2
  91 004a 0293     		str	r3, [sp, #8]
  92              		.loc 1 376 3 view .LVU19
  93 004c 029B     		ldr	r3, [sp, #8]
  94              	.LBE6:
  95              		.loc 1 376 3 view .LVU20
 377:Core/Src/main.c **** 
 378:Core/Src/main.c ****   /*Configure GPIO pin Output Level */
 379:Core/Src/main.c ****   HAL_GPIO_WritePin(GPIOB, GPIO_PIN_0|GPIO_PIN_1|GPIO_PIN_2|GPIO_PIN_3
  96              		.loc 1 379 3 view .LVU21
  97 004e 0A4D     		ldr	r5, .L3+4
  98 0050 2246     		mov	r2, r4
  99 0052 FF21     		movs	r1, #255
 100 0054 2846     		mov	r0, r5
 101 0056 FFF7FEFF 		bl	HAL_GPIO_WritePin
 102              	.LVL0:
 380:Core/Src/main.c ****                           |GPIO_PIN_4|GPIO_PIN_5|GPIO_PIN_6|GPIO_PIN_7, GPIO_PIN_RESET);
 381:Core/Src/main.c **** 
 382:Core/Src/main.c ****   /*Configure GPIO pins : PB0 PB1 PB2 PB3
 383:Core/Src/main.c ****                            PB4 PB5 PB6 PB7 */
 384:Core/Src/main.c ****   GPIO_InitStruct.Pin = GPIO_PIN_0|GPIO_PIN_1|GPIO_PIN_2|GPIO_PIN_3
 103              		.loc 1 384 3 view .LVU22
 104              		.loc 1 384 23 is_stmt 0 view .LVU23
 105 005a FF23     		movs	r3, #255
 106 005c 0393     		str	r3, [sp, #12]
 385:Core/Src/main.c ****                           |GPIO_PIN_4|GPIO_PIN_5|GPIO_PIN_6|GPIO_PIN_7;
 386:Core/Src/main.c ****   GPIO_InitStruct.Mode = GPIO_MODE_OUTPUT_PP;
 107              		.loc 1 386 3 is_stmt 1 view .LVU24
 108              		.loc 1 386 24 is_stmt 0 view .LVU25
 109 005e 0123     		movs	r3, #1
 110 0060 0493     		str	r3, [sp, #16]
 387:Core/Src/main.c ****   GPIO_InitStruct.Pull = GPIO_NOPULL;
 111              		.loc 1 387 3 is_stmt 1 view .LVU26
 112              		.loc 1 387 24 is_stmt 0 view .LVU27
 113 0062 0594     		str	r4, [sp, #20]
 388:Core/Src/main.c ****   GPIO_InitStruct.Speed = GPIO_SPEED_FREQ_LOW;
 114              		.loc 1 388 3 is_stmt 1 view .LVU28
 115              		.loc 1 388 25 is_stmt 0 view .LVU29
 116 0064 0694     		str	r4, [sp, #24]
 389:Core/Src/main.c ****   HAL_GPIO_Init(GPIOB, &GPIO_InitStruct);
 117              		.loc 1 389 3 is_stmt 1 view .LVU30
 118 0066 03A9     		add	r1, sp, #12
 119 0068 2846     		mov	r0, r5
 120 006a FFF7FEFF 		bl	HAL_GPIO_Init
 121              	.LVL1:
 390:Core/Src/main.c **** 
 391:Core/Src/main.c ****   /* USER CODE BEGIN MX_GPIO_Init_2 */
 392:Core/Src/main.c **** 
 393:Core/Src/main.c ****   /* USER CODE END MX_GPIO_Init_2 */
ARM GAS  C:\Users\kaush\AppData\Local\Temp\cc4isafG.s 			page 10


 394:Core/Src/main.c **** }
 122              		.loc 1 394 1 is_stmt 0 view .LVU31
 123 006e 09B0     		add	sp, sp, #36
 124              	.LCFI2:
 125              		.cfi_def_cfa_offset 12
 126              		@ sp needed
 127 0070 30BD     		pop	{r4, r5, pc}
 128              	.L4:
 129 0072 00BF     		.align	2
 130              	.L3:
 131 0074 00380240 		.word	1073887232
 132 0078 00040240 		.word	1073873920
 133              		.cfi_endproc
 134              	.LFE137:
 136              		.section	.text.DWT_Init,"ax",%progbits
 137              		.align	1
 138              		.global	DWT_Init
 139              		.syntax unified
 140              		.thumb
 141              		.thumb_func
 143              	DWT_Init:
 144              	.LFB134:
 102:Core/Src/main.c ****     // Enable trace
 145              		.loc 1 102 21 is_stmt 1 view -0
 146              		.cfi_startproc
 147              		@ args = 0, pretend = 0, frame = 0
 148              		@ frame_needed = 0, uses_anonymous_args = 0
 149              		@ link register save eliminated.
 104:Core/Src/main.c ****     // Reset cycle counter
 150              		.loc 1 104 5 view .LVU33
 104:Core/Src/main.c ****     // Reset cycle counter
 151              		.loc 1 104 14 is_stmt 0 view .LVU34
 152 0000 074A     		ldr	r2, .L6
 153 0002 D2F8FC30 		ldr	r3, [r2, #252]
 104:Core/Src/main.c ****     // Reset cycle counter
 154              		.loc 1 104 22 view .LVU35
 155 0006 43F08073 		orr	r3, r3, #16777216
 156 000a C2F8FC30 		str	r3, [r2, #252]
 106:Core/Src/main.c ****     // Enable the cycle counter
 157              		.loc 1 106 5 is_stmt 1 view .LVU36
 106:Core/Src/main.c ****     // Enable the cycle counter
 158              		.loc 1 106 17 is_stmt 0 view .LVU37
 159 000e 054B     		ldr	r3, .L6+4
 160 0010 0022     		movs	r2, #0
 161 0012 5A60     		str	r2, [r3, #4]
 108:Core/Src/main.c **** }
 162              		.loc 1 108 5 is_stmt 1 view .LVU38
 108:Core/Src/main.c **** }
 163              		.loc 1 108 8 is_stmt 0 view .LVU39
 164 0014 1A68     		ldr	r2, [r3]
 108:Core/Src/main.c **** }
 165              		.loc 1 108 15 view .LVU40
 166 0016 42F00102 		orr	r2, r2, #1
 167 001a 1A60     		str	r2, [r3]
 109:Core/Src/main.c **** 
 168              		.loc 1 109 1 view .LVU41
 169 001c 7047     		bx	lr
ARM GAS  C:\Users\kaush\AppData\Local\Temp\cc4isafG.s 			page 11


 170              	.L7:
 171 001e 00BF     		.align	2
 172              	.L6:
 173 0020 00ED00E0 		.word	-536810240
 174 0024 001000E0 		.word	-536866816
 175              		.cfi_endproc
 176              	.LFE134:
 178              		.global	__aeabi_i2d
 179              		.global	__aeabi_dmul
 180              		.global	__aeabi_ddiv
 181              		.global	__aeabi_dsub
 182              		.global	__aeabi_d2lz
 183              		.global	__aeabi_ldivmod
 184              		.section	.text.calculate_mandelbrot_fixed_point_arithmetic,"ax",%progbits
 185              		.align	1
 186              		.global	calculate_mandelbrot_fixed_point_arithmetic
 187              		.syntax unified
 188              		.thumb
 189              		.thumb_func
 191              	calculate_mandelbrot_fixed_point_arithmetic:
 192              	.LVL2:
 193              	.LFB138:
 395:Core/Src/main.c **** 
 396:Core/Src/main.c **** /* USER CODE BEGIN 4 */
 397:Core/Src/main.c **** //TODO: Function signatures you defined previously , implement them here
 398:Core/Src/main.c **** //TODO: Mandelbroat using variable type integers and fixed point arithmetic
 399:Core/Src/main.c **** uint64_t calculate_mandelbrot_fixed_point_arithmetic(int width, int height, int max_iterations){
 194              		.loc 1 399 96 is_stmt 1 view -0
 195              		.cfi_startproc
 196              		@ args = 0, pretend = 0, frame = 40
 197              		@ frame_needed = 0, uses_anonymous_args = 0
 198              		.loc 1 399 96 is_stmt 0 view .LVU43
 199 0000 2DE9F04F 		push	{r4, r5, r6, r7, r8, r9, r10, fp, lr}
 200              	.LCFI3:
 201              		.cfi_def_cfa_offset 36
 202              		.cfi_offset 4, -36
 203              		.cfi_offset 5, -32
 204              		.cfi_offset 6, -28
 205              		.cfi_offset 7, -24
 206              		.cfi_offset 8, -20
 207              		.cfi_offset 9, -16
 208              		.cfi_offset 10, -12
 209              		.cfi_offset 11, -8
 210              		.cfi_offset 14, -4
 211 0004 8BB0     		sub	sp, sp, #44
 212              	.LCFI4:
 213              		.cfi_def_cfa_offset 80
 400:Core/Src/main.c ****   uint64_t mandelbrot_sum = 0;
 214              		.loc 1 400 3 is_stmt 1 view .LVU44
 215              	.LVL3:
 401:Core/Src/main.c ****     //TODO: Complete the function implementation
 402:Core/Src/main.c **** 
 403:Core/Src/main.c **** 
 404:Core/Src/main.c ****   	const int64_t scale=65536;// using a scale of 2^16
 216              		.loc 1 404 4 view .LVU45
 405:Core/Src/main.c **** 
 406:Core/Src/main.c ****   	// mandelbrot algorithm
ARM GAS  C:\Users\kaush\AppData\Local\Temp\cc4isafG.s 			page 12


 407:Core/Src/main.c ****   	for(int y=0;y<height;y++){
 217              		.loc 1 407 4 view .LVU46
 218              	.LBB7:
 219              		.loc 1 407 8 view .LVU47
 220              		.loc 1 407 12 is_stmt 0 view .LVU48
 221 0006 0024     		movs	r4, #0
 222              	.LBE7:
 400:Core/Src/main.c ****     //TODO: Complete the function implementation
 223              		.loc 1 400 12 view .LVU49
 224 0008 0494     		str	r4, [sp, #16]
 225 000a A346     		mov	fp, r4
 226 000c 8246     		mov	r10, r0
 227 000e 8846     		mov	r8, r1
 228 0010 0092     		str	r2, [sp]
 229 0012 2746     		mov	r7, r4
 230              	.LBB14:
 231              		.loc 1 407 4 view .LVU50
 232 0014 B5E0     		b	.L9
 233              	.LVL4:
 234              	.L23:
 235              	.LBB8:
 236              	.LBB9:
 237              	.LBB10:
 408:Core/Src/main.c **** 
 409:Core/Src/main.c ****   		for(int x=0;x<width;x++){
 410:Core/Src/main.c **** 
 411:Core/Src/main.c ****   			int64_t x0=(x*3.5*scale/width)-(2.5*scale);
 412:Core/Src/main.c ****   		    int64_t y0=(y*2*scale/height)-(1*scale);
 413:Core/Src/main.c **** 
 414:Core/Src/main.c ****   		    int64_t xi = 0;
 415:Core/Src/main.c ****   		    int64_t yi = 0;
 416:Core/Src/main.c **** 			int iteration = 0;
 417:Core/Src/main.c **** 
 418:Core/Src/main.c ****   		     while (iteration < max_iterations && (((xi*xi)/scale)+((yi*yi)/scale)<=4*scale)){
 419:Core/Src/main.c **** 
 420:Core/Src/main.c ****   		    	int64_t temp = (xi*xi-yi*yi)/ scale;
 238              		.loc 1 420 18 view .LVU51
 239 0016 4FF6FF74 		movw	r4, #65535
 240 001a 1419     		adds	r4, r2, r4
 241 001c 2246     		mov	r2, r4
 242 001e 47F10004 		adc	r4, r7, #0
 243 0022 3CE0     		b	.L11
 244              	.LVL5:
 245              	.L12:
 421:Core/Src/main.c ****   		    	yi= ((2 * xi * yi) / scale) +y0;
 246              		.loc 1 421 29 view .LVU52
 247 0024 DB0B     		lsrs	r3, r3, #15
 248 0026 43EA4E43 		orr	r3, r3, lr, lsl #17
 249              		.loc 1 421 12 view .LVU53
 250 002a 1918     		adds	r1, r3, r0
 251 002c 039B     		ldr	r3, [sp, #12]
 252 002e 43EBEE3E 		adc	lr, r3, lr, asr #15
 253              	.LVL6:
 422:Core/Src/main.c ****   		    	xi= temp + x0;
 254              		.loc 1 422 10 is_stmt 1 view .LVU54
 255              		.loc 1 422 12 is_stmt 0 view .LVU55
 256 0032 019B     		ldr	r3, [sp, #4]
ARM GAS  C:\Users\kaush\AppData\Local\Temp\cc4isafG.s 			page 13


 257 0034 9B18     		adds	r3, r3, r2
 258 0036 029A     		ldr	r2, [sp, #8]
 259              	.LVL7:
 260              		.loc 1 422 12 view .LVU56
 261 0038 42EB0605 		adc	r5, r2, r6
 262              	.LVL8:
 423:Core/Src/main.c ****   		    	iteration++;
 263              		.loc 1 423 10 is_stmt 1 view .LVU57
 264              		.loc 1 423 19 is_stmt 0 view .LVU58
 265 003c 09F10109 		add	r9, r9, #1
 266              	.LVL9:
 267              	.L10:
 268              		.loc 1 423 19 view .LVU59
 269              	.LBE10:
 418:Core/Src/main.c **** 
 270              		.loc 1 418 44 is_stmt 1 view .LVU60
 271 0040 009A     		ldr	r2, [sp]
 272 0042 9145     		cmp	r9, r2
 273 0044 4FDA     		bge	.L13
 418:Core/Src/main.c **** 
 274              		.loc 1 418 52 is_stmt 0 discriminator 1 view .LVU61
 275 0046 03FB05F4 		mul	r4, r3, r5
 276 004a A3FB0327 		umull	r2, r7, r3, r3
 277 004e 07EB4407 		add	r7, r7, r4, lsl #1
 418:Core/Src/main.c **** 
 278              		.loc 1 418 56 discriminator 1 view .LVU62
 279 0052 1646     		mov	r6, r2
 280 0054 3C46     		mov	r4, r7
 281 0056 002F     		cmp	r7, #0
 282 0058 36DB     		blt	.L21
 283              	.L14:
 284 005a 360C     		lsrs	r6, r6, #16
 285 005c 4FEA2448 		asr	r8, r4, #16
 286 0060 46EA0446 		orr	r6, r6, r4, lsl #16
 418:Core/Src/main.c **** 
 287              		.loc 1 418 68 discriminator 1 view .LVU63
 288 0064 01FB0EF4 		mul	r4, r1, lr
 289 0068 A1FB01AC 		umull	r10, ip, r1, r1
 290 006c 0CEB440C 		add	ip, ip, r4, lsl #1
 418:Core/Src/main.c **** 
 291              		.loc 1 418 72 discriminator 1 view .LVU64
 292 0070 5446     		mov	r4, r10
 293 0072 E346     		mov	fp, ip
 294 0074 BCF1000F 		cmp	ip, #0
 295 0078 2DDB     		blt	.L22
 296              	.L15:
 297 007a 240C     		lsrs	r4, r4, #16
 298 007c 44EA0B44 		orr	r4, r4, fp, lsl #16
 418:Core/Src/main.c **** 
 299              		.loc 1 418 63 discriminator 1 view .LVU65
 300 0080 3419     		adds	r4, r6, r4
 301 0082 48EB2B48 		adc	r8, r8, fp, asr #16
 418:Core/Src/main.c **** 
 302              		.loc 1 418 44 discriminator 1 view .LVU66
 303 0086 434E     		ldr	r6, .L26
 304 0088 B442     		cmp	r4, r6
 305 008a 78F10008 		sbcs	r8, r8, #0
ARM GAS  C:\Users\kaush\AppData\Local\Temp\cc4isafG.s 			page 14


 306 008e 2ADA     		bge	.L13
 307              	.LBB11:
 420:Core/Src/main.c ****   		    	yi= ((2 * xi * yi) / scale) +y0;
 308              		.loc 1 420 10 is_stmt 1 view .LVU67
 420:Core/Src/main.c ****   		    	yi= ((2 * xi * yi) / scale) +y0;
 309              		.loc 1 420 31 is_stmt 0 view .LVU68
 310 0090 B2EB0A02 		subs	r2, r2, r10
 311 0094 67EB0C07 		sbc	r7, r7, ip
 420:Core/Src/main.c ****   		    	yi= ((2 * xi * yi) / scale) +y0;
 312              		.loc 1 420 18 view .LVU69
 313 0098 3C46     		mov	r4, r7
 314 009a 002F     		cmp	r7, #0
 315 009c BBDB     		blt	.L23
 316              	.L11:
 317 009e 120C     		lsrs	r2, r2, #16
 318 00a0 2614     		asrs	r6, r4, #16
 319 00a2 42EA0442 		orr	r2, r2, r4, lsl #16
 320              	.LVL10:
 421:Core/Src/main.c ****   		    	xi= temp + x0;
 321              		.loc 1 421 10 is_stmt 1 view .LVU70
 421:Core/Src/main.c ****   		    	xi= temp + x0;
 322              		.loc 1 421 23 is_stmt 0 view .LVU71
 323 00a6 03FB0EF4 		mul	r4, r3, lr
 324 00aa 01FB0544 		mla	r4, r1, r5, r4
 325 00ae A3FB0131 		umull	r3, r1, r3, r1
 326              	.LVL11:
 421:Core/Src/main.c ****   		    	xi= temp + x0;
 327              		.loc 1 421 23 view .LVU72
 328 00b2 0C44     		add	r4, r4, r1
 421:Core/Src/main.c ****   		    	xi= temp + x0;
 329              		.loc 1 421 29 view .LVU73
 330 00b4 A646     		mov	lr, r4
 331 00b6 002C     		cmp	r4, #0
 332 00b8 B4DA     		bge	.L12
 333 00ba 47F6FF71 		movw	r1, #32767
 334 00be 5918     		adds	r1, r3, r1
 335 00c0 0B46     		mov	r3, r1
 336 00c2 44F1000E 		adc	lr, r4, #0
 337 00c6 ADE7     		b	.L12
 338              	.LVL12:
 339              	.L21:
 421:Core/Src/main.c ****   		    	xi= temp + x0;
 340              		.loc 1 421 29 view .LVU74
 341              	.LBE11:
 418:Core/Src/main.c **** 
 342              		.loc 1 418 56 discriminator 1 view .LVU75
 343 00c8 4FF6FF74 		movw	r4, #65535
 344 00cc 1419     		adds	r4, r2, r4
 345 00ce 2646     		mov	r6, r4
 346 00d0 47F10004 		adc	r4, r7, #0
 347 00d4 C1E7     		b	.L14
 348              	.L22:
 418:Core/Src/main.c **** 
 349              		.loc 1 418 72 discriminator 1 view .LVU76
 350 00d6 4FF6FF7B 		movw	fp, #65535
 351 00da 1AEB0B0B 		adds	fp, r10, fp
 352 00de 5C46     		mov	r4, fp
ARM GAS  C:\Users\kaush\AppData\Local\Temp\cc4isafG.s 			page 15


 353 00e0 4CF1000B 		adc	fp, ip, #0
 354 00e4 C9E7     		b	.L15
 355              	.L13:
 424:Core/Src/main.c **** 
 425:Core/Src/main.c ****   		    }
 426:Core/Src/main.c **** 
 427:Core/Src/main.c ****   		   mandelbrot_sum = mandelbrot_sum+iteration;
 356              		.loc 1 427 23 view .LVU77
 357 00e6 059F     		ldr	r7, [sp, #20]
 358 00e8 069E     		ldr	r6, [sp, #24]
 359 00ea DDF81CA0 		ldr	r10, [sp, #28]
 360 00ee DDF82080 		ldr	r8, [sp, #32]
 361 00f2 DDF824B0 		ldr	fp, [sp, #36]
 362              		.loc 1 427 8 is_stmt 1 view .LVU78
 363              		.loc 1 427 23 is_stmt 0 view .LVU79
 364 00f6 049B     		ldr	r3, [sp, #16]
 365              	.LVL13:
 366              		.loc 1 427 23 view .LVU80
 367 00f8 19EB0303 		adds	r3, r9, r3
 368 00fc 0493     		str	r3, [sp, #16]
 369              	.LVL14:
 370              		.loc 1 427 23 view .LVU81
 371 00fe 4BEBE97B 		adc	fp, fp, r9, asr #31
 372              	.LVL15:
 373              		.loc 1 427 23 view .LVU82
 374              	.LBE9:
 409:Core/Src/main.c **** 
 375              		.loc 1 409 26 is_stmt 1 discriminator 2 view .LVU83
 376 0102 0136     		adds	r6, r6, #1
 377              	.LVL16:
 378              	.L18:
 409:Core/Src/main.c **** 
 379              		.loc 1 409 18 discriminator 1 view .LVU84
 380 0104 5645     		cmp	r6, r10
 381 0106 3BDA     		bge	.L24
 382              	.LBB12:
 411:Core/Src/main.c ****   		    int64_t y0=(y*2*scale/height)-(1*scale);
 383              		.loc 1 411 6 view .LVU85
 411:Core/Src/main.c ****   		    int64_t y0=(y*2*scale/height)-(1*scale);
 384              		.loc 1 411 19 is_stmt 0 view .LVU86
 385 0108 3046     		mov	r0, r6
 386 010a FFF7FEFF 		bl	__aeabi_i2d
 387              	.LVL17:
 388 010e 0022     		movs	r2, #0
 389 0110 214B     		ldr	r3, .L26+4
 390 0112 FFF7FEFF 		bl	__aeabi_dmul
 391              	.LVL18:
 411:Core/Src/main.c ****   		    int64_t y0=(y*2*scale/height)-(1*scale);
 392              		.loc 1 411 23 view .LVU87
 393 0116 0022     		movs	r2, #0
 394 0118 204B     		ldr	r3, .L26+8
 395 011a FFF7FEFF 		bl	__aeabi_dmul
 396              	.LVL19:
 397 011e 0446     		mov	r4, r0
 398 0120 0D46     		mov	r5, r1
 411:Core/Src/main.c ****   		    int64_t y0=(y*2*scale/height)-(1*scale);
 399              		.loc 1 411 29 view .LVU88
ARM GAS  C:\Users\kaush\AppData\Local\Temp\cc4isafG.s 			page 16


 400 0122 5046     		mov	r0, r10
 401 0124 FFF7FEFF 		bl	__aeabi_i2d
 402              	.LVL20:
 403 0128 0246     		mov	r2, r0
 404 012a 0B46     		mov	r3, r1
 405 012c 2046     		mov	r0, r4
 406 012e 2946     		mov	r1, r5
 407 0130 FFF7FEFF 		bl	__aeabi_ddiv
 408              	.LVL21:
 411:Core/Src/main.c ****   		    int64_t y0=(y*2*scale/height)-(1*scale);
 409              		.loc 1 411 36 view .LVU89
 410 0134 0022     		movs	r2, #0
 411 0136 1A4B     		ldr	r3, .L26+12
 412 0138 FFF7FEFF 		bl	__aeabi_dsub
 413              	.LVL22:
 411:Core/Src/main.c ****   		    int64_t y0=(y*2*scale/height)-(1*scale);
 414              		.loc 1 411 14 view .LVU90
 415 013c FFF7FEFF 		bl	__aeabi_d2lz
 416              	.LVL23:
 417 0140 0190     		str	r0, [sp, #4]
 418 0142 0291     		str	r1, [sp, #8]
 419              	.LVL24:
 412:Core/Src/main.c **** 
 420              		.loc 1 412 9 is_stmt 1 view .LVU91
 412:Core/Src/main.c **** 
 421              		.loc 1 412 24 is_stmt 0 view .LVU92
 422 0144 F917     		asrs	r1, r7, #31
 423              	.LVL25:
 412:Core/Src/main.c **** 
 424              		.loc 1 412 24 view .LVU93
 425 0146 4904     		lsls	r1, r1, #17
 412:Core/Src/main.c **** 
 426              		.loc 1 412 30 view .LVU94
 427 0148 4246     		mov	r2, r8
 428 014a 4FEAE873 		asr	r3, r8, #31
 429 014e 7804     		lsls	r0, r7, #17
 430              	.LVL26:
 412:Core/Src/main.c **** 
 431              		.loc 1 412 30 view .LVU95
 432 0150 41EAD731 		orr	r1, r1, r7, lsr #15
 433 0154 FFF7FEFF 		bl	__aeabi_ldivmod
 434              	.LVL27:
 412:Core/Src/main.c **** 
 435              		.loc 1 412 17 view .LVU96
 436 0158 B0F58030 		subs	r0, r0, #65536
 437 015c 61F10003 		sbc	r3, r1, #0
 438 0160 0393     		str	r3, [sp, #12]
 439              	.LVL28:
 414:Core/Src/main.c ****   		    int64_t yi = 0;
 440              		.loc 1 414 9 is_stmt 1 view .LVU97
 415:Core/Src/main.c **** 			int iteration = 0;
 441              		.loc 1 415 9 view .LVU98
 416:Core/Src/main.c **** 
 442              		.loc 1 416 4 view .LVU99
 418:Core/Src/main.c **** 
 443              		.loc 1 418 10 view .LVU100
 416:Core/Src/main.c **** 
ARM GAS  C:\Users\kaush\AppData\Local\Temp\cc4isafG.s 			page 17


 444              		.loc 1 416 8 is_stmt 0 view .LVU101
 445 0162 4FF00009 		mov	r9, #0
 415:Core/Src/main.c **** 			int iteration = 0;
 446              		.loc 1 415 17 view .LVU102
 447 0166 4946     		mov	r1, r9
 448 0168 CE46     		mov	lr, r9
 414:Core/Src/main.c ****   		    int64_t yi = 0;
 449              		.loc 1 414 17 view .LVU103
 450 016a 4B46     		mov	r3, r9
 451              	.LVL29:
 414:Core/Src/main.c ****   		    int64_t yi = 0;
 452              		.loc 1 414 17 view .LVU104
 453 016c 4D46     		mov	r5, r9
 454 016e 0597     		str	r7, [sp, #20]
 455 0170 0696     		str	r6, [sp, #24]
 456 0172 CDF81CA0 		str	r10, [sp, #28]
 457 0176 CDF82080 		str	r8, [sp, #32]
 458 017a CDF824B0 		str	fp, [sp, #36]
 418:Core/Src/main.c **** 
 459              		.loc 1 418 16 view .LVU105
 460 017e 5FE7     		b	.L10
 461              	.LVL30:
 462              	.L24:
 418:Core/Src/main.c **** 
 463              		.loc 1 418 16 view .LVU106
 464              	.LBE12:
 465              	.LBE8:
 407:Core/Src/main.c **** 
 466              		.loc 1 407 26 is_stmt 1 discriminator 2 view .LVU107
 467 0180 0137     		adds	r7, r7, #1
 468              	.LVL31:
 469              	.L9:
 407:Core/Src/main.c **** 
 470              		.loc 1 407 17 discriminator 1 view .LVU108
 471 0182 4745     		cmp	r7, r8
 472 0184 01DA     		bge	.L25
 473              	.LBB13:
 409:Core/Src/main.c **** 
 474              		.loc 1 409 13 is_stmt 0 view .LVU109
 475 0186 0026     		movs	r6, #0
 476 0188 BCE7     		b	.L18
 477              	.L25:
 478              	.LBE13:
 479              	.LBE14:
 428:Core/Src/main.c **** 
 429:Core/Src/main.c ****   		}
 430:Core/Src/main.c **** 
 431:Core/Src/main.c ****   	}
 432:Core/Src/main.c ****     return mandelbrot_sum;
 433:Core/Src/main.c **** 
 434:Core/Src/main.c **** }
 480              		.loc 1 434 1 view .LVU110
 481 018a 5946     		mov	r1, fp
 432:Core/Src/main.c **** 
 482              		.loc 1 432 5 is_stmt 1 view .LVU111
 483              		.loc 1 434 1 is_stmt 0 view .LVU112
 484 018c 0498     		ldr	r0, [sp, #16]
ARM GAS  C:\Users\kaush\AppData\Local\Temp\cc4isafG.s 			page 18


 485 018e 0BB0     		add	sp, sp, #44
 486              	.LCFI5:
 487              		.cfi_def_cfa_offset 36
 488              	.LVL32:
 489              		.loc 1 434 1 view .LVU113
 490              		@ sp needed
 491 0190 BDE8F08F 		pop	{r4, r5, r6, r7, r8, r9, r10, fp, pc}
 492              	.LVL33:
 493              	.L27:
 494              		.loc 1 434 1 view .LVU114
 495              		.align	2
 496              	.L26:
 497 0194 01000400 		.word	262145
 498 0198 00000C40 		.word	1074528256
 499 019c 0000F040 		.word	1089470464
 500 01a0 00000441 		.word	1090781184
 501              		.cfi_endproc
 502              	.LFE138:
 504              		.global	__aeabi_dadd
 505              		.global	__aeabi_dcmple
 506              		.section	.text.calculate_mandelbrot_double,"ax",%progbits
 507              		.align	1
 508              		.global	calculate_mandelbrot_double
 509              		.syntax unified
 510              		.thumb
 511              		.thumb_func
 513              	calculate_mandelbrot_double:
 514              	.LVL34:
 515              	.LFB139:
 435:Core/Src/main.c **** 
 436:Core/Src/main.c **** //TODO: Mandelbroat using variable type double
 437:Core/Src/main.c **** 
 438:Core/Src/main.c **** //mandelbrot function same as above but using double to increase accuracy
 439:Core/Src/main.c **** uint64_t calculate_mandelbrot_double(int width, int height, int max_iterations){
 516              		.loc 1 439 80 is_stmt 1 view -0
 517              		.cfi_startproc
 518              		@ args = 0, pretend = 0, frame = 56
 519              		@ frame_needed = 0, uses_anonymous_args = 0
 520              		.loc 1 439 80 is_stmt 0 view .LVU116
 521 0000 2DE9F04F 		push	{r4, r5, r6, r7, r8, r9, r10, fp, lr}
 522              	.LCFI6:
 523              		.cfi_def_cfa_offset 36
 524              		.cfi_offset 4, -36
 525              		.cfi_offset 5, -32
 526              		.cfi_offset 6, -28
 527              		.cfi_offset 7, -24
 528              		.cfi_offset 8, -20
 529              		.cfi_offset 9, -16
 530              		.cfi_offset 10, -12
 531              		.cfi_offset 11, -8
 532              		.cfi_offset 14, -4
 533 0004 8FB0     		sub	sp, sp, #60
 534              	.LCFI7:
 535              		.cfi_def_cfa_offset 96
 536 0006 0790     		str	r0, [sp, #28]
 537 0008 0C91     		str	r1, [sp, #48]
 538 000a 0D92     		str	r2, [sp, #52]
ARM GAS  C:\Users\kaush\AppData\Local\Temp\cc4isafG.s 			page 19


 440:Core/Src/main.c ****     uint64_t mandelbrot_sum = 0;
 539              		.loc 1 440 5 is_stmt 1 view .LVU117
 540              	.LVL35:
 441:Core/Src/main.c **** 
 442:Core/Src/main.c ****     for(int y=0; y<height; y++){
 541              		.loc 1 442 5 view .LVU118
 542              	.LBB15:
 543              		.loc 1 442 9 view .LVU119
 544              		.loc 1 442 13 is_stmt 0 view .LVU120
 545 000c 4FF00008 		mov	r8, #0
 546              	.LBE15:
 440:Core/Src/main.c ****     uint64_t mandelbrot_sum = 0;
 547              		.loc 1 440 14 view .LVU121
 548 0010 CDF82080 		str	r8, [sp, #32]
 549 0014 CDF82480 		str	r8, [sp, #36]
 550              	.LBB21:
 551              		.loc 1 442 5 view .LVU122
 552 0018 8DE0     		b	.L29
 553              	.LVL36:
 554              	.L32:
 555              	.LBB16:
 556              	.LBB17:
 557              	.LBB18:
 443:Core/Src/main.c ****         for(int x=0; x<width; x++){
 444:Core/Src/main.c ****             double x0 = ((double)x * 3.5 / width) - 2.5;
 445:Core/Src/main.c ****             double y0 = ((double)y * 2.0 / height) - 1.0;
 446:Core/Src/main.c **** 
 447:Core/Src/main.c ****             double xi = 0;
 448:Core/Src/main.c ****             double yi = 0;
 449:Core/Src/main.c ****             int iteration = 0;
 450:Core/Src/main.c **** 
 451:Core/Src/main.c ****             while (iteration < max_iterations && (xi*xi + yi*yi) <= 4.0){
 452:Core/Src/main.c ****                 double temp = (xi*xi - yi*yi);
 558              		.loc 1 452 17 is_stmt 1 view .LVU123
 559              		.loc 1 452 24 is_stmt 0 view .LVU124
 560 001a 5246     		mov	r2, r10
 561 001c 5B46     		mov	r3, fp
 562 001e DDE90001 		ldrd	r0, [sp]
 563 0022 FFF7FEFF 		bl	__aeabi_dsub
 564              	.LVL37:
 565 0026 8246     		mov	r10, r0
 566 0028 8B46     		mov	fp, r1
 567              	.LVL38:
 453:Core/Src/main.c ****                 yi = (2.0 * xi * yi) + y0;
 568              		.loc 1 453 17 is_stmt 1 view .LVU125
 569              		.loc 1 453 27 is_stmt 0 view .LVU126
 570 002a 2246     		mov	r2, r4
 571 002c 2B46     		mov	r3, r5
 572 002e 2046     		mov	r0, r4
 573 0030 2946     		mov	r1, r5
 574 0032 FFF7FEFF 		bl	__aeabi_dadd
 575              	.LVL39:
 576              		.loc 1 453 32 view .LVU127
 577 0036 3246     		mov	r2, r6
 578 0038 3B46     		mov	r3, r7
 579 003a FFF7FEFF 		bl	__aeabi_dmul
 580              	.LVL40:
ARM GAS  C:\Users\kaush\AppData\Local\Temp\cc4isafG.s 			page 20


 581              		.loc 1 453 20 view .LVU128
 582 003e DDE90423 		ldrd	r2, [sp, #16]
 583 0042 FFF7FEFF 		bl	__aeabi_dadd
 584              	.LVL41:
 585 0046 0646     		mov	r6, r0
 586              	.LVL42:
 587              		.loc 1 453 20 view .LVU129
 588 0048 0F46     		mov	r7, r1
 589              	.LVL43:
 454:Core/Src/main.c ****                 xi = temp + x0;
 590              		.loc 1 454 17 is_stmt 1 view .LVU130
 591              		.loc 1 454 20 is_stmt 0 view .LVU131
 592 004a 5246     		mov	r2, r10
 593 004c 5B46     		mov	r3, fp
 594 004e DDE90201 		ldrd	r0, [sp, #8]
 595 0052 FFF7FEFF 		bl	__aeabi_dadd
 596              	.LVL44:
 597 0056 0446     		mov	r4, r0
 598              	.LVL45:
 599              		.loc 1 454 20 view .LVU132
 600 0058 0D46     		mov	r5, r1
 601              	.LVL46:
 455:Core/Src/main.c ****                 iteration++;
 602              		.loc 1 455 17 is_stmt 1 view .LVU133
 603              		.loc 1 455 26 is_stmt 0 view .LVU134
 604 005a 08F10108 		add	r8, r8, #1
 605              	.LVL47:
 606              	.L30:
 607              		.loc 1 455 26 view .LVU135
 608              	.LBE18:
 451:Core/Src/main.c ****                 double temp = (xi*xi - yi*yi);
 609              		.loc 1 451 47 is_stmt 1 view .LVU136
 610 005e C845     		cmp	r8, r9
 611 0060 1BDA     		bge	.L31
 451:Core/Src/main.c ****                 double temp = (xi*xi - yi*yi);
 612              		.loc 1 451 53 is_stmt 0 discriminator 1 view .LVU137
 613 0062 2246     		mov	r2, r4
 614 0064 2B46     		mov	r3, r5
 615 0066 2046     		mov	r0, r4
 616 0068 2946     		mov	r1, r5
 617 006a FFF7FEFF 		bl	__aeabi_dmul
 618              	.LVL48:
 619 006e CDE90001 		strd	r0, [sp]
 451:Core/Src/main.c ****                 double temp = (xi*xi - yi*yi);
 620              		.loc 1 451 61 discriminator 1 view .LVU138
 621 0072 3246     		mov	r2, r6
 622 0074 3B46     		mov	r3, r7
 623 0076 3046     		mov	r0, r6
 624 0078 3946     		mov	r1, r7
 625 007a FFF7FEFF 		bl	__aeabi_dmul
 626              	.LVL49:
 627 007e 8246     		mov	r10, r0
 628 0080 8B46     		mov	fp, r1
 451:Core/Src/main.c ****                 double temp = (xi*xi - yi*yi);
 629              		.loc 1 451 57 discriminator 1 view .LVU139
 630 0082 0246     		mov	r2, r0
 631 0084 0B46     		mov	r3, r1
ARM GAS  C:\Users\kaush\AppData\Local\Temp\cc4isafG.s 			page 21


 632 0086 DDE90001 		ldrd	r0, [sp]
 633 008a FFF7FEFF 		bl	__aeabi_dadd
 634              	.LVL50:
 451:Core/Src/main.c ****                 double temp = (xi*xi - yi*yi);
 635              		.loc 1 451 47 discriminator 1 view .LVU140
 636 008e 0022     		movs	r2, #0
 637 0090 314B     		ldr	r3, .L39
 638 0092 FFF7FEFF 		bl	__aeabi_dcmple
 639              	.LVL51:
 640 0096 0028     		cmp	r0, #0
 641 0098 BFD1     		bne	.L32
 642              	.L31:
 456:Core/Src/main.c ****             }
 457:Core/Src/main.c **** 
 458:Core/Src/main.c ****             mandelbrot_sum += iteration;
 643              		.loc 1 458 28 view .LVU141
 644 009a DDF82890 		ldr	r9, [sp, #40]
 645              		.loc 1 458 13 is_stmt 1 view .LVU142
 646              		.loc 1 458 28 is_stmt 0 view .LVU143
 647 009e 089B     		ldr	r3, [sp, #32]
 648 00a0 18EB0302 		adds	r2, r8, r3
 649 00a4 0892     		str	r2, [sp, #32]
 650              	.LVL52:
 651              		.loc 1 458 28 view .LVU144
 652 00a6 099B     		ldr	r3, [sp, #36]
 653 00a8 43EBE873 		adc	r3, r3, r8, asr #31
 654 00ac 0993     		str	r3, [sp, #36]
 655              	.LVL53:
 656              		.loc 1 458 28 view .LVU145
 657              	.LBE17:
 443:Core/Src/main.c ****             double x0 = ((double)x * 3.5 / width) - 2.5;
 658              		.loc 1 443 32 is_stmt 1 discriminator 2 view .LVU146
 659 00ae 09F10109 		add	r9, r9, #1
 660              	.LVL54:
 661              	.L34:
 443:Core/Src/main.c ****             double x0 = ((double)x * 3.5 / width) - 2.5;
 662              		.loc 1 443 23 discriminator 1 view .LVU147
 663 00b2 079B     		ldr	r3, [sp, #28]
 664 00b4 9945     		cmp	r9, r3
 665 00b6 3ADA     		bge	.L37
 666              	.LBB19:
 444:Core/Src/main.c ****             double y0 = ((double)y * 2.0 / height) - 1.0;
 667              		.loc 1 444 13 view .LVU148
 444:Core/Src/main.c ****             double y0 = ((double)y * 2.0 / height) - 1.0;
 668              		.loc 1 444 26 is_stmt 0 view .LVU149
 669 00b8 4846     		mov	r0, r9
 670 00ba FFF7FEFF 		bl	__aeabi_i2d
 671              	.LVL55:
 444:Core/Src/main.c ****             double y0 = ((double)y * 2.0 / height) - 1.0;
 672              		.loc 1 444 36 view .LVU150
 673 00be 0022     		movs	r2, #0
 674 00c0 264B     		ldr	r3, .L39+4
 675 00c2 FFF7FEFF 		bl	__aeabi_dmul
 676              	.LVL56:
 677 00c6 0446     		mov	r4, r0
 678 00c8 0D46     		mov	r5, r1
 444:Core/Src/main.c ****             double y0 = ((double)y * 2.0 / height) - 1.0;
ARM GAS  C:\Users\kaush\AppData\Local\Temp\cc4isafG.s 			page 22


 679              		.loc 1 444 42 view .LVU151
 680 00ca 0798     		ldr	r0, [sp, #28]
 681 00cc FFF7FEFF 		bl	__aeabi_i2d
 682              	.LVL57:
 683 00d0 0246     		mov	r2, r0
 684 00d2 0B46     		mov	r3, r1
 685 00d4 2046     		mov	r0, r4
 686 00d6 2946     		mov	r1, r5
 687 00d8 FFF7FEFF 		bl	__aeabi_ddiv
 688              	.LVL58:
 444:Core/Src/main.c ****             double y0 = ((double)y * 2.0 / height) - 1.0;
 689              		.loc 1 444 20 view .LVU152
 690 00dc 0022     		movs	r2, #0
 691 00de 204B     		ldr	r3, .L39+8
 692 00e0 FFF7FEFF 		bl	__aeabi_dsub
 693              	.LVL59:
 694 00e4 CDE90201 		strd	r0, [sp, #8]
 695              	.LVL60:
 445:Core/Src/main.c **** 
 696              		.loc 1 445 13 is_stmt 1 view .LVU153
 445:Core/Src/main.c **** 
 697              		.loc 1 445 26 is_stmt 0 view .LVU154
 698 00e8 0B98     		ldr	r0, [sp, #44]
 699              	.LVL61:
 445:Core/Src/main.c **** 
 700              		.loc 1 445 26 view .LVU155
 701 00ea FFF7FEFF 		bl	__aeabi_i2d
 702              	.LVL62:
 703 00ee 0246     		mov	r2, r0
 704 00f0 0B46     		mov	r3, r1
 445:Core/Src/main.c **** 
 705              		.loc 1 445 36 view .LVU156
 706 00f2 FFF7FEFF 		bl	__aeabi_dadd
 707              	.LVL63:
 708 00f6 0446     		mov	r4, r0
 709 00f8 0D46     		mov	r5, r1
 445:Core/Src/main.c **** 
 710              		.loc 1 445 42 view .LVU157
 711 00fa 0C98     		ldr	r0, [sp, #48]
 712 00fc FFF7FEFF 		bl	__aeabi_i2d
 713              	.LVL64:
 714 0100 0246     		mov	r2, r0
 715 0102 0B46     		mov	r3, r1
 716 0104 2046     		mov	r0, r4
 717 0106 2946     		mov	r1, r5
 718 0108 FFF7FEFF 		bl	__aeabi_ddiv
 719              	.LVL65:
 445:Core/Src/main.c **** 
 720              		.loc 1 445 20 view .LVU158
 721 010c 0022     		movs	r2, #0
 722 010e 154B     		ldr	r3, .L39+12
 723 0110 FFF7FEFF 		bl	__aeabi_dsub
 724              	.LVL66:
 725 0114 CDE90401 		strd	r0, [sp, #16]
 726              	.LVL67:
 447:Core/Src/main.c ****             double yi = 0;
 727              		.loc 1 447 13 is_stmt 1 view .LVU159
ARM GAS  C:\Users\kaush\AppData\Local\Temp\cc4isafG.s 			page 23


 448:Core/Src/main.c ****             int iteration = 0;
 728              		.loc 1 448 13 view .LVU160
 449:Core/Src/main.c **** 
 729              		.loc 1 449 13 view .LVU161
 451:Core/Src/main.c ****                 double temp = (xi*xi - yi*yi);
 730              		.loc 1 451 13 view .LVU162
 449:Core/Src/main.c **** 
 731              		.loc 1 449 17 is_stmt 0 view .LVU163
 732 0118 4FF00008 		mov	r8, #0
 448:Core/Src/main.c ****             int iteration = 0;
 733              		.loc 1 448 20 view .LVU164
 734 011c 0026     		movs	r6, #0
 735 011e 0027     		movs	r7, #0
 447:Core/Src/main.c ****             double yi = 0;
 736              		.loc 1 447 20 view .LVU165
 737 0120 3446     		mov	r4, r6
 738 0122 3D46     		mov	r5, r7
 739 0124 CDF82890 		str	r9, [sp, #40]
 740 0128 DDF83490 		ldr	r9, [sp, #52]
 741              	.LVL68:
 451:Core/Src/main.c ****                 double temp = (xi*xi - yi*yi);
 742              		.loc 1 451 19 view .LVU166
 743 012c 97E7     		b	.L30
 744              	.LVL69:
 745              	.L37:
 451:Core/Src/main.c ****                 double temp = (xi*xi - yi*yi);
 746              		.loc 1 451 19 view .LVU167
 747              	.LBE19:
 748              	.LBE16:
 442:Core/Src/main.c ****         for(int x=0; x<width; x++){
 749              		.loc 1 442 29 discriminator 2 view .LVU168
 750 012e DDF82C80 		ldr	r8, [sp, #44]
 442:Core/Src/main.c ****         for(int x=0; x<width; x++){
 751              		.loc 1 442 29 is_stmt 1 discriminator 2 view .LVU169
 752 0132 08F10108 		add	r8, r8, #1
 753              	.LVL70:
 754              	.L29:
 442:Core/Src/main.c ****         for(int x=0; x<width; x++){
 755              		.loc 1 442 19 discriminator 1 view .LVU170
 756 0136 0C9B     		ldr	r3, [sp, #48]
 757 0138 9845     		cmp	r8, r3
 758 013a 05DA     		bge	.L38
 759              	.LBB20:
 443:Core/Src/main.c ****             double x0 = ((double)x * 3.5 / width) - 2.5;
 760              		.loc 1 443 17 is_stmt 0 view .LVU171
 761 013c 4FF0000A 		mov	r10, #0
 762 0140 CDF82C80 		str	r8, [sp, #44]
 763 0144 D146     		mov	r9, r10
 764 0146 B4E7     		b	.L34
 765              	.L38:
 443:Core/Src/main.c ****             double x0 = ((double)x * 3.5 / width) - 2.5;
 766              		.loc 1 443 17 view .LVU172
 767              	.LBE20:
 768              	.LBE21:
 459:Core/Src/main.c ****         }
 460:Core/Src/main.c ****     }
 461:Core/Src/main.c **** 
ARM GAS  C:\Users\kaush\AppData\Local\Temp\cc4isafG.s 			page 24


 462:Core/Src/main.c ****     return mandelbrot_sum;
 463:Core/Src/main.c **** }
 769              		.loc 1 463 1 view .LVU173
 770 0148 DDF82490 		ldr	r9, [sp, #36]
 462:Core/Src/main.c **** }
 771              		.loc 1 462 5 is_stmt 1 view .LVU174
 772              		.loc 1 463 1 is_stmt 0 view .LVU175
 773 014c 0898     		ldr	r0, [sp, #32]
 774 014e 4946     		mov	r1, r9
 775 0150 0FB0     		add	sp, sp, #60
 776              	.LCFI8:
 777              		.cfi_def_cfa_offset 36
 778              		@ sp needed
 779 0152 BDE8F08F 		pop	{r4, r5, r6, r7, r8, r9, r10, fp, pc}
 780              	.LVL71:
 781              	.L40:
 782              		.loc 1 463 1 view .LVU176
 783 0156 00BF     		.align	2
 784              	.L39:
 785 0158 00001040 		.word	1074790400
 786 015c 00000C40 		.word	1074528256
 787 0160 00000440 		.word	1074003968
 788 0164 0000F03F 		.word	1072693248
 789              		.cfi_endproc
 790              	.LFE139:
 792              		.section	.text.calculate_mandelbrot_var_fixed_point_arithmetic,"ax",%progbits
 793              		.align	1
 794              		.global	calculate_mandelbrot_var_fixed_point_arithmetic
 795              		.syntax unified
 796              		.thumb
 797              		.thumb_func
 799              	calculate_mandelbrot_var_fixed_point_arithmetic:
 800              	.LVL72:
 801              	.LFB140:
 464:Core/Src/main.c **** 
 465:Core/Src/main.c **** uint64_t calculate_mandelbrot_var_fixed_point_arithmetic(int width, int height,	int max_iterations,
 802              		.loc 1 465 111 is_stmt 1 view -0
 803              		.cfi_startproc
 804              		@ args = 0, pretend = 0, frame = 56
 805              		@ frame_needed = 0, uses_anonymous_args = 0
 806              		.loc 1 465 111 is_stmt 0 view .LVU178
 807 0000 2DE9F04F 		push	{r4, r5, r6, r7, r8, r9, r10, fp, lr}
 808              	.LCFI9:
 809              		.cfi_def_cfa_offset 36
 810              		.cfi_offset 4, -36
 811              		.cfi_offset 5, -32
 812              		.cfi_offset 6, -28
 813              		.cfi_offset 7, -24
 814              		.cfi_offset 8, -20
 815              		.cfi_offset 9, -16
 816              		.cfi_offset 10, -12
 817              		.cfi_offset 11, -8
 818              		.cfi_offset 14, -4
 819 0004 8FB0     		sub	sp, sp, #60
 820              	.LCFI10:
 821              		.cfi_def_cfa_offset 96
 822 0006 0790     		str	r0, [sp, #28]
ARM GAS  C:\Users\kaush\AppData\Local\Temp\cc4isafG.s 			page 25


 823 0008 0C91     		str	r1, [sp, #48]
 824 000a 0292     		str	r2, [sp, #8]
 825 000c 9A46     		mov	r10, r3
 466:Core/Src/main.c **** 	uint64_t mandelbrot_sum = 0;
 826              		.loc 1 466 2 is_stmt 1 view .LVU179
 827              	.LVL73:
 467:Core/Src/main.c **** 	int64_t S = Scale; // Scaling factor for fixed point arithmetic set vary between 10^3,10^4,10^6
 828              		.loc 1 467 2 view .LVU180
 829              		.loc 1 467 10 is_stmt 0 view .LVU181
 830 000e 4FEAE37B 		asr	fp, r3, #31
 831 0012 0D93     		str	r3, [sp, #52]
 832              	.LVL74:
 468:Core/Src/main.c **** 	task7_variables.overflow_square = 0;
 833              		.loc 1 468 2 is_stmt 1 view .LVU182
 834              		.loc 1 468 34 is_stmt 0 view .LVU183
 835 0014 6C4A     		ldr	r2, .L54
 836              	.LVL75:
 837              		.loc 1 468 34 view .LVU184
 838 0016 0023     		movs	r3, #0
 839              	.LVL76:
 840              		.loc 1 468 34 view .LVU185
 841 0018 1360     		str	r3, [r2]
 469:Core/Src/main.c **** 	task7_variables.overflow_cross  = 0;
 842              		.loc 1 469 2 is_stmt 1 view .LVU186
 843              		.loc 1 469 34 is_stmt 0 view .LVU187
 844 001a 5360     		str	r3, [r2, #4]
 470:Core/Src/main.c **** 	//TODO: Complete the function implementation
 471:Core/Src/main.c **** 	for (int y = 0; y < (height); y++) {
 845              		.loc 1 471 2 is_stmt 1 view .LVU188
 846              	.LBB22:
 847              		.loc 1 471 7 view .LVU189
 848              	.LVL77:
 849              		.loc 1 471 11 is_stmt 0 view .LVU190
 850 001c 9C46     		mov	ip, r3
 851              	.LBE22:
 466:Core/Src/main.c **** 	int64_t S = Scale; // Scaling factor for fixed point arithmetic set vary between 10^3,10^4,10^6
 852              		.loc 1 466 11 view .LVU191
 853 001e 0893     		str	r3, [sp, #32]
 854 0020 0993     		str	r3, [sp, #36]
 855              	.LBB29:
 856              		.loc 1 471 2 view .LVU192
 857 0022 C2E0     		b	.L42
 858              	.LVL78:
 859              	.L44:
 860              	.LBB23:
 861              	.LBB24:
 862              	.LBB25:
 472:Core/Src/main.c **** 		for (int x = 0; x < (width); x++) {
 473:Core/Src/main.c **** 			int64_t x_0 = ((int64_t) x * (int64_t) (3.5 * S)) / width
 474:Core/Src/main.c **** 					- (int64_t) (2.5 * S);
 475:Core/Src/main.c **** 			int64_t y_0 = ((int64_t) y * (int64_t) (2.0 * S)) / height
 476:Core/Src/main.c **** 					- (int64_t) (1.0 * S);
 477:Core/Src/main.c **** 			int64_t x_i = 0;
 478:Core/Src/main.c **** 			int64_t y_i = 0;
 479:Core/Src/main.c **** 			int iteration = 0;
 480:Core/Src/main.c **** 			while ((iteration < max_iterations)
 481:Core/Src/main.c **** 					&& (((x_i * x_i) / S) + ((y_i * y_i) / S) <= (4 * S))) {
ARM GAS  C:\Users\kaush\AppData\Local\Temp\cc4isafG.s 			page 26


 482:Core/Src/main.c **** 				// Check potential overflow for squares- Alters execution time so comment out
 483:Core/Src/main.c **** 				if (x_i != 0 && abs(x_i) > INT32_MAX / abs(x_i)) {
 484:Core/Src/main.c **** 					task7_variables.overflow_square++;
 485:Core/Src/main.c **** 				}
 486:Core/Src/main.c **** 			    // Check potential overflow for cross-term (2 * x_i * y_i)- Alters execution time so comment
 487:Core/Src/main.c **** 				if (x_i != 0 && y_i != 0
 488:Core/Src/main.c **** 						&& abs(y_i) > INT32_MAX / (1 * abs(x_i))) {
 489:Core/Src/main.c **** 					task7_variables.overflow_cross++;
 490:Core/Src/main.c **** 				}
 491:Core/Src/main.c **** 				int64_t temp = ((x_i * x_i) / S) - ((y_i * y_i) / S);
 863              		.loc 1 491 5 is_stmt 1 view .LVU193
 864              		.loc 1 491 13 is_stmt 0 view .LVU194
 865 0024 361A     		subs	r6, r6, r0
 866 0026 69EB0209 		sbc	r9, r9, r2
 867              	.LVL79:
 492:Core/Src/main.c **** 				y_i = (2 * x_i * y_i) / (S) + y_0;
 868              		.loc 1 492 5 is_stmt 1 view .LVU195
 869              		.loc 1 492 20 is_stmt 0 view .LVU196
 870 002a 04FB08F1 		mul	r1, r4, r8
 871 002e 05FB0711 		mla	r1, r5, r7, r1
 872 0032 A4FB0545 		umull	r4, r5, r4, r5
 873              	.LVL80:
 874              		.loc 1 492 20 view .LVU197
 875 0036 2944     		add	r1, r1, r5
 876 0038 2019     		adds	r0, r4, r4
 877              		.loc 1 492 27 view .LVU198
 878 003a 5246     		mov	r2, r10
 879 003c 5B46     		mov	r3, fp
 880 003e 4941     		adcs	r1, r1, r1
 881 0040 FFF7FEFF 		bl	__aeabi_ldivmod
 882              	.LVL81:
 883              		.loc 1 492 9 view .LVU199
 884 0044 059B     		ldr	r3, [sp, #20]
 885 0046 1D18     		adds	r5, r3, r0
 886 0048 069B     		ldr	r3, [sp, #24]
 887 004a 43EB0108 		adc	r8, r3, r1
 888              	.LVL82:
 493:Core/Src/main.c **** 				x_i = temp + x_0;
 889              		.loc 1 493 5 is_stmt 1 view .LVU200
 890              		.loc 1 493 9 is_stmt 0 view .LVU201
 891 004e 039B     		ldr	r3, [sp, #12]
 892 0050 9C19     		adds	r4, r3, r6
 893 0052 049B     		ldr	r3, [sp, #16]
 894 0054 43EB0907 		adc	r7, r3, r9
 895              	.LVL83:
 494:Core/Src/main.c **** 				iteration++;
 896              		.loc 1 494 5 is_stmt 1 view .LVU202
 897              		.loc 1 494 14 is_stmt 0 view .LVU203
 898 0058 019B     		ldr	r3, [sp, #4]
 899 005a 0133     		adds	r3, r3, #1
 900 005c 0193     		str	r3, [sp, #4]
 901              	.LVL84:
 902              	.L43:
 903              		.loc 1 494 14 view .LVU204
 904              	.LBE25:
 481:Core/Src/main.c **** 				// Check potential overflow for squares- Alters execution time so comment out
 905              		.loc 1 481 6 is_stmt 1 view .LVU205
ARM GAS  C:\Users\kaush\AppData\Local\Temp\cc4isafG.s 			page 27


 906 005e 019B     		ldr	r3, [sp, #4]
 907 0060 029A     		ldr	r2, [sp, #8]
 908 0062 9342     		cmp	r3, r2
 909 0064 45DA     		bge	.L46
 481:Core/Src/main.c **** 				// Check potential overflow for squares- Alters execution time so comment out
 910              		.loc 1 481 16 is_stmt 0 discriminator 1 view .LVU206
 911 0066 04FB07F1 		mul	r1, r4, r7
 912 006a A4FB0406 		umull	r0, r6, r4, r4
 481:Core/Src/main.c **** 				// Check potential overflow for squares- Alters execution time so comment out
 913              		.loc 1 481 23 discriminator 1 view .LVU207
 914 006e 5246     		mov	r2, r10
 915 0070 5B46     		mov	r3, fp
 916 0072 06EB4101 		add	r1, r6, r1, lsl #1
 917 0076 FFF7FEFF 		bl	__aeabi_ldivmod
 918              	.LVL85:
 919 007a 8946     		mov	r9, r1
 920 007c 0646     		mov	r6, r0
 481:Core/Src/main.c **** 				// Check potential overflow for squares- Alters execution time so comment out
 921              		.loc 1 481 36 discriminator 1 view .LVU208
 922 007e 05FB08F1 		mul	r1, r5, r8
 923 0082 A5FB050C 		umull	r0, ip, r5, r5
 481:Core/Src/main.c **** 				// Check potential overflow for squares- Alters execution time so comment out
 924              		.loc 1 481 43 discriminator 1 view .LVU209
 925 0086 5246     		mov	r2, r10
 926 0088 5B46     		mov	r3, fp
 927 008a 0CEB4101 		add	r1, ip, r1, lsl #1
 928 008e FFF7FEFF 		bl	__aeabi_ldivmod
 929              	.LVL86:
 930 0092 0A46     		mov	r2, r1
 481:Core/Src/main.c **** 				// Check potential overflow for squares- Alters execution time so comment out
 931              		.loc 1 481 28 discriminator 1 view .LVU210
 932 0094 16EB000C 		adds	ip, r6, r0
 933 0098 49EB0101 		adc	r1, r9, r1
 481:Core/Src/main.c **** 				// Check potential overflow for squares- Alters execution time so comment out
 934              		.loc 1 481 54 discriminator 1 view .LVU211
 935 009c 4FEA8B03 		lsl	r3, fp, #2
 936 00a0 43EA9A73 		orr	r3, r3, r10, lsr #30
 937 00a4 4FEA8A0E 		lsl	lr, r10, #2
 481:Core/Src/main.c **** 				// Check potential overflow for squares- Alters execution time so comment out
 938              		.loc 1 481 6 discriminator 1 view .LVU212
 939 00a8 E645     		cmp	lr, ip
 940 00aa 8B41     		sbcs	r3, r3, r1
 941 00ac 21DB     		blt	.L46
 942              	.LBB26:
 483:Core/Src/main.c **** 					task7_variables.overflow_square++;
 943              		.loc 1 483 5 is_stmt 1 view .LVU213
 483:Core/Src/main.c **** 					task7_variables.overflow_square++;
 944              		.loc 1 483 8 is_stmt 0 view .LVU214
 945 00ae 54EA0703 		orrs	r3, r4, r7
 946 00b2 B7D0     		beq	.L44
 483:Core/Src/main.c **** 					task7_variables.overflow_square++;
 947              		.loc 1 483 21 discriminator 1 view .LVU215
 948 00b4 84EAE471 		eor	r1, r4, r4, asr #31
 949 00b8 A1EBE471 		sub	r1, r1, r4, asr #31
 483:Core/Src/main.c **** 					task7_variables.overflow_square++;
 950              		.loc 1 483 42 discriminator 1 view .LVU216
 951 00bc 6FF00043 		mvn	r3, #-2147483648
ARM GAS  C:\Users\kaush\AppData\Local\Temp\cc4isafG.s 			page 28


 952 00c0 93FBF1F3 		sdiv	r3, r3, r1
 483:Core/Src/main.c **** 					task7_variables.overflow_square++;
 953              		.loc 1 483 18 discriminator 1 view .LVU217
 954 00c4 9942     		cmp	r1, r3
 955 00c6 06DD     		ble	.L45
 484:Core/Src/main.c **** 				}
 956              		.loc 1 484 6 is_stmt 1 view .LVU218
 484:Core/Src/main.c **** 				}
 957              		.loc 1 484 21 is_stmt 0 view .LVU219
 958 00c8 DFF8FCC0 		ldr	ip, .L54
 959 00cc DCF80010 		ldr	r1, [ip]
 484:Core/Src/main.c **** 				}
 960              		.loc 1 484 37 view .LVU220
 961 00d0 0131     		adds	r1, r1, #1
 962 00d2 CCF80010 		str	r1, [ip]
 963              	.L45:
 487:Core/Src/main.c **** 						&& abs(y_i) > INT32_MAX / (1 * abs(x_i))) {
 964              		.loc 1 487 5 is_stmt 1 view .LVU221
 487:Core/Src/main.c **** 						&& abs(y_i) > INT32_MAX / (1 * abs(x_i))) {
 965              		.loc 1 487 18 is_stmt 0 discriminator 1 view .LVU222
 966 00d6 55EA0801 		orrs	r1, r5, r8
 967 00da A3D0     		beq	.L44
 488:Core/Src/main.c **** 					task7_variables.overflow_cross++;
 968              		.loc 1 488 10 view .LVU223
 969 00dc 85EAE571 		eor	r1, r5, r5, asr #31
 970 00e0 A1EBE571 		sub	r1, r1, r5, asr #31
 488:Core/Src/main.c **** 					task7_variables.overflow_cross++;
 971              		.loc 1 488 7 view .LVU224
 972 00e4 8B42     		cmp	r3, r1
 973 00e6 9DDA     		bge	.L44
 489:Core/Src/main.c **** 				}
 974              		.loc 1 489 6 is_stmt 1 view .LVU225
 489:Core/Src/main.c **** 				}
 975              		.loc 1 489 21 is_stmt 0 view .LVU226
 976 00e8 3749     		ldr	r1, .L54
 977 00ea 4B68     		ldr	r3, [r1, #4]
 489:Core/Src/main.c **** 				}
 978              		.loc 1 489 36 view .LVU227
 979 00ec 0133     		adds	r3, r3, #1
 980 00ee 4B60     		str	r3, [r1, #4]
 981 00f0 98E7     		b	.L44
 982              	.L46:
 489:Core/Src/main.c **** 				}
 983              		.loc 1 489 36 view .LVU228
 984              	.LBE26:
 495:Core/Src/main.c **** 
 496:Core/Src/main.c **** 			}
 497:Core/Src/main.c **** 			mandelbrot_sum += iteration;
 985              		.loc 1 497 19 view .LVU229
 986 00f2 0A9E     		ldr	r6, [sp, #40]
 987              		.loc 1 497 4 is_stmt 1 view .LVU230
 988              		.loc 1 497 19 is_stmt 0 view .LVU231
 989 00f4 019A     		ldr	r2, [sp, #4]
 990 00f6 089B     		ldr	r3, [sp, #32]
 991 00f8 D318     		adds	r3, r2, r3
 992 00fa 0893     		str	r3, [sp, #32]
 993              	.LVL87:
ARM GAS  C:\Users\kaush\AppData\Local\Temp\cc4isafG.s 			page 29


 994              		.loc 1 497 19 view .LVU232
 995 00fc 099B     		ldr	r3, [sp, #36]
 996 00fe 43EBE273 		adc	r3, r3, r2, asr #31
 997 0102 0993     		str	r3, [sp, #36]
 998              	.LVL88:
 999              		.loc 1 497 19 view .LVU233
 1000              	.LBE24:
 472:Core/Src/main.c **** 			int64_t x_0 = ((int64_t) x * (int64_t) (3.5 * S)) / width
 1001              		.loc 1 472 33 is_stmt 1 discriminator 2 view .LVU234
 1002 0104 0136     		adds	r6, r6, #1
 1003              	.LVL89:
 1004              	.L49:
 472:Core/Src/main.c **** 			int64_t x_0 = ((int64_t) x * (int64_t) (3.5 * S)) / width
 1005              		.loc 1 472 21 discriminator 1 view .LVU235
 1006 0106 079B     		ldr	r3, [sp, #28]
 1007 0108 9E42     		cmp	r6, r3
 1008 010a 4ADA     		bge	.L52
 1009              	.LBB27:
 473:Core/Src/main.c **** 					- (int64_t) (2.5 * S);
 1010              		.loc 1 473 4 view .LVU236
 473:Core/Src/main.c **** 					- (int64_t) (2.5 * S);
 1011              		.loc 1 473 19 is_stmt 0 view .LVU237
 1012 010c F417     		asrs	r4, r6, #31
 473:Core/Src/main.c **** 					- (int64_t) (2.5 * S);
 1013              		.loc 1 473 48 view .LVU238
 1014 010e 5046     		mov	r0, r10
 1015 0110 FFF7FEFF 		bl	__aeabi_i2d
 1016              	.LVL90:
 1017 0114 8046     		mov	r8, r0
 1018 0116 8946     		mov	r9, r1
 1019 0118 0022     		movs	r2, #0
 1020 011a 2C4B     		ldr	r3, .L54+4
 1021 011c FFF7FEFF 		bl	__aeabi_dmul
 1022              	.LVL91:
 473:Core/Src/main.c **** 					- (int64_t) (2.5 * S);
 1023              		.loc 1 473 33 view .LVU239
 1024 0120 FFF7FEFF 		bl	__aeabi_d2lz
 1025              	.LVL92:
 473:Core/Src/main.c **** 					- (int64_t) (2.5 * S);
 1026              		.loc 1 473 31 view .LVU240
 1027 0124 06FB01F1 		mul	r1, r6, r1
 1028 0128 00FB0414 		mla	r4, r0, r4, r1
 1029 012c A6FB0001 		umull	r0, r1, r6, r0
 473:Core/Src/main.c **** 					- (int64_t) (2.5 * S);
 1030              		.loc 1 473 54 view .LVU241
 1031 0130 079B     		ldr	r3, [sp, #28]
 1032 0132 1A46     		mov	r2, r3
 1033 0134 DB17     		asrs	r3, r3, #31
 1034 0136 2144     		add	r1, r1, r4
 1035 0138 FFF7FEFF 		bl	__aeabi_ldivmod
 1036              	.LVL93:
 1037 013c 0C46     		mov	r4, r1
 1038 013e 0546     		mov	r5, r0
 474:Core/Src/main.c **** 			int64_t y_0 = ((int64_t) y * (int64_t) (2.0 * S)) / height
 1039              		.loc 1 474 23 view .LVU242
 1040 0140 0022     		movs	r2, #0
 1041 0142 234B     		ldr	r3, .L54+8
ARM GAS  C:\Users\kaush\AppData\Local\Temp\cc4isafG.s 			page 30


 1042 0144 4046     		mov	r0, r8
 1043 0146 4946     		mov	r1, r9
 1044 0148 FFF7FEFF 		bl	__aeabi_dmul
 1045              	.LVL94:
 474:Core/Src/main.c **** 			int64_t y_0 = ((int64_t) y * (int64_t) (2.0 * S)) / height
 1046              		.loc 1 474 8 view .LVU243
 1047 014c FFF7FEFF 		bl	__aeabi_d2lz
 1048              	.LVL95:
 473:Core/Src/main.c **** 					- (int64_t) (2.5 * S);
 1049              		.loc 1 473 12 view .LVU244
 1050 0150 2B1A     		subs	r3, r5, r0
 1051 0152 0393     		str	r3, [sp, #12]
 1052 0154 64EB0103 		sbc	r3, r4, r1
 1053 0158 0493     		str	r3, [sp, #16]
 1054              	.LVL96:
 475:Core/Src/main.c **** 					- (int64_t) (1.0 * S);
 1055              		.loc 1 475 4 is_stmt 1 view .LVU245
 475:Core/Src/main.c **** 					- (int64_t) (1.0 * S);
 1056              		.loc 1 475 19 is_stmt 0 view .LVU246
 1057 015a 0B9D     		ldr	r5, [sp, #44]
 1058 015c EC17     		asrs	r4, r5, #31
 475:Core/Src/main.c **** 					- (int64_t) (1.0 * S);
 1059              		.loc 1 475 48 view .LVU247
 1060 015e 4246     		mov	r2, r8
 1061 0160 4B46     		mov	r3, r9
 1062              	.LVL97:
 475:Core/Src/main.c **** 					- (int64_t) (1.0 * S);
 1063              		.loc 1 475 48 view .LVU248
 1064 0162 4046     		mov	r0, r8
 1065 0164 4946     		mov	r1, r9
 1066 0166 FFF7FEFF 		bl	__aeabi_dadd
 1067              	.LVL98:
 475:Core/Src/main.c **** 					- (int64_t) (1.0 * S);
 1068              		.loc 1 475 33 view .LVU249
 1069 016a FFF7FEFF 		bl	__aeabi_d2lz
 1070              	.LVL99:
 475:Core/Src/main.c **** 					- (int64_t) (1.0 * S);
 1071              		.loc 1 475 31 view .LVU250
 1072 016e 05FB01F1 		mul	r1, r5, r1
 1073 0172 00FB0414 		mla	r4, r0, r4, r1
 1074 0176 A5FB0001 		umull	r0, r1, r5, r0
 475:Core/Src/main.c **** 					- (int64_t) (1.0 * S);
 1075              		.loc 1 475 54 view .LVU251
 1076 017a 0C9B     		ldr	r3, [sp, #48]
 1077 017c 1A46     		mov	r2, r3
 1078 017e DB17     		asrs	r3, r3, #31
 1079 0180 2144     		add	r1, r1, r4
 1080 0182 FFF7FEFF 		bl	__aeabi_ldivmod
 1081              	.LVL100:
 475:Core/Src/main.c **** 					- (int64_t) (1.0 * S);
 1082              		.loc 1 475 12 view .LVU252
 1083 0186 0D9B     		ldr	r3, [sp, #52]
 1084 0188 C31A     		subs	r3, r0, r3
 1085 018a 0593     		str	r3, [sp, #20]
 1086 018c 61EB0B03 		sbc	r3, r1, fp
 1087 0190 0693     		str	r3, [sp, #24]
 1088              	.LVL101:
ARM GAS  C:\Users\kaush\AppData\Local\Temp\cc4isafG.s 			page 31


 477:Core/Src/main.c **** 			int64_t y_i = 0;
 1089              		.loc 1 477 4 is_stmt 1 view .LVU253
 478:Core/Src/main.c **** 			int iteration = 0;
 1090              		.loc 1 478 4 view .LVU254
 479:Core/Src/main.c **** 			while ((iteration < max_iterations)
 1091              		.loc 1 479 4 view .LVU255
 480:Core/Src/main.c **** 					&& (((x_i * x_i) / S) + ((y_i * y_i) / S) <= (4 * S))) {
 1092              		.loc 1 480 4 view .LVU256
 479:Core/Src/main.c **** 			while ((iteration < max_iterations)
 1093              		.loc 1 479 8 is_stmt 0 view .LVU257
 1094 0192 0023     		movs	r3, #0
 1095              	.LVL102:
 479:Core/Src/main.c **** 			while ((iteration < max_iterations)
 1096              		.loc 1 479 8 view .LVU258
 1097 0194 1F46     		mov	r7, r3
 1098 0196 0193     		str	r3, [sp, #4]
 478:Core/Src/main.c **** 			int iteration = 0;
 1099              		.loc 1 478 12 view .LVU259
 1100 0198 1D46     		mov	r5, r3
 1101 019a 9846     		mov	r8, r3
 477:Core/Src/main.c **** 			int64_t y_i = 0;
 1102              		.loc 1 477 12 view .LVU260
 1103 019c 1C46     		mov	r4, r3
 1104 019e 0A96     		str	r6, [sp, #40]
 480:Core/Src/main.c **** 					&& (((x_i * x_i) / S) + ((y_i * y_i) / S) <= (4 * S))) {
 1105              		.loc 1 480 10 view .LVU261
 1106 01a0 5DE7     		b	.L43
 1107              	.LVL103:
 1108              	.L52:
 480:Core/Src/main.c **** 					&& (((x_i * x_i) / S) + ((y_i * y_i) / S) <= (4 * S))) {
 1109              		.loc 1 480 10 view .LVU262
 1110              	.LBE27:
 1111              	.LBE23:
 471:Core/Src/main.c **** 		for (int x = 0; x < (width); x++) {
 1112              		.loc 1 471 33 discriminator 2 view .LVU263
 1113 01a2 DDF82CC0 		ldr	ip, [sp, #44]
 471:Core/Src/main.c **** 		for (int x = 0; x < (width); x++) {
 1114              		.loc 1 471 33 is_stmt 1 discriminator 2 view .LVU264
 1115 01a6 0CF1010C 		add	ip, ip, #1
 1116              	.LVL104:
 1117              	.L42:
 471:Core/Src/main.c **** 		for (int x = 0; x < (width); x++) {
 1118              		.loc 1 471 20 discriminator 1 view .LVU265
 1119 01aa 0C9B     		ldr	r3, [sp, #48]
 1120 01ac 9C45     		cmp	ip, r3
 1121 01ae 05DA     		bge	.L53
 1122              	.LBB28:
 472:Core/Src/main.c **** 			int64_t x_0 = ((int64_t) x * (int64_t) (3.5 * S)) / width
 1123              		.loc 1 472 12 is_stmt 0 view .LVU266
 1124 01b0 4FF00009 		mov	r9, #0
 1125 01b4 CDF82CC0 		str	ip, [sp, #44]
 1126 01b8 4E46     		mov	r6, r9
 1127 01ba A4E7     		b	.L49
 1128              	.L53:
 472:Core/Src/main.c **** 			int64_t x_0 = ((int64_t) x * (int64_t) (3.5 * S)) / width
 1129              		.loc 1 472 12 view .LVU267
 1130              	.LBE28:
ARM GAS  C:\Users\kaush\AppData\Local\Temp\cc4isafG.s 			page 32


 1131              	.LBE29:
 498:Core/Src/main.c **** 		}
 499:Core/Src/main.c **** 	}
 500:Core/Src/main.c **** 	return mandelbrot_sum;
 1132              		.loc 1 500 2 is_stmt 1 view .LVU268
 501:Core/Src/main.c **** }
 1133              		.loc 1 501 1 is_stmt 0 view .LVU269
 1134 01bc 0898     		ldr	r0, [sp, #32]
 1135 01be 0999     		ldr	r1, [sp, #36]
 1136 01c0 0FB0     		add	sp, sp, #60
 1137              	.LCFI11:
 1138              		.cfi_def_cfa_offset 36
 1139              		@ sp needed
 1140 01c2 BDE8F08F 		pop	{r4, r5, r6, r7, r8, r9, r10, fp, pc}
 1141              	.LVL105:
 1142              	.L55:
 1143              		.loc 1 501 1 view .LVU270
 1144 01c6 00BF     		.align	2
 1145              	.L54:
 1146 01c8 00000000 		.word	task7_variables
 1147 01cc 00000C40 		.word	1074528256
 1148 01d0 00000440 		.word	1074003968
 1149              		.cfi_endproc
 1150              	.LFE140:
 1152              		.section	.text.Error_Handler,"ax",%progbits
 1153              		.align	1
 1154              		.global	Error_Handler
 1155              		.syntax unified
 1156              		.thumb
 1157              		.thumb_func
 1159              	Error_Handler:
 1160              	.LFB141:
 502:Core/Src/main.c **** /* USER CODE END 4 */
 503:Core/Src/main.c **** 
 504:Core/Src/main.c **** /**
 505:Core/Src/main.c ****   * @brief  This function is executed in case of error occurrence.
 506:Core/Src/main.c ****   * @retval None
 507:Core/Src/main.c ****   */
 508:Core/Src/main.c **** void Error_Handler(void)
 509:Core/Src/main.c **** {
 1161              		.loc 1 509 1 is_stmt 1 view -0
 1162              		.cfi_startproc
 1163              		@ Volatile: function does not return.
 1164              		@ args = 0, pretend = 0, frame = 0
 1165              		@ frame_needed = 0, uses_anonymous_args = 0
 1166              		@ link register save eliminated.
 510:Core/Src/main.c ****   /* USER CODE BEGIN Error_Handler_Debug */
 511:Core/Src/main.c ****   /* User can add his own implementation to report the HAL error return state */
 512:Core/Src/main.c ****   __disable_irq();
 1167              		.loc 1 512 3 view .LVU272
 1168              	.LBB30:
 1169              	.LBI30:
 1170              		.file 2 "Drivers/CMSIS/Include/cmsis_gcc.h"
   1:Drivers/CMSIS/Include/cmsis_gcc.h **** /**************************************************************************//**
   2:Drivers/CMSIS/Include/cmsis_gcc.h ****  * @file     cmsis_gcc.h
   3:Drivers/CMSIS/Include/cmsis_gcc.h ****  * @brief    CMSIS compiler GCC header file
   4:Drivers/CMSIS/Include/cmsis_gcc.h ****  * @version  V5.4.1
ARM GAS  C:\Users\kaush\AppData\Local\Temp\cc4isafG.s 			page 33


   5:Drivers/CMSIS/Include/cmsis_gcc.h ****  * @date     27. May 2021
   6:Drivers/CMSIS/Include/cmsis_gcc.h ****  ******************************************************************************/
   7:Drivers/CMSIS/Include/cmsis_gcc.h **** /*
   8:Drivers/CMSIS/Include/cmsis_gcc.h ****  * Copyright (c) 2009-2021 Arm Limited. All rights reserved.
   9:Drivers/CMSIS/Include/cmsis_gcc.h ****  *
  10:Drivers/CMSIS/Include/cmsis_gcc.h ****  * SPDX-License-Identifier: Apache-2.0
  11:Drivers/CMSIS/Include/cmsis_gcc.h ****  *
  12:Drivers/CMSIS/Include/cmsis_gcc.h ****  * Licensed under the Apache License, Version 2.0 (the License); you may
  13:Drivers/CMSIS/Include/cmsis_gcc.h ****  * not use this file except in compliance with the License.
  14:Drivers/CMSIS/Include/cmsis_gcc.h ****  * You may obtain a copy of the License at
  15:Drivers/CMSIS/Include/cmsis_gcc.h ****  *
  16:Drivers/CMSIS/Include/cmsis_gcc.h ****  * www.apache.org/licenses/LICENSE-2.0
  17:Drivers/CMSIS/Include/cmsis_gcc.h ****  *
  18:Drivers/CMSIS/Include/cmsis_gcc.h ****  * Unless required by applicable law or agreed to in writing, software
  19:Drivers/CMSIS/Include/cmsis_gcc.h ****  * distributed under the License is distributed on an AS IS BASIS, WITHOUT
  20:Drivers/CMSIS/Include/cmsis_gcc.h ****  * WARRANTIES OR CONDITIONS OF ANY KIND, either express or implied.
  21:Drivers/CMSIS/Include/cmsis_gcc.h ****  * See the License for the specific language governing permissions and
  22:Drivers/CMSIS/Include/cmsis_gcc.h ****  * limitations under the License.
  23:Drivers/CMSIS/Include/cmsis_gcc.h ****  */
  24:Drivers/CMSIS/Include/cmsis_gcc.h **** 
  25:Drivers/CMSIS/Include/cmsis_gcc.h **** #ifndef __CMSIS_GCC_H
  26:Drivers/CMSIS/Include/cmsis_gcc.h **** #define __CMSIS_GCC_H
  27:Drivers/CMSIS/Include/cmsis_gcc.h **** 
  28:Drivers/CMSIS/Include/cmsis_gcc.h **** /* ignore some GCC warnings */
  29:Drivers/CMSIS/Include/cmsis_gcc.h **** #pragma GCC diagnostic push
  30:Drivers/CMSIS/Include/cmsis_gcc.h **** #pragma GCC diagnostic ignored "-Wsign-conversion"
  31:Drivers/CMSIS/Include/cmsis_gcc.h **** #pragma GCC diagnostic ignored "-Wconversion"
  32:Drivers/CMSIS/Include/cmsis_gcc.h **** #pragma GCC diagnostic ignored "-Wunused-parameter"
  33:Drivers/CMSIS/Include/cmsis_gcc.h **** 
  34:Drivers/CMSIS/Include/cmsis_gcc.h **** /* Fallback for __has_builtin */
  35:Drivers/CMSIS/Include/cmsis_gcc.h **** #ifndef __has_builtin
  36:Drivers/CMSIS/Include/cmsis_gcc.h ****   #define __has_builtin(x) (0)
  37:Drivers/CMSIS/Include/cmsis_gcc.h **** #endif
  38:Drivers/CMSIS/Include/cmsis_gcc.h **** 
  39:Drivers/CMSIS/Include/cmsis_gcc.h **** /* CMSIS compiler specific defines */
  40:Drivers/CMSIS/Include/cmsis_gcc.h **** #ifndef   __ASM
  41:Drivers/CMSIS/Include/cmsis_gcc.h ****   #define __ASM                                  __asm
  42:Drivers/CMSIS/Include/cmsis_gcc.h **** #endif
  43:Drivers/CMSIS/Include/cmsis_gcc.h **** #ifndef   __INLINE
  44:Drivers/CMSIS/Include/cmsis_gcc.h ****   #define __INLINE                               inline
  45:Drivers/CMSIS/Include/cmsis_gcc.h **** #endif
  46:Drivers/CMSIS/Include/cmsis_gcc.h **** #ifndef   __STATIC_INLINE
  47:Drivers/CMSIS/Include/cmsis_gcc.h ****   #define __STATIC_INLINE                        static inline
  48:Drivers/CMSIS/Include/cmsis_gcc.h **** #endif
  49:Drivers/CMSIS/Include/cmsis_gcc.h **** #ifndef   __STATIC_FORCEINLINE
  50:Drivers/CMSIS/Include/cmsis_gcc.h ****   #define __STATIC_FORCEINLINE                   __attribute__((always_inline)) static inline
  51:Drivers/CMSIS/Include/cmsis_gcc.h **** #endif
  52:Drivers/CMSIS/Include/cmsis_gcc.h **** #ifndef   __NO_RETURN
  53:Drivers/CMSIS/Include/cmsis_gcc.h ****   #define __NO_RETURN                            __attribute__((__noreturn__))
  54:Drivers/CMSIS/Include/cmsis_gcc.h **** #endif
  55:Drivers/CMSIS/Include/cmsis_gcc.h **** #ifndef   __USED
  56:Drivers/CMSIS/Include/cmsis_gcc.h ****   #define __USED                                 __attribute__((used))
  57:Drivers/CMSIS/Include/cmsis_gcc.h **** #endif
  58:Drivers/CMSIS/Include/cmsis_gcc.h **** #ifndef   __WEAK
  59:Drivers/CMSIS/Include/cmsis_gcc.h ****   #define __WEAK                                 __attribute__((weak))
  60:Drivers/CMSIS/Include/cmsis_gcc.h **** #endif
  61:Drivers/CMSIS/Include/cmsis_gcc.h **** #ifndef   __PACKED
ARM GAS  C:\Users\kaush\AppData\Local\Temp\cc4isafG.s 			page 34


  62:Drivers/CMSIS/Include/cmsis_gcc.h ****   #define __PACKED                               __attribute__((packed, aligned(1)))
  63:Drivers/CMSIS/Include/cmsis_gcc.h **** #endif
  64:Drivers/CMSIS/Include/cmsis_gcc.h **** #ifndef   __PACKED_STRUCT
  65:Drivers/CMSIS/Include/cmsis_gcc.h ****   #define __PACKED_STRUCT                        struct __attribute__((packed, aligned(1)))
  66:Drivers/CMSIS/Include/cmsis_gcc.h **** #endif
  67:Drivers/CMSIS/Include/cmsis_gcc.h **** #ifndef   __PACKED_UNION
  68:Drivers/CMSIS/Include/cmsis_gcc.h ****   #define __PACKED_UNION                         union __attribute__((packed, aligned(1)))
  69:Drivers/CMSIS/Include/cmsis_gcc.h **** #endif
  70:Drivers/CMSIS/Include/cmsis_gcc.h **** #ifndef   __UNALIGNED_UINT32        /* deprecated */
  71:Drivers/CMSIS/Include/cmsis_gcc.h ****   #pragma GCC diagnostic push
  72:Drivers/CMSIS/Include/cmsis_gcc.h ****   #pragma GCC diagnostic ignored "-Wpacked"
  73:Drivers/CMSIS/Include/cmsis_gcc.h ****   #pragma GCC diagnostic ignored "-Wattributes"
  74:Drivers/CMSIS/Include/cmsis_gcc.h ****   struct __attribute__((packed)) T_UINT32 { uint32_t v; };
  75:Drivers/CMSIS/Include/cmsis_gcc.h ****   #pragma GCC diagnostic pop
  76:Drivers/CMSIS/Include/cmsis_gcc.h ****   #define __UNALIGNED_UINT32(x)                  (((struct T_UINT32 *)(x))->v)
  77:Drivers/CMSIS/Include/cmsis_gcc.h **** #endif
  78:Drivers/CMSIS/Include/cmsis_gcc.h **** #ifndef   __UNALIGNED_UINT16_WRITE
  79:Drivers/CMSIS/Include/cmsis_gcc.h ****   #pragma GCC diagnostic push
  80:Drivers/CMSIS/Include/cmsis_gcc.h ****   #pragma GCC diagnostic ignored "-Wpacked"
  81:Drivers/CMSIS/Include/cmsis_gcc.h ****   #pragma GCC diagnostic ignored "-Wattributes"
  82:Drivers/CMSIS/Include/cmsis_gcc.h ****   __PACKED_STRUCT T_UINT16_WRITE { uint16_t v; };
  83:Drivers/CMSIS/Include/cmsis_gcc.h ****   #pragma GCC diagnostic pop
  84:Drivers/CMSIS/Include/cmsis_gcc.h ****   #define __UNALIGNED_UINT16_WRITE(addr, val)    (void)((((struct T_UINT16_WRITE *)(void *)(addr))-
  85:Drivers/CMSIS/Include/cmsis_gcc.h **** #endif
  86:Drivers/CMSIS/Include/cmsis_gcc.h **** #ifndef   __UNALIGNED_UINT16_READ
  87:Drivers/CMSIS/Include/cmsis_gcc.h ****   #pragma GCC diagnostic push
  88:Drivers/CMSIS/Include/cmsis_gcc.h ****   #pragma GCC diagnostic ignored "-Wpacked"
  89:Drivers/CMSIS/Include/cmsis_gcc.h ****   #pragma GCC diagnostic ignored "-Wattributes"
  90:Drivers/CMSIS/Include/cmsis_gcc.h ****   __PACKED_STRUCT T_UINT16_READ { uint16_t v; };
  91:Drivers/CMSIS/Include/cmsis_gcc.h ****   #pragma GCC diagnostic pop
  92:Drivers/CMSIS/Include/cmsis_gcc.h ****   #define __UNALIGNED_UINT16_READ(addr)          (((const struct T_UINT16_READ *)(const void *)(add
  93:Drivers/CMSIS/Include/cmsis_gcc.h **** #endif
  94:Drivers/CMSIS/Include/cmsis_gcc.h **** #ifndef   __UNALIGNED_UINT32_WRITE
  95:Drivers/CMSIS/Include/cmsis_gcc.h ****   #pragma GCC diagnostic push
  96:Drivers/CMSIS/Include/cmsis_gcc.h ****   #pragma GCC diagnostic ignored "-Wpacked"
  97:Drivers/CMSIS/Include/cmsis_gcc.h ****   #pragma GCC diagnostic ignored "-Wattributes"
  98:Drivers/CMSIS/Include/cmsis_gcc.h ****   __PACKED_STRUCT T_UINT32_WRITE { uint32_t v; };
  99:Drivers/CMSIS/Include/cmsis_gcc.h ****   #pragma GCC diagnostic pop
 100:Drivers/CMSIS/Include/cmsis_gcc.h ****   #define __UNALIGNED_UINT32_WRITE(addr, val)    (void)((((struct T_UINT32_WRITE *)(void *)(addr))-
 101:Drivers/CMSIS/Include/cmsis_gcc.h **** #endif
 102:Drivers/CMSIS/Include/cmsis_gcc.h **** #ifndef   __UNALIGNED_UINT32_READ
 103:Drivers/CMSIS/Include/cmsis_gcc.h ****   #pragma GCC diagnostic push
 104:Drivers/CMSIS/Include/cmsis_gcc.h ****   #pragma GCC diagnostic ignored "-Wpacked"
 105:Drivers/CMSIS/Include/cmsis_gcc.h ****   #pragma GCC diagnostic ignored "-Wattributes"
 106:Drivers/CMSIS/Include/cmsis_gcc.h ****   __PACKED_STRUCT T_UINT32_READ { uint32_t v; };
 107:Drivers/CMSIS/Include/cmsis_gcc.h ****   #pragma GCC diagnostic pop
 108:Drivers/CMSIS/Include/cmsis_gcc.h ****   #define __UNALIGNED_UINT32_READ(addr)          (((const struct T_UINT32_READ *)(const void *)(add
 109:Drivers/CMSIS/Include/cmsis_gcc.h **** #endif
 110:Drivers/CMSIS/Include/cmsis_gcc.h **** #ifndef   __ALIGNED
 111:Drivers/CMSIS/Include/cmsis_gcc.h ****   #define __ALIGNED(x)                           __attribute__((aligned(x)))
 112:Drivers/CMSIS/Include/cmsis_gcc.h **** #endif
 113:Drivers/CMSIS/Include/cmsis_gcc.h **** #ifndef   __RESTRICT
 114:Drivers/CMSIS/Include/cmsis_gcc.h ****   #define __RESTRICT                             __restrict
 115:Drivers/CMSIS/Include/cmsis_gcc.h **** #endif
 116:Drivers/CMSIS/Include/cmsis_gcc.h **** #ifndef   __COMPILER_BARRIER
 117:Drivers/CMSIS/Include/cmsis_gcc.h ****   #define __COMPILER_BARRIER()                   __ASM volatile("":::"memory")
 118:Drivers/CMSIS/Include/cmsis_gcc.h **** #endif
ARM GAS  C:\Users\kaush\AppData\Local\Temp\cc4isafG.s 			page 35


 119:Drivers/CMSIS/Include/cmsis_gcc.h **** 
 120:Drivers/CMSIS/Include/cmsis_gcc.h **** /* #########################  Startup and Lowlevel Init  ######################## */
 121:Drivers/CMSIS/Include/cmsis_gcc.h **** 
 122:Drivers/CMSIS/Include/cmsis_gcc.h **** #ifndef __PROGRAM_START
 123:Drivers/CMSIS/Include/cmsis_gcc.h **** 
 124:Drivers/CMSIS/Include/cmsis_gcc.h **** /**
 125:Drivers/CMSIS/Include/cmsis_gcc.h ****   \brief   Initializes data and bss sections
 126:Drivers/CMSIS/Include/cmsis_gcc.h ****   \details This default implementations initialized all data and additional bss
 127:Drivers/CMSIS/Include/cmsis_gcc.h ****            sections relying on .copy.table and .zero.table specified properly
 128:Drivers/CMSIS/Include/cmsis_gcc.h ****            in the used linker script.
 129:Drivers/CMSIS/Include/cmsis_gcc.h **** 
 130:Drivers/CMSIS/Include/cmsis_gcc.h ****  */
 131:Drivers/CMSIS/Include/cmsis_gcc.h **** __STATIC_FORCEINLINE __NO_RETURN void __cmsis_start(void)
 132:Drivers/CMSIS/Include/cmsis_gcc.h **** {
 133:Drivers/CMSIS/Include/cmsis_gcc.h ****   extern void _start(void) __NO_RETURN;
 134:Drivers/CMSIS/Include/cmsis_gcc.h **** 
 135:Drivers/CMSIS/Include/cmsis_gcc.h ****   typedef struct {
 136:Drivers/CMSIS/Include/cmsis_gcc.h ****     uint32_t const* src;
 137:Drivers/CMSIS/Include/cmsis_gcc.h ****     uint32_t* dest;
 138:Drivers/CMSIS/Include/cmsis_gcc.h ****     uint32_t  wlen;
 139:Drivers/CMSIS/Include/cmsis_gcc.h ****   } __copy_table_t;
 140:Drivers/CMSIS/Include/cmsis_gcc.h **** 
 141:Drivers/CMSIS/Include/cmsis_gcc.h ****   typedef struct {
 142:Drivers/CMSIS/Include/cmsis_gcc.h ****     uint32_t* dest;
 143:Drivers/CMSIS/Include/cmsis_gcc.h ****     uint32_t  wlen;
 144:Drivers/CMSIS/Include/cmsis_gcc.h ****   } __zero_table_t;
 145:Drivers/CMSIS/Include/cmsis_gcc.h **** 
 146:Drivers/CMSIS/Include/cmsis_gcc.h ****   extern const __copy_table_t __copy_table_start__;
 147:Drivers/CMSIS/Include/cmsis_gcc.h ****   extern const __copy_table_t __copy_table_end__;
 148:Drivers/CMSIS/Include/cmsis_gcc.h ****   extern const __zero_table_t __zero_table_start__;
 149:Drivers/CMSIS/Include/cmsis_gcc.h ****   extern const __zero_table_t __zero_table_end__;
 150:Drivers/CMSIS/Include/cmsis_gcc.h **** 
 151:Drivers/CMSIS/Include/cmsis_gcc.h ****   for (__copy_table_t const* pTable = &__copy_table_start__; pTable < &__copy_table_end__; ++pTable
 152:Drivers/CMSIS/Include/cmsis_gcc.h ****     for(uint32_t i=0u; i<pTable->wlen; ++i) {
 153:Drivers/CMSIS/Include/cmsis_gcc.h ****       pTable->dest[i] = pTable->src[i];
 154:Drivers/CMSIS/Include/cmsis_gcc.h ****     }
 155:Drivers/CMSIS/Include/cmsis_gcc.h ****   }
 156:Drivers/CMSIS/Include/cmsis_gcc.h **** 
 157:Drivers/CMSIS/Include/cmsis_gcc.h ****   for (__zero_table_t const* pTable = &__zero_table_start__; pTable < &__zero_table_end__; ++pTable
 158:Drivers/CMSIS/Include/cmsis_gcc.h ****     for(uint32_t i=0u; i<pTable->wlen; ++i) {
 159:Drivers/CMSIS/Include/cmsis_gcc.h ****       pTable->dest[i] = 0u;
 160:Drivers/CMSIS/Include/cmsis_gcc.h ****     }
 161:Drivers/CMSIS/Include/cmsis_gcc.h ****   }
 162:Drivers/CMSIS/Include/cmsis_gcc.h **** 
 163:Drivers/CMSIS/Include/cmsis_gcc.h ****   _start();
 164:Drivers/CMSIS/Include/cmsis_gcc.h **** }
 165:Drivers/CMSIS/Include/cmsis_gcc.h **** 
 166:Drivers/CMSIS/Include/cmsis_gcc.h **** #define __PROGRAM_START           __cmsis_start
 167:Drivers/CMSIS/Include/cmsis_gcc.h **** #endif
 168:Drivers/CMSIS/Include/cmsis_gcc.h **** 
 169:Drivers/CMSIS/Include/cmsis_gcc.h **** #ifndef __INITIAL_SP
 170:Drivers/CMSIS/Include/cmsis_gcc.h **** #define __INITIAL_SP              __StackTop
 171:Drivers/CMSIS/Include/cmsis_gcc.h **** #endif
 172:Drivers/CMSIS/Include/cmsis_gcc.h **** 
 173:Drivers/CMSIS/Include/cmsis_gcc.h **** #ifndef __STACK_LIMIT
 174:Drivers/CMSIS/Include/cmsis_gcc.h **** #define __STACK_LIMIT             __StackLimit
 175:Drivers/CMSIS/Include/cmsis_gcc.h **** #endif
ARM GAS  C:\Users\kaush\AppData\Local\Temp\cc4isafG.s 			page 36


 176:Drivers/CMSIS/Include/cmsis_gcc.h **** 
 177:Drivers/CMSIS/Include/cmsis_gcc.h **** #ifndef __VECTOR_TABLE
 178:Drivers/CMSIS/Include/cmsis_gcc.h **** #define __VECTOR_TABLE            __Vectors
 179:Drivers/CMSIS/Include/cmsis_gcc.h **** #endif
 180:Drivers/CMSIS/Include/cmsis_gcc.h **** 
 181:Drivers/CMSIS/Include/cmsis_gcc.h **** #ifndef __VECTOR_TABLE_ATTRIBUTE
 182:Drivers/CMSIS/Include/cmsis_gcc.h **** #define __VECTOR_TABLE_ATTRIBUTE  __attribute__((used, section(".vectors")))
 183:Drivers/CMSIS/Include/cmsis_gcc.h **** #endif
 184:Drivers/CMSIS/Include/cmsis_gcc.h **** 
 185:Drivers/CMSIS/Include/cmsis_gcc.h **** #if defined (__ARM_FEATURE_CMSE) && (__ARM_FEATURE_CMSE == 3U)
 186:Drivers/CMSIS/Include/cmsis_gcc.h **** #ifndef __STACK_SEAL
 187:Drivers/CMSIS/Include/cmsis_gcc.h **** #define __STACK_SEAL              __StackSeal
 188:Drivers/CMSIS/Include/cmsis_gcc.h **** #endif
 189:Drivers/CMSIS/Include/cmsis_gcc.h **** 
 190:Drivers/CMSIS/Include/cmsis_gcc.h **** #ifndef __TZ_STACK_SEAL_SIZE
 191:Drivers/CMSIS/Include/cmsis_gcc.h **** #define __TZ_STACK_SEAL_SIZE      8U
 192:Drivers/CMSIS/Include/cmsis_gcc.h **** #endif
 193:Drivers/CMSIS/Include/cmsis_gcc.h **** 
 194:Drivers/CMSIS/Include/cmsis_gcc.h **** #ifndef __TZ_STACK_SEAL_VALUE
 195:Drivers/CMSIS/Include/cmsis_gcc.h **** #define __TZ_STACK_SEAL_VALUE     0xFEF5EDA5FEF5EDA5ULL
 196:Drivers/CMSIS/Include/cmsis_gcc.h **** #endif
 197:Drivers/CMSIS/Include/cmsis_gcc.h **** 
 198:Drivers/CMSIS/Include/cmsis_gcc.h **** 
 199:Drivers/CMSIS/Include/cmsis_gcc.h **** __STATIC_FORCEINLINE void __TZ_set_STACKSEAL_S (uint32_t* stackTop) {
 200:Drivers/CMSIS/Include/cmsis_gcc.h ****   *((uint64_t *)stackTop) = __TZ_STACK_SEAL_VALUE;
 201:Drivers/CMSIS/Include/cmsis_gcc.h **** }
 202:Drivers/CMSIS/Include/cmsis_gcc.h **** #endif
 203:Drivers/CMSIS/Include/cmsis_gcc.h **** 
 204:Drivers/CMSIS/Include/cmsis_gcc.h **** 
 205:Drivers/CMSIS/Include/cmsis_gcc.h **** /* ##########################  Core Instruction Access  ######################### */
 206:Drivers/CMSIS/Include/cmsis_gcc.h **** /** \defgroup CMSIS_Core_InstructionInterface CMSIS Core Instruction Interface
 207:Drivers/CMSIS/Include/cmsis_gcc.h ****   Access to dedicated instructions
 208:Drivers/CMSIS/Include/cmsis_gcc.h ****   @{
 209:Drivers/CMSIS/Include/cmsis_gcc.h **** */
 210:Drivers/CMSIS/Include/cmsis_gcc.h **** 
 211:Drivers/CMSIS/Include/cmsis_gcc.h **** /* Define macros for porting to both thumb1 and thumb2.
 212:Drivers/CMSIS/Include/cmsis_gcc.h ****  * For thumb1, use low register (r0-r7), specified by constraint "l"
 213:Drivers/CMSIS/Include/cmsis_gcc.h ****  * Otherwise, use general registers, specified by constraint "r" */
 214:Drivers/CMSIS/Include/cmsis_gcc.h **** #if defined (__thumb__) && !defined (__thumb2__)
 215:Drivers/CMSIS/Include/cmsis_gcc.h **** #define __CMSIS_GCC_OUT_REG(r) "=l" (r)
 216:Drivers/CMSIS/Include/cmsis_gcc.h **** #define __CMSIS_GCC_RW_REG(r) "+l" (r)
 217:Drivers/CMSIS/Include/cmsis_gcc.h **** #define __CMSIS_GCC_USE_REG(r) "l" (r)
 218:Drivers/CMSIS/Include/cmsis_gcc.h **** #else
 219:Drivers/CMSIS/Include/cmsis_gcc.h **** #define __CMSIS_GCC_OUT_REG(r) "=r" (r)
 220:Drivers/CMSIS/Include/cmsis_gcc.h **** #define __CMSIS_GCC_RW_REG(r) "+r" (r)
 221:Drivers/CMSIS/Include/cmsis_gcc.h **** #define __CMSIS_GCC_USE_REG(r) "r" (r)
 222:Drivers/CMSIS/Include/cmsis_gcc.h **** #endif
 223:Drivers/CMSIS/Include/cmsis_gcc.h **** 
 224:Drivers/CMSIS/Include/cmsis_gcc.h **** /**
 225:Drivers/CMSIS/Include/cmsis_gcc.h ****   \brief   No Operation
 226:Drivers/CMSIS/Include/cmsis_gcc.h ****   \details No Operation does nothing. This instruction can be used for code alignment purposes.
 227:Drivers/CMSIS/Include/cmsis_gcc.h ****  */
 228:Drivers/CMSIS/Include/cmsis_gcc.h **** #define __NOP()                             __ASM volatile ("nop")
 229:Drivers/CMSIS/Include/cmsis_gcc.h **** 
 230:Drivers/CMSIS/Include/cmsis_gcc.h **** /**
 231:Drivers/CMSIS/Include/cmsis_gcc.h ****   \brief   Wait For Interrupt
 232:Drivers/CMSIS/Include/cmsis_gcc.h ****   \details Wait For Interrupt is a hint instruction that suspends execution until one of a number o
ARM GAS  C:\Users\kaush\AppData\Local\Temp\cc4isafG.s 			page 37


 233:Drivers/CMSIS/Include/cmsis_gcc.h ****  */
 234:Drivers/CMSIS/Include/cmsis_gcc.h **** #define __WFI()                             __ASM volatile ("wfi":::"memory")
 235:Drivers/CMSIS/Include/cmsis_gcc.h **** 
 236:Drivers/CMSIS/Include/cmsis_gcc.h **** 
 237:Drivers/CMSIS/Include/cmsis_gcc.h **** /**
 238:Drivers/CMSIS/Include/cmsis_gcc.h ****   \brief   Wait For Event
 239:Drivers/CMSIS/Include/cmsis_gcc.h ****   \details Wait For Event is a hint instruction that permits the processor to enter
 240:Drivers/CMSIS/Include/cmsis_gcc.h ****            a low-power state until one of a number of events occurs.
 241:Drivers/CMSIS/Include/cmsis_gcc.h ****  */
 242:Drivers/CMSIS/Include/cmsis_gcc.h **** #define __WFE()                             __ASM volatile ("wfe":::"memory")
 243:Drivers/CMSIS/Include/cmsis_gcc.h **** 
 244:Drivers/CMSIS/Include/cmsis_gcc.h **** 
 245:Drivers/CMSIS/Include/cmsis_gcc.h **** /**
 246:Drivers/CMSIS/Include/cmsis_gcc.h ****   \brief   Send Event
 247:Drivers/CMSIS/Include/cmsis_gcc.h ****   \details Send Event is a hint instruction. It causes an event to be signaled to the CPU.
 248:Drivers/CMSIS/Include/cmsis_gcc.h ****  */
 249:Drivers/CMSIS/Include/cmsis_gcc.h **** #define __SEV()                             __ASM volatile ("sev")
 250:Drivers/CMSIS/Include/cmsis_gcc.h **** 
 251:Drivers/CMSIS/Include/cmsis_gcc.h **** 
 252:Drivers/CMSIS/Include/cmsis_gcc.h **** /**
 253:Drivers/CMSIS/Include/cmsis_gcc.h ****   \brief   Instruction Synchronization Barrier
 254:Drivers/CMSIS/Include/cmsis_gcc.h ****   \details Instruction Synchronization Barrier flushes the pipeline in the processor,
 255:Drivers/CMSIS/Include/cmsis_gcc.h ****            so that all instructions following the ISB are fetched from cache or memory,
 256:Drivers/CMSIS/Include/cmsis_gcc.h ****            after the instruction has been completed.
 257:Drivers/CMSIS/Include/cmsis_gcc.h ****  */
 258:Drivers/CMSIS/Include/cmsis_gcc.h **** __STATIC_FORCEINLINE void __ISB(void)
 259:Drivers/CMSIS/Include/cmsis_gcc.h **** {
 260:Drivers/CMSIS/Include/cmsis_gcc.h ****   __ASM volatile ("isb 0xF":::"memory");
 261:Drivers/CMSIS/Include/cmsis_gcc.h **** }
 262:Drivers/CMSIS/Include/cmsis_gcc.h **** 
 263:Drivers/CMSIS/Include/cmsis_gcc.h **** 
 264:Drivers/CMSIS/Include/cmsis_gcc.h **** /**
 265:Drivers/CMSIS/Include/cmsis_gcc.h ****   \brief   Data Synchronization Barrier
 266:Drivers/CMSIS/Include/cmsis_gcc.h ****   \details Acts as a special kind of Data Memory Barrier.
 267:Drivers/CMSIS/Include/cmsis_gcc.h ****            It completes when all explicit memory accesses before this instruction complete.
 268:Drivers/CMSIS/Include/cmsis_gcc.h ****  */
 269:Drivers/CMSIS/Include/cmsis_gcc.h **** __STATIC_FORCEINLINE void __DSB(void)
 270:Drivers/CMSIS/Include/cmsis_gcc.h **** {
 271:Drivers/CMSIS/Include/cmsis_gcc.h ****   __ASM volatile ("dsb 0xF":::"memory");
 272:Drivers/CMSIS/Include/cmsis_gcc.h **** }
 273:Drivers/CMSIS/Include/cmsis_gcc.h **** 
 274:Drivers/CMSIS/Include/cmsis_gcc.h **** 
 275:Drivers/CMSIS/Include/cmsis_gcc.h **** /**
 276:Drivers/CMSIS/Include/cmsis_gcc.h ****   \brief   Data Memory Barrier
 277:Drivers/CMSIS/Include/cmsis_gcc.h ****   \details Ensures the apparent order of the explicit memory operations before
 278:Drivers/CMSIS/Include/cmsis_gcc.h ****            and after the instruction, without ensuring their completion.
 279:Drivers/CMSIS/Include/cmsis_gcc.h ****  */
 280:Drivers/CMSIS/Include/cmsis_gcc.h **** __STATIC_FORCEINLINE void __DMB(void)
 281:Drivers/CMSIS/Include/cmsis_gcc.h **** {
 282:Drivers/CMSIS/Include/cmsis_gcc.h ****   __ASM volatile ("dmb 0xF":::"memory");
 283:Drivers/CMSIS/Include/cmsis_gcc.h **** }
 284:Drivers/CMSIS/Include/cmsis_gcc.h **** 
 285:Drivers/CMSIS/Include/cmsis_gcc.h **** 
 286:Drivers/CMSIS/Include/cmsis_gcc.h **** /**
 287:Drivers/CMSIS/Include/cmsis_gcc.h ****   \brief   Reverse byte order (32 bit)
 288:Drivers/CMSIS/Include/cmsis_gcc.h ****   \details Reverses the byte order in unsigned integer value. For example, 0x12345678 becomes 0x785
 289:Drivers/CMSIS/Include/cmsis_gcc.h ****   \param [in]    value  Value to reverse
ARM GAS  C:\Users\kaush\AppData\Local\Temp\cc4isafG.s 			page 38


 290:Drivers/CMSIS/Include/cmsis_gcc.h ****   \return               Reversed value
 291:Drivers/CMSIS/Include/cmsis_gcc.h ****  */
 292:Drivers/CMSIS/Include/cmsis_gcc.h **** __STATIC_FORCEINLINE uint32_t __REV(uint32_t value)
 293:Drivers/CMSIS/Include/cmsis_gcc.h **** {
 294:Drivers/CMSIS/Include/cmsis_gcc.h **** #if (__GNUC__ > 4) || (__GNUC__ == 4 && __GNUC_MINOR__ >= 5)
 295:Drivers/CMSIS/Include/cmsis_gcc.h ****   return __builtin_bswap32(value);
 296:Drivers/CMSIS/Include/cmsis_gcc.h **** #else
 297:Drivers/CMSIS/Include/cmsis_gcc.h ****   uint32_t result;
 298:Drivers/CMSIS/Include/cmsis_gcc.h **** 
 299:Drivers/CMSIS/Include/cmsis_gcc.h ****   __ASM ("rev %0, %1" : __CMSIS_GCC_OUT_REG (result) : __CMSIS_GCC_USE_REG (value) );
 300:Drivers/CMSIS/Include/cmsis_gcc.h ****   return result;
 301:Drivers/CMSIS/Include/cmsis_gcc.h **** #endif
 302:Drivers/CMSIS/Include/cmsis_gcc.h **** }
 303:Drivers/CMSIS/Include/cmsis_gcc.h **** 
 304:Drivers/CMSIS/Include/cmsis_gcc.h **** 
 305:Drivers/CMSIS/Include/cmsis_gcc.h **** /**
 306:Drivers/CMSIS/Include/cmsis_gcc.h ****   \brief   Reverse byte order (16 bit)
 307:Drivers/CMSIS/Include/cmsis_gcc.h ****   \details Reverses the byte order within each halfword of a word. For example, 0x12345678 becomes 
 308:Drivers/CMSIS/Include/cmsis_gcc.h ****   \param [in]    value  Value to reverse
 309:Drivers/CMSIS/Include/cmsis_gcc.h ****   \return               Reversed value
 310:Drivers/CMSIS/Include/cmsis_gcc.h ****  */
 311:Drivers/CMSIS/Include/cmsis_gcc.h **** __STATIC_FORCEINLINE uint32_t __REV16(uint32_t value)
 312:Drivers/CMSIS/Include/cmsis_gcc.h **** {
 313:Drivers/CMSIS/Include/cmsis_gcc.h ****   uint32_t result;
 314:Drivers/CMSIS/Include/cmsis_gcc.h **** 
 315:Drivers/CMSIS/Include/cmsis_gcc.h ****   __ASM ("rev16 %0, %1" : __CMSIS_GCC_OUT_REG (result) : __CMSIS_GCC_USE_REG (value) );
 316:Drivers/CMSIS/Include/cmsis_gcc.h ****   return result;
 317:Drivers/CMSIS/Include/cmsis_gcc.h **** }
 318:Drivers/CMSIS/Include/cmsis_gcc.h **** 
 319:Drivers/CMSIS/Include/cmsis_gcc.h **** 
 320:Drivers/CMSIS/Include/cmsis_gcc.h **** /**
 321:Drivers/CMSIS/Include/cmsis_gcc.h ****   \brief   Reverse byte order (16 bit)
 322:Drivers/CMSIS/Include/cmsis_gcc.h ****   \details Reverses the byte order in a 16-bit value and returns the signed 16-bit result. For exam
 323:Drivers/CMSIS/Include/cmsis_gcc.h ****   \param [in]    value  Value to reverse
 324:Drivers/CMSIS/Include/cmsis_gcc.h ****   \return               Reversed value
 325:Drivers/CMSIS/Include/cmsis_gcc.h ****  */
 326:Drivers/CMSIS/Include/cmsis_gcc.h **** __STATIC_FORCEINLINE int16_t __REVSH(int16_t value)
 327:Drivers/CMSIS/Include/cmsis_gcc.h **** {
 328:Drivers/CMSIS/Include/cmsis_gcc.h **** #if (__GNUC__ > 4) || (__GNUC__ == 4 && __GNUC_MINOR__ >= 8)
 329:Drivers/CMSIS/Include/cmsis_gcc.h ****   return (int16_t)__builtin_bswap16(value);
 330:Drivers/CMSIS/Include/cmsis_gcc.h **** #else
 331:Drivers/CMSIS/Include/cmsis_gcc.h ****   int16_t result;
 332:Drivers/CMSIS/Include/cmsis_gcc.h **** 
 333:Drivers/CMSIS/Include/cmsis_gcc.h ****   __ASM ("revsh %0, %1" : __CMSIS_GCC_OUT_REG (result) : __CMSIS_GCC_USE_REG (value) );
 334:Drivers/CMSIS/Include/cmsis_gcc.h ****   return result;
 335:Drivers/CMSIS/Include/cmsis_gcc.h **** #endif
 336:Drivers/CMSIS/Include/cmsis_gcc.h **** }
 337:Drivers/CMSIS/Include/cmsis_gcc.h **** 
 338:Drivers/CMSIS/Include/cmsis_gcc.h **** 
 339:Drivers/CMSIS/Include/cmsis_gcc.h **** /**
 340:Drivers/CMSIS/Include/cmsis_gcc.h ****   \brief   Rotate Right in unsigned value (32 bit)
 341:Drivers/CMSIS/Include/cmsis_gcc.h ****   \details Rotate Right (immediate) provides the value of the contents of a register rotated by a v
 342:Drivers/CMSIS/Include/cmsis_gcc.h ****   \param [in]    op1  Value to rotate
 343:Drivers/CMSIS/Include/cmsis_gcc.h ****   \param [in]    op2  Number of Bits to rotate
 344:Drivers/CMSIS/Include/cmsis_gcc.h ****   \return               Rotated value
 345:Drivers/CMSIS/Include/cmsis_gcc.h ****  */
 346:Drivers/CMSIS/Include/cmsis_gcc.h **** __STATIC_FORCEINLINE uint32_t __ROR(uint32_t op1, uint32_t op2)
ARM GAS  C:\Users\kaush\AppData\Local\Temp\cc4isafG.s 			page 39


 347:Drivers/CMSIS/Include/cmsis_gcc.h **** {
 348:Drivers/CMSIS/Include/cmsis_gcc.h ****   op2 %= 32U;
 349:Drivers/CMSIS/Include/cmsis_gcc.h ****   if (op2 == 0U)
 350:Drivers/CMSIS/Include/cmsis_gcc.h ****   {
 351:Drivers/CMSIS/Include/cmsis_gcc.h ****     return op1;
 352:Drivers/CMSIS/Include/cmsis_gcc.h ****   }
 353:Drivers/CMSIS/Include/cmsis_gcc.h ****   return (op1 >> op2) | (op1 << (32U - op2));
 354:Drivers/CMSIS/Include/cmsis_gcc.h **** }
 355:Drivers/CMSIS/Include/cmsis_gcc.h **** 
 356:Drivers/CMSIS/Include/cmsis_gcc.h **** 
 357:Drivers/CMSIS/Include/cmsis_gcc.h **** /**
 358:Drivers/CMSIS/Include/cmsis_gcc.h ****   \brief   Breakpoint
 359:Drivers/CMSIS/Include/cmsis_gcc.h ****   \details Causes the processor to enter Debug state.
 360:Drivers/CMSIS/Include/cmsis_gcc.h ****            Debug tools can use this to investigate system state when the instruction at a particula
 361:Drivers/CMSIS/Include/cmsis_gcc.h ****   \param [in]    value  is ignored by the processor.
 362:Drivers/CMSIS/Include/cmsis_gcc.h ****                  If required, a debugger can use it to store additional information about the break
 363:Drivers/CMSIS/Include/cmsis_gcc.h ****  */
 364:Drivers/CMSIS/Include/cmsis_gcc.h **** #define __BKPT(value)                       __ASM volatile ("bkpt "#value)
 365:Drivers/CMSIS/Include/cmsis_gcc.h **** 
 366:Drivers/CMSIS/Include/cmsis_gcc.h **** 
 367:Drivers/CMSIS/Include/cmsis_gcc.h **** /**
 368:Drivers/CMSIS/Include/cmsis_gcc.h ****   \brief   Reverse bit order of value
 369:Drivers/CMSIS/Include/cmsis_gcc.h ****   \details Reverses the bit order of the given value.
 370:Drivers/CMSIS/Include/cmsis_gcc.h ****   \param [in]    value  Value to reverse
 371:Drivers/CMSIS/Include/cmsis_gcc.h ****   \return               Reversed value
 372:Drivers/CMSIS/Include/cmsis_gcc.h ****  */
 373:Drivers/CMSIS/Include/cmsis_gcc.h **** __STATIC_FORCEINLINE uint32_t __RBIT(uint32_t value)
 374:Drivers/CMSIS/Include/cmsis_gcc.h **** {
 375:Drivers/CMSIS/Include/cmsis_gcc.h ****   uint32_t result;
 376:Drivers/CMSIS/Include/cmsis_gcc.h **** 
 377:Drivers/CMSIS/Include/cmsis_gcc.h **** #if ((defined (__ARM_ARCH_7M__      ) && (__ARM_ARCH_7M__      == 1)) || \
 378:Drivers/CMSIS/Include/cmsis_gcc.h ****      (defined (__ARM_ARCH_7EM__     ) && (__ARM_ARCH_7EM__     == 1)) || \
 379:Drivers/CMSIS/Include/cmsis_gcc.h ****      (defined (__ARM_ARCH_8M_MAIN__ ) && (__ARM_ARCH_8M_MAIN__ == 1))    )
 380:Drivers/CMSIS/Include/cmsis_gcc.h ****    __ASM ("rbit %0, %1" : "=r" (result) : "r" (value) );
 381:Drivers/CMSIS/Include/cmsis_gcc.h **** #else
 382:Drivers/CMSIS/Include/cmsis_gcc.h ****   uint32_t s = (4U /*sizeof(v)*/ * 8U) - 1U; /* extra shift needed at end */
 383:Drivers/CMSIS/Include/cmsis_gcc.h **** 
 384:Drivers/CMSIS/Include/cmsis_gcc.h ****   result = value;                      /* r will be reversed bits of v; first get LSB of v */
 385:Drivers/CMSIS/Include/cmsis_gcc.h ****   for (value >>= 1U; value != 0U; value >>= 1U)
 386:Drivers/CMSIS/Include/cmsis_gcc.h ****   {
 387:Drivers/CMSIS/Include/cmsis_gcc.h ****     result <<= 1U;
 388:Drivers/CMSIS/Include/cmsis_gcc.h ****     result |= value & 1U;
 389:Drivers/CMSIS/Include/cmsis_gcc.h ****     s--;
 390:Drivers/CMSIS/Include/cmsis_gcc.h ****   }
 391:Drivers/CMSIS/Include/cmsis_gcc.h ****   result <<= s;                        /* shift when v's highest bits are zero */
 392:Drivers/CMSIS/Include/cmsis_gcc.h **** #endif
 393:Drivers/CMSIS/Include/cmsis_gcc.h ****   return result;
 394:Drivers/CMSIS/Include/cmsis_gcc.h **** }
 395:Drivers/CMSIS/Include/cmsis_gcc.h **** 
 396:Drivers/CMSIS/Include/cmsis_gcc.h **** 
 397:Drivers/CMSIS/Include/cmsis_gcc.h **** /**
 398:Drivers/CMSIS/Include/cmsis_gcc.h ****   \brief   Count leading zeros
 399:Drivers/CMSIS/Include/cmsis_gcc.h ****   \details Counts the number of leading zeros of a data value.
 400:Drivers/CMSIS/Include/cmsis_gcc.h ****   \param [in]  value  Value to count the leading zeros
 401:Drivers/CMSIS/Include/cmsis_gcc.h ****   \return             number of leading zeros in value
 402:Drivers/CMSIS/Include/cmsis_gcc.h ****  */
 403:Drivers/CMSIS/Include/cmsis_gcc.h **** __STATIC_FORCEINLINE uint8_t __CLZ(uint32_t value)
ARM GAS  C:\Users\kaush\AppData\Local\Temp\cc4isafG.s 			page 40


 404:Drivers/CMSIS/Include/cmsis_gcc.h **** {
 405:Drivers/CMSIS/Include/cmsis_gcc.h ****   /* Even though __builtin_clz produces a CLZ instruction on ARM, formally
 406:Drivers/CMSIS/Include/cmsis_gcc.h ****      __builtin_clz(0) is undefined behaviour, so handle this case specially.
 407:Drivers/CMSIS/Include/cmsis_gcc.h ****      This guarantees ARM-compatible results if happening to compile on a non-ARM
 408:Drivers/CMSIS/Include/cmsis_gcc.h ****      target, and ensures the compiler doesn't decide to activate any
 409:Drivers/CMSIS/Include/cmsis_gcc.h ****      optimisations using the logic "value was passed to __builtin_clz, so it
 410:Drivers/CMSIS/Include/cmsis_gcc.h ****      is non-zero".
 411:Drivers/CMSIS/Include/cmsis_gcc.h ****      ARM GCC 7.3 and possibly earlier will optimise this test away, leaving a
 412:Drivers/CMSIS/Include/cmsis_gcc.h ****      single CLZ instruction.
 413:Drivers/CMSIS/Include/cmsis_gcc.h ****    */
 414:Drivers/CMSIS/Include/cmsis_gcc.h ****   if (value == 0U)
 415:Drivers/CMSIS/Include/cmsis_gcc.h ****   {
 416:Drivers/CMSIS/Include/cmsis_gcc.h ****     return 32U;
 417:Drivers/CMSIS/Include/cmsis_gcc.h ****   }
 418:Drivers/CMSIS/Include/cmsis_gcc.h ****   return __builtin_clz(value);
 419:Drivers/CMSIS/Include/cmsis_gcc.h **** }
 420:Drivers/CMSIS/Include/cmsis_gcc.h **** 
 421:Drivers/CMSIS/Include/cmsis_gcc.h **** 
 422:Drivers/CMSIS/Include/cmsis_gcc.h **** #if ((defined (__ARM_ARCH_7M__      ) && (__ARM_ARCH_7M__      == 1)) || \
 423:Drivers/CMSIS/Include/cmsis_gcc.h ****      (defined (__ARM_ARCH_7EM__     ) && (__ARM_ARCH_7EM__     == 1)) || \
 424:Drivers/CMSIS/Include/cmsis_gcc.h ****      (defined (__ARM_ARCH_8M_MAIN__ ) && (__ARM_ARCH_8M_MAIN__ == 1)) || \
 425:Drivers/CMSIS/Include/cmsis_gcc.h ****      (defined (__ARM_ARCH_8M_BASE__ ) && (__ARM_ARCH_8M_BASE__ == 1))    )
 426:Drivers/CMSIS/Include/cmsis_gcc.h **** /**
 427:Drivers/CMSIS/Include/cmsis_gcc.h ****   \brief   LDR Exclusive (8 bit)
 428:Drivers/CMSIS/Include/cmsis_gcc.h ****   \details Executes a exclusive LDR instruction for 8 bit value.
 429:Drivers/CMSIS/Include/cmsis_gcc.h ****   \param [in]    ptr  Pointer to data
 430:Drivers/CMSIS/Include/cmsis_gcc.h ****   \return             value of type uint8_t at (*ptr)
 431:Drivers/CMSIS/Include/cmsis_gcc.h ****  */
 432:Drivers/CMSIS/Include/cmsis_gcc.h **** __STATIC_FORCEINLINE uint8_t __LDREXB(volatile uint8_t *addr)
 433:Drivers/CMSIS/Include/cmsis_gcc.h **** {
 434:Drivers/CMSIS/Include/cmsis_gcc.h ****     uint32_t result;
 435:Drivers/CMSIS/Include/cmsis_gcc.h **** 
 436:Drivers/CMSIS/Include/cmsis_gcc.h **** #if (__GNUC__ > 4) || (__GNUC__ == 4 && __GNUC_MINOR__ >= 8)
 437:Drivers/CMSIS/Include/cmsis_gcc.h ****    __ASM volatile ("ldrexb %0, %1" : "=r" (result) : "Q" (*addr) );
 438:Drivers/CMSIS/Include/cmsis_gcc.h **** #else
 439:Drivers/CMSIS/Include/cmsis_gcc.h ****     /* Prior to GCC 4.8, "Q" will be expanded to [rx, #0] which is not
 440:Drivers/CMSIS/Include/cmsis_gcc.h ****        accepted by assembler. So has to use following less efficient pattern.
 441:Drivers/CMSIS/Include/cmsis_gcc.h ****     */
 442:Drivers/CMSIS/Include/cmsis_gcc.h ****    __ASM volatile ("ldrexb %0, [%1]" : "=r" (result) : "r" (addr) : "memory" );
 443:Drivers/CMSIS/Include/cmsis_gcc.h **** #endif
 444:Drivers/CMSIS/Include/cmsis_gcc.h ****    return ((uint8_t) result);    /* Add explicit type cast here */
 445:Drivers/CMSIS/Include/cmsis_gcc.h **** }
 446:Drivers/CMSIS/Include/cmsis_gcc.h **** 
 447:Drivers/CMSIS/Include/cmsis_gcc.h **** 
 448:Drivers/CMSIS/Include/cmsis_gcc.h **** /**
 449:Drivers/CMSIS/Include/cmsis_gcc.h ****   \brief   LDR Exclusive (16 bit)
 450:Drivers/CMSIS/Include/cmsis_gcc.h ****   \details Executes a exclusive LDR instruction for 16 bit values.
 451:Drivers/CMSIS/Include/cmsis_gcc.h ****   \param [in]    ptr  Pointer to data
 452:Drivers/CMSIS/Include/cmsis_gcc.h ****   \return        value of type uint16_t at (*ptr)
 453:Drivers/CMSIS/Include/cmsis_gcc.h ****  */
 454:Drivers/CMSIS/Include/cmsis_gcc.h **** __STATIC_FORCEINLINE uint16_t __LDREXH(volatile uint16_t *addr)
 455:Drivers/CMSIS/Include/cmsis_gcc.h **** {
 456:Drivers/CMSIS/Include/cmsis_gcc.h ****     uint32_t result;
 457:Drivers/CMSIS/Include/cmsis_gcc.h **** 
 458:Drivers/CMSIS/Include/cmsis_gcc.h **** #if (__GNUC__ > 4) || (__GNUC__ == 4 && __GNUC_MINOR__ >= 8)
 459:Drivers/CMSIS/Include/cmsis_gcc.h ****    __ASM volatile ("ldrexh %0, %1" : "=r" (result) : "Q" (*addr) );
 460:Drivers/CMSIS/Include/cmsis_gcc.h **** #else
ARM GAS  C:\Users\kaush\AppData\Local\Temp\cc4isafG.s 			page 41


 461:Drivers/CMSIS/Include/cmsis_gcc.h ****     /* Prior to GCC 4.8, "Q" will be expanded to [rx, #0] which is not
 462:Drivers/CMSIS/Include/cmsis_gcc.h ****        accepted by assembler. So has to use following less efficient pattern.
 463:Drivers/CMSIS/Include/cmsis_gcc.h ****     */
 464:Drivers/CMSIS/Include/cmsis_gcc.h ****    __ASM volatile ("ldrexh %0, [%1]" : "=r" (result) : "r" (addr) : "memory" );
 465:Drivers/CMSIS/Include/cmsis_gcc.h **** #endif
 466:Drivers/CMSIS/Include/cmsis_gcc.h ****    return ((uint16_t) result);    /* Add explicit type cast here */
 467:Drivers/CMSIS/Include/cmsis_gcc.h **** }
 468:Drivers/CMSIS/Include/cmsis_gcc.h **** 
 469:Drivers/CMSIS/Include/cmsis_gcc.h **** 
 470:Drivers/CMSIS/Include/cmsis_gcc.h **** /**
 471:Drivers/CMSIS/Include/cmsis_gcc.h ****   \brief   LDR Exclusive (32 bit)
 472:Drivers/CMSIS/Include/cmsis_gcc.h ****   \details Executes a exclusive LDR instruction for 32 bit values.
 473:Drivers/CMSIS/Include/cmsis_gcc.h ****   \param [in]    ptr  Pointer to data
 474:Drivers/CMSIS/Include/cmsis_gcc.h ****   \return        value of type uint32_t at (*ptr)
 475:Drivers/CMSIS/Include/cmsis_gcc.h ****  */
 476:Drivers/CMSIS/Include/cmsis_gcc.h **** __STATIC_FORCEINLINE uint32_t __LDREXW(volatile uint32_t *addr)
 477:Drivers/CMSIS/Include/cmsis_gcc.h **** {
 478:Drivers/CMSIS/Include/cmsis_gcc.h ****     uint32_t result;
 479:Drivers/CMSIS/Include/cmsis_gcc.h **** 
 480:Drivers/CMSIS/Include/cmsis_gcc.h ****    __ASM volatile ("ldrex %0, %1" : "=r" (result) : "Q" (*addr) );
 481:Drivers/CMSIS/Include/cmsis_gcc.h ****    return(result);
 482:Drivers/CMSIS/Include/cmsis_gcc.h **** }
 483:Drivers/CMSIS/Include/cmsis_gcc.h **** 
 484:Drivers/CMSIS/Include/cmsis_gcc.h **** 
 485:Drivers/CMSIS/Include/cmsis_gcc.h **** /**
 486:Drivers/CMSIS/Include/cmsis_gcc.h ****   \brief   STR Exclusive (8 bit)
 487:Drivers/CMSIS/Include/cmsis_gcc.h ****   \details Executes a exclusive STR instruction for 8 bit values.
 488:Drivers/CMSIS/Include/cmsis_gcc.h ****   \param [in]  value  Value to store
 489:Drivers/CMSIS/Include/cmsis_gcc.h ****   \param [in]    ptr  Pointer to location
 490:Drivers/CMSIS/Include/cmsis_gcc.h ****   \return          0  Function succeeded
 491:Drivers/CMSIS/Include/cmsis_gcc.h ****   \return          1  Function failed
 492:Drivers/CMSIS/Include/cmsis_gcc.h ****  */
 493:Drivers/CMSIS/Include/cmsis_gcc.h **** __STATIC_FORCEINLINE uint32_t __STREXB(uint8_t value, volatile uint8_t *addr)
 494:Drivers/CMSIS/Include/cmsis_gcc.h **** {
 495:Drivers/CMSIS/Include/cmsis_gcc.h ****    uint32_t result;
 496:Drivers/CMSIS/Include/cmsis_gcc.h **** 
 497:Drivers/CMSIS/Include/cmsis_gcc.h ****    __ASM volatile ("strexb %0, %2, %1" : "=&r" (result), "=Q" (*addr) : "r" ((uint32_t)value) );
 498:Drivers/CMSIS/Include/cmsis_gcc.h ****    return(result);
 499:Drivers/CMSIS/Include/cmsis_gcc.h **** }
 500:Drivers/CMSIS/Include/cmsis_gcc.h **** 
 501:Drivers/CMSIS/Include/cmsis_gcc.h **** 
 502:Drivers/CMSIS/Include/cmsis_gcc.h **** /**
 503:Drivers/CMSIS/Include/cmsis_gcc.h ****   \brief   STR Exclusive (16 bit)
 504:Drivers/CMSIS/Include/cmsis_gcc.h ****   \details Executes a exclusive STR instruction for 16 bit values.
 505:Drivers/CMSIS/Include/cmsis_gcc.h ****   \param [in]  value  Value to store
 506:Drivers/CMSIS/Include/cmsis_gcc.h ****   \param [in]    ptr  Pointer to location
 507:Drivers/CMSIS/Include/cmsis_gcc.h ****   \return          0  Function succeeded
 508:Drivers/CMSIS/Include/cmsis_gcc.h ****   \return          1  Function failed
 509:Drivers/CMSIS/Include/cmsis_gcc.h ****  */
 510:Drivers/CMSIS/Include/cmsis_gcc.h **** __STATIC_FORCEINLINE uint32_t __STREXH(uint16_t value, volatile uint16_t *addr)
 511:Drivers/CMSIS/Include/cmsis_gcc.h **** {
 512:Drivers/CMSIS/Include/cmsis_gcc.h ****    uint32_t result;
 513:Drivers/CMSIS/Include/cmsis_gcc.h **** 
 514:Drivers/CMSIS/Include/cmsis_gcc.h ****    __ASM volatile ("strexh %0, %2, %1" : "=&r" (result), "=Q" (*addr) : "r" ((uint32_t)value) );
 515:Drivers/CMSIS/Include/cmsis_gcc.h ****    return(result);
 516:Drivers/CMSIS/Include/cmsis_gcc.h **** }
 517:Drivers/CMSIS/Include/cmsis_gcc.h **** 
ARM GAS  C:\Users\kaush\AppData\Local\Temp\cc4isafG.s 			page 42


 518:Drivers/CMSIS/Include/cmsis_gcc.h **** 
 519:Drivers/CMSIS/Include/cmsis_gcc.h **** /**
 520:Drivers/CMSIS/Include/cmsis_gcc.h ****   \brief   STR Exclusive (32 bit)
 521:Drivers/CMSIS/Include/cmsis_gcc.h ****   \details Executes a exclusive STR instruction for 32 bit values.
 522:Drivers/CMSIS/Include/cmsis_gcc.h ****   \param [in]  value  Value to store
 523:Drivers/CMSIS/Include/cmsis_gcc.h ****   \param [in]    ptr  Pointer to location
 524:Drivers/CMSIS/Include/cmsis_gcc.h ****   \return          0  Function succeeded
 525:Drivers/CMSIS/Include/cmsis_gcc.h ****   \return          1  Function failed
 526:Drivers/CMSIS/Include/cmsis_gcc.h ****  */
 527:Drivers/CMSIS/Include/cmsis_gcc.h **** __STATIC_FORCEINLINE uint32_t __STREXW(uint32_t value, volatile uint32_t *addr)
 528:Drivers/CMSIS/Include/cmsis_gcc.h **** {
 529:Drivers/CMSIS/Include/cmsis_gcc.h ****    uint32_t result;
 530:Drivers/CMSIS/Include/cmsis_gcc.h **** 
 531:Drivers/CMSIS/Include/cmsis_gcc.h ****    __ASM volatile ("strex %0, %2, %1" : "=&r" (result), "=Q" (*addr) : "r" (value) );
 532:Drivers/CMSIS/Include/cmsis_gcc.h ****    return(result);
 533:Drivers/CMSIS/Include/cmsis_gcc.h **** }
 534:Drivers/CMSIS/Include/cmsis_gcc.h **** 
 535:Drivers/CMSIS/Include/cmsis_gcc.h **** 
 536:Drivers/CMSIS/Include/cmsis_gcc.h **** /**
 537:Drivers/CMSIS/Include/cmsis_gcc.h ****   \brief   Remove the exclusive lock
 538:Drivers/CMSIS/Include/cmsis_gcc.h ****   \details Removes the exclusive lock which is created by LDREX.
 539:Drivers/CMSIS/Include/cmsis_gcc.h ****  */
 540:Drivers/CMSIS/Include/cmsis_gcc.h **** __STATIC_FORCEINLINE void __CLREX(void)
 541:Drivers/CMSIS/Include/cmsis_gcc.h **** {
 542:Drivers/CMSIS/Include/cmsis_gcc.h ****   __ASM volatile ("clrex" ::: "memory");
 543:Drivers/CMSIS/Include/cmsis_gcc.h **** }
 544:Drivers/CMSIS/Include/cmsis_gcc.h **** 
 545:Drivers/CMSIS/Include/cmsis_gcc.h **** #endif /* ((defined (__ARM_ARCH_7M__      ) && (__ARM_ARCH_7M__      == 1)) || \
 546:Drivers/CMSIS/Include/cmsis_gcc.h ****            (defined (__ARM_ARCH_7EM__     ) && (__ARM_ARCH_7EM__     == 1)) || \
 547:Drivers/CMSIS/Include/cmsis_gcc.h ****            (defined (__ARM_ARCH_8M_MAIN__ ) && (__ARM_ARCH_8M_MAIN__ == 1)) || \
 548:Drivers/CMSIS/Include/cmsis_gcc.h ****            (defined (__ARM_ARCH_8M_BASE__ ) && (__ARM_ARCH_8M_BASE__ == 1))    ) */
 549:Drivers/CMSIS/Include/cmsis_gcc.h **** 
 550:Drivers/CMSIS/Include/cmsis_gcc.h **** 
 551:Drivers/CMSIS/Include/cmsis_gcc.h **** #if ((defined (__ARM_ARCH_7M__      ) && (__ARM_ARCH_7M__      == 1)) || \
 552:Drivers/CMSIS/Include/cmsis_gcc.h ****      (defined (__ARM_ARCH_7EM__     ) && (__ARM_ARCH_7EM__     == 1)) || \
 553:Drivers/CMSIS/Include/cmsis_gcc.h ****      (defined (__ARM_ARCH_8M_MAIN__ ) && (__ARM_ARCH_8M_MAIN__ == 1))    )
 554:Drivers/CMSIS/Include/cmsis_gcc.h **** /**
 555:Drivers/CMSIS/Include/cmsis_gcc.h ****   \brief   Signed Saturate
 556:Drivers/CMSIS/Include/cmsis_gcc.h ****   \details Saturates a signed value.
 557:Drivers/CMSIS/Include/cmsis_gcc.h ****   \param [in]  ARG1  Value to be saturated
 558:Drivers/CMSIS/Include/cmsis_gcc.h ****   \param [in]  ARG2  Bit position to saturate to (1..32)
 559:Drivers/CMSIS/Include/cmsis_gcc.h ****   \return             Saturated value
 560:Drivers/CMSIS/Include/cmsis_gcc.h ****  */
 561:Drivers/CMSIS/Include/cmsis_gcc.h **** #define __SSAT(ARG1, ARG2) \
 562:Drivers/CMSIS/Include/cmsis_gcc.h **** __extension__ \
 563:Drivers/CMSIS/Include/cmsis_gcc.h **** ({                          \
 564:Drivers/CMSIS/Include/cmsis_gcc.h ****   int32_t __RES, __ARG1 = (ARG1); \
 565:Drivers/CMSIS/Include/cmsis_gcc.h ****   __ASM volatile ("ssat %0, %1, %2" : "=r" (__RES) :  "I" (ARG2), "r" (__ARG1) : "cc" ); \
 566:Drivers/CMSIS/Include/cmsis_gcc.h ****   __RES; \
 567:Drivers/CMSIS/Include/cmsis_gcc.h ****  })
 568:Drivers/CMSIS/Include/cmsis_gcc.h **** 
 569:Drivers/CMSIS/Include/cmsis_gcc.h **** 
 570:Drivers/CMSIS/Include/cmsis_gcc.h **** /**
 571:Drivers/CMSIS/Include/cmsis_gcc.h ****   \brief   Unsigned Saturate
 572:Drivers/CMSIS/Include/cmsis_gcc.h ****   \details Saturates an unsigned value.
 573:Drivers/CMSIS/Include/cmsis_gcc.h ****   \param [in]  ARG1  Value to be saturated
 574:Drivers/CMSIS/Include/cmsis_gcc.h ****   \param [in]  ARG2  Bit position to saturate to (0..31)
ARM GAS  C:\Users\kaush\AppData\Local\Temp\cc4isafG.s 			page 43


 575:Drivers/CMSIS/Include/cmsis_gcc.h ****   \return             Saturated value
 576:Drivers/CMSIS/Include/cmsis_gcc.h ****  */
 577:Drivers/CMSIS/Include/cmsis_gcc.h **** #define __USAT(ARG1, ARG2) \
 578:Drivers/CMSIS/Include/cmsis_gcc.h **** __extension__ \
 579:Drivers/CMSIS/Include/cmsis_gcc.h **** ({                          \
 580:Drivers/CMSIS/Include/cmsis_gcc.h ****   uint32_t __RES, __ARG1 = (ARG1); \
 581:Drivers/CMSIS/Include/cmsis_gcc.h ****   __ASM volatile ("usat %0, %1, %2" : "=r" (__RES) :  "I" (ARG2), "r" (__ARG1) : "cc" ); \
 582:Drivers/CMSIS/Include/cmsis_gcc.h ****   __RES; \
 583:Drivers/CMSIS/Include/cmsis_gcc.h ****  })
 584:Drivers/CMSIS/Include/cmsis_gcc.h **** 
 585:Drivers/CMSIS/Include/cmsis_gcc.h **** 
 586:Drivers/CMSIS/Include/cmsis_gcc.h **** /**
 587:Drivers/CMSIS/Include/cmsis_gcc.h ****   \brief   Rotate Right with Extend (32 bit)
 588:Drivers/CMSIS/Include/cmsis_gcc.h ****   \details Moves each bit of a bitstring right by one bit.
 589:Drivers/CMSIS/Include/cmsis_gcc.h ****            The carry input is shifted in at the left end of the bitstring.
 590:Drivers/CMSIS/Include/cmsis_gcc.h ****   \param [in]    value  Value to rotate
 591:Drivers/CMSIS/Include/cmsis_gcc.h ****   \return               Rotated value
 592:Drivers/CMSIS/Include/cmsis_gcc.h ****  */
 593:Drivers/CMSIS/Include/cmsis_gcc.h **** __STATIC_FORCEINLINE uint32_t __RRX(uint32_t value)
 594:Drivers/CMSIS/Include/cmsis_gcc.h **** {
 595:Drivers/CMSIS/Include/cmsis_gcc.h ****   uint32_t result;
 596:Drivers/CMSIS/Include/cmsis_gcc.h **** 
 597:Drivers/CMSIS/Include/cmsis_gcc.h ****   __ASM volatile ("rrx %0, %1" : __CMSIS_GCC_OUT_REG (result) : __CMSIS_GCC_USE_REG (value) );
 598:Drivers/CMSIS/Include/cmsis_gcc.h ****   return(result);
 599:Drivers/CMSIS/Include/cmsis_gcc.h **** }
 600:Drivers/CMSIS/Include/cmsis_gcc.h **** 
 601:Drivers/CMSIS/Include/cmsis_gcc.h **** 
 602:Drivers/CMSIS/Include/cmsis_gcc.h **** /**
 603:Drivers/CMSIS/Include/cmsis_gcc.h ****   \brief   LDRT Unprivileged (8 bit)
 604:Drivers/CMSIS/Include/cmsis_gcc.h ****   \details Executes a Unprivileged LDRT instruction for 8 bit value.
 605:Drivers/CMSIS/Include/cmsis_gcc.h ****   \param [in]    ptr  Pointer to data
 606:Drivers/CMSIS/Include/cmsis_gcc.h ****   \return             value of type uint8_t at (*ptr)
 607:Drivers/CMSIS/Include/cmsis_gcc.h ****  */
 608:Drivers/CMSIS/Include/cmsis_gcc.h **** __STATIC_FORCEINLINE uint8_t __LDRBT(volatile uint8_t *ptr)
 609:Drivers/CMSIS/Include/cmsis_gcc.h **** {
 610:Drivers/CMSIS/Include/cmsis_gcc.h ****     uint32_t result;
 611:Drivers/CMSIS/Include/cmsis_gcc.h **** 
 612:Drivers/CMSIS/Include/cmsis_gcc.h **** #if (__GNUC__ > 4) || (__GNUC__ == 4 && __GNUC_MINOR__ >= 8)
 613:Drivers/CMSIS/Include/cmsis_gcc.h ****    __ASM volatile ("ldrbt %0, %1" : "=r" (result) : "Q" (*ptr) );
 614:Drivers/CMSIS/Include/cmsis_gcc.h **** #else
 615:Drivers/CMSIS/Include/cmsis_gcc.h ****     /* Prior to GCC 4.8, "Q" will be expanded to [rx, #0] which is not
 616:Drivers/CMSIS/Include/cmsis_gcc.h ****        accepted by assembler. So has to use following less efficient pattern.
 617:Drivers/CMSIS/Include/cmsis_gcc.h ****     */
 618:Drivers/CMSIS/Include/cmsis_gcc.h ****    __ASM volatile ("ldrbt %0, [%1]" : "=r" (result) : "r" (ptr) : "memory" );
 619:Drivers/CMSIS/Include/cmsis_gcc.h **** #endif
 620:Drivers/CMSIS/Include/cmsis_gcc.h ****    return ((uint8_t) result);    /* Add explicit type cast here */
 621:Drivers/CMSIS/Include/cmsis_gcc.h **** }
 622:Drivers/CMSIS/Include/cmsis_gcc.h **** 
 623:Drivers/CMSIS/Include/cmsis_gcc.h **** 
 624:Drivers/CMSIS/Include/cmsis_gcc.h **** /**
 625:Drivers/CMSIS/Include/cmsis_gcc.h ****   \brief   LDRT Unprivileged (16 bit)
 626:Drivers/CMSIS/Include/cmsis_gcc.h ****   \details Executes a Unprivileged LDRT instruction for 16 bit values.
 627:Drivers/CMSIS/Include/cmsis_gcc.h ****   \param [in]    ptr  Pointer to data
 628:Drivers/CMSIS/Include/cmsis_gcc.h ****   \return        value of type uint16_t at (*ptr)
 629:Drivers/CMSIS/Include/cmsis_gcc.h ****  */
 630:Drivers/CMSIS/Include/cmsis_gcc.h **** __STATIC_FORCEINLINE uint16_t __LDRHT(volatile uint16_t *ptr)
 631:Drivers/CMSIS/Include/cmsis_gcc.h **** {
ARM GAS  C:\Users\kaush\AppData\Local\Temp\cc4isafG.s 			page 44


 632:Drivers/CMSIS/Include/cmsis_gcc.h ****     uint32_t result;
 633:Drivers/CMSIS/Include/cmsis_gcc.h **** 
 634:Drivers/CMSIS/Include/cmsis_gcc.h **** #if (__GNUC__ > 4) || (__GNUC__ == 4 && __GNUC_MINOR__ >= 8)
 635:Drivers/CMSIS/Include/cmsis_gcc.h ****    __ASM volatile ("ldrht %0, %1" : "=r" (result) : "Q" (*ptr) );
 636:Drivers/CMSIS/Include/cmsis_gcc.h **** #else
 637:Drivers/CMSIS/Include/cmsis_gcc.h ****     /* Prior to GCC 4.8, "Q" will be expanded to [rx, #0] which is not
 638:Drivers/CMSIS/Include/cmsis_gcc.h ****        accepted by assembler. So has to use following less efficient pattern.
 639:Drivers/CMSIS/Include/cmsis_gcc.h ****     */
 640:Drivers/CMSIS/Include/cmsis_gcc.h ****    __ASM volatile ("ldrht %0, [%1]" : "=r" (result) : "r" (ptr) : "memory" );
 641:Drivers/CMSIS/Include/cmsis_gcc.h **** #endif
 642:Drivers/CMSIS/Include/cmsis_gcc.h ****    return ((uint16_t) result);    /* Add explicit type cast here */
 643:Drivers/CMSIS/Include/cmsis_gcc.h **** }
 644:Drivers/CMSIS/Include/cmsis_gcc.h **** 
 645:Drivers/CMSIS/Include/cmsis_gcc.h **** 
 646:Drivers/CMSIS/Include/cmsis_gcc.h **** /**
 647:Drivers/CMSIS/Include/cmsis_gcc.h ****   \brief   LDRT Unprivileged (32 bit)
 648:Drivers/CMSIS/Include/cmsis_gcc.h ****   \details Executes a Unprivileged LDRT instruction for 32 bit values.
 649:Drivers/CMSIS/Include/cmsis_gcc.h ****   \param [in]    ptr  Pointer to data
 650:Drivers/CMSIS/Include/cmsis_gcc.h ****   \return        value of type uint32_t at (*ptr)
 651:Drivers/CMSIS/Include/cmsis_gcc.h ****  */
 652:Drivers/CMSIS/Include/cmsis_gcc.h **** __STATIC_FORCEINLINE uint32_t __LDRT(volatile uint32_t *ptr)
 653:Drivers/CMSIS/Include/cmsis_gcc.h **** {
 654:Drivers/CMSIS/Include/cmsis_gcc.h ****     uint32_t result;
 655:Drivers/CMSIS/Include/cmsis_gcc.h **** 
 656:Drivers/CMSIS/Include/cmsis_gcc.h ****    __ASM volatile ("ldrt %0, %1" : "=r" (result) : "Q" (*ptr) );
 657:Drivers/CMSIS/Include/cmsis_gcc.h ****    return(result);
 658:Drivers/CMSIS/Include/cmsis_gcc.h **** }
 659:Drivers/CMSIS/Include/cmsis_gcc.h **** 
 660:Drivers/CMSIS/Include/cmsis_gcc.h **** 
 661:Drivers/CMSIS/Include/cmsis_gcc.h **** /**
 662:Drivers/CMSIS/Include/cmsis_gcc.h ****   \brief   STRT Unprivileged (8 bit)
 663:Drivers/CMSIS/Include/cmsis_gcc.h ****   \details Executes a Unprivileged STRT instruction for 8 bit values.
 664:Drivers/CMSIS/Include/cmsis_gcc.h ****   \param [in]  value  Value to store
 665:Drivers/CMSIS/Include/cmsis_gcc.h ****   \param [in]    ptr  Pointer to location
 666:Drivers/CMSIS/Include/cmsis_gcc.h ****  */
 667:Drivers/CMSIS/Include/cmsis_gcc.h **** __STATIC_FORCEINLINE void __STRBT(uint8_t value, volatile uint8_t *ptr)
 668:Drivers/CMSIS/Include/cmsis_gcc.h **** {
 669:Drivers/CMSIS/Include/cmsis_gcc.h ****    __ASM volatile ("strbt %1, %0" : "=Q" (*ptr) : "r" ((uint32_t)value) );
 670:Drivers/CMSIS/Include/cmsis_gcc.h **** }
 671:Drivers/CMSIS/Include/cmsis_gcc.h **** 
 672:Drivers/CMSIS/Include/cmsis_gcc.h **** 
 673:Drivers/CMSIS/Include/cmsis_gcc.h **** /**
 674:Drivers/CMSIS/Include/cmsis_gcc.h ****   \brief   STRT Unprivileged (16 bit)
 675:Drivers/CMSIS/Include/cmsis_gcc.h ****   \details Executes a Unprivileged STRT instruction for 16 bit values.
 676:Drivers/CMSIS/Include/cmsis_gcc.h ****   \param [in]  value  Value to store
 677:Drivers/CMSIS/Include/cmsis_gcc.h ****   \param [in]    ptr  Pointer to location
 678:Drivers/CMSIS/Include/cmsis_gcc.h ****  */
 679:Drivers/CMSIS/Include/cmsis_gcc.h **** __STATIC_FORCEINLINE void __STRHT(uint16_t value, volatile uint16_t *ptr)
 680:Drivers/CMSIS/Include/cmsis_gcc.h **** {
 681:Drivers/CMSIS/Include/cmsis_gcc.h ****    __ASM volatile ("strht %1, %0" : "=Q" (*ptr) : "r" ((uint32_t)value) );
 682:Drivers/CMSIS/Include/cmsis_gcc.h **** }
 683:Drivers/CMSIS/Include/cmsis_gcc.h **** 
 684:Drivers/CMSIS/Include/cmsis_gcc.h **** 
 685:Drivers/CMSIS/Include/cmsis_gcc.h **** /**
 686:Drivers/CMSIS/Include/cmsis_gcc.h ****   \brief   STRT Unprivileged (32 bit)
 687:Drivers/CMSIS/Include/cmsis_gcc.h ****   \details Executes a Unprivileged STRT instruction for 32 bit values.
 688:Drivers/CMSIS/Include/cmsis_gcc.h ****   \param [in]  value  Value to store
ARM GAS  C:\Users\kaush\AppData\Local\Temp\cc4isafG.s 			page 45


 689:Drivers/CMSIS/Include/cmsis_gcc.h ****   \param [in]    ptr  Pointer to location
 690:Drivers/CMSIS/Include/cmsis_gcc.h ****  */
 691:Drivers/CMSIS/Include/cmsis_gcc.h **** __STATIC_FORCEINLINE void __STRT(uint32_t value, volatile uint32_t *ptr)
 692:Drivers/CMSIS/Include/cmsis_gcc.h **** {
 693:Drivers/CMSIS/Include/cmsis_gcc.h ****    __ASM volatile ("strt %1, %0" : "=Q" (*ptr) : "r" (value) );
 694:Drivers/CMSIS/Include/cmsis_gcc.h **** }
 695:Drivers/CMSIS/Include/cmsis_gcc.h **** 
 696:Drivers/CMSIS/Include/cmsis_gcc.h **** #else  /* ((defined (__ARM_ARCH_7M__      ) && (__ARM_ARCH_7M__      == 1)) || \
 697:Drivers/CMSIS/Include/cmsis_gcc.h ****            (defined (__ARM_ARCH_7EM__     ) && (__ARM_ARCH_7EM__     == 1)) || \
 698:Drivers/CMSIS/Include/cmsis_gcc.h ****            (defined (__ARM_ARCH_8M_MAIN__ ) && (__ARM_ARCH_8M_MAIN__ == 1))    ) */
 699:Drivers/CMSIS/Include/cmsis_gcc.h **** 
 700:Drivers/CMSIS/Include/cmsis_gcc.h **** /**
 701:Drivers/CMSIS/Include/cmsis_gcc.h ****   \brief   Signed Saturate
 702:Drivers/CMSIS/Include/cmsis_gcc.h ****   \details Saturates a signed value.
 703:Drivers/CMSIS/Include/cmsis_gcc.h ****   \param [in]  value  Value to be saturated
 704:Drivers/CMSIS/Include/cmsis_gcc.h ****   \param [in]    sat  Bit position to saturate to (1..32)
 705:Drivers/CMSIS/Include/cmsis_gcc.h ****   \return             Saturated value
 706:Drivers/CMSIS/Include/cmsis_gcc.h ****  */
 707:Drivers/CMSIS/Include/cmsis_gcc.h **** __STATIC_FORCEINLINE int32_t __SSAT(int32_t val, uint32_t sat)
 708:Drivers/CMSIS/Include/cmsis_gcc.h **** {
 709:Drivers/CMSIS/Include/cmsis_gcc.h ****   if ((sat >= 1U) && (sat <= 32U))
 710:Drivers/CMSIS/Include/cmsis_gcc.h ****   {
 711:Drivers/CMSIS/Include/cmsis_gcc.h ****     const int32_t max = (int32_t)((1U << (sat - 1U)) - 1U);
 712:Drivers/CMSIS/Include/cmsis_gcc.h ****     const int32_t min = -1 - max ;
 713:Drivers/CMSIS/Include/cmsis_gcc.h ****     if (val > max)
 714:Drivers/CMSIS/Include/cmsis_gcc.h ****     {
 715:Drivers/CMSIS/Include/cmsis_gcc.h ****       return max;
 716:Drivers/CMSIS/Include/cmsis_gcc.h ****     }
 717:Drivers/CMSIS/Include/cmsis_gcc.h ****     else if (val < min)
 718:Drivers/CMSIS/Include/cmsis_gcc.h ****     {
 719:Drivers/CMSIS/Include/cmsis_gcc.h ****       return min;
 720:Drivers/CMSIS/Include/cmsis_gcc.h ****     }
 721:Drivers/CMSIS/Include/cmsis_gcc.h ****   }
 722:Drivers/CMSIS/Include/cmsis_gcc.h ****   return val;
 723:Drivers/CMSIS/Include/cmsis_gcc.h **** }
 724:Drivers/CMSIS/Include/cmsis_gcc.h **** 
 725:Drivers/CMSIS/Include/cmsis_gcc.h **** /**
 726:Drivers/CMSIS/Include/cmsis_gcc.h ****   \brief   Unsigned Saturate
 727:Drivers/CMSIS/Include/cmsis_gcc.h ****   \details Saturates an unsigned value.
 728:Drivers/CMSIS/Include/cmsis_gcc.h ****   \param [in]  value  Value to be saturated
 729:Drivers/CMSIS/Include/cmsis_gcc.h ****   \param [in]    sat  Bit position to saturate to (0..31)
 730:Drivers/CMSIS/Include/cmsis_gcc.h ****   \return             Saturated value
 731:Drivers/CMSIS/Include/cmsis_gcc.h ****  */
 732:Drivers/CMSIS/Include/cmsis_gcc.h **** __STATIC_FORCEINLINE uint32_t __USAT(int32_t val, uint32_t sat)
 733:Drivers/CMSIS/Include/cmsis_gcc.h **** {
 734:Drivers/CMSIS/Include/cmsis_gcc.h ****   if (sat <= 31U)
 735:Drivers/CMSIS/Include/cmsis_gcc.h ****   {
 736:Drivers/CMSIS/Include/cmsis_gcc.h ****     const uint32_t max = ((1U << sat) - 1U);
 737:Drivers/CMSIS/Include/cmsis_gcc.h ****     if (val > (int32_t)max)
 738:Drivers/CMSIS/Include/cmsis_gcc.h ****     {
 739:Drivers/CMSIS/Include/cmsis_gcc.h ****       return max;
 740:Drivers/CMSIS/Include/cmsis_gcc.h ****     }
 741:Drivers/CMSIS/Include/cmsis_gcc.h ****     else if (val < 0)
 742:Drivers/CMSIS/Include/cmsis_gcc.h ****     {
 743:Drivers/CMSIS/Include/cmsis_gcc.h ****       return 0U;
 744:Drivers/CMSIS/Include/cmsis_gcc.h ****     }
 745:Drivers/CMSIS/Include/cmsis_gcc.h ****   }
ARM GAS  C:\Users\kaush\AppData\Local\Temp\cc4isafG.s 			page 46


 746:Drivers/CMSIS/Include/cmsis_gcc.h ****   return (uint32_t)val;
 747:Drivers/CMSIS/Include/cmsis_gcc.h **** }
 748:Drivers/CMSIS/Include/cmsis_gcc.h **** 
 749:Drivers/CMSIS/Include/cmsis_gcc.h **** #endif /* ((defined (__ARM_ARCH_7M__      ) && (__ARM_ARCH_7M__      == 1)) || \
 750:Drivers/CMSIS/Include/cmsis_gcc.h ****            (defined (__ARM_ARCH_7EM__     ) && (__ARM_ARCH_7EM__     == 1)) || \
 751:Drivers/CMSIS/Include/cmsis_gcc.h ****            (defined (__ARM_ARCH_8M_MAIN__ ) && (__ARM_ARCH_8M_MAIN__ == 1))    ) */
 752:Drivers/CMSIS/Include/cmsis_gcc.h **** 
 753:Drivers/CMSIS/Include/cmsis_gcc.h **** 
 754:Drivers/CMSIS/Include/cmsis_gcc.h **** #if ((defined (__ARM_ARCH_8M_MAIN__ ) && (__ARM_ARCH_8M_MAIN__ == 1)) || \
 755:Drivers/CMSIS/Include/cmsis_gcc.h ****      (defined (__ARM_ARCH_8M_BASE__ ) && (__ARM_ARCH_8M_BASE__ == 1))    )
 756:Drivers/CMSIS/Include/cmsis_gcc.h **** /**
 757:Drivers/CMSIS/Include/cmsis_gcc.h ****   \brief   Load-Acquire (8 bit)
 758:Drivers/CMSIS/Include/cmsis_gcc.h ****   \details Executes a LDAB instruction for 8 bit value.
 759:Drivers/CMSIS/Include/cmsis_gcc.h ****   \param [in]    ptr  Pointer to data
 760:Drivers/CMSIS/Include/cmsis_gcc.h ****   \return             value of type uint8_t at (*ptr)
 761:Drivers/CMSIS/Include/cmsis_gcc.h ****  */
 762:Drivers/CMSIS/Include/cmsis_gcc.h **** __STATIC_FORCEINLINE uint8_t __LDAB(volatile uint8_t *ptr)
 763:Drivers/CMSIS/Include/cmsis_gcc.h **** {
 764:Drivers/CMSIS/Include/cmsis_gcc.h ****     uint32_t result;
 765:Drivers/CMSIS/Include/cmsis_gcc.h **** 
 766:Drivers/CMSIS/Include/cmsis_gcc.h ****    __ASM volatile ("ldab %0, %1" : "=r" (result) : "Q" (*ptr) : "memory" );
 767:Drivers/CMSIS/Include/cmsis_gcc.h ****    return ((uint8_t) result);
 768:Drivers/CMSIS/Include/cmsis_gcc.h **** }
 769:Drivers/CMSIS/Include/cmsis_gcc.h **** 
 770:Drivers/CMSIS/Include/cmsis_gcc.h **** 
 771:Drivers/CMSIS/Include/cmsis_gcc.h **** /**
 772:Drivers/CMSIS/Include/cmsis_gcc.h ****   \brief   Load-Acquire (16 bit)
 773:Drivers/CMSIS/Include/cmsis_gcc.h ****   \details Executes a LDAH instruction for 16 bit values.
 774:Drivers/CMSIS/Include/cmsis_gcc.h ****   \param [in]    ptr  Pointer to data
 775:Drivers/CMSIS/Include/cmsis_gcc.h ****   \return        value of type uint16_t at (*ptr)
 776:Drivers/CMSIS/Include/cmsis_gcc.h ****  */
 777:Drivers/CMSIS/Include/cmsis_gcc.h **** __STATIC_FORCEINLINE uint16_t __LDAH(volatile uint16_t *ptr)
 778:Drivers/CMSIS/Include/cmsis_gcc.h **** {
 779:Drivers/CMSIS/Include/cmsis_gcc.h ****     uint32_t result;
 780:Drivers/CMSIS/Include/cmsis_gcc.h **** 
 781:Drivers/CMSIS/Include/cmsis_gcc.h ****    __ASM volatile ("ldah %0, %1" : "=r" (result) : "Q" (*ptr) : "memory" );
 782:Drivers/CMSIS/Include/cmsis_gcc.h ****    return ((uint16_t) result);
 783:Drivers/CMSIS/Include/cmsis_gcc.h **** }
 784:Drivers/CMSIS/Include/cmsis_gcc.h **** 
 785:Drivers/CMSIS/Include/cmsis_gcc.h **** 
 786:Drivers/CMSIS/Include/cmsis_gcc.h **** /**
 787:Drivers/CMSIS/Include/cmsis_gcc.h ****   \brief   Load-Acquire (32 bit)
 788:Drivers/CMSIS/Include/cmsis_gcc.h ****   \details Executes a LDA instruction for 32 bit values.
 789:Drivers/CMSIS/Include/cmsis_gcc.h ****   \param [in]    ptr  Pointer to data
 790:Drivers/CMSIS/Include/cmsis_gcc.h ****   \return        value of type uint32_t at (*ptr)
 791:Drivers/CMSIS/Include/cmsis_gcc.h ****  */
 792:Drivers/CMSIS/Include/cmsis_gcc.h **** __STATIC_FORCEINLINE uint32_t __LDA(volatile uint32_t *ptr)
 793:Drivers/CMSIS/Include/cmsis_gcc.h **** {
 794:Drivers/CMSIS/Include/cmsis_gcc.h ****     uint32_t result;
 795:Drivers/CMSIS/Include/cmsis_gcc.h **** 
 796:Drivers/CMSIS/Include/cmsis_gcc.h ****    __ASM volatile ("lda %0, %1" : "=r" (result) : "Q" (*ptr) : "memory" );
 797:Drivers/CMSIS/Include/cmsis_gcc.h ****    return(result);
 798:Drivers/CMSIS/Include/cmsis_gcc.h **** }
 799:Drivers/CMSIS/Include/cmsis_gcc.h **** 
 800:Drivers/CMSIS/Include/cmsis_gcc.h **** 
 801:Drivers/CMSIS/Include/cmsis_gcc.h **** /**
 802:Drivers/CMSIS/Include/cmsis_gcc.h ****   \brief   Store-Release (8 bit)
ARM GAS  C:\Users\kaush\AppData\Local\Temp\cc4isafG.s 			page 47


 803:Drivers/CMSIS/Include/cmsis_gcc.h ****   \details Executes a STLB instruction for 8 bit values.
 804:Drivers/CMSIS/Include/cmsis_gcc.h ****   \param [in]  value  Value to store
 805:Drivers/CMSIS/Include/cmsis_gcc.h ****   \param [in]    ptr  Pointer to location
 806:Drivers/CMSIS/Include/cmsis_gcc.h ****  */
 807:Drivers/CMSIS/Include/cmsis_gcc.h **** __STATIC_FORCEINLINE void __STLB(uint8_t value, volatile uint8_t *ptr)
 808:Drivers/CMSIS/Include/cmsis_gcc.h **** {
 809:Drivers/CMSIS/Include/cmsis_gcc.h ****    __ASM volatile ("stlb %1, %0" : "=Q" (*ptr) : "r" ((uint32_t)value) : "memory" );
 810:Drivers/CMSIS/Include/cmsis_gcc.h **** }
 811:Drivers/CMSIS/Include/cmsis_gcc.h **** 
 812:Drivers/CMSIS/Include/cmsis_gcc.h **** 
 813:Drivers/CMSIS/Include/cmsis_gcc.h **** /**
 814:Drivers/CMSIS/Include/cmsis_gcc.h ****   \brief   Store-Release (16 bit)
 815:Drivers/CMSIS/Include/cmsis_gcc.h ****   \details Executes a STLH instruction for 16 bit values.
 816:Drivers/CMSIS/Include/cmsis_gcc.h ****   \param [in]  value  Value to store
 817:Drivers/CMSIS/Include/cmsis_gcc.h ****   \param [in]    ptr  Pointer to location
 818:Drivers/CMSIS/Include/cmsis_gcc.h ****  */
 819:Drivers/CMSIS/Include/cmsis_gcc.h **** __STATIC_FORCEINLINE void __STLH(uint16_t value, volatile uint16_t *ptr)
 820:Drivers/CMSIS/Include/cmsis_gcc.h **** {
 821:Drivers/CMSIS/Include/cmsis_gcc.h ****    __ASM volatile ("stlh %1, %0" : "=Q" (*ptr) : "r" ((uint32_t)value) : "memory" );
 822:Drivers/CMSIS/Include/cmsis_gcc.h **** }
 823:Drivers/CMSIS/Include/cmsis_gcc.h **** 
 824:Drivers/CMSIS/Include/cmsis_gcc.h **** 
 825:Drivers/CMSIS/Include/cmsis_gcc.h **** /**
 826:Drivers/CMSIS/Include/cmsis_gcc.h ****   \brief   Store-Release (32 bit)
 827:Drivers/CMSIS/Include/cmsis_gcc.h ****   \details Executes a STL instruction for 32 bit values.
 828:Drivers/CMSIS/Include/cmsis_gcc.h ****   \param [in]  value  Value to store
 829:Drivers/CMSIS/Include/cmsis_gcc.h ****   \param [in]    ptr  Pointer to location
 830:Drivers/CMSIS/Include/cmsis_gcc.h ****  */
 831:Drivers/CMSIS/Include/cmsis_gcc.h **** __STATIC_FORCEINLINE void __STL(uint32_t value, volatile uint32_t *ptr)
 832:Drivers/CMSIS/Include/cmsis_gcc.h **** {
 833:Drivers/CMSIS/Include/cmsis_gcc.h ****    __ASM volatile ("stl %1, %0" : "=Q" (*ptr) : "r" ((uint32_t)value) : "memory" );
 834:Drivers/CMSIS/Include/cmsis_gcc.h **** }
 835:Drivers/CMSIS/Include/cmsis_gcc.h **** 
 836:Drivers/CMSIS/Include/cmsis_gcc.h **** 
 837:Drivers/CMSIS/Include/cmsis_gcc.h **** /**
 838:Drivers/CMSIS/Include/cmsis_gcc.h ****   \brief   Load-Acquire Exclusive (8 bit)
 839:Drivers/CMSIS/Include/cmsis_gcc.h ****   \details Executes a LDAB exclusive instruction for 8 bit value.
 840:Drivers/CMSIS/Include/cmsis_gcc.h ****   \param [in]    ptr  Pointer to data
 841:Drivers/CMSIS/Include/cmsis_gcc.h ****   \return             value of type uint8_t at (*ptr)
 842:Drivers/CMSIS/Include/cmsis_gcc.h ****  */
 843:Drivers/CMSIS/Include/cmsis_gcc.h **** __STATIC_FORCEINLINE uint8_t __LDAEXB(volatile uint8_t *ptr)
 844:Drivers/CMSIS/Include/cmsis_gcc.h **** {
 845:Drivers/CMSIS/Include/cmsis_gcc.h ****     uint32_t result;
 846:Drivers/CMSIS/Include/cmsis_gcc.h **** 
 847:Drivers/CMSIS/Include/cmsis_gcc.h ****    __ASM volatile ("ldaexb %0, %1" : "=r" (result) : "Q" (*ptr) : "memory" );
 848:Drivers/CMSIS/Include/cmsis_gcc.h ****    return ((uint8_t) result);
 849:Drivers/CMSIS/Include/cmsis_gcc.h **** }
 850:Drivers/CMSIS/Include/cmsis_gcc.h **** 
 851:Drivers/CMSIS/Include/cmsis_gcc.h **** 
 852:Drivers/CMSIS/Include/cmsis_gcc.h **** /**
 853:Drivers/CMSIS/Include/cmsis_gcc.h ****   \brief   Load-Acquire Exclusive (16 bit)
 854:Drivers/CMSIS/Include/cmsis_gcc.h ****   \details Executes a LDAH exclusive instruction for 16 bit values.
 855:Drivers/CMSIS/Include/cmsis_gcc.h ****   \param [in]    ptr  Pointer to data
 856:Drivers/CMSIS/Include/cmsis_gcc.h ****   \return        value of type uint16_t at (*ptr)
 857:Drivers/CMSIS/Include/cmsis_gcc.h ****  */
 858:Drivers/CMSIS/Include/cmsis_gcc.h **** __STATIC_FORCEINLINE uint16_t __LDAEXH(volatile uint16_t *ptr)
 859:Drivers/CMSIS/Include/cmsis_gcc.h **** {
ARM GAS  C:\Users\kaush\AppData\Local\Temp\cc4isafG.s 			page 48


 860:Drivers/CMSIS/Include/cmsis_gcc.h ****     uint32_t result;
 861:Drivers/CMSIS/Include/cmsis_gcc.h **** 
 862:Drivers/CMSIS/Include/cmsis_gcc.h ****    __ASM volatile ("ldaexh %0, %1" : "=r" (result) : "Q" (*ptr) : "memory" );
 863:Drivers/CMSIS/Include/cmsis_gcc.h ****    return ((uint16_t) result);
 864:Drivers/CMSIS/Include/cmsis_gcc.h **** }
 865:Drivers/CMSIS/Include/cmsis_gcc.h **** 
 866:Drivers/CMSIS/Include/cmsis_gcc.h **** 
 867:Drivers/CMSIS/Include/cmsis_gcc.h **** /**
 868:Drivers/CMSIS/Include/cmsis_gcc.h ****   \brief   Load-Acquire Exclusive (32 bit)
 869:Drivers/CMSIS/Include/cmsis_gcc.h ****   \details Executes a LDA exclusive instruction for 32 bit values.
 870:Drivers/CMSIS/Include/cmsis_gcc.h ****   \param [in]    ptr  Pointer to data
 871:Drivers/CMSIS/Include/cmsis_gcc.h ****   \return        value of type uint32_t at (*ptr)
 872:Drivers/CMSIS/Include/cmsis_gcc.h ****  */
 873:Drivers/CMSIS/Include/cmsis_gcc.h **** __STATIC_FORCEINLINE uint32_t __LDAEX(volatile uint32_t *ptr)
 874:Drivers/CMSIS/Include/cmsis_gcc.h **** {
 875:Drivers/CMSIS/Include/cmsis_gcc.h ****     uint32_t result;
 876:Drivers/CMSIS/Include/cmsis_gcc.h **** 
 877:Drivers/CMSIS/Include/cmsis_gcc.h ****    __ASM volatile ("ldaex %0, %1" : "=r" (result) : "Q" (*ptr) : "memory" );
 878:Drivers/CMSIS/Include/cmsis_gcc.h ****    return(result);
 879:Drivers/CMSIS/Include/cmsis_gcc.h **** }
 880:Drivers/CMSIS/Include/cmsis_gcc.h **** 
 881:Drivers/CMSIS/Include/cmsis_gcc.h **** 
 882:Drivers/CMSIS/Include/cmsis_gcc.h **** /**
 883:Drivers/CMSIS/Include/cmsis_gcc.h ****   \brief   Store-Release Exclusive (8 bit)
 884:Drivers/CMSIS/Include/cmsis_gcc.h ****   \details Executes a STLB exclusive instruction for 8 bit values.
 885:Drivers/CMSIS/Include/cmsis_gcc.h ****   \param [in]  value  Value to store
 886:Drivers/CMSIS/Include/cmsis_gcc.h ****   \param [in]    ptr  Pointer to location
 887:Drivers/CMSIS/Include/cmsis_gcc.h ****   \return          0  Function succeeded
 888:Drivers/CMSIS/Include/cmsis_gcc.h ****   \return          1  Function failed
 889:Drivers/CMSIS/Include/cmsis_gcc.h ****  */
 890:Drivers/CMSIS/Include/cmsis_gcc.h **** __STATIC_FORCEINLINE uint32_t __STLEXB(uint8_t value, volatile uint8_t *ptr)
 891:Drivers/CMSIS/Include/cmsis_gcc.h **** {
 892:Drivers/CMSIS/Include/cmsis_gcc.h ****    uint32_t result;
 893:Drivers/CMSIS/Include/cmsis_gcc.h **** 
 894:Drivers/CMSIS/Include/cmsis_gcc.h ****    __ASM volatile ("stlexb %0, %2, %1" : "=&r" (result), "=Q" (*ptr) : "r" ((uint32_t)value) : "mem
 895:Drivers/CMSIS/Include/cmsis_gcc.h ****    return(result);
 896:Drivers/CMSIS/Include/cmsis_gcc.h **** }
 897:Drivers/CMSIS/Include/cmsis_gcc.h **** 
 898:Drivers/CMSIS/Include/cmsis_gcc.h **** 
 899:Drivers/CMSIS/Include/cmsis_gcc.h **** /**
 900:Drivers/CMSIS/Include/cmsis_gcc.h ****   \brief   Store-Release Exclusive (16 bit)
 901:Drivers/CMSIS/Include/cmsis_gcc.h ****   \details Executes a STLH exclusive instruction for 16 bit values.
 902:Drivers/CMSIS/Include/cmsis_gcc.h ****   \param [in]  value  Value to store
 903:Drivers/CMSIS/Include/cmsis_gcc.h ****   \param [in]    ptr  Pointer to location
 904:Drivers/CMSIS/Include/cmsis_gcc.h ****   \return          0  Function succeeded
 905:Drivers/CMSIS/Include/cmsis_gcc.h ****   \return          1  Function failed
 906:Drivers/CMSIS/Include/cmsis_gcc.h ****  */
 907:Drivers/CMSIS/Include/cmsis_gcc.h **** __STATIC_FORCEINLINE uint32_t __STLEXH(uint16_t value, volatile uint16_t *ptr)
 908:Drivers/CMSIS/Include/cmsis_gcc.h **** {
 909:Drivers/CMSIS/Include/cmsis_gcc.h ****    uint32_t result;
 910:Drivers/CMSIS/Include/cmsis_gcc.h **** 
 911:Drivers/CMSIS/Include/cmsis_gcc.h ****    __ASM volatile ("stlexh %0, %2, %1" : "=&r" (result), "=Q" (*ptr) : "r" ((uint32_t)value) : "mem
 912:Drivers/CMSIS/Include/cmsis_gcc.h ****    return(result);
 913:Drivers/CMSIS/Include/cmsis_gcc.h **** }
 914:Drivers/CMSIS/Include/cmsis_gcc.h **** 
 915:Drivers/CMSIS/Include/cmsis_gcc.h **** 
 916:Drivers/CMSIS/Include/cmsis_gcc.h **** /**
ARM GAS  C:\Users\kaush\AppData\Local\Temp\cc4isafG.s 			page 49


 917:Drivers/CMSIS/Include/cmsis_gcc.h ****   \brief   Store-Release Exclusive (32 bit)
 918:Drivers/CMSIS/Include/cmsis_gcc.h ****   \details Executes a STL exclusive instruction for 32 bit values.
 919:Drivers/CMSIS/Include/cmsis_gcc.h ****   \param [in]  value  Value to store
 920:Drivers/CMSIS/Include/cmsis_gcc.h ****   \param [in]    ptr  Pointer to location
 921:Drivers/CMSIS/Include/cmsis_gcc.h ****   \return          0  Function succeeded
 922:Drivers/CMSIS/Include/cmsis_gcc.h ****   \return          1  Function failed
 923:Drivers/CMSIS/Include/cmsis_gcc.h ****  */
 924:Drivers/CMSIS/Include/cmsis_gcc.h **** __STATIC_FORCEINLINE uint32_t __STLEX(uint32_t value, volatile uint32_t *ptr)
 925:Drivers/CMSIS/Include/cmsis_gcc.h **** {
 926:Drivers/CMSIS/Include/cmsis_gcc.h ****    uint32_t result;
 927:Drivers/CMSIS/Include/cmsis_gcc.h **** 
 928:Drivers/CMSIS/Include/cmsis_gcc.h ****    __ASM volatile ("stlex %0, %2, %1" : "=&r" (result), "=Q" (*ptr) : "r" ((uint32_t)value) : "memo
 929:Drivers/CMSIS/Include/cmsis_gcc.h ****    return(result);
 930:Drivers/CMSIS/Include/cmsis_gcc.h **** }
 931:Drivers/CMSIS/Include/cmsis_gcc.h **** 
 932:Drivers/CMSIS/Include/cmsis_gcc.h **** #endif /* ((defined (__ARM_ARCH_8M_MAIN__ ) && (__ARM_ARCH_8M_MAIN__ == 1)) || \
 933:Drivers/CMSIS/Include/cmsis_gcc.h ****            (defined (__ARM_ARCH_8M_BASE__ ) && (__ARM_ARCH_8M_BASE__ == 1))    ) */
 934:Drivers/CMSIS/Include/cmsis_gcc.h **** 
 935:Drivers/CMSIS/Include/cmsis_gcc.h **** /*@}*/ /* end of group CMSIS_Core_InstructionInterface */
 936:Drivers/CMSIS/Include/cmsis_gcc.h **** 
 937:Drivers/CMSIS/Include/cmsis_gcc.h **** 
 938:Drivers/CMSIS/Include/cmsis_gcc.h **** /* ###########################  Core Function Access  ########################### */
 939:Drivers/CMSIS/Include/cmsis_gcc.h **** /** \ingroup  CMSIS_Core_FunctionInterface
 940:Drivers/CMSIS/Include/cmsis_gcc.h ****     \defgroup CMSIS_Core_RegAccFunctions CMSIS Core Register Access Functions
 941:Drivers/CMSIS/Include/cmsis_gcc.h ****   @{
 942:Drivers/CMSIS/Include/cmsis_gcc.h ****  */
 943:Drivers/CMSIS/Include/cmsis_gcc.h **** 
 944:Drivers/CMSIS/Include/cmsis_gcc.h **** /**
 945:Drivers/CMSIS/Include/cmsis_gcc.h ****   \brief   Enable IRQ Interrupts
 946:Drivers/CMSIS/Include/cmsis_gcc.h ****   \details Enables IRQ interrupts by clearing special-purpose register PRIMASK.
 947:Drivers/CMSIS/Include/cmsis_gcc.h ****            Can only be executed in Privileged modes.
 948:Drivers/CMSIS/Include/cmsis_gcc.h ****  */
 949:Drivers/CMSIS/Include/cmsis_gcc.h **** __STATIC_FORCEINLINE void __enable_irq(void)
 950:Drivers/CMSIS/Include/cmsis_gcc.h **** {
 951:Drivers/CMSIS/Include/cmsis_gcc.h ****   __ASM volatile ("cpsie i" : : : "memory");
 952:Drivers/CMSIS/Include/cmsis_gcc.h **** }
 953:Drivers/CMSIS/Include/cmsis_gcc.h **** 
 954:Drivers/CMSIS/Include/cmsis_gcc.h **** 
 955:Drivers/CMSIS/Include/cmsis_gcc.h **** /**
 956:Drivers/CMSIS/Include/cmsis_gcc.h ****   \brief   Disable IRQ Interrupts
 957:Drivers/CMSIS/Include/cmsis_gcc.h ****   \details Disables IRQ interrupts by setting special-purpose register PRIMASK.
 958:Drivers/CMSIS/Include/cmsis_gcc.h ****            Can only be executed in Privileged modes.
 959:Drivers/CMSIS/Include/cmsis_gcc.h ****  */
 960:Drivers/CMSIS/Include/cmsis_gcc.h **** __STATIC_FORCEINLINE void __disable_irq(void)
 1171              		.loc 2 960 27 view .LVU273
 1172              	.LBB31:
 961:Drivers/CMSIS/Include/cmsis_gcc.h **** {
 962:Drivers/CMSIS/Include/cmsis_gcc.h ****   __ASM volatile ("cpsid i" : : : "memory");
 1173              		.loc 2 962 3 view .LVU274
 1174              		.syntax unified
 1175              	@ 962 "Drivers/CMSIS/Include/cmsis_gcc.h" 1
 1176 0000 72B6     		cpsid i
 1177              	@ 0 "" 2
 1178              		.thumb
 1179              		.syntax unified
 1180              	.L57:
 1181              	.LBE31:
ARM GAS  C:\Users\kaush\AppData\Local\Temp\cc4isafG.s 			page 50


 1182              	.LBE30:
 513:Core/Src/main.c ****   while (1)
 1183              		.loc 1 513 3 view .LVU275
 514:Core/Src/main.c ****   {
 515:Core/Src/main.c ****   }
 1184              		.loc 1 515 3 view .LVU276
 513:Core/Src/main.c ****   while (1)
 1185              		.loc 1 513 9 view .LVU277
 1186 0002 FEE7     		b	.L57
 1187              		.cfi_endproc
 1188              	.LFE141:
 1190              		.section	.text.SystemClock_Config,"ax",%progbits
 1191              		.align	1
 1192              		.global	SystemClock_Config
 1193              		.syntax unified
 1194              		.thumb
 1195              		.thumb_func
 1197              	SystemClock_Config:
 1198              	.LFB136:
 320:Core/Src/main.c ****   RCC_OscInitTypeDef RCC_OscInitStruct = {0};
 1199              		.loc 1 320 1 view -0
 1200              		.cfi_startproc
 1201              		@ args = 0, pretend = 0, frame = 80
 1202              		@ frame_needed = 0, uses_anonymous_args = 0
 1203 0000 00B5     		push	{lr}
 1204              	.LCFI12:
 1205              		.cfi_def_cfa_offset 4
 1206              		.cfi_offset 14, -4
 1207 0002 95B0     		sub	sp, sp, #84
 1208              	.LCFI13:
 1209              		.cfi_def_cfa_offset 88
 321:Core/Src/main.c ****   RCC_ClkInitTypeDef RCC_ClkInitStruct = {0};
 1210              		.loc 1 321 3 view .LVU279
 321:Core/Src/main.c ****   RCC_ClkInitTypeDef RCC_ClkInitStruct = {0};
 1211              		.loc 1 321 22 is_stmt 0 view .LVU280
 1212 0004 3422     		movs	r2, #52
 1213 0006 0021     		movs	r1, #0
 1214 0008 07A8     		add	r0, sp, #28
 1215 000a FFF7FEFF 		bl	memset
 1216              	.LVL106:
 322:Core/Src/main.c **** 
 1217              		.loc 1 322 3 is_stmt 1 view .LVU281
 322:Core/Src/main.c **** 
 1218              		.loc 1 322 22 is_stmt 0 view .LVU282
 1219 000e 0023     		movs	r3, #0
 1220 0010 0293     		str	r3, [sp, #8]
 1221 0012 0393     		str	r3, [sp, #12]
 1222 0014 0493     		str	r3, [sp, #16]
 1223 0016 0593     		str	r3, [sp, #20]
 1224 0018 0693     		str	r3, [sp, #24]
 326:Core/Src/main.c ****   __HAL_PWR_VOLTAGESCALING_CONFIG(PWR_REGULATOR_VOLTAGE_SCALE3);
 1225              		.loc 1 326 3 is_stmt 1 view .LVU283
 1226              	.LBB32:
 326:Core/Src/main.c ****   __HAL_PWR_VOLTAGESCALING_CONFIG(PWR_REGULATOR_VOLTAGE_SCALE3);
 1227              		.loc 1 326 3 view .LVU284
 1228 001a 0093     		str	r3, [sp]
 326:Core/Src/main.c ****   __HAL_PWR_VOLTAGESCALING_CONFIG(PWR_REGULATOR_VOLTAGE_SCALE3);
ARM GAS  C:\Users\kaush\AppData\Local\Temp\cc4isafG.s 			page 51


 1229              		.loc 1 326 3 view .LVU285
 1230 001c 214A     		ldr	r2, .L64
 1231 001e 116C     		ldr	r1, [r2, #64]
 1232 0020 41F08051 		orr	r1, r1, #268435456
 1233 0024 1164     		str	r1, [r2, #64]
 326:Core/Src/main.c ****   __HAL_PWR_VOLTAGESCALING_CONFIG(PWR_REGULATOR_VOLTAGE_SCALE3);
 1234              		.loc 1 326 3 view .LVU286
 1235 0026 126C     		ldr	r2, [r2, #64]
 1236 0028 02F08052 		and	r2, r2, #268435456
 1237 002c 0092     		str	r2, [sp]
 326:Core/Src/main.c ****   __HAL_PWR_VOLTAGESCALING_CONFIG(PWR_REGULATOR_VOLTAGE_SCALE3);
 1238              		.loc 1 326 3 view .LVU287
 1239 002e 009A     		ldr	r2, [sp]
 1240              	.LBE32:
 326:Core/Src/main.c ****   __HAL_PWR_VOLTAGESCALING_CONFIG(PWR_REGULATOR_VOLTAGE_SCALE3);
 1241              		.loc 1 326 3 view .LVU288
 327:Core/Src/main.c **** 
 1242              		.loc 1 327 3 view .LVU289
 1243              	.LBB33:
 327:Core/Src/main.c **** 
 1244              		.loc 1 327 3 view .LVU290
 1245 0030 0193     		str	r3, [sp, #4]
 327:Core/Src/main.c **** 
 1246              		.loc 1 327 3 view .LVU291
 1247 0032 1D4A     		ldr	r2, .L64+4
 1248 0034 1368     		ldr	r3, [r2]
 1249 0036 23F44043 		bic	r3, r3, #49152
 1250 003a 43F48043 		orr	r3, r3, #16384
 1251 003e 1360     		str	r3, [r2]
 327:Core/Src/main.c **** 
 1252              		.loc 1 327 3 view .LVU292
 1253 0040 1368     		ldr	r3, [r2]
 1254 0042 03F44043 		and	r3, r3, #49152
 1255 0046 0193     		str	r3, [sp, #4]
 327:Core/Src/main.c **** 
 1256              		.loc 1 327 3 view .LVU293
 1257 0048 019B     		ldr	r3, [sp, #4]
 1258              	.LBE33:
 327:Core/Src/main.c **** 
 1259              		.loc 1 327 3 view .LVU294
 332:Core/Src/main.c ****   RCC_OscInitStruct.HSEState = RCC_HSE_ON;
 1260              		.loc 1 332 3 view .LVU295
 332:Core/Src/main.c ****   RCC_OscInitStruct.HSEState = RCC_HSE_ON;
 1261              		.loc 1 332 36 is_stmt 0 view .LVU296
 1262 004a 0123     		movs	r3, #1
 1263 004c 0793     		str	r3, [sp, #28]
 333:Core/Src/main.c ****   RCC_OscInitStruct.PLL.PLLState = RCC_PLL_ON;
 1264              		.loc 1 333 3 is_stmt 1 view .LVU297
 333:Core/Src/main.c ****   RCC_OscInitStruct.PLL.PLLState = RCC_PLL_ON;
 1265              		.loc 1 333 30 is_stmt 0 view .LVU298
 1266 004e 4FF48033 		mov	r3, #65536
 1267 0052 0893     		str	r3, [sp, #32]
 334:Core/Src/main.c ****   RCC_OscInitStruct.PLL.PLLSource = RCC_PLLSOURCE_HSE;
 1268              		.loc 1 334 3 is_stmt 1 view .LVU299
 334:Core/Src/main.c ****   RCC_OscInitStruct.PLL.PLLSource = RCC_PLLSOURCE_HSE;
 1269              		.loc 1 334 34 is_stmt 0 view .LVU300
 1270 0054 0223     		movs	r3, #2
ARM GAS  C:\Users\kaush\AppData\Local\Temp\cc4isafG.s 			page 52


 1271 0056 0D93     		str	r3, [sp, #52]
 335:Core/Src/main.c ****   RCC_OscInitStruct.PLL.PLLM = 15;
 1272              		.loc 1 335 3 is_stmt 1 view .LVU301
 335:Core/Src/main.c ****   RCC_OscInitStruct.PLL.PLLM = 15;
 1273              		.loc 1 335 35 is_stmt 0 view .LVU302
 1274 0058 4FF48002 		mov	r2, #4194304
 1275 005c 0E92     		str	r2, [sp, #56]
 336:Core/Src/main.c ****   RCC_OscInitStruct.PLL.PLLN = 144;
 1276              		.loc 1 336 3 is_stmt 1 view .LVU303
 336:Core/Src/main.c ****   RCC_OscInitStruct.PLL.PLLN = 144;
 1277              		.loc 1 336 30 is_stmt 0 view .LVU304
 1278 005e 0F22     		movs	r2, #15
 1279 0060 0F92     		str	r2, [sp, #60]
 337:Core/Src/main.c ****   RCC_OscInitStruct.PLL.PLLP = RCC_PLLP_DIV2;
 1280              		.loc 1 337 3 is_stmt 1 view .LVU305
 337:Core/Src/main.c ****   RCC_OscInitStruct.PLL.PLLP = RCC_PLLP_DIV2;
 1281              		.loc 1 337 30 is_stmt 0 view .LVU306
 1282 0062 9022     		movs	r2, #144
 1283 0064 1092     		str	r2, [sp, #64]
 338:Core/Src/main.c ****   RCC_OscInitStruct.PLL.PLLQ = 2;
 1284              		.loc 1 338 3 is_stmt 1 view .LVU307
 338:Core/Src/main.c ****   RCC_OscInitStruct.PLL.PLLQ = 2;
 1285              		.loc 1 338 30 is_stmt 0 view .LVU308
 1286 0066 1193     		str	r3, [sp, #68]
 339:Core/Src/main.c ****   RCC_OscInitStruct.PLL.PLLR = 2;
 1287              		.loc 1 339 3 is_stmt 1 view .LVU309
 339:Core/Src/main.c ****   RCC_OscInitStruct.PLL.PLLR = 2;
 1288              		.loc 1 339 30 is_stmt 0 view .LVU310
 1289 0068 1293     		str	r3, [sp, #72]
 340:Core/Src/main.c ****   if (HAL_RCC_OscConfig(&RCC_OscInitStruct) != HAL_OK)
 1290              		.loc 1 340 3 is_stmt 1 view .LVU311
 340:Core/Src/main.c ****   if (HAL_RCC_OscConfig(&RCC_OscInitStruct) != HAL_OK)
 1291              		.loc 1 340 30 is_stmt 0 view .LVU312
 1292 006a 1393     		str	r3, [sp, #76]
 341:Core/Src/main.c ****   {
 1293              		.loc 1 341 3 is_stmt 1 view .LVU313
 341:Core/Src/main.c ****   {
 1294              		.loc 1 341 7 is_stmt 0 view .LVU314
 1295 006c 07A8     		add	r0, sp, #28
 1296 006e FFF7FEFF 		bl	HAL_RCC_OscConfig
 1297              	.LVL107:
 341:Core/Src/main.c ****   {
 1298              		.loc 1 341 6 discriminator 1 view .LVU315
 1299 0072 98B9     		cbnz	r0, .L62
 348:Core/Src/main.c ****                               |RCC_CLOCKTYPE_PCLK1|RCC_CLOCKTYPE_PCLK2;
 1300              		.loc 1 348 3 is_stmt 1 view .LVU316
 348:Core/Src/main.c ****                               |RCC_CLOCKTYPE_PCLK1|RCC_CLOCKTYPE_PCLK2;
 1301              		.loc 1 348 31 is_stmt 0 view .LVU317
 1302 0074 0F23     		movs	r3, #15
 1303 0076 0293     		str	r3, [sp, #8]
 350:Core/Src/main.c ****   RCC_ClkInitStruct.AHBCLKDivider = RCC_SYSCLK_DIV1;
 1304              		.loc 1 350 3 is_stmt 1 view .LVU318
 350:Core/Src/main.c ****   RCC_ClkInitStruct.AHBCLKDivider = RCC_SYSCLK_DIV1;
 1305              		.loc 1 350 34 is_stmt 0 view .LVU319
 1306 0078 0223     		movs	r3, #2
 1307 007a 0393     		str	r3, [sp, #12]
 351:Core/Src/main.c ****   RCC_ClkInitStruct.APB1CLKDivider = RCC_HCLK_DIV4;
ARM GAS  C:\Users\kaush\AppData\Local\Temp\cc4isafG.s 			page 53


 1308              		.loc 1 351 3 is_stmt 1 view .LVU320
 351:Core/Src/main.c ****   RCC_ClkInitStruct.APB1CLKDivider = RCC_HCLK_DIV4;
 1309              		.loc 1 351 35 is_stmt 0 view .LVU321
 1310 007c 0023     		movs	r3, #0
 1311 007e 0493     		str	r3, [sp, #16]
 352:Core/Src/main.c ****   RCC_ClkInitStruct.APB2CLKDivider = RCC_HCLK_DIV2;
 1312              		.loc 1 352 3 is_stmt 1 view .LVU322
 352:Core/Src/main.c ****   RCC_ClkInitStruct.APB2CLKDivider = RCC_HCLK_DIV2;
 1313              		.loc 1 352 36 is_stmt 0 view .LVU323
 1314 0080 4FF4A053 		mov	r3, #5120
 1315 0084 0593     		str	r3, [sp, #20]
 353:Core/Src/main.c **** 
 1316              		.loc 1 353 3 is_stmt 1 view .LVU324
 353:Core/Src/main.c **** 
 1317              		.loc 1 353 36 is_stmt 0 view .LVU325
 1318 0086 4FF48053 		mov	r3, #4096
 1319 008a 0693     		str	r3, [sp, #24]
 355:Core/Src/main.c ****   {
 1320              		.loc 1 355 3 is_stmt 1 view .LVU326
 355:Core/Src/main.c ****   {
 1321              		.loc 1 355 7 is_stmt 0 view .LVU327
 1322 008c 0321     		movs	r1, #3
 1323 008e 02A8     		add	r0, sp, #8
 1324 0090 FFF7FEFF 		bl	HAL_RCC_ClockConfig
 1325              	.LVL108:
 355:Core/Src/main.c ****   {
 1326              		.loc 1 355 6 discriminator 1 view .LVU328
 1327 0094 20B9     		cbnz	r0, .L63
 359:Core/Src/main.c **** 
 1328              		.loc 1 359 1 view .LVU329
 1329 0096 15B0     		add	sp, sp, #84
 1330              	.LCFI14:
 1331              		.cfi_remember_state
 1332              		.cfi_def_cfa_offset 4
 1333              		@ sp needed
 1334 0098 5DF804FB 		ldr	pc, [sp], #4
 1335              	.L62:
 1336              	.LCFI15:
 1337              		.cfi_restore_state
 343:Core/Src/main.c ****   }
 1338              		.loc 1 343 5 is_stmt 1 view .LVU330
 1339 009c FFF7FEFF 		bl	Error_Handler
 1340              	.LVL109:
 1341              	.L63:
 357:Core/Src/main.c ****   }
 1342              		.loc 1 357 5 view .LVU331
 1343 00a0 FFF7FEFF 		bl	Error_Handler
 1344              	.LVL110:
 1345              	.L65:
 1346              		.align	2
 1347              	.L64:
 1348 00a4 00380240 		.word	1073887232
 1349 00a8 00700040 		.word	1073770496
 1350              		.cfi_endproc
 1351              	.LFE136:
 1353              		.global	__aeabi_uldivmod
 1354              		.section	.text.main,"ax",%progbits
ARM GAS  C:\Users\kaush\AppData\Local\Temp\cc4isafG.s 			page 54


 1355              		.align	1
 1356              		.global	main
 1357              		.syntax unified
 1358              		.thumb
 1359              		.thumb_func
 1361              	main:
 1362              	.LFB135:
 118:Core/Src/main.c **** 
 1363              		.loc 1 118 1 view -0
 1364              		.cfi_startproc
 1365              		@ args = 0, pretend = 0, frame = 0
 1366              		@ frame_needed = 0, uses_anonymous_args = 0
 1367 0000 2DE9F84F 		push	{r3, r4, r5, r6, r7, r8, r9, r10, fp, lr}
 1368              	.LCFI16:
 1369              		.cfi_def_cfa_offset 40
 1370              		.cfi_offset 3, -40
 1371              		.cfi_offset 4, -36
 1372              		.cfi_offset 5, -32
 1373              		.cfi_offset 6, -28
 1374              		.cfi_offset 7, -24
 1375              		.cfi_offset 8, -20
 1376              		.cfi_offset 9, -16
 1377              		.cfi_offset 10, -12
 1378              		.cfi_offset 11, -8
 1379              		.cfi_offset 14, -4
 127:Core/Src/main.c **** 
 1380              		.loc 1 127 3 view .LVU333
 1381 0004 FFF7FEFF 		bl	HAL_Init
 1382              	.LVL111:
 134:Core/Src/main.c **** 
 1383              		.loc 1 134 3 view .LVU334
 1384 0008 FFF7FEFF 		bl	SystemClock_Config
 1385              	.LVL112:
 137:Core/Src/main.c ****   /* USER CODE END SysInit */
 1386              		.loc 1 137 3 view .LVU335
 1387 000c FFF7FEFF 		bl	DWT_Init
 1388              	.LVL113:
 141:Core/Src/main.c ****   /* USER CODE BEGIN 2 */
 1389              		.loc 1 141 3 view .LVU336
 1390 0010 FFF7FEFF 		bl	MX_GPIO_Init
 1391              	.LVL114:
 180:Core/Src/main.c **** 
 1392              		.loc 1 180 3 view .LVU337
 1393              	.LBB34:
 180:Core/Src/main.c **** 
 1394              		.loc 1 180 8 view .LVU338
 180:Core/Src/main.c **** 
 1395              		.loc 1 180 12 is_stmt 0 view .LVU339
 1396 0014 0024     		movs	r4, #0
 180:Core/Src/main.c **** 
 1397              		.loc 1 180 3 view .LVU340
 1398 0016 73E0     		b	.L67
 1399              	.LVL115:
 1400              	.L68:
 182:Core/Src/main.c **** 
 1401              		.loc 1 182 7 is_stmt 1 view .LVU341
 1402 0018 474E     		ldr	r6, .L71
ARM GAS  C:\Users\kaush\AppData\Local\Temp\cc4isafG.s 			page 55


 1403 001a 0122     		movs	r2, #1
 1404 001c 1146     		mov	r1, r2
 1405 001e 3046     		mov	r0, r6
 1406 0020 FFF7FEFF 		bl	HAL_GPIO_WritePin
 1407              	.LVL116:
 184:Core/Src/main.c ****       start_time = HAL_GetTick();
 1408              		.loc 1 184 7 view .LVU342
 184:Core/Src/main.c ****       start_time = HAL_GetTick();
 1409              		.loc 1 184 18 is_stmt 0 view .LVU343
 1410 0024 DFF814B1 		ldr	fp, .L71+4
 1411 0028 DBF80430 		ldr	r3, [fp, #4]
 184:Core/Src/main.c ****       start_time = HAL_GetTick();
 1412              		.loc 1 184 13 view .LVU344
 1413 002c 444F     		ldr	r7, .L71+8
 1414 002e 3B60     		str	r3, [r7]
 185:Core/Src/main.c **** 
 1415              		.loc 1 185 7 is_stmt 1 view .LVU345
 185:Core/Src/main.c **** 
 1416              		.loc 1 185 20 is_stmt 0 view .LVU346
 1417 0030 FFF7FEFF 		bl	HAL_GetTick
 1418              	.LVL117:
 185:Core/Src/main.c **** 
 1419              		.loc 1 185 18 discriminator 1 view .LVU347
 1420 0034 DFF80CA1 		ldr	r10, .L71+12
 1421 0038 CAF80000 		str	r0, [r10]
 187:Core/Src/main.c ****       dimension=image_dimension[i]*image_dimension[i];
 1422              		.loc 1 187 7 is_stmt 1 view .LVU348
 187:Core/Src/main.c ****       dimension=image_dimension[i]*image_dimension[i];
 1423              		.loc 1 187 18 is_stmt 0 view .LVU349
 1424 003c 424B     		ldr	r3, .L71+16
 1425 003e 53F82450 		ldr	r5, [r3, r4, lsl #2]
 1426 0042 6422     		movs	r2, #100
 1427 0044 2946     		mov	r1, r5
 1428 0046 2846     		mov	r0, r5
 1429 0048 FFF7FEFF 		bl	calculate_mandelbrot_double
 1430              	.LVL118:
 187:Core/Src/main.c ****       dimension=image_dimension[i]*image_dimension[i];
 1431              		.loc 1 187 16 discriminator 1 view .LVU350
 1432 004c DFF8FC90 		ldr	r9, .L71+20
 1433 0050 C9E90001 		strd	r0, [r9]
 188:Core/Src/main.c ****       end_time = HAL_GetTick();
 1434              		.loc 1 188 7 is_stmt 1 view .LVU351
 188:Core/Src/main.c ****       end_time = HAL_GetTick();
 1435              		.loc 1 188 35 is_stmt 0 view .LVU352
 1436 0054 05FB05F5 		mul	r5, r5, r5
 1437 0058 EB17     		asrs	r3, r5, #31
 188:Core/Src/main.c ****       end_time = HAL_GetTick();
 1438              		.loc 1 188 16 view .LVU353
 1439 005a DFF8F480 		ldr	r8, .L71+24
 1440 005e C8F80050 		str	r5, [r8]
 1441 0062 C8F80430 		str	r3, [r8, #4]
 189:Core/Src/main.c ****       end = DWT->CYCCNT;
 1442              		.loc 1 189 7 is_stmt 1 view .LVU354
 189:Core/Src/main.c ****       end = DWT->CYCCNT;
 1443              		.loc 1 189 18 is_stmt 0 view .LVU355
 1444 0066 FFF7FEFF 		bl	HAL_GetTick
 1445              	.LVL119:
ARM GAS  C:\Users\kaush\AppData\Local\Temp\cc4isafG.s 			page 56


 189:Core/Src/main.c ****       end = DWT->CYCCNT;
 1446              		.loc 1 189 16 discriminator 1 view .LVU356
 1447 006a 3A4B     		ldr	r3, .L71+28
 1448 006c 1860     		str	r0, [r3]
 190:Core/Src/main.c **** 
 1449              		.loc 1 190 7 is_stmt 1 view .LVU357
 190:Core/Src/main.c **** 
 1450              		.loc 1 190 16 is_stmt 0 view .LVU358
 1451 006e DBF80430 		ldr	r3, [fp, #4]
 190:Core/Src/main.c **** 
 1452              		.loc 1 190 11 view .LVU359
 1453 0072 394A     		ldr	r2, .L71+32
 1454 0074 1360     		str	r3, [r2]
 192:Core/Src/main.c ****       cycles = end - start;
 1455              		.loc 1 192 7 is_stmt 1 view .LVU360
 192:Core/Src/main.c ****       cycles = end - start;
 1456              		.loc 1 192 33 is_stmt 0 view .LVU361
 1457 0076 DAF80020 		ldr	r2, [r10]
 1458 007a 821A     		subs	r2, r0, r2
 192:Core/Src/main.c ****       cycles = end - start;
 1459              		.loc 1 192 22 view .LVU362
 1460 007c 3749     		ldr	r1, .L71+36
 1461 007e 0A60     		str	r2, [r1]
 193:Core/Src/main.c **** 
 1462              		.loc 1 193 7 is_stmt 1 view .LVU363
 193:Core/Src/main.c **** 
 1463              		.loc 1 193 20 is_stmt 0 view .LVU364
 1464 0080 3968     		ldr	r1, [r7]
 1465 0082 5B1A     		subs	r3, r3, r1
 193:Core/Src/main.c **** 
 1466              		.loc 1 193 14 view .LVU365
 1467 0084 3649     		ldr	r1, .L71+40
 1468 0086 0B60     		str	r3, [r1]
 195:Core/Src/main.c ****       checksum_t2[i] = checksum;
 1469              		.loc 1 195 7 is_stmt 1 view .LVU366
 195:Core/Src/main.c ****       checksum_t2[i] = checksum;
 1470              		.loc 1 195 23 is_stmt 0 view .LVU367
 1471 0088 0025     		movs	r5, #0
 1472 008a 3649     		ldr	r1, .L71+44
 1473 008c E700     		lsls	r7, r4, #3
 1474 008e 01EBC400 		add	r0, r1, r4, lsl #3
 1475 0092 41F83420 		str	r2, [r1, r4, lsl #3]
 1476 0096 4560     		str	r5, [r0, #4]
 196:Core/Src/main.c ****       Cycles[i]      = cycles;
 1477              		.loc 1 196 7 is_stmt 1 view .LVU368
 196:Core/Src/main.c ****       Cycles[i]      = cycles;
 1478              		.loc 1 196 22 is_stmt 0 view .LVU369
 1479 0098 3349     		ldr	r1, .L71+48
 1480 009a 01EBC40C 		add	ip, r1, r4, lsl #3
 1481 009e D9E90001 		ldrd	r0, [r9]
 1482 00a2 CCE90001 		strd	r0, [ip]
 197:Core/Src/main.c ****       throughput[i] = ((1000*dimension)/execution_time) ;
 1483              		.loc 1 197 7 is_stmt 1 view .LVU370
 197:Core/Src/main.c ****       throughput[i] = ((1000*dimension)/execution_time) ;
 1484              		.loc 1 197 22 is_stmt 0 view .LVU371
 1485 00a6 3149     		ldr	r1, .L71+52
 1486 00a8 01EBC400 		add	r0, r1, r4, lsl #3
ARM GAS  C:\Users\kaush\AppData\Local\Temp\cc4isafG.s 			page 57


 1487 00ac 41F83430 		str	r3, [r1, r4, lsl #3]
 1488 00b0 4560     		str	r5, [r0, #4]
 198:Core/Src/main.c ****       HAL_GPIO_WritePin(GPIOB, GPIO_PIN_0, GPIO_PIN_RESET); // LED0 off
 1489              		.loc 1 198 7 is_stmt 1 view .LVU372
 198:Core/Src/main.c ****       HAL_GPIO_WritePin(GPIOB, GPIO_PIN_0, GPIO_PIN_RESET); // LED0 off
 1490              		.loc 1 198 29 is_stmt 0 view .LVU373
 1491 00b2 D8F800C0 		ldr	ip, [r8]
 1492 00b6 D8F80400 		ldr	r0, [r8, #4]
 1493 00ba 4301     		lsls	r3, r0, #5
 1494 00bc 43EADC63 		orr	r3, r3, ip, lsr #27
 1495 00c0 4FEA4C11 		lsl	r1, ip, #5
 1496 00c4 B1EB0C01 		subs	r1, r1, ip
 1497 00c8 63EB0003 		sbc	r3, r3, r0
 1498 00cc 9B00     		lsls	r3, r3, #2
 1499 00ce 43EA9173 		orr	r3, r3, r1, lsr #30
 1500 00d2 8900     		lsls	r1, r1, #2
 1501 00d4 11EB0C01 		adds	r1, r1, ip
 1502 00d8 40EB0300 		adc	r0, r0, r3
 1503 00dc 4FEAC00C 		lsl	ip, r0, #3
 198:Core/Src/main.c ****       HAL_GPIO_WritePin(GPIOB, GPIO_PIN_0, GPIO_PIN_RESET); // LED0 off
 1504              		.loc 1 198 40 view .LVU374
 1505 00e0 2B46     		mov	r3, r5
 1506 00e2 C800     		lsls	r0, r1, #3
 1507 00e4 4CEA5171 		orr	r1, ip, r1, lsr #29
 1508 00e8 FFF7FEFF 		bl	__aeabi_uldivmod
 1509              	.LVL120:
 198:Core/Src/main.c ****       HAL_GPIO_WritePin(GPIOB, GPIO_PIN_0, GPIO_PIN_RESET); // LED0 off
 1510              		.loc 1 198 21 view .LVU375
 1511 00ec 204B     		ldr	r3, .L71+56
 1512 00ee 3B44     		add	r3, r3, r7
 1513 00f0 C3E90001 		strd	r0, [r3]
 199:Core/Src/main.c ****     }
 1514              		.loc 1 199 7 is_stmt 1 view .LVU376
 1515 00f4 2A46     		mov	r2, r5
 1516 00f6 0121     		movs	r1, #1
 1517 00f8 3046     		mov	r0, r6
 1518 00fa FFF7FEFF 		bl	HAL_GPIO_WritePin
 1519              	.LVL121:
 180:Core/Src/main.c **** 
 1520              		.loc 1 180 28 discriminator 3 view .LVU377
 1521 00fe 0134     		adds	r4, r4, #1
 1522              	.LVL122:
 1523              	.L67:
 180:Core/Src/main.c **** 
 1524              		.loc 1 180 21 discriminator 1 view .LVU378
 1525 0100 052C     		cmp	r4, #5
 1526 0102 89DD     		ble	.L68
 1527              	.LVL123:
 1528              	.L69:
 180:Core/Src/main.c **** 
 1529              		.loc 1 180 21 is_stmt 0 discriminator 1 view .LVU379
 1530              	.LBE34:
 231:Core/Src/main.c ****   {
 1531              		.loc 1 231 3 is_stmt 1 view .LVU380
 237:Core/Src/main.c **** 
 1532              		.loc 1 237 6 view .LVU381
 1533 0104 0C4C     		ldr	r4, .L71
ARM GAS  C:\Users\kaush\AppData\Local\Temp\cc4isafG.s 			page 58


 1534 0106 0122     		movs	r2, #1
 1535 0108 1146     		mov	r1, r2
 1536 010a 2046     		mov	r0, r4
 1537 010c FFF7FEFF 		bl	HAL_GPIO_WritePin
 1538              	.LVL124:
 301:Core/Src/main.c **** 
 1539              		.loc 1 301 6 view .LVU382
 1540 0110 0122     		movs	r2, #1
 1541 0112 0221     		movs	r1, #2
 1542 0114 2046     		mov	r0, r4
 1543 0116 FFF7FEFF 		bl	HAL_GPIO_WritePin
 1544              	.LVL125:
 304:Core/Src/main.c **** 
 1545              		.loc 1 304 6 view .LVU383
 1546 011a 4FF4FA60 		mov	r0, #2000
 1547 011e FFF7FEFF 		bl	HAL_Delay
 1548              	.LVL126:
 308:Core/Src/main.c **** 	    HAL_GPIO_WritePin(GPIOB, GPIO_PIN_1, GPIO_PIN_RESET);
 1549              		.loc 1 308 6 view .LVU384
 1550 0122 0022     		movs	r2, #0
 1551 0124 0121     		movs	r1, #1
 1552 0126 2046     		mov	r0, r4
 1553 0128 FFF7FEFF 		bl	HAL_GPIO_WritePin
 1554              	.LVL127:
 309:Core/Src/main.c **** 
 1555              		.loc 1 309 6 discriminator 1 view .LVU385
 1556 012c 0022     		movs	r2, #0
 1557 012e 0221     		movs	r1, #2
 1558 0130 2046     		mov	r0, r4
 1559 0132 FFF7FEFF 		bl	HAL_GPIO_WritePin
 1560              	.LVL128:
 231:Core/Src/main.c ****   {
 1561              		.loc 1 231 9 view .LVU386
 1562 0136 E5E7     		b	.L69
 1563              	.L72:
 1564              		.align	2
 1565              	.L71:
 1566 0138 00040240 		.word	1073873920
 1567 013c 001000E0 		.word	-536866816
 1568 0140 00000000 		.word	start
 1569 0144 00000000 		.word	start_time
 1570 0148 00000000 		.word	image_dimension
 1571 014c 00000000 		.word	checksum
 1572 0150 00000000 		.word	dimension
 1573 0154 00000000 		.word	end_time
 1574 0158 00000000 		.word	end
 1575 015c 00000000 		.word	execution_time
 1576 0160 00000000 		.word	cycles
 1577 0164 00000000 		.word	Exec_time_t2
 1578 0168 00000000 		.word	checksum_t2
 1579 016c 00000000 		.word	Cycles
 1580 0170 00000000 		.word	throughput
 1581              		.cfi_endproc
 1582              	.LFE135:
 1584              		.global	iters
 1585              		.section	.data.iters,"aw"
 1586              		.align	2
ARM GAS  C:\Users\kaush\AppData\Local\Temp\cc4isafG.s 			page 59


 1589              	iters:
 1590 0000 64000000 		.word	100
 1591 0004 FA000000 		.word	250
 1592 0008 F4010000 		.word	500
 1593 000c EE020000 		.word	750
 1594 0010 E8030000 		.word	1000
 1595              		.global	Test_ITER
 1596              		.section	.data.Test_ITER,"aw"
 1597              		.align	2
 1600              	Test_ITER:
 1601 0000 64000000 		.word	100
 1602              		.global	image_dimension
 1603              		.section	.data.image_dimension,"aw"
 1604              		.align	2
 1607              	image_dimension:
 1608 0000 80000000 		.word	128
 1609 0004 A0000000 		.word	160
 1610 0008 C0000000 		.word	192
 1611 000c E0000000 		.word	224
 1612 0010 00010000 		.word	256
 1613              		.global	record
 1614              		.section	.data.record,"aw"
 1615              		.align	2
 1618              	record:
 1619 0000 01000000 		.word	1
 1620              		.global	cycles
 1621              		.section	.bss.cycles,"aw",%nobits
 1622              		.align	2
 1625              	cycles:
 1626 0000 00000000 		.space	4
 1627              		.global	end
 1628              		.section	.bss.end,"aw",%nobits
 1629              		.align	2
 1632              	end:
 1633 0000 00000000 		.space	4
 1634              		.global	start
 1635              		.section	.bss.start,"aw",%nobits
 1636              		.align	2
 1639              	start:
 1640 0000 00000000 		.space	4
 1641              		.global	Dimension_val
 1642              		.section	.bss.Dimension_val,"aw",%nobits
 1643              		.align	2
 1646              	Dimension_val:
 1647 0000 00000000 		.space	4
 1648              		.global	Scale_val
 1649              		.section	.bss.Scale_val,"aw",%nobits
 1650              		.align	2
 1653              	Scale_val:
 1654 0000 00000000 		.space	4
 1655              		.global	Scales
 1656              		.section	.data.Scales,"aw"
 1657              		.align	2
 1660              	Scales:
 1661 0000 E8030000 		.word	1000
 1662 0004 10270000 		.word	10000
 1663 0008 40420F00 		.word	1000000
ARM GAS  C:\Users\kaush\AppData\Local\Temp\cc4isafG.s 			page 60


 1664              		.global	dimension
 1665              		.section	.bss.dimension,"aw",%nobits
 1666              		.align	3
 1669              	dimension:
 1670 0000 00000000 		.space	8
 1670      00000000 
 1671              		.global	throughput
 1672              		.section	.bss.throughput,"aw",%nobits
 1673              		.align	3
 1676              	throughput:
 1677 0000 00000000 		.space	40
 1677      00000000 
 1677      00000000 
 1677      00000000 
 1677      00000000 
 1678              		.global	o_cross
 1679              		.section	.bss.o_cross,"aw",%nobits
 1680              		.align	3
 1683              	o_cross:
 1684 0000 00000000 		.space	120
 1684      00000000 
 1684      00000000 
 1684      00000000 
 1684      00000000 
 1685              		.global	o_square
 1686              		.section	.bss.o_square,"aw",%nobits
 1687              		.align	3
 1690              	o_square:
 1691 0000 00000000 		.space	120
 1691      00000000 
 1691      00000000 
 1691      00000000 
 1691      00000000 
 1692              		.global	Cycles
 1693              		.section	.bss.Cycles,"aw",%nobits
 1694              		.align	3
 1697              	Cycles:
 1698 0000 00000000 		.space	48
 1698      00000000 
 1698      00000000 
 1698      00000000 
 1698      00000000 
 1699              		.global	End_time_t4
 1700              		.section	.bss.End_time_t4,"aw",%nobits
 1701              		.align	3
 1704              	End_time_t4:
 1705 0000 00000000 		.space	120
 1705      00000000 
 1705      00000000 
 1705      00000000 
 1705      00000000 
 1706              		.global	checksum_t4
 1707              		.section	.bss.checksum_t4,"aw",%nobits
 1708              		.align	3
 1711              	checksum_t4:
 1712 0000 00000000 		.space	120
 1712      00000000 
ARM GAS  C:\Users\kaush\AppData\Local\Temp\cc4isafG.s 			page 61


 1712      00000000 
 1712      00000000 
 1712      00000000 
 1713              		.global	Exec_time_t3
 1714              		.section	.bss.Exec_time_t3,"aw",%nobits
 1715              		.align	3
 1718              	Exec_time_t3:
 1719 0000 00000000 		.space	40
 1719      00000000 
 1719      00000000 
 1719      00000000 
 1719      00000000 
 1720              		.global	checksum_t3
 1721              		.section	.bss.checksum_t3,"aw",%nobits
 1722              		.align	3
 1725              	checksum_t3:
 1726 0000 00000000 		.space	40
 1726      00000000 
 1726      00000000 
 1726      00000000 
 1726      00000000 
 1727              		.global	Exec_time_t2
 1728              		.section	.bss.Exec_time_t2,"aw",%nobits
 1729              		.align	3
 1732              	Exec_time_t2:
 1733 0000 00000000 		.space	40
 1733      00000000 
 1733      00000000 
 1733      00000000 
 1733      00000000 
 1734              		.global	checksum_t2
 1735              		.section	.bss.checksum_t2,"aw",%nobits
 1736              		.align	3
 1739              	checksum_t2:
 1740 0000 00000000 		.space	40
 1740      00000000 
 1740      00000000 
 1740      00000000 
 1740      00000000 
 1741              		.global	Image_height
 1742              		.section	.data.Image_height,"aw"
 1743              		.align	2
 1746              	Image_height:
 1747 0000 E0010000 		.word	480
 1748 0004 E0010000 		.word	480
 1749 0008 40020000 		.word	576
 1750 000c D0020000 		.word	720
 1751 0010 38040000 		.word	1080
 1752 0014 38040000 		.word	1080
 1753              		.global	Image_width
 1754              		.section	.data.Image_width,"aw"
 1755              		.align	2
 1758              	Image_width:
 1759 0000 4D010000 		.word	333
 1760 0004 44020000 		.word	580
 1761 0008 00030000 		.word	768
 1762 000c 00050000 		.word	1280
ARM GAS  C:\Users\kaush\AppData\Local\Temp\cc4isafG.s 			page 62


 1763 0010 A0050000 		.word	1440
 1764 0014 80070000 		.word	1920
 1765              		.global	checksum
 1766              		.section	.bss.checksum,"aw",%nobits
 1767              		.align	3
 1770              	checksum:
 1771 0000 00000000 		.space	8
 1771      00000000 
 1772              		.global	execution_time
 1773              		.section	.bss.execution_time,"aw",%nobits
 1774              		.align	2
 1777              	execution_time:
 1778 0000 00000000 		.space	4
 1779              		.global	end_time
 1780              		.section	.bss.end_time,"aw",%nobits
 1781              		.align	2
 1784              	end_time:
 1785 0000 00000000 		.space	4
 1786              		.global	start_time
 1787              		.section	.bss.start_time,"aw",%nobits
 1788              		.align	2
 1791              	start_time:
 1792 0000 00000000 		.space	4
 1793              		.global	task7_variables
 1794              		.section	.bss.task7_variables,"aw",%nobits
 1795              		.align	2
 1798              	task7_variables:
 1799 0000 00000000 		.space	8
 1799      00000000 
 1800              		.text
 1801              	.Letext0:
 1802              		.file 3 "C:\\Users\\kaush\\STM32CubeIDE_1.19.0\\STM32CubeIDE\\plugins\\com.st.stm32cube.ide.mcu.ex
 1803              		.file 4 "C:\\Users\\kaush\\STM32CubeIDE_1.19.0\\STM32CubeIDE\\plugins\\com.st.stm32cube.ide.mcu.ex
 1804              		.file 5 "Drivers/CMSIS/Include/core_cm4.h"
 1805              		.file 6 "Drivers/CMSIS/Device/ST/STM32F4xx/Include/stm32f446xx.h"
 1806              		.file 7 "Drivers/STM32F4xx_HAL_Driver/Inc/stm32f4xx_hal_def.h"
 1807              		.file 8 "Drivers/STM32F4xx_HAL_Driver/Inc/stm32f4xx_hal_rcc_ex.h"
 1808              		.file 9 "Drivers/STM32F4xx_HAL_Driver/Inc/stm32f4xx_hal_rcc.h"
 1809              		.file 10 "Drivers/STM32F4xx_HAL_Driver/Inc/stm32f4xx_hal_gpio.h"
 1810              		.file 11 "Drivers/STM32F4xx_HAL_Driver/Inc/stm32f4xx_hal.h"
 1811              		.file 12 "<built-in>"
ARM GAS  C:\Users\kaush\AppData\Local\Temp\cc4isafG.s 			page 63


DEFINED SYMBOLS
                            *ABS*:00000000 main.c
C:\Users\kaush\AppData\Local\Temp\cc4isafG.s:19     .text.MX_GPIO_Init:00000000 $t
C:\Users\kaush\AppData\Local\Temp\cc4isafG.s:24     .text.MX_GPIO_Init:00000000 MX_GPIO_Init
C:\Users\kaush\AppData\Local\Temp\cc4isafG.s:131    .text.MX_GPIO_Init:00000074 $d
C:\Users\kaush\AppData\Local\Temp\cc4isafG.s:137    .text.DWT_Init:00000000 $t
C:\Users\kaush\AppData\Local\Temp\cc4isafG.s:143    .text.DWT_Init:00000000 DWT_Init
C:\Users\kaush\AppData\Local\Temp\cc4isafG.s:173    .text.DWT_Init:00000020 $d
C:\Users\kaush\AppData\Local\Temp\cc4isafG.s:185    .text.calculate_mandelbrot_fixed_point_arithmetic:00000000 $t
C:\Users\kaush\AppData\Local\Temp\cc4isafG.s:191    .text.calculate_mandelbrot_fixed_point_arithmetic:00000000 calculate_mandelbrot_fixed_point_arithmetic
C:\Users\kaush\AppData\Local\Temp\cc4isafG.s:497    .text.calculate_mandelbrot_fixed_point_arithmetic:00000194 $d
C:\Users\kaush\AppData\Local\Temp\cc4isafG.s:507    .text.calculate_mandelbrot_double:00000000 $t
C:\Users\kaush\AppData\Local\Temp\cc4isafG.s:513    .text.calculate_mandelbrot_double:00000000 calculate_mandelbrot_double
C:\Users\kaush\AppData\Local\Temp\cc4isafG.s:785    .text.calculate_mandelbrot_double:00000158 $d
C:\Users\kaush\AppData\Local\Temp\cc4isafG.s:793    .text.calculate_mandelbrot_var_fixed_point_arithmetic:00000000 $t
C:\Users\kaush\AppData\Local\Temp\cc4isafG.s:799    .text.calculate_mandelbrot_var_fixed_point_arithmetic:00000000 calculate_mandelbrot_var_fixed_point_arithmetic
C:\Users\kaush\AppData\Local\Temp\cc4isafG.s:1146   .text.calculate_mandelbrot_var_fixed_point_arithmetic:000001c8 $d
C:\Users\kaush\AppData\Local\Temp\cc4isafG.s:1798   .bss.task7_variables:00000000 task7_variables
C:\Users\kaush\AppData\Local\Temp\cc4isafG.s:1153   .text.Error_Handler:00000000 $t
C:\Users\kaush\AppData\Local\Temp\cc4isafG.s:1159   .text.Error_Handler:00000000 Error_Handler
C:\Users\kaush\AppData\Local\Temp\cc4isafG.s:1191   .text.SystemClock_Config:00000000 $t
C:\Users\kaush\AppData\Local\Temp\cc4isafG.s:1197   .text.SystemClock_Config:00000000 SystemClock_Config
C:\Users\kaush\AppData\Local\Temp\cc4isafG.s:1348   .text.SystemClock_Config:000000a4 $d
C:\Users\kaush\AppData\Local\Temp\cc4isafG.s:1355   .text.main:00000000 $t
C:\Users\kaush\AppData\Local\Temp\cc4isafG.s:1361   .text.main:00000000 main
C:\Users\kaush\AppData\Local\Temp\cc4isafG.s:1566   .text.main:00000138 $d
C:\Users\kaush\AppData\Local\Temp\cc4isafG.s:1639   .bss.start:00000000 start
C:\Users\kaush\AppData\Local\Temp\cc4isafG.s:1791   .bss.start_time:00000000 start_time
C:\Users\kaush\AppData\Local\Temp\cc4isafG.s:1607   .data.image_dimension:00000000 image_dimension
C:\Users\kaush\AppData\Local\Temp\cc4isafG.s:1770   .bss.checksum:00000000 checksum
C:\Users\kaush\AppData\Local\Temp\cc4isafG.s:1669   .bss.dimension:00000000 dimension
C:\Users\kaush\AppData\Local\Temp\cc4isafG.s:1784   .bss.end_time:00000000 end_time
C:\Users\kaush\AppData\Local\Temp\cc4isafG.s:1632   .bss.end:00000000 end
C:\Users\kaush\AppData\Local\Temp\cc4isafG.s:1777   .bss.execution_time:00000000 execution_time
C:\Users\kaush\AppData\Local\Temp\cc4isafG.s:1625   .bss.cycles:00000000 cycles
C:\Users\kaush\AppData\Local\Temp\cc4isafG.s:1732   .bss.Exec_time_t2:00000000 Exec_time_t2
C:\Users\kaush\AppData\Local\Temp\cc4isafG.s:1739   .bss.checksum_t2:00000000 checksum_t2
C:\Users\kaush\AppData\Local\Temp\cc4isafG.s:1697   .bss.Cycles:00000000 Cycles
C:\Users\kaush\AppData\Local\Temp\cc4isafG.s:1676   .bss.throughput:00000000 throughput
C:\Users\kaush\AppData\Local\Temp\cc4isafG.s:1589   .data.iters:00000000 iters
C:\Users\kaush\AppData\Local\Temp\cc4isafG.s:1586   .data.iters:00000000 $d
C:\Users\kaush\AppData\Local\Temp\cc4isafG.s:1600   .data.Test_ITER:00000000 Test_ITER
C:\Users\kaush\AppData\Local\Temp\cc4isafG.s:1597   .data.Test_ITER:00000000 $d
C:\Users\kaush\AppData\Local\Temp\cc4isafG.s:1604   .data.image_dimension:00000000 $d
C:\Users\kaush\AppData\Local\Temp\cc4isafG.s:1618   .data.record:00000000 record
C:\Users\kaush\AppData\Local\Temp\cc4isafG.s:1615   .data.record:00000000 $d
C:\Users\kaush\AppData\Local\Temp\cc4isafG.s:1622   .bss.cycles:00000000 $d
C:\Users\kaush\AppData\Local\Temp\cc4isafG.s:1629   .bss.end:00000000 $d
C:\Users\kaush\AppData\Local\Temp\cc4isafG.s:1636   .bss.start:00000000 $d
C:\Users\kaush\AppData\Local\Temp\cc4isafG.s:1646   .bss.Dimension_val:00000000 Dimension_val
C:\Users\kaush\AppData\Local\Temp\cc4isafG.s:1643   .bss.Dimension_val:00000000 $d
C:\Users\kaush\AppData\Local\Temp\cc4isafG.s:1653   .bss.Scale_val:00000000 Scale_val
C:\Users\kaush\AppData\Local\Temp\cc4isafG.s:1650   .bss.Scale_val:00000000 $d
C:\Users\kaush\AppData\Local\Temp\cc4isafG.s:1660   .data.Scales:00000000 Scales
C:\Users\kaush\AppData\Local\Temp\cc4isafG.s:1657   .data.Scales:00000000 $d
C:\Users\kaush\AppData\Local\Temp\cc4isafG.s:1666   .bss.dimension:00000000 $d
C:\Users\kaush\AppData\Local\Temp\cc4isafG.s:1673   .bss.throughput:00000000 $d
ARM GAS  C:\Users\kaush\AppData\Local\Temp\cc4isafG.s 			page 64


C:\Users\kaush\AppData\Local\Temp\cc4isafG.s:1683   .bss.o_cross:00000000 o_cross
C:\Users\kaush\AppData\Local\Temp\cc4isafG.s:1680   .bss.o_cross:00000000 $d
C:\Users\kaush\AppData\Local\Temp\cc4isafG.s:1690   .bss.o_square:00000000 o_square
C:\Users\kaush\AppData\Local\Temp\cc4isafG.s:1687   .bss.o_square:00000000 $d
C:\Users\kaush\AppData\Local\Temp\cc4isafG.s:1694   .bss.Cycles:00000000 $d
C:\Users\kaush\AppData\Local\Temp\cc4isafG.s:1704   .bss.End_time_t4:00000000 End_time_t4
C:\Users\kaush\AppData\Local\Temp\cc4isafG.s:1701   .bss.End_time_t4:00000000 $d
C:\Users\kaush\AppData\Local\Temp\cc4isafG.s:1711   .bss.checksum_t4:00000000 checksum_t4
C:\Users\kaush\AppData\Local\Temp\cc4isafG.s:1708   .bss.checksum_t4:00000000 $d
C:\Users\kaush\AppData\Local\Temp\cc4isafG.s:1718   .bss.Exec_time_t3:00000000 Exec_time_t3
C:\Users\kaush\AppData\Local\Temp\cc4isafG.s:1715   .bss.Exec_time_t3:00000000 $d
C:\Users\kaush\AppData\Local\Temp\cc4isafG.s:1725   .bss.checksum_t3:00000000 checksum_t3
C:\Users\kaush\AppData\Local\Temp\cc4isafG.s:1722   .bss.checksum_t3:00000000 $d
C:\Users\kaush\AppData\Local\Temp\cc4isafG.s:1729   .bss.Exec_time_t2:00000000 $d
C:\Users\kaush\AppData\Local\Temp\cc4isafG.s:1736   .bss.checksum_t2:00000000 $d
C:\Users\kaush\AppData\Local\Temp\cc4isafG.s:1746   .data.Image_height:00000000 Image_height
C:\Users\kaush\AppData\Local\Temp\cc4isafG.s:1743   .data.Image_height:00000000 $d
C:\Users\kaush\AppData\Local\Temp\cc4isafG.s:1758   .data.Image_width:00000000 Image_width
C:\Users\kaush\AppData\Local\Temp\cc4isafG.s:1755   .data.Image_width:00000000 $d
C:\Users\kaush\AppData\Local\Temp\cc4isafG.s:1767   .bss.checksum:00000000 $d
C:\Users\kaush\AppData\Local\Temp\cc4isafG.s:1774   .bss.execution_time:00000000 $d
C:\Users\kaush\AppData\Local\Temp\cc4isafG.s:1781   .bss.end_time:00000000 $d
C:\Users\kaush\AppData\Local\Temp\cc4isafG.s:1788   .bss.start_time:00000000 $d
C:\Users\kaush\AppData\Local\Temp\cc4isafG.s:1795   .bss.task7_variables:00000000 $d

UNDEFINED SYMBOLS
HAL_GPIO_WritePin
HAL_GPIO_Init
__aeabi_i2d
__aeabi_dmul
__aeabi_ddiv
__aeabi_dsub
__aeabi_d2lz
__aeabi_ldivmod
__aeabi_dadd
__aeabi_dcmple
memset
HAL_RCC_OscConfig
HAL_RCC_ClockConfig
__aeabi_uldivmod
HAL_Init
HAL_GetTick
HAL_Delay
