ARM GAS  C:\Users\kaush\AppData\Local\Temp\cclu20cy.s 			page 1


   1              		.cpu cortex-m4
   2              		.arch armv7e-m
   3              		.fpu softvfp
   4              		.eabi_attribute 20, 1
   5              		.eabi_attribute 21, 1
   6              		.eabi_attribute 23, 3
   7              		.eabi_attribute 24, 1
   8              		.eabi_attribute 25, 1
   9              		.eabi_attribute 26, 1
  10              		.eabi_attribute 30, 2
  11              		.eabi_attribute 34, 1
  12              		.eabi_attribute 18, 4
  13              		.file	"stm32f4xx_hal_rcc.c"
  14              		.text
  15              	.Ltext0:
  16              		.cfi_sections	.debug_frame
  17              		.file 1 "Drivers/STM32F4xx_HAL_Driver/Src/stm32f4xx_hal_rcc.c"
  18              		.section	.text.HAL_RCC_DeInit,"ax",%progbits
  19              		.align	1
  20              		.p2align 2,,3
  21              		.weak	HAL_RCC_DeInit
  22              		.syntax unified
  23              		.thumb
  24              		.thumb_func
  26              	HAL_RCC_DeInit:
  27              	.LFB134:
   1:Drivers/STM32F4xx_HAL_Driver/Src/stm32f4xx_hal_rcc.c **** /**
   2:Drivers/STM32F4xx_HAL_Driver/Src/stm32f4xx_hal_rcc.c ****   ******************************************************************************
   3:Drivers/STM32F4xx_HAL_Driver/Src/stm32f4xx_hal_rcc.c ****   * @file    stm32f4xx_hal_rcc.c
   4:Drivers/STM32F4xx_HAL_Driver/Src/stm32f4xx_hal_rcc.c ****   * @author  MCD Application Team
   5:Drivers/STM32F4xx_HAL_Driver/Src/stm32f4xx_hal_rcc.c ****   * @brief   RCC HAL module driver.
   6:Drivers/STM32F4xx_HAL_Driver/Src/stm32f4xx_hal_rcc.c ****   *          This file provides firmware functions to manage the following
   7:Drivers/STM32F4xx_HAL_Driver/Src/stm32f4xx_hal_rcc.c ****   *          functionalities of the Reset and Clock Control (RCC) peripheral:
   8:Drivers/STM32F4xx_HAL_Driver/Src/stm32f4xx_hal_rcc.c ****   *           + Initialization and de-initialization functions
   9:Drivers/STM32F4xx_HAL_Driver/Src/stm32f4xx_hal_rcc.c ****   *           + Peripheral Control functions
  10:Drivers/STM32F4xx_HAL_Driver/Src/stm32f4xx_hal_rcc.c ****   *
  11:Drivers/STM32F4xx_HAL_Driver/Src/stm32f4xx_hal_rcc.c ****   @verbatim
  12:Drivers/STM32F4xx_HAL_Driver/Src/stm32f4xx_hal_rcc.c ****   ==============================================================================
  13:Drivers/STM32F4xx_HAL_Driver/Src/stm32f4xx_hal_rcc.c ****                       ##### RCC specific features #####
  14:Drivers/STM32F4xx_HAL_Driver/Src/stm32f4xx_hal_rcc.c ****   ==============================================================================
  15:Drivers/STM32F4xx_HAL_Driver/Src/stm32f4xx_hal_rcc.c ****     [..]
  16:Drivers/STM32F4xx_HAL_Driver/Src/stm32f4xx_hal_rcc.c ****       After reset the device is running from Internal High Speed oscillator
  17:Drivers/STM32F4xx_HAL_Driver/Src/stm32f4xx_hal_rcc.c ****       (HSI 16MHz) with Flash 0 wait state, Flash prefetch buffer, D-Cache
  18:Drivers/STM32F4xx_HAL_Driver/Src/stm32f4xx_hal_rcc.c ****       and I-Cache are disabled, and all peripherals are off except internal
  19:Drivers/STM32F4xx_HAL_Driver/Src/stm32f4xx_hal_rcc.c ****       SRAM, Flash and JTAG.
  20:Drivers/STM32F4xx_HAL_Driver/Src/stm32f4xx_hal_rcc.c ****       (+) There is no prescaler on High speed (AHB) and Low speed (APB) busses;
  21:Drivers/STM32F4xx_HAL_Driver/Src/stm32f4xx_hal_rcc.c ****           all peripherals mapped on these busses are running at HSI speed.
  22:Drivers/STM32F4xx_HAL_Driver/Src/stm32f4xx_hal_rcc.c ****       (+) The clock for all peripherals is switched off, except the SRAM and FLASH.
  23:Drivers/STM32F4xx_HAL_Driver/Src/stm32f4xx_hal_rcc.c ****       (+) All GPIOs are in input floating state, except the JTAG pins which
  24:Drivers/STM32F4xx_HAL_Driver/Src/stm32f4xx_hal_rcc.c ****           are assigned to be used for debug purpose.
  25:Drivers/STM32F4xx_HAL_Driver/Src/stm32f4xx_hal_rcc.c **** 
  26:Drivers/STM32F4xx_HAL_Driver/Src/stm32f4xx_hal_rcc.c ****     [..]
  27:Drivers/STM32F4xx_HAL_Driver/Src/stm32f4xx_hal_rcc.c ****       Once the device started from reset, the user application has to:
  28:Drivers/STM32F4xx_HAL_Driver/Src/stm32f4xx_hal_rcc.c ****       (+) Configure the clock source to be used to drive the System clock
  29:Drivers/STM32F4xx_HAL_Driver/Src/stm32f4xx_hal_rcc.c ****           (if the application needs higher frequency/performance)
  30:Drivers/STM32F4xx_HAL_Driver/Src/stm32f4xx_hal_rcc.c ****       (+) Configure the System clock frequency and Flash settings
  31:Drivers/STM32F4xx_HAL_Driver/Src/stm32f4xx_hal_rcc.c ****       (+) Configure the AHB and APB busses prescalers
ARM GAS  C:\Users\kaush\AppData\Local\Temp\cclu20cy.s 			page 2


  32:Drivers/STM32F4xx_HAL_Driver/Src/stm32f4xx_hal_rcc.c ****       (+) Enable the clock for the peripheral(s) to be used
  33:Drivers/STM32F4xx_HAL_Driver/Src/stm32f4xx_hal_rcc.c ****       (+) Configure the clock source(s) for peripherals which clocks are not
  34:Drivers/STM32F4xx_HAL_Driver/Src/stm32f4xx_hal_rcc.c ****           derived from the System clock (I2S, RTC, ADC, USB OTG FS/SDIO/RNG)
  35:Drivers/STM32F4xx_HAL_Driver/Src/stm32f4xx_hal_rcc.c **** 
  36:Drivers/STM32F4xx_HAL_Driver/Src/stm32f4xx_hal_rcc.c ****                       ##### RCC Limitations #####
  37:Drivers/STM32F4xx_HAL_Driver/Src/stm32f4xx_hal_rcc.c ****   ==============================================================================
  38:Drivers/STM32F4xx_HAL_Driver/Src/stm32f4xx_hal_rcc.c ****     [..]
  39:Drivers/STM32F4xx_HAL_Driver/Src/stm32f4xx_hal_rcc.c ****       A delay between an RCC peripheral clock enable and the effective peripheral
  40:Drivers/STM32F4xx_HAL_Driver/Src/stm32f4xx_hal_rcc.c ****       enabling should be taken into account in order to manage the peripheral read/write
  41:Drivers/STM32F4xx_HAL_Driver/Src/stm32f4xx_hal_rcc.c ****       from/to registers.
  42:Drivers/STM32F4xx_HAL_Driver/Src/stm32f4xx_hal_rcc.c ****       (+) This delay depends on the peripheral mapping.
  43:Drivers/STM32F4xx_HAL_Driver/Src/stm32f4xx_hal_rcc.c ****       (+) If peripheral is mapped on AHB: the delay is 2 AHB clock cycle
  44:Drivers/STM32F4xx_HAL_Driver/Src/stm32f4xx_hal_rcc.c ****           after the clock enable bit is set on the hardware register
  45:Drivers/STM32F4xx_HAL_Driver/Src/stm32f4xx_hal_rcc.c ****       (+) If peripheral is mapped on APB: the delay is 2 APB clock cycle
  46:Drivers/STM32F4xx_HAL_Driver/Src/stm32f4xx_hal_rcc.c ****           after the clock enable bit is set on the hardware register
  47:Drivers/STM32F4xx_HAL_Driver/Src/stm32f4xx_hal_rcc.c **** 
  48:Drivers/STM32F4xx_HAL_Driver/Src/stm32f4xx_hal_rcc.c ****     [..]
  49:Drivers/STM32F4xx_HAL_Driver/Src/stm32f4xx_hal_rcc.c ****       Implemented Workaround:
  50:Drivers/STM32F4xx_HAL_Driver/Src/stm32f4xx_hal_rcc.c ****       (+) For AHB & APB peripherals, a dummy read to the peripheral register has been
  51:Drivers/STM32F4xx_HAL_Driver/Src/stm32f4xx_hal_rcc.c ****           inserted in each __HAL_RCC_PPP_CLK_ENABLE() macro.
  52:Drivers/STM32F4xx_HAL_Driver/Src/stm32f4xx_hal_rcc.c **** 
  53:Drivers/STM32F4xx_HAL_Driver/Src/stm32f4xx_hal_rcc.c ****   @endverbatim
  54:Drivers/STM32F4xx_HAL_Driver/Src/stm32f4xx_hal_rcc.c ****   ******************************************************************************
  55:Drivers/STM32F4xx_HAL_Driver/Src/stm32f4xx_hal_rcc.c ****   * @attention
  56:Drivers/STM32F4xx_HAL_Driver/Src/stm32f4xx_hal_rcc.c ****   *
  57:Drivers/STM32F4xx_HAL_Driver/Src/stm32f4xx_hal_rcc.c ****   * Copyright (c) 2017 STMicroelectronics.
  58:Drivers/STM32F4xx_HAL_Driver/Src/stm32f4xx_hal_rcc.c ****   * All rights reserved.
  59:Drivers/STM32F4xx_HAL_Driver/Src/stm32f4xx_hal_rcc.c ****   *
  60:Drivers/STM32F4xx_HAL_Driver/Src/stm32f4xx_hal_rcc.c ****   * This software is licensed under terms that can be found in the LICENSE file in
  61:Drivers/STM32F4xx_HAL_Driver/Src/stm32f4xx_hal_rcc.c ****   * the root directory of this software component.
  62:Drivers/STM32F4xx_HAL_Driver/Src/stm32f4xx_hal_rcc.c ****   * If no LICENSE file comes with this software, it is provided AS-IS.
  63:Drivers/STM32F4xx_HAL_Driver/Src/stm32f4xx_hal_rcc.c ****   ******************************************************************************
  64:Drivers/STM32F4xx_HAL_Driver/Src/stm32f4xx_hal_rcc.c ****   */
  65:Drivers/STM32F4xx_HAL_Driver/Src/stm32f4xx_hal_rcc.c **** 
  66:Drivers/STM32F4xx_HAL_Driver/Src/stm32f4xx_hal_rcc.c **** /* Includes ------------------------------------------------------------------*/
  67:Drivers/STM32F4xx_HAL_Driver/Src/stm32f4xx_hal_rcc.c **** #include "stm32f4xx_hal.h"
  68:Drivers/STM32F4xx_HAL_Driver/Src/stm32f4xx_hal_rcc.c **** 
  69:Drivers/STM32F4xx_HAL_Driver/Src/stm32f4xx_hal_rcc.c **** /** @addtogroup STM32F4xx_HAL_Driver
  70:Drivers/STM32F4xx_HAL_Driver/Src/stm32f4xx_hal_rcc.c ****   * @{
  71:Drivers/STM32F4xx_HAL_Driver/Src/stm32f4xx_hal_rcc.c ****   */
  72:Drivers/STM32F4xx_HAL_Driver/Src/stm32f4xx_hal_rcc.c **** 
  73:Drivers/STM32F4xx_HAL_Driver/Src/stm32f4xx_hal_rcc.c **** /** @defgroup RCC RCC
  74:Drivers/STM32F4xx_HAL_Driver/Src/stm32f4xx_hal_rcc.c ****   * @brief RCC HAL module driver
  75:Drivers/STM32F4xx_HAL_Driver/Src/stm32f4xx_hal_rcc.c ****   * @{
  76:Drivers/STM32F4xx_HAL_Driver/Src/stm32f4xx_hal_rcc.c ****   */
  77:Drivers/STM32F4xx_HAL_Driver/Src/stm32f4xx_hal_rcc.c **** 
  78:Drivers/STM32F4xx_HAL_Driver/Src/stm32f4xx_hal_rcc.c **** #ifdef HAL_RCC_MODULE_ENABLED
  79:Drivers/STM32F4xx_HAL_Driver/Src/stm32f4xx_hal_rcc.c **** 
  80:Drivers/STM32F4xx_HAL_Driver/Src/stm32f4xx_hal_rcc.c **** /* Private typedef -----------------------------------------------------------*/
  81:Drivers/STM32F4xx_HAL_Driver/Src/stm32f4xx_hal_rcc.c **** /* Private define ------------------------------------------------------------*/
  82:Drivers/STM32F4xx_HAL_Driver/Src/stm32f4xx_hal_rcc.c **** /** @addtogroup RCC_Private_Constants
  83:Drivers/STM32F4xx_HAL_Driver/Src/stm32f4xx_hal_rcc.c ****   * @{
  84:Drivers/STM32F4xx_HAL_Driver/Src/stm32f4xx_hal_rcc.c ****   */
  85:Drivers/STM32F4xx_HAL_Driver/Src/stm32f4xx_hal_rcc.c **** 
  86:Drivers/STM32F4xx_HAL_Driver/Src/stm32f4xx_hal_rcc.c **** /* Private macro -------------------------------------------------------------*/
  87:Drivers/STM32F4xx_HAL_Driver/Src/stm32f4xx_hal_rcc.c **** #define __MCO1_CLK_ENABLE()   __HAL_RCC_GPIOA_CLK_ENABLE()
  88:Drivers/STM32F4xx_HAL_Driver/Src/stm32f4xx_hal_rcc.c **** #define MCO1_GPIO_PORT        GPIOA
ARM GAS  C:\Users\kaush\AppData\Local\Temp\cclu20cy.s 			page 3


  89:Drivers/STM32F4xx_HAL_Driver/Src/stm32f4xx_hal_rcc.c **** #define MCO1_PIN              GPIO_PIN_8
  90:Drivers/STM32F4xx_HAL_Driver/Src/stm32f4xx_hal_rcc.c **** 
  91:Drivers/STM32F4xx_HAL_Driver/Src/stm32f4xx_hal_rcc.c **** #define __MCO2_CLK_ENABLE()   __HAL_RCC_GPIOC_CLK_ENABLE()
  92:Drivers/STM32F4xx_HAL_Driver/Src/stm32f4xx_hal_rcc.c **** #define MCO2_GPIO_PORT         GPIOC
  93:Drivers/STM32F4xx_HAL_Driver/Src/stm32f4xx_hal_rcc.c **** #define MCO2_PIN               GPIO_PIN_9
  94:Drivers/STM32F4xx_HAL_Driver/Src/stm32f4xx_hal_rcc.c **** /**
  95:Drivers/STM32F4xx_HAL_Driver/Src/stm32f4xx_hal_rcc.c ****   * @}
  96:Drivers/STM32F4xx_HAL_Driver/Src/stm32f4xx_hal_rcc.c ****   */
  97:Drivers/STM32F4xx_HAL_Driver/Src/stm32f4xx_hal_rcc.c **** 
  98:Drivers/STM32F4xx_HAL_Driver/Src/stm32f4xx_hal_rcc.c **** /* Private variables ---------------------------------------------------------*/
  99:Drivers/STM32F4xx_HAL_Driver/Src/stm32f4xx_hal_rcc.c **** /** @defgroup RCC_Private_Variables RCC Private Variables
 100:Drivers/STM32F4xx_HAL_Driver/Src/stm32f4xx_hal_rcc.c ****   * @{
 101:Drivers/STM32F4xx_HAL_Driver/Src/stm32f4xx_hal_rcc.c ****   */
 102:Drivers/STM32F4xx_HAL_Driver/Src/stm32f4xx_hal_rcc.c **** /**
 103:Drivers/STM32F4xx_HAL_Driver/Src/stm32f4xx_hal_rcc.c ****   * @}
 104:Drivers/STM32F4xx_HAL_Driver/Src/stm32f4xx_hal_rcc.c ****   */
 105:Drivers/STM32F4xx_HAL_Driver/Src/stm32f4xx_hal_rcc.c **** /* Private function prototypes -----------------------------------------------*/
 106:Drivers/STM32F4xx_HAL_Driver/Src/stm32f4xx_hal_rcc.c **** /* Private functions ---------------------------------------------------------*/
 107:Drivers/STM32F4xx_HAL_Driver/Src/stm32f4xx_hal_rcc.c **** 
 108:Drivers/STM32F4xx_HAL_Driver/Src/stm32f4xx_hal_rcc.c **** /** @defgroup RCC_Exported_Functions RCC Exported Functions
 109:Drivers/STM32F4xx_HAL_Driver/Src/stm32f4xx_hal_rcc.c ****   *  @{
 110:Drivers/STM32F4xx_HAL_Driver/Src/stm32f4xx_hal_rcc.c ****   */
 111:Drivers/STM32F4xx_HAL_Driver/Src/stm32f4xx_hal_rcc.c **** 
 112:Drivers/STM32F4xx_HAL_Driver/Src/stm32f4xx_hal_rcc.c **** /** @defgroup RCC_Exported_Functions_Group1 Initialization and de-initialization functions
 113:Drivers/STM32F4xx_HAL_Driver/Src/stm32f4xx_hal_rcc.c ****   *  @brief    Initialization and Configuration functions
 114:Drivers/STM32F4xx_HAL_Driver/Src/stm32f4xx_hal_rcc.c ****   *
 115:Drivers/STM32F4xx_HAL_Driver/Src/stm32f4xx_hal_rcc.c **** @verbatim
 116:Drivers/STM32F4xx_HAL_Driver/Src/stm32f4xx_hal_rcc.c ****  ===============================================================================
 117:Drivers/STM32F4xx_HAL_Driver/Src/stm32f4xx_hal_rcc.c ****            ##### Initialization and de-initialization functions #####
 118:Drivers/STM32F4xx_HAL_Driver/Src/stm32f4xx_hal_rcc.c ****  ===============================================================================
 119:Drivers/STM32F4xx_HAL_Driver/Src/stm32f4xx_hal_rcc.c ****     [..]
 120:Drivers/STM32F4xx_HAL_Driver/Src/stm32f4xx_hal_rcc.c ****       This section provides functions allowing to configure the internal/external oscillators
 121:Drivers/STM32F4xx_HAL_Driver/Src/stm32f4xx_hal_rcc.c ****       (HSE, HSI, LSE, LSI, PLL, CSS and MCO) and the System busses clocks (SYSCLK, AHB, APB1
 122:Drivers/STM32F4xx_HAL_Driver/Src/stm32f4xx_hal_rcc.c ****        and APB2).
 123:Drivers/STM32F4xx_HAL_Driver/Src/stm32f4xx_hal_rcc.c **** 
 124:Drivers/STM32F4xx_HAL_Driver/Src/stm32f4xx_hal_rcc.c ****     [..] Internal/external clock and PLL configuration
 125:Drivers/STM32F4xx_HAL_Driver/Src/stm32f4xx_hal_rcc.c ****          (#) HSI (high-speed internal), 16 MHz factory-trimmed RC used directly or through
 126:Drivers/STM32F4xx_HAL_Driver/Src/stm32f4xx_hal_rcc.c ****              the PLL as System clock source.
 127:Drivers/STM32F4xx_HAL_Driver/Src/stm32f4xx_hal_rcc.c **** 
 128:Drivers/STM32F4xx_HAL_Driver/Src/stm32f4xx_hal_rcc.c ****          (#) LSI (low-speed internal), 32 KHz low consumption RC used as IWDG and/or RTC
 129:Drivers/STM32F4xx_HAL_Driver/Src/stm32f4xx_hal_rcc.c ****              clock source.
 130:Drivers/STM32F4xx_HAL_Driver/Src/stm32f4xx_hal_rcc.c **** 
 131:Drivers/STM32F4xx_HAL_Driver/Src/stm32f4xx_hal_rcc.c ****          (#) HSE (high-speed external), 4 to 26 MHz crystal oscillator used directly or
 132:Drivers/STM32F4xx_HAL_Driver/Src/stm32f4xx_hal_rcc.c ****              through the PLL as System clock source. Can be used also as RTC clock source.
 133:Drivers/STM32F4xx_HAL_Driver/Src/stm32f4xx_hal_rcc.c **** 
 134:Drivers/STM32F4xx_HAL_Driver/Src/stm32f4xx_hal_rcc.c ****          (#) LSE (low-speed external), 32 KHz oscillator used as RTC clock source.
 135:Drivers/STM32F4xx_HAL_Driver/Src/stm32f4xx_hal_rcc.c **** 
 136:Drivers/STM32F4xx_HAL_Driver/Src/stm32f4xx_hal_rcc.c ****          (#) PLL (clocked by HSI or HSE), featuring two different output clocks:
 137:Drivers/STM32F4xx_HAL_Driver/Src/stm32f4xx_hal_rcc.c ****            (++) The first output is used to generate the high speed system clock (up to 168 MHz)
 138:Drivers/STM32F4xx_HAL_Driver/Src/stm32f4xx_hal_rcc.c ****            (++) The second output is used to generate the clock for the USB OTG FS (48 MHz),
 139:Drivers/STM32F4xx_HAL_Driver/Src/stm32f4xx_hal_rcc.c ****                 the random analog generator (<=48 MHz) and the SDIO (<= 48 MHz).
 140:Drivers/STM32F4xx_HAL_Driver/Src/stm32f4xx_hal_rcc.c **** 
 141:Drivers/STM32F4xx_HAL_Driver/Src/stm32f4xx_hal_rcc.c ****          (#) CSS (Clock security system), once enable using the macro __HAL_RCC_CSS_ENABLE()
 142:Drivers/STM32F4xx_HAL_Driver/Src/stm32f4xx_hal_rcc.c ****              and if a HSE clock failure occurs(HSE used directly or through PLL as System
 143:Drivers/STM32F4xx_HAL_Driver/Src/stm32f4xx_hal_rcc.c ****              clock source), the System clocks automatically switched to HSI and an interrupt
 144:Drivers/STM32F4xx_HAL_Driver/Src/stm32f4xx_hal_rcc.c ****              is generated if enabled. The interrupt is linked to the Cortex-M4 NMI
 145:Drivers/STM32F4xx_HAL_Driver/Src/stm32f4xx_hal_rcc.c ****              (Non-Maskable Interrupt) exception vector.
ARM GAS  C:\Users\kaush\AppData\Local\Temp\cclu20cy.s 			page 4


 146:Drivers/STM32F4xx_HAL_Driver/Src/stm32f4xx_hal_rcc.c **** 
 147:Drivers/STM32F4xx_HAL_Driver/Src/stm32f4xx_hal_rcc.c ****          (#) MCO1 (microcontroller clock output), used to output HSI, LSE, HSE or PLL
 148:Drivers/STM32F4xx_HAL_Driver/Src/stm32f4xx_hal_rcc.c ****              clock (through a configurable prescaler) on PA8 pin.
 149:Drivers/STM32F4xx_HAL_Driver/Src/stm32f4xx_hal_rcc.c **** 
 150:Drivers/STM32F4xx_HAL_Driver/Src/stm32f4xx_hal_rcc.c ****          (#) MCO2 (microcontroller clock output), used to output HSE, PLL, SYSCLK or PLLI2S
 151:Drivers/STM32F4xx_HAL_Driver/Src/stm32f4xx_hal_rcc.c ****              clock (through a configurable prescaler) on PC9 pin.
 152:Drivers/STM32F4xx_HAL_Driver/Src/stm32f4xx_hal_rcc.c **** 
 153:Drivers/STM32F4xx_HAL_Driver/Src/stm32f4xx_hal_rcc.c ****     [..] System, AHB and APB busses clocks configuration
 154:Drivers/STM32F4xx_HAL_Driver/Src/stm32f4xx_hal_rcc.c ****          (#) Several clock sources can be used to drive the System clock (SYSCLK): HSI,
 155:Drivers/STM32F4xx_HAL_Driver/Src/stm32f4xx_hal_rcc.c ****              HSE and PLL.
 156:Drivers/STM32F4xx_HAL_Driver/Src/stm32f4xx_hal_rcc.c ****              The AHB clock (HCLK) is derived from System clock through configurable
 157:Drivers/STM32F4xx_HAL_Driver/Src/stm32f4xx_hal_rcc.c ****              prescaler and used to clock the CPU, memory and peripherals mapped
 158:Drivers/STM32F4xx_HAL_Driver/Src/stm32f4xx_hal_rcc.c ****              on AHB bus (DMA, GPIO...). APB1 (PCLK1) and APB2 (PCLK2) clocks are derived
 159:Drivers/STM32F4xx_HAL_Driver/Src/stm32f4xx_hal_rcc.c ****              from AHB clock through configurable prescalers and used to clock
 160:Drivers/STM32F4xx_HAL_Driver/Src/stm32f4xx_hal_rcc.c ****              the peripherals mapped on these busses. You can use
 161:Drivers/STM32F4xx_HAL_Driver/Src/stm32f4xx_hal_rcc.c ****              "HAL_RCC_GetSysClockFreq()" function to retrieve the frequencies of these clocks.
 162:Drivers/STM32F4xx_HAL_Driver/Src/stm32f4xx_hal_rcc.c **** 
 163:Drivers/STM32F4xx_HAL_Driver/Src/stm32f4xx_hal_rcc.c ****          (#) For the STM32F405xx/07xx and STM32F415xx/17xx devices, the maximum
 164:Drivers/STM32F4xx_HAL_Driver/Src/stm32f4xx_hal_rcc.c ****              frequency of the SYSCLK and HCLK is 168 MHz, PCLK2 84 MHz and PCLK1 42 MHz.
 165:Drivers/STM32F4xx_HAL_Driver/Src/stm32f4xx_hal_rcc.c ****              Depending on the device voltage range, the maximum frequency should
 166:Drivers/STM32F4xx_HAL_Driver/Src/stm32f4xx_hal_rcc.c ****              be adapted accordingly (refer to the product datasheets for more details).
 167:Drivers/STM32F4xx_HAL_Driver/Src/stm32f4xx_hal_rcc.c **** 
 168:Drivers/STM32F4xx_HAL_Driver/Src/stm32f4xx_hal_rcc.c ****          (#) For the STM32F42xxx, STM32F43xxx, STM32F446xx, STM32F469xx and STM32F479xx devices,
 169:Drivers/STM32F4xx_HAL_Driver/Src/stm32f4xx_hal_rcc.c ****              the maximum frequency of the SYSCLK and HCLK is 180 MHz, PCLK2 90 MHz and PCLK1 45 MHz
 170:Drivers/STM32F4xx_HAL_Driver/Src/stm32f4xx_hal_rcc.c ****              Depending on the device voltage range, the maximum frequency should
 171:Drivers/STM32F4xx_HAL_Driver/Src/stm32f4xx_hal_rcc.c ****              be adapted accordingly (refer to the product datasheets for more details).
 172:Drivers/STM32F4xx_HAL_Driver/Src/stm32f4xx_hal_rcc.c **** 
 173:Drivers/STM32F4xx_HAL_Driver/Src/stm32f4xx_hal_rcc.c ****          (#) For the STM32F401xx, the maximum frequency of the SYSCLK and HCLK is 84 MHz,
 174:Drivers/STM32F4xx_HAL_Driver/Src/stm32f4xx_hal_rcc.c ****              PCLK2 84 MHz and PCLK1 42 MHz.
 175:Drivers/STM32F4xx_HAL_Driver/Src/stm32f4xx_hal_rcc.c ****              Depending on the device voltage range, the maximum frequency should
 176:Drivers/STM32F4xx_HAL_Driver/Src/stm32f4xx_hal_rcc.c ****              be adapted accordingly (refer to the product datasheets for more details).
 177:Drivers/STM32F4xx_HAL_Driver/Src/stm32f4xx_hal_rcc.c **** 
 178:Drivers/STM32F4xx_HAL_Driver/Src/stm32f4xx_hal_rcc.c ****          (#) For the STM32F41xxx, the maximum frequency of the SYSCLK and HCLK is 100 MHz,
 179:Drivers/STM32F4xx_HAL_Driver/Src/stm32f4xx_hal_rcc.c ****              PCLK2 100 MHz and PCLK1 50 MHz.
 180:Drivers/STM32F4xx_HAL_Driver/Src/stm32f4xx_hal_rcc.c ****              Depending on the device voltage range, the maximum frequency should
 181:Drivers/STM32F4xx_HAL_Driver/Src/stm32f4xx_hal_rcc.c ****              be adapted accordingly (refer to the product datasheets for more details).
 182:Drivers/STM32F4xx_HAL_Driver/Src/stm32f4xx_hal_rcc.c **** 
 183:Drivers/STM32F4xx_HAL_Driver/Src/stm32f4xx_hal_rcc.c **** @endverbatim
 184:Drivers/STM32F4xx_HAL_Driver/Src/stm32f4xx_hal_rcc.c ****   * @{
 185:Drivers/STM32F4xx_HAL_Driver/Src/stm32f4xx_hal_rcc.c ****   */
 186:Drivers/STM32F4xx_HAL_Driver/Src/stm32f4xx_hal_rcc.c **** 
 187:Drivers/STM32F4xx_HAL_Driver/Src/stm32f4xx_hal_rcc.c **** /**
 188:Drivers/STM32F4xx_HAL_Driver/Src/stm32f4xx_hal_rcc.c ****   * @brief  Resets the RCC clock configuration to the default reset state.
 189:Drivers/STM32F4xx_HAL_Driver/Src/stm32f4xx_hal_rcc.c ****   * @note   The default reset state of the clock configuration is given below:
 190:Drivers/STM32F4xx_HAL_Driver/Src/stm32f4xx_hal_rcc.c ****   *            - HSI ON and used as system clock source
 191:Drivers/STM32F4xx_HAL_Driver/Src/stm32f4xx_hal_rcc.c ****   *            - HSE and PLL OFF
 192:Drivers/STM32F4xx_HAL_Driver/Src/stm32f4xx_hal_rcc.c ****   *            - AHB, APB1 and APB2 prescaler set to 1.
 193:Drivers/STM32F4xx_HAL_Driver/Src/stm32f4xx_hal_rcc.c ****   *            - CSS, MCO1 and MCO2 OFF
 194:Drivers/STM32F4xx_HAL_Driver/Src/stm32f4xx_hal_rcc.c ****   *            - All interrupts disabled
 195:Drivers/STM32F4xx_HAL_Driver/Src/stm32f4xx_hal_rcc.c ****   * @note   This function doesn't modify the configuration of the
 196:Drivers/STM32F4xx_HAL_Driver/Src/stm32f4xx_hal_rcc.c ****   *            - Peripheral clocks
 197:Drivers/STM32F4xx_HAL_Driver/Src/stm32f4xx_hal_rcc.c ****   *            - LSI, LSE and RTC clocks
 198:Drivers/STM32F4xx_HAL_Driver/Src/stm32f4xx_hal_rcc.c ****   * @retval HAL status
 199:Drivers/STM32F4xx_HAL_Driver/Src/stm32f4xx_hal_rcc.c ****   */
 200:Drivers/STM32F4xx_HAL_Driver/Src/stm32f4xx_hal_rcc.c **** __weak HAL_StatusTypeDef HAL_RCC_DeInit(void)
 201:Drivers/STM32F4xx_HAL_Driver/Src/stm32f4xx_hal_rcc.c **** {
  28              		.loc 1 201 1 view -0
ARM GAS  C:\Users\kaush\AppData\Local\Temp\cclu20cy.s 			page 5


  29              		.cfi_startproc
  30              		@ args = 0, pretend = 0, frame = 0
  31              		@ frame_needed = 0, uses_anonymous_args = 0
  32              		@ link register save eliminated.
 202:Drivers/STM32F4xx_HAL_Driver/Src/stm32f4xx_hal_rcc.c ****   return HAL_OK;
  33              		.loc 1 202 3 view .LVU1
 203:Drivers/STM32F4xx_HAL_Driver/Src/stm32f4xx_hal_rcc.c **** }
  34              		.loc 1 203 1 is_stmt 0 view .LVU2
  35 0000 0020     		movs	r0, #0
  36 0002 7047     		bx	lr
  37              		.cfi_endproc
  38              	.LFE134:
  40              		.section	.text.HAL_RCC_OscConfig,"ax",%progbits
  41              		.align	1
  42              		.p2align 2,,3
  43              		.weak	HAL_RCC_OscConfig
  44              		.syntax unified
  45              		.thumb
  46              		.thumb_func
  48              	HAL_RCC_OscConfig:
  49              	.LVL0:
  50              	.LFB135:
 204:Drivers/STM32F4xx_HAL_Driver/Src/stm32f4xx_hal_rcc.c **** 
 205:Drivers/STM32F4xx_HAL_Driver/Src/stm32f4xx_hal_rcc.c **** /**
 206:Drivers/STM32F4xx_HAL_Driver/Src/stm32f4xx_hal_rcc.c ****   * @brief  Initializes the RCC Oscillators according to the specified parameters in the
 207:Drivers/STM32F4xx_HAL_Driver/Src/stm32f4xx_hal_rcc.c ****   *         RCC_OscInitTypeDef.
 208:Drivers/STM32F4xx_HAL_Driver/Src/stm32f4xx_hal_rcc.c ****   * @param  RCC_OscInitStruct pointer to an RCC_OscInitTypeDef structure that
 209:Drivers/STM32F4xx_HAL_Driver/Src/stm32f4xx_hal_rcc.c ****   *         contains the configuration information for the RCC Oscillators.
 210:Drivers/STM32F4xx_HAL_Driver/Src/stm32f4xx_hal_rcc.c ****   * @note   The PLL is not disabled when used as system clock.
 211:Drivers/STM32F4xx_HAL_Driver/Src/stm32f4xx_hal_rcc.c ****   * @note   Transitions LSE Bypass to LSE On and LSE On to LSE Bypass are not
 212:Drivers/STM32F4xx_HAL_Driver/Src/stm32f4xx_hal_rcc.c ****   *         supported by this API. User should request a transition to LSE Off
 213:Drivers/STM32F4xx_HAL_Driver/Src/stm32f4xx_hal_rcc.c ****   *         first and then LSE On or LSE Bypass.
 214:Drivers/STM32F4xx_HAL_Driver/Src/stm32f4xx_hal_rcc.c ****   * @note   Transition HSE Bypass to HSE On and HSE On to HSE Bypass are not
 215:Drivers/STM32F4xx_HAL_Driver/Src/stm32f4xx_hal_rcc.c ****   *         supported by this API. User should request a transition to HSE Off
 216:Drivers/STM32F4xx_HAL_Driver/Src/stm32f4xx_hal_rcc.c ****   *         first and then HSE On or HSE Bypass.
 217:Drivers/STM32F4xx_HAL_Driver/Src/stm32f4xx_hal_rcc.c ****   * @retval HAL status
 218:Drivers/STM32F4xx_HAL_Driver/Src/stm32f4xx_hal_rcc.c ****   */
 219:Drivers/STM32F4xx_HAL_Driver/Src/stm32f4xx_hal_rcc.c **** __weak HAL_StatusTypeDef HAL_RCC_OscConfig(const RCC_OscInitTypeDef  *RCC_OscInitStruct)
 220:Drivers/STM32F4xx_HAL_Driver/Src/stm32f4xx_hal_rcc.c **** {
  51              		.loc 1 220 1 is_stmt 1 view -0
  52              		.cfi_startproc
  53              		@ args = 0, pretend = 0, frame = 8
  54              		@ frame_needed = 0, uses_anonymous_args = 0
 221:Drivers/STM32F4xx_HAL_Driver/Src/stm32f4xx_hal_rcc.c ****   uint32_t tickstart;
  55              		.loc 1 221 3 view .LVU4
 222:Drivers/STM32F4xx_HAL_Driver/Src/stm32f4xx_hal_rcc.c ****   uint32_t pll_config;
  56              		.loc 1 222 3 view .LVU5
 223:Drivers/STM32F4xx_HAL_Driver/Src/stm32f4xx_hal_rcc.c ****   /* Check Null pointer */
 224:Drivers/STM32F4xx_HAL_Driver/Src/stm32f4xx_hal_rcc.c ****   if (RCC_OscInitStruct == NULL)
  57              		.loc 1 224 3 view .LVU6
  58              		.loc 1 224 6 is_stmt 0 view .LVU7
  59 0000 0028     		cmp	r0, #0
  60 0002 00F0DF81 		beq	.L98
 225:Drivers/STM32F4xx_HAL_Driver/Src/stm32f4xx_hal_rcc.c ****   {
 226:Drivers/STM32F4xx_HAL_Driver/Src/stm32f4xx_hal_rcc.c ****     return HAL_ERROR;
 227:Drivers/STM32F4xx_HAL_Driver/Src/stm32f4xx_hal_rcc.c ****   }
 228:Drivers/STM32F4xx_HAL_Driver/Src/stm32f4xx_hal_rcc.c **** 
ARM GAS  C:\Users\kaush\AppData\Local\Temp\cclu20cy.s 			page 6


 229:Drivers/STM32F4xx_HAL_Driver/Src/stm32f4xx_hal_rcc.c ****   /* Check the parameters */
 230:Drivers/STM32F4xx_HAL_Driver/Src/stm32f4xx_hal_rcc.c ****   assert_param(IS_RCC_OSCILLATORTYPE(RCC_OscInitStruct->OscillatorType));
  61              		.loc 1 230 3 is_stmt 1 view .LVU8
 231:Drivers/STM32F4xx_HAL_Driver/Src/stm32f4xx_hal_rcc.c ****   /*------------------------------- HSE Configuration ------------------------*/
 232:Drivers/STM32F4xx_HAL_Driver/Src/stm32f4xx_hal_rcc.c ****   if (((RCC_OscInitStruct->OscillatorType) & RCC_OSCILLATORTYPE_HSE) == RCC_OSCILLATORTYPE_HSE)
  62              		.loc 1 232 3 view .LVU9
 220:Drivers/STM32F4xx_HAL_Driver/Src/stm32f4xx_hal_rcc.c ****   uint32_t tickstart;
  63              		.loc 1 220 1 is_stmt 0 view .LVU10
  64 0006 2DE9F041 		push	{r4, r5, r6, r7, r8, lr}
  65              	.LCFI0:
  66              		.cfi_def_cfa_offset 24
  67              		.cfi_offset 4, -24
  68              		.cfi_offset 5, -20
  69              		.cfi_offset 6, -16
  70              		.cfi_offset 7, -12
  71              		.cfi_offset 8, -8
  72              		.cfi_offset 14, -4
  73              		.loc 1 232 26 view .LVU11
  74 000a 0368     		ldr	r3, [r0]
  75              		.loc 1 232 6 view .LVU12
  76 000c DD07     		lsls	r5, r3, #31
 220:Drivers/STM32F4xx_HAL_Driver/Src/stm32f4xx_hal_rcc.c ****   uint32_t tickstart;
  77              		.loc 1 220 1 view .LVU13
  78 000e 82B0     		sub	sp, sp, #8
  79              	.LCFI1:
  80              		.cfi_def_cfa_offset 32
  81 0010 0446     		mov	r4, r0
  82              		.loc 1 232 6 view .LVU14
  83 0012 2FD5     		bpl	.L6
 233:Drivers/STM32F4xx_HAL_Driver/Src/stm32f4xx_hal_rcc.c ****   {
 234:Drivers/STM32F4xx_HAL_Driver/Src/stm32f4xx_hal_rcc.c ****     /* Check the parameters */
 235:Drivers/STM32F4xx_HAL_Driver/Src/stm32f4xx_hal_rcc.c ****     assert_param(IS_RCC_HSE(RCC_OscInitStruct->HSEState));
  84              		.loc 1 235 5 is_stmt 1 view .LVU15
 236:Drivers/STM32F4xx_HAL_Driver/Src/stm32f4xx_hal_rcc.c ****     /* When the HSE is used as system clock or clock source for PLL in these cases HSE will not dis
 237:Drivers/STM32F4xx_HAL_Driver/Src/stm32f4xx_hal_rcc.c ****     if ((__HAL_RCC_GET_SYSCLK_SOURCE() == RCC_CFGR_SWS_HSE) || \
  85              		.loc 1 237 5 view .LVU16
  86              		.loc 1 237 10 is_stmt 0 view .LVU17
  87 0014 9D49     		ldr	r1, .L112
  88 0016 8A68     		ldr	r2, [r1, #8]
  89 0018 02F00C02 		and	r2, r2, #12
  90              		.loc 1 237 8 view .LVU18
  91 001c 042A     		cmp	r2, #4
  92 001e 00F0EC80 		beq	.L7
 238:Drivers/STM32F4xx_HAL_Driver/Src/stm32f4xx_hal_rcc.c ****         ((__HAL_RCC_GET_SYSCLK_SOURCE() == RCC_CFGR_SWS_PLL) && ((RCC->PLLCFGR & RCC_PLLCFGR_PLLSRC
  93              		.loc 1 238 11 view .LVU19
  94 0022 8A68     		ldr	r2, [r1, #8]
  95 0024 02F00C02 		and	r2, r2, #12
 237:Drivers/STM32F4xx_HAL_Driver/Src/stm32f4xx_hal_rcc.c ****         ((__HAL_RCC_GET_SYSCLK_SOURCE() == RCC_CFGR_SWS_PLL) && ((RCC->PLLCFGR & RCC_PLLCFGR_PLLSRC
  96              		.loc 1 237 61 discriminator 1 view .LVU20
  97 0028 082A     		cmp	r2, #8
  98 002a 00F0E280 		beq	.L103
  99              	.L8:
 239:Drivers/STM32F4xx_HAL_Driver/Src/stm32f4xx_hal_rcc.c ****     {
 240:Drivers/STM32F4xx_HAL_Driver/Src/stm32f4xx_hal_rcc.c ****       if ((__HAL_RCC_GET_FLAG(RCC_FLAG_HSERDY) != RESET) && (RCC_OscInitStruct->HSEState == RCC_HSE
 241:Drivers/STM32F4xx_HAL_Driver/Src/stm32f4xx_hal_rcc.c ****       {
 242:Drivers/STM32F4xx_HAL_Driver/Src/stm32f4xx_hal_rcc.c ****         return HAL_ERROR;
 243:Drivers/STM32F4xx_HAL_Driver/Src/stm32f4xx_hal_rcc.c ****       }
ARM GAS  C:\Users\kaush\AppData\Local\Temp\cclu20cy.s 			page 7


 244:Drivers/STM32F4xx_HAL_Driver/Src/stm32f4xx_hal_rcc.c ****     }
 245:Drivers/STM32F4xx_HAL_Driver/Src/stm32f4xx_hal_rcc.c ****     else
 246:Drivers/STM32F4xx_HAL_Driver/Src/stm32f4xx_hal_rcc.c ****     {
 247:Drivers/STM32F4xx_HAL_Driver/Src/stm32f4xx_hal_rcc.c ****       /* Set the new HSE configuration ---------------------------------------*/
 248:Drivers/STM32F4xx_HAL_Driver/Src/stm32f4xx_hal_rcc.c ****       __HAL_RCC_HSE_CONFIG(RCC_OscInitStruct->HSEState);
 100              		.loc 1 248 7 is_stmt 1 view .LVU21
 101              		.loc 1 248 7 view .LVU22
 102 002e 6368     		ldr	r3, [r4, #4]
 103 0030 B3F5803F 		cmp	r3, #65536
 104 0034 00F0EB80 		beq	.L104
 105              		.loc 1 248 7 discriminator 2 view .LVU23
 106 0038 B3F5A02F 		cmp	r3, #327680
 107 003c 00F07A81 		beq	.L105
 108              		.loc 1 248 7 discriminator 5 view .LVU24
 109 0040 924D     		ldr	r5, .L112
 110 0042 2A68     		ldr	r2, [r5]
 111 0044 22F48032 		bic	r2, r2, #65536
 112 0048 2A60     		str	r2, [r5]
 113              		.loc 1 248 7 discriminator 5 view .LVU25
 114 004a 2A68     		ldr	r2, [r5]
 115 004c 22F48022 		bic	r2, r2, #262144
 116 0050 2A60     		str	r2, [r5]
 117              		.loc 1 248 7 discriminator 7 view .LVU26
 249:Drivers/STM32F4xx_HAL_Driver/Src/stm32f4xx_hal_rcc.c **** 
 250:Drivers/STM32F4xx_HAL_Driver/Src/stm32f4xx_hal_rcc.c ****       /* Check the HSE State */
 251:Drivers/STM32F4xx_HAL_Driver/Src/stm32f4xx_hal_rcc.c ****       if ((RCC_OscInitStruct->HSEState) != RCC_HSE_OFF)
 118              		.loc 1 251 7 view .LVU27
 119              		.loc 1 251 10 is_stmt 0 view .LVU28
 120 0052 002B     		cmp	r3, #0
 121 0054 40F0E080 		bne	.L11
 252:Drivers/STM32F4xx_HAL_Driver/Src/stm32f4xx_hal_rcc.c ****       {
 253:Drivers/STM32F4xx_HAL_Driver/Src/stm32f4xx_hal_rcc.c ****         /* Get Start Tick */
 254:Drivers/STM32F4xx_HAL_Driver/Src/stm32f4xx_hal_rcc.c ****         tickstart = HAL_GetTick();
 255:Drivers/STM32F4xx_HAL_Driver/Src/stm32f4xx_hal_rcc.c **** 
 256:Drivers/STM32F4xx_HAL_Driver/Src/stm32f4xx_hal_rcc.c ****         /* Wait till HSE is ready */
 257:Drivers/STM32F4xx_HAL_Driver/Src/stm32f4xx_hal_rcc.c ****         while (__HAL_RCC_GET_FLAG(RCC_FLAG_HSERDY) == RESET)
 258:Drivers/STM32F4xx_HAL_Driver/Src/stm32f4xx_hal_rcc.c ****         {
 259:Drivers/STM32F4xx_HAL_Driver/Src/stm32f4xx_hal_rcc.c ****           if ((HAL_GetTick() - tickstart) > HSE_TIMEOUT_VALUE)
 260:Drivers/STM32F4xx_HAL_Driver/Src/stm32f4xx_hal_rcc.c ****           {
 261:Drivers/STM32F4xx_HAL_Driver/Src/stm32f4xx_hal_rcc.c ****             return HAL_TIMEOUT;
 262:Drivers/STM32F4xx_HAL_Driver/Src/stm32f4xx_hal_rcc.c ****           }
 263:Drivers/STM32F4xx_HAL_Driver/Src/stm32f4xx_hal_rcc.c ****         }
 264:Drivers/STM32F4xx_HAL_Driver/Src/stm32f4xx_hal_rcc.c ****       }
 265:Drivers/STM32F4xx_HAL_Driver/Src/stm32f4xx_hal_rcc.c ****       else
 266:Drivers/STM32F4xx_HAL_Driver/Src/stm32f4xx_hal_rcc.c ****       {
 267:Drivers/STM32F4xx_HAL_Driver/Src/stm32f4xx_hal_rcc.c ****         /* Get Start Tick */
 268:Drivers/STM32F4xx_HAL_Driver/Src/stm32f4xx_hal_rcc.c ****         tickstart = HAL_GetTick();
 122              		.loc 1 268 9 is_stmt 1 view .LVU29
 123              		.loc 1 268 21 is_stmt 0 view .LVU30
 124 0058 FFF7FEFF 		bl	HAL_GetTick
 125              	.LVL1:
 126              		.loc 1 268 21 view .LVU31
 127 005c 0646     		mov	r6, r0
 128              	.LVL2:
 269:Drivers/STM32F4xx_HAL_Driver/Src/stm32f4xx_hal_rcc.c **** 
 270:Drivers/STM32F4xx_HAL_Driver/Src/stm32f4xx_hal_rcc.c ****         /* Wait till HSE is bypassed or disabled */
 271:Drivers/STM32F4xx_HAL_Driver/Src/stm32f4xx_hal_rcc.c ****         while (__HAL_RCC_GET_FLAG(RCC_FLAG_HSERDY) != RESET)
ARM GAS  C:\Users\kaush\AppData\Local\Temp\cclu20cy.s 			page 8


 129              		.loc 1 271 9 is_stmt 1 view .LVU32
 130              		.loc 1 271 15 is_stmt 0 view .LVU33
 131 005e 05E0     		b	.L17
 132              	.LVL3:
 133              	.L19:
 272:Drivers/STM32F4xx_HAL_Driver/Src/stm32f4xx_hal_rcc.c ****         {
 273:Drivers/STM32F4xx_HAL_Driver/Src/stm32f4xx_hal_rcc.c ****           if ((HAL_GetTick() - tickstart) > HSE_TIMEOUT_VALUE)
 134              		.loc 1 273 16 view .LVU34
 135 0060 FFF7FEFF 		bl	HAL_GetTick
 136              	.LVL4:
 137              		.loc 1 273 30 discriminator 1 view .LVU35
 138 0064 801B     		subs	r0, r0, r6
 139              		.loc 1 273 14 discriminator 1 view .LVU36
 140 0066 6428     		cmp	r0, #100
 141 0068 00F20081 		bhi	.L18
 142              	.L17:
 143              		.loc 1 273 11 is_stmt 1 view .LVU37
 271:Drivers/STM32F4xx_HAL_Driver/Src/stm32f4xx_hal_rcc.c ****         {
 144              		.loc 1 271 52 view .LVU38
 271:Drivers/STM32F4xx_HAL_Driver/Src/stm32f4xx_hal_rcc.c ****         {
 145              		.loc 1 271 16 is_stmt 0 view .LVU39
 146 006c 2B68     		ldr	r3, [r5]
 271:Drivers/STM32F4xx_HAL_Driver/Src/stm32f4xx_hal_rcc.c ****         {
 147              		.loc 1 271 52 view .LVU40
 148 006e 9F03     		lsls	r7, r3, #14
 149 0070 F6D4     		bmi	.L19
 150              	.LVL5:
 151              	.L101:
 274:Drivers/STM32F4xx_HAL_Driver/Src/stm32f4xx_hal_rcc.c ****           {
 275:Drivers/STM32F4xx_HAL_Driver/Src/stm32f4xx_hal_rcc.c ****             return HAL_TIMEOUT;
 276:Drivers/STM32F4xx_HAL_Driver/Src/stm32f4xx_hal_rcc.c ****           }
 277:Drivers/STM32F4xx_HAL_Driver/Src/stm32f4xx_hal_rcc.c ****         }
 278:Drivers/STM32F4xx_HAL_Driver/Src/stm32f4xx_hal_rcc.c ****       }
 279:Drivers/STM32F4xx_HAL_Driver/Src/stm32f4xx_hal_rcc.c ****     }
 280:Drivers/STM32F4xx_HAL_Driver/Src/stm32f4xx_hal_rcc.c ****   }
 281:Drivers/STM32F4xx_HAL_Driver/Src/stm32f4xx_hal_rcc.c ****   /*----------------------------- HSI Configuration --------------------------*/
 282:Drivers/STM32F4xx_HAL_Driver/Src/stm32f4xx_hal_rcc.c ****   if (((RCC_OscInitStruct->OscillatorType) & RCC_OSCILLATORTYPE_HSI) == RCC_OSCILLATORTYPE_HSI)
 152              		.loc 1 282 26 view .LVU41
 153 0072 2368     		ldr	r3, [r4]
 154              	.L6:
 155              		.loc 1 282 3 is_stmt 1 view .LVU42
 156              		.loc 1 282 6 is_stmt 0 view .LVU43
 157 0074 9D07     		lsls	r5, r3, #30
 158 0076 28D5     		bpl	.L21
 283:Drivers/STM32F4xx_HAL_Driver/Src/stm32f4xx_hal_rcc.c ****   {
 284:Drivers/STM32F4xx_HAL_Driver/Src/stm32f4xx_hal_rcc.c ****     /* Check the parameters */
 285:Drivers/STM32F4xx_HAL_Driver/Src/stm32f4xx_hal_rcc.c ****     assert_param(IS_RCC_HSI(RCC_OscInitStruct->HSIState));
 159              		.loc 1 285 5 is_stmt 1 view .LVU44
 286:Drivers/STM32F4xx_HAL_Driver/Src/stm32f4xx_hal_rcc.c ****     assert_param(IS_RCC_CALIBRATION_VALUE(RCC_OscInitStruct->HSICalibrationValue));
 160              		.loc 1 286 5 view .LVU45
 287:Drivers/STM32F4xx_HAL_Driver/Src/stm32f4xx_hal_rcc.c **** 
 288:Drivers/STM32F4xx_HAL_Driver/Src/stm32f4xx_hal_rcc.c ****     /* Check if HSI is used as system clock or as PLL source when PLL is selected as system clock *
 289:Drivers/STM32F4xx_HAL_Driver/Src/stm32f4xx_hal_rcc.c ****     if ((__HAL_RCC_GET_SYSCLK_SOURCE() == RCC_CFGR_SWS_HSI) || \
 161              		.loc 1 289 5 view .LVU46
 162              		.loc 1 289 10 is_stmt 0 view .LVU47
 163 0078 844A     		ldr	r2, .L112
 164 007a 9168     		ldr	r1, [r2, #8]
ARM GAS  C:\Users\kaush\AppData\Local\Temp\cclu20cy.s 			page 9


 165              		.loc 1 289 8 view .LVU48
 166 007c 11F00C0F 		tst	r1, #12
 167 0080 00F09B80 		beq	.L22
 290:Drivers/STM32F4xx_HAL_Driver/Src/stm32f4xx_hal_rcc.c ****         ((__HAL_RCC_GET_SYSCLK_SOURCE() == RCC_CFGR_SWS_PLL) && ((RCC->PLLCFGR & RCC_PLLCFGR_PLLSRC
 168              		.loc 1 290 11 view .LVU49
 169 0084 9168     		ldr	r1, [r2, #8]
 170 0086 01F00C01 		and	r1, r1, #12
 289:Drivers/STM32F4xx_HAL_Driver/Src/stm32f4xx_hal_rcc.c ****         ((__HAL_RCC_GET_SYSCLK_SOURCE() == RCC_CFGR_SWS_PLL) && ((RCC->PLLCFGR & RCC_PLLCFGR_PLLSRC
 171              		.loc 1 289 61 discriminator 1 view .LVU50
 172 008a 0829     		cmp	r1, #8
 173 008c 00F09180 		beq	.L106
 174              	.L23:
 291:Drivers/STM32F4xx_HAL_Driver/Src/stm32f4xx_hal_rcc.c ****     {
 292:Drivers/STM32F4xx_HAL_Driver/Src/stm32f4xx_hal_rcc.c ****       /* When HSI is used as system clock it will not disabled */
 293:Drivers/STM32F4xx_HAL_Driver/Src/stm32f4xx_hal_rcc.c ****       if ((__HAL_RCC_GET_FLAG(RCC_FLAG_HSIRDY) != RESET) && (RCC_OscInitStruct->HSIState != RCC_HSI
 294:Drivers/STM32F4xx_HAL_Driver/Src/stm32f4xx_hal_rcc.c ****       {
 295:Drivers/STM32F4xx_HAL_Driver/Src/stm32f4xx_hal_rcc.c ****         return HAL_ERROR;
 296:Drivers/STM32F4xx_HAL_Driver/Src/stm32f4xx_hal_rcc.c ****       }
 297:Drivers/STM32F4xx_HAL_Driver/Src/stm32f4xx_hal_rcc.c ****       /* Otherwise, just the calibration is allowed */
 298:Drivers/STM32F4xx_HAL_Driver/Src/stm32f4xx_hal_rcc.c ****       else
 299:Drivers/STM32F4xx_HAL_Driver/Src/stm32f4xx_hal_rcc.c ****       {
 300:Drivers/STM32F4xx_HAL_Driver/Src/stm32f4xx_hal_rcc.c ****         /* Adjusts the Internal High Speed oscillator (HSI) calibration value.*/
 301:Drivers/STM32F4xx_HAL_Driver/Src/stm32f4xx_hal_rcc.c ****         __HAL_RCC_HSI_CALIBRATIONVALUE_ADJUST(RCC_OscInitStruct->HSICalibrationValue);
 302:Drivers/STM32F4xx_HAL_Driver/Src/stm32f4xx_hal_rcc.c ****       }
 303:Drivers/STM32F4xx_HAL_Driver/Src/stm32f4xx_hal_rcc.c ****     }
 304:Drivers/STM32F4xx_HAL_Driver/Src/stm32f4xx_hal_rcc.c ****     else
 305:Drivers/STM32F4xx_HAL_Driver/Src/stm32f4xx_hal_rcc.c ****     {
 306:Drivers/STM32F4xx_HAL_Driver/Src/stm32f4xx_hal_rcc.c ****       /* Check the HSI State */
 307:Drivers/STM32F4xx_HAL_Driver/Src/stm32f4xx_hal_rcc.c ****       if ((RCC_OscInitStruct->HSIState) != RCC_HSI_OFF)
 175              		.loc 1 307 7 is_stmt 1 view .LVU51
 176              		.loc 1 307 10 is_stmt 0 view .LVU52
 177 0090 E368     		ldr	r3, [r4, #12]
 178 0092 002B     		cmp	r3, #0
 179 0094 00F00C81 		beq	.L26
 308:Drivers/STM32F4xx_HAL_Driver/Src/stm32f4xx_hal_rcc.c ****       {
 309:Drivers/STM32F4xx_HAL_Driver/Src/stm32f4xx_hal_rcc.c ****         /* Enable the Internal High Speed oscillator (HSI). */
 310:Drivers/STM32F4xx_HAL_Driver/Src/stm32f4xx_hal_rcc.c ****         __HAL_RCC_HSI_ENABLE();
 180              		.loc 1 310 9 is_stmt 1 view .LVU53
 181 0098 7D4B     		ldr	r3, .L112+4
 311:Drivers/STM32F4xx_HAL_Driver/Src/stm32f4xx_hal_rcc.c **** 
 312:Drivers/STM32F4xx_HAL_Driver/Src/stm32f4xx_hal_rcc.c ****         /* Get Start Tick*/
 313:Drivers/STM32F4xx_HAL_Driver/Src/stm32f4xx_hal_rcc.c ****         tickstart = HAL_GetTick();
 314:Drivers/STM32F4xx_HAL_Driver/Src/stm32f4xx_hal_rcc.c **** 
 315:Drivers/STM32F4xx_HAL_Driver/Src/stm32f4xx_hal_rcc.c ****         /* Wait till HSI is ready */
 316:Drivers/STM32F4xx_HAL_Driver/Src/stm32f4xx_hal_rcc.c ****         while (__HAL_RCC_GET_FLAG(RCC_FLAG_HSIRDY) == RESET)
 182              		.loc 1 316 16 is_stmt 0 view .LVU54
 183 009a 7C4E     		ldr	r6, .L112
 310:Drivers/STM32F4xx_HAL_Driver/Src/stm32f4xx_hal_rcc.c **** 
 184              		.loc 1 310 9 view .LVU55
 185 009c 0122     		movs	r2, #1
 186 009e 1A60     		str	r2, [r3]
 313:Drivers/STM32F4xx_HAL_Driver/Src/stm32f4xx_hal_rcc.c **** 
 187              		.loc 1 313 9 is_stmt 1 view .LVU56
 313:Drivers/STM32F4xx_HAL_Driver/Src/stm32f4xx_hal_rcc.c **** 
 188              		.loc 1 313 21 is_stmt 0 view .LVU57
 189 00a0 FFF7FEFF 		bl	HAL_GetTick
 190              	.LVL6:
ARM GAS  C:\Users\kaush\AppData\Local\Temp\cclu20cy.s 			page 10


 191 00a4 0546     		mov	r5, r0
 192              	.LVL7:
 193              		.loc 1 316 9 is_stmt 1 view .LVU58
 194              		.loc 1 316 15 is_stmt 0 view .LVU59
 195 00a6 05E0     		b	.L27
 196              	.LVL8:
 197              	.L28:
 317:Drivers/STM32F4xx_HAL_Driver/Src/stm32f4xx_hal_rcc.c ****         {
 318:Drivers/STM32F4xx_HAL_Driver/Src/stm32f4xx_hal_rcc.c ****           if ((HAL_GetTick() - tickstart) > HSI_TIMEOUT_VALUE)
 198              		.loc 1 318 16 view .LVU60
 199 00a8 FFF7FEFF 		bl	HAL_GetTick
 200              	.LVL9:
 201              		.loc 1 318 30 discriminator 1 view .LVU61
 202 00ac 401B     		subs	r0, r0, r5
 203              		.loc 1 318 14 discriminator 1 view .LVU62
 204 00ae 0228     		cmp	r0, #2
 205 00b0 00F2DC80 		bhi	.L18
 206              	.L27:
 207              		.loc 1 318 11 is_stmt 1 view .LVU63
 316:Drivers/STM32F4xx_HAL_Driver/Src/stm32f4xx_hal_rcc.c ****         {
 208              		.loc 1 316 52 view .LVU64
 316:Drivers/STM32F4xx_HAL_Driver/Src/stm32f4xx_hal_rcc.c ****         {
 209              		.loc 1 316 16 is_stmt 0 view .LVU65
 210 00b4 3368     		ldr	r3, [r6]
 316:Drivers/STM32F4xx_HAL_Driver/Src/stm32f4xx_hal_rcc.c ****         {
 211              		.loc 1 316 52 view .LVU66
 212 00b6 9F07     		lsls	r7, r3, #30
 213 00b8 F6D5     		bpl	.L28
 319:Drivers/STM32F4xx_HAL_Driver/Src/stm32f4xx_hal_rcc.c ****           {
 320:Drivers/STM32F4xx_HAL_Driver/Src/stm32f4xx_hal_rcc.c ****             return HAL_TIMEOUT;
 321:Drivers/STM32F4xx_HAL_Driver/Src/stm32f4xx_hal_rcc.c ****           }
 322:Drivers/STM32F4xx_HAL_Driver/Src/stm32f4xx_hal_rcc.c ****         }
 323:Drivers/STM32F4xx_HAL_Driver/Src/stm32f4xx_hal_rcc.c **** 
 324:Drivers/STM32F4xx_HAL_Driver/Src/stm32f4xx_hal_rcc.c ****         /* Adjusts the Internal High Speed oscillator (HSI) calibration value. */
 325:Drivers/STM32F4xx_HAL_Driver/Src/stm32f4xx_hal_rcc.c ****         __HAL_RCC_HSI_CALIBRATIONVALUE_ADJUST(RCC_OscInitStruct->HSICalibrationValue);
 214              		.loc 1 325 9 is_stmt 1 view .LVU67
 215 00ba 3368     		ldr	r3, [r6]
 216 00bc 2269     		ldr	r2, [r4, #16]
 217 00be 23F0F803 		bic	r3, r3, #248
 218 00c2 43EAC203 		orr	r3, r3, r2, lsl #3
 219 00c6 3360     		str	r3, [r6]
 326:Drivers/STM32F4xx_HAL_Driver/Src/stm32f4xx_hal_rcc.c ****       }
 327:Drivers/STM32F4xx_HAL_Driver/Src/stm32f4xx_hal_rcc.c ****       else
 328:Drivers/STM32F4xx_HAL_Driver/Src/stm32f4xx_hal_rcc.c ****       {
 329:Drivers/STM32F4xx_HAL_Driver/Src/stm32f4xx_hal_rcc.c ****         /* Disable the Internal High Speed oscillator (HSI). */
 330:Drivers/STM32F4xx_HAL_Driver/Src/stm32f4xx_hal_rcc.c ****         __HAL_RCC_HSI_DISABLE();
 331:Drivers/STM32F4xx_HAL_Driver/Src/stm32f4xx_hal_rcc.c **** 
 332:Drivers/STM32F4xx_HAL_Driver/Src/stm32f4xx_hal_rcc.c ****         /* Get Start Tick*/
 333:Drivers/STM32F4xx_HAL_Driver/Src/stm32f4xx_hal_rcc.c ****         tickstart = HAL_GetTick();
 334:Drivers/STM32F4xx_HAL_Driver/Src/stm32f4xx_hal_rcc.c **** 
 335:Drivers/STM32F4xx_HAL_Driver/Src/stm32f4xx_hal_rcc.c ****         /* Wait till HSI is ready */
 336:Drivers/STM32F4xx_HAL_Driver/Src/stm32f4xx_hal_rcc.c ****         while (__HAL_RCC_GET_FLAG(RCC_FLAG_HSIRDY) != RESET)
 337:Drivers/STM32F4xx_HAL_Driver/Src/stm32f4xx_hal_rcc.c ****         {
 338:Drivers/STM32F4xx_HAL_Driver/Src/stm32f4xx_hal_rcc.c ****           if ((HAL_GetTick() - tickstart) > HSI_TIMEOUT_VALUE)
 339:Drivers/STM32F4xx_HAL_Driver/Src/stm32f4xx_hal_rcc.c ****           {
 340:Drivers/STM32F4xx_HAL_Driver/Src/stm32f4xx_hal_rcc.c ****             return HAL_TIMEOUT;
 341:Drivers/STM32F4xx_HAL_Driver/Src/stm32f4xx_hal_rcc.c ****           }
ARM GAS  C:\Users\kaush\AppData\Local\Temp\cclu20cy.s 			page 11


 342:Drivers/STM32F4xx_HAL_Driver/Src/stm32f4xx_hal_rcc.c ****         }
 343:Drivers/STM32F4xx_HAL_Driver/Src/stm32f4xx_hal_rcc.c ****       }
 344:Drivers/STM32F4xx_HAL_Driver/Src/stm32f4xx_hal_rcc.c ****     }
 345:Drivers/STM32F4xx_HAL_Driver/Src/stm32f4xx_hal_rcc.c ****   }
 346:Drivers/STM32F4xx_HAL_Driver/Src/stm32f4xx_hal_rcc.c ****   /*------------------------------ LSI Configuration -------------------------*/
 347:Drivers/STM32F4xx_HAL_Driver/Src/stm32f4xx_hal_rcc.c ****   if (((RCC_OscInitStruct->OscillatorType) & RCC_OSCILLATORTYPE_LSI) == RCC_OSCILLATORTYPE_LSI)
 220              		.loc 1 347 26 is_stmt 0 view .LVU68
 221 00c8 2368     		ldr	r3, [r4]
 222              	.LVL10:
 223              	.L21:
 224              		.loc 1 347 3 is_stmt 1 view .LVU69
 225              		.loc 1 347 6 is_stmt 0 view .LVU70
 226 00ca 1A07     		lsls	r2, r3, #28
 227 00cc 5CD4     		bmi	.L107
 228              	.L31:
 348:Drivers/STM32F4xx_HAL_Driver/Src/stm32f4xx_hal_rcc.c ****   {
 349:Drivers/STM32F4xx_HAL_Driver/Src/stm32f4xx_hal_rcc.c ****     /* Check the parameters */
 350:Drivers/STM32F4xx_HAL_Driver/Src/stm32f4xx_hal_rcc.c ****     assert_param(IS_RCC_LSI(RCC_OscInitStruct->LSIState));
 351:Drivers/STM32F4xx_HAL_Driver/Src/stm32f4xx_hal_rcc.c **** 
 352:Drivers/STM32F4xx_HAL_Driver/Src/stm32f4xx_hal_rcc.c ****     /* Check the LSI State */
 353:Drivers/STM32F4xx_HAL_Driver/Src/stm32f4xx_hal_rcc.c ****     if ((RCC_OscInitStruct->LSIState) != RCC_LSI_OFF)
 354:Drivers/STM32F4xx_HAL_Driver/Src/stm32f4xx_hal_rcc.c ****     {
 355:Drivers/STM32F4xx_HAL_Driver/Src/stm32f4xx_hal_rcc.c ****       /* Enable the Internal Low Speed oscillator (LSI). */
 356:Drivers/STM32F4xx_HAL_Driver/Src/stm32f4xx_hal_rcc.c ****       __HAL_RCC_LSI_ENABLE();
 357:Drivers/STM32F4xx_HAL_Driver/Src/stm32f4xx_hal_rcc.c **** 
 358:Drivers/STM32F4xx_HAL_Driver/Src/stm32f4xx_hal_rcc.c ****       /* Get Start Tick*/
 359:Drivers/STM32F4xx_HAL_Driver/Src/stm32f4xx_hal_rcc.c ****       tickstart = HAL_GetTick();
 360:Drivers/STM32F4xx_HAL_Driver/Src/stm32f4xx_hal_rcc.c **** 
 361:Drivers/STM32F4xx_HAL_Driver/Src/stm32f4xx_hal_rcc.c ****       /* Wait till LSI is ready */
 362:Drivers/STM32F4xx_HAL_Driver/Src/stm32f4xx_hal_rcc.c ****       while (__HAL_RCC_GET_FLAG(RCC_FLAG_LSIRDY) == RESET)
 363:Drivers/STM32F4xx_HAL_Driver/Src/stm32f4xx_hal_rcc.c ****       {
 364:Drivers/STM32F4xx_HAL_Driver/Src/stm32f4xx_hal_rcc.c ****         if ((HAL_GetTick() - tickstart) > LSI_TIMEOUT_VALUE)
 365:Drivers/STM32F4xx_HAL_Driver/Src/stm32f4xx_hal_rcc.c ****         {
 366:Drivers/STM32F4xx_HAL_Driver/Src/stm32f4xx_hal_rcc.c ****           return HAL_TIMEOUT;
 367:Drivers/STM32F4xx_HAL_Driver/Src/stm32f4xx_hal_rcc.c ****         }
 368:Drivers/STM32F4xx_HAL_Driver/Src/stm32f4xx_hal_rcc.c ****       }
 369:Drivers/STM32F4xx_HAL_Driver/Src/stm32f4xx_hal_rcc.c ****     }
 370:Drivers/STM32F4xx_HAL_Driver/Src/stm32f4xx_hal_rcc.c ****     else
 371:Drivers/STM32F4xx_HAL_Driver/Src/stm32f4xx_hal_rcc.c ****     {
 372:Drivers/STM32F4xx_HAL_Driver/Src/stm32f4xx_hal_rcc.c ****       /* Disable the Internal Low Speed oscillator (LSI). */
 373:Drivers/STM32F4xx_HAL_Driver/Src/stm32f4xx_hal_rcc.c ****       __HAL_RCC_LSI_DISABLE();
 374:Drivers/STM32F4xx_HAL_Driver/Src/stm32f4xx_hal_rcc.c **** 
 375:Drivers/STM32F4xx_HAL_Driver/Src/stm32f4xx_hal_rcc.c ****       /* Get Start Tick */
 376:Drivers/STM32F4xx_HAL_Driver/Src/stm32f4xx_hal_rcc.c ****       tickstart = HAL_GetTick();
 377:Drivers/STM32F4xx_HAL_Driver/Src/stm32f4xx_hal_rcc.c **** 
 378:Drivers/STM32F4xx_HAL_Driver/Src/stm32f4xx_hal_rcc.c ****       /* Wait till LSI is ready */
 379:Drivers/STM32F4xx_HAL_Driver/Src/stm32f4xx_hal_rcc.c ****       while (__HAL_RCC_GET_FLAG(RCC_FLAG_LSIRDY) != RESET)
 380:Drivers/STM32F4xx_HAL_Driver/Src/stm32f4xx_hal_rcc.c ****       {
 381:Drivers/STM32F4xx_HAL_Driver/Src/stm32f4xx_hal_rcc.c ****         if ((HAL_GetTick() - tickstart) > LSI_TIMEOUT_VALUE)
 382:Drivers/STM32F4xx_HAL_Driver/Src/stm32f4xx_hal_rcc.c ****         {
 383:Drivers/STM32F4xx_HAL_Driver/Src/stm32f4xx_hal_rcc.c ****           return HAL_TIMEOUT;
 384:Drivers/STM32F4xx_HAL_Driver/Src/stm32f4xx_hal_rcc.c ****         }
 385:Drivers/STM32F4xx_HAL_Driver/Src/stm32f4xx_hal_rcc.c ****       }
 386:Drivers/STM32F4xx_HAL_Driver/Src/stm32f4xx_hal_rcc.c ****     }
 387:Drivers/STM32F4xx_HAL_Driver/Src/stm32f4xx_hal_rcc.c ****   }
 388:Drivers/STM32F4xx_HAL_Driver/Src/stm32f4xx_hal_rcc.c ****   /*------------------------------ LSE Configuration -------------------------*/
 389:Drivers/STM32F4xx_HAL_Driver/Src/stm32f4xx_hal_rcc.c ****   if (((RCC_OscInitStruct->OscillatorType) & RCC_OSCILLATORTYPE_LSE) == RCC_OSCILLATORTYPE_LSE)
ARM GAS  C:\Users\kaush\AppData\Local\Temp\cclu20cy.s 			page 12


 229              		.loc 1 389 3 is_stmt 1 view .LVU71
 230              		.loc 1 389 6 is_stmt 0 view .LVU72
 231 00ce 5D07     		lsls	r5, r3, #29
 232 00d0 3AD5     		bpl	.L38
 233              	.LBB6:
 390:Drivers/STM32F4xx_HAL_Driver/Src/stm32f4xx_hal_rcc.c ****   {
 391:Drivers/STM32F4xx_HAL_Driver/Src/stm32f4xx_hal_rcc.c ****     FlagStatus       pwrclkchanged = RESET;
 234              		.loc 1 391 5 is_stmt 1 view .LVU73
 235              	.LVL11:
 392:Drivers/STM32F4xx_HAL_Driver/Src/stm32f4xx_hal_rcc.c **** 
 393:Drivers/STM32F4xx_HAL_Driver/Src/stm32f4xx_hal_rcc.c ****     /* Check the parameters */
 394:Drivers/STM32F4xx_HAL_Driver/Src/stm32f4xx_hal_rcc.c ****     assert_param(IS_RCC_LSE(RCC_OscInitStruct->LSEState));
 236              		.loc 1 394 5 view .LVU74
 395:Drivers/STM32F4xx_HAL_Driver/Src/stm32f4xx_hal_rcc.c **** 
 396:Drivers/STM32F4xx_HAL_Driver/Src/stm32f4xx_hal_rcc.c ****     /* Update LSE configuration in Backup Domain control register    */
 397:Drivers/STM32F4xx_HAL_Driver/Src/stm32f4xx_hal_rcc.c ****     /* Requires to enable write access to Backup Domain of necessary */
 398:Drivers/STM32F4xx_HAL_Driver/Src/stm32f4xx_hal_rcc.c ****     if (__HAL_RCC_PWR_IS_CLK_DISABLED())
 237              		.loc 1 398 5 view .LVU75
 238              		.loc 1 398 9 is_stmt 0 view .LVU76
 239 00d2 6E4A     		ldr	r2, .L112
 240 00d4 136C     		ldr	r3, [r2, #64]
 241              		.loc 1 398 8 view .LVU77
 242 00d6 13F08053 		ands	r3, r3, #268435456
 243 00da 40F08880 		bne	.L67
 399:Drivers/STM32F4xx_HAL_Driver/Src/stm32f4xx_hal_rcc.c ****     {
 400:Drivers/STM32F4xx_HAL_Driver/Src/stm32f4xx_hal_rcc.c ****       __HAL_RCC_PWR_CLK_ENABLE();
 244              		.loc 1 400 7 is_stmt 1 view .LVU78
 245              	.LBB7:
 246              		.loc 1 400 7 view .LVU79
 247 00de 0193     		str	r3, [sp, #4]
 248              		.loc 1 400 7 view .LVU80
 249 00e0 136C     		ldr	r3, [r2, #64]
 250 00e2 43F08053 		orr	r3, r3, #268435456
 251 00e6 1364     		str	r3, [r2, #64]
 252              		.loc 1 400 7 view .LVU81
 253 00e8 136C     		ldr	r3, [r2, #64]
 254 00ea 03F08053 		and	r3, r3, #268435456
 255 00ee 0193     		str	r3, [sp, #4]
 256              		.loc 1 400 7 view .LVU82
 257 00f0 019B     		ldr	r3, [sp, #4]
 258              	.LBE7:
 259              		.loc 1 400 7 view .LVU83
 401:Drivers/STM32F4xx_HAL_Driver/Src/stm32f4xx_hal_rcc.c ****       pwrclkchanged = SET;
 260              		.loc 1 401 7 view .LVU84
 261              	.LVL12:
 262              		.loc 1 401 21 is_stmt 0 view .LVU85
 263 00f2 0125     		movs	r5, #1
 264              	.LVL13:
 265              	.L39:
 402:Drivers/STM32F4xx_HAL_Driver/Src/stm32f4xx_hal_rcc.c ****     }
 403:Drivers/STM32F4xx_HAL_Driver/Src/stm32f4xx_hal_rcc.c **** 
 404:Drivers/STM32F4xx_HAL_Driver/Src/stm32f4xx_hal_rcc.c ****     if (HAL_IS_BIT_CLR(PWR->CR, PWR_CR_DBP))
 266              		.loc 1 404 5 is_stmt 1 view .LVU86
 267              		.loc 1 404 9 is_stmt 0 view .LVU87
 268 00f4 674E     		ldr	r6, .L112+8
 269 00f6 3368     		ldr	r3, [r6]
 270              		.loc 1 404 8 view .LVU88
ARM GAS  C:\Users\kaush\AppData\Local\Temp\cclu20cy.s 			page 13


 271 00f8 D805     		lsls	r0, r3, #23
 272 00fa 40F1A780 		bpl	.L40
 273              	.L45:
 405:Drivers/STM32F4xx_HAL_Driver/Src/stm32f4xx_hal_rcc.c ****     {
 406:Drivers/STM32F4xx_HAL_Driver/Src/stm32f4xx_hal_rcc.c ****       /* Enable write access to Backup domain */
 407:Drivers/STM32F4xx_HAL_Driver/Src/stm32f4xx_hal_rcc.c ****       SET_BIT(PWR->CR, PWR_CR_DBP);
 408:Drivers/STM32F4xx_HAL_Driver/Src/stm32f4xx_hal_rcc.c **** 
 409:Drivers/STM32F4xx_HAL_Driver/Src/stm32f4xx_hal_rcc.c ****       /* Wait for Backup domain Write protection disable */
 410:Drivers/STM32F4xx_HAL_Driver/Src/stm32f4xx_hal_rcc.c ****       tickstart = HAL_GetTick();
 411:Drivers/STM32F4xx_HAL_Driver/Src/stm32f4xx_hal_rcc.c **** 
 412:Drivers/STM32F4xx_HAL_Driver/Src/stm32f4xx_hal_rcc.c ****       while (HAL_IS_BIT_CLR(PWR->CR, PWR_CR_DBP))
 413:Drivers/STM32F4xx_HAL_Driver/Src/stm32f4xx_hal_rcc.c ****       {
 414:Drivers/STM32F4xx_HAL_Driver/Src/stm32f4xx_hal_rcc.c ****         if ((HAL_GetTick() - tickstart) > RCC_DBP_TIMEOUT_VALUE)
 415:Drivers/STM32F4xx_HAL_Driver/Src/stm32f4xx_hal_rcc.c ****         {
 416:Drivers/STM32F4xx_HAL_Driver/Src/stm32f4xx_hal_rcc.c ****           return HAL_TIMEOUT;
 417:Drivers/STM32F4xx_HAL_Driver/Src/stm32f4xx_hal_rcc.c ****         }
 418:Drivers/STM32F4xx_HAL_Driver/Src/stm32f4xx_hal_rcc.c ****       }
 419:Drivers/STM32F4xx_HAL_Driver/Src/stm32f4xx_hal_rcc.c ****     }
 420:Drivers/STM32F4xx_HAL_Driver/Src/stm32f4xx_hal_rcc.c **** 
 421:Drivers/STM32F4xx_HAL_Driver/Src/stm32f4xx_hal_rcc.c ****     /* Set the new LSE configuration -----------------------------------------*/
 422:Drivers/STM32F4xx_HAL_Driver/Src/stm32f4xx_hal_rcc.c ****     __HAL_RCC_LSE_CONFIG(RCC_OscInitStruct->LSEState);
 274              		.loc 1 422 5 is_stmt 1 view .LVU89
 275              		.loc 1 422 5 view .LVU90
 276 00fe A368     		ldr	r3, [r4, #8]
 277 0100 012B     		cmp	r3, #1
 278 0102 00F0B780 		beq	.L108
 279              		.loc 1 422 5 discriminator 2 view .LVU91
 280 0106 052B     		cmp	r3, #5
 281 0108 00F02481 		beq	.L109
 282              		.loc 1 422 5 discriminator 5 view .LVU92
 283 010c 5F4E     		ldr	r6, .L112
 284 010e 326F     		ldr	r2, [r6, #112]
 285 0110 22F00102 		bic	r2, r2, #1
 286 0114 3267     		str	r2, [r6, #112]
 287              		.loc 1 422 5 discriminator 5 view .LVU93
 288 0116 326F     		ldr	r2, [r6, #112]
 289 0118 22F00402 		bic	r2, r2, #4
 290 011c 3267     		str	r2, [r6, #112]
 291              		.loc 1 422 5 discriminator 7 view .LVU94
 423:Drivers/STM32F4xx_HAL_Driver/Src/stm32f4xx_hal_rcc.c ****     /* Check the LSE State */
 424:Drivers/STM32F4xx_HAL_Driver/Src/stm32f4xx_hal_rcc.c ****     if ((RCC_OscInitStruct->LSEState) != RCC_LSE_OFF)
 292              		.loc 1 424 5 view .LVU95
 293              		.loc 1 424 8 is_stmt 0 view .LVU96
 294 011e 002B     		cmp	r3, #0
 295 0120 40F0AD80 		bne	.L46
 425:Drivers/STM32F4xx_HAL_Driver/Src/stm32f4xx_hal_rcc.c ****     {
 426:Drivers/STM32F4xx_HAL_Driver/Src/stm32f4xx_hal_rcc.c ****       /* Get Start Tick*/
 427:Drivers/STM32F4xx_HAL_Driver/Src/stm32f4xx_hal_rcc.c ****       tickstart = HAL_GetTick();
 428:Drivers/STM32F4xx_HAL_Driver/Src/stm32f4xx_hal_rcc.c **** 
 429:Drivers/STM32F4xx_HAL_Driver/Src/stm32f4xx_hal_rcc.c ****       /* Wait till LSE is ready */
 430:Drivers/STM32F4xx_HAL_Driver/Src/stm32f4xx_hal_rcc.c ****       while (__HAL_RCC_GET_FLAG(RCC_FLAG_LSERDY) == RESET)
 431:Drivers/STM32F4xx_HAL_Driver/Src/stm32f4xx_hal_rcc.c ****       {
 432:Drivers/STM32F4xx_HAL_Driver/Src/stm32f4xx_hal_rcc.c ****         if ((HAL_GetTick() - tickstart) > RCC_LSE_TIMEOUT_VALUE)
 433:Drivers/STM32F4xx_HAL_Driver/Src/stm32f4xx_hal_rcc.c ****         {
 434:Drivers/STM32F4xx_HAL_Driver/Src/stm32f4xx_hal_rcc.c ****           return HAL_TIMEOUT;
 435:Drivers/STM32F4xx_HAL_Driver/Src/stm32f4xx_hal_rcc.c ****         }
 436:Drivers/STM32F4xx_HAL_Driver/Src/stm32f4xx_hal_rcc.c ****       }
ARM GAS  C:\Users\kaush\AppData\Local\Temp\cclu20cy.s 			page 14


 437:Drivers/STM32F4xx_HAL_Driver/Src/stm32f4xx_hal_rcc.c ****     }
 438:Drivers/STM32F4xx_HAL_Driver/Src/stm32f4xx_hal_rcc.c ****     else
 439:Drivers/STM32F4xx_HAL_Driver/Src/stm32f4xx_hal_rcc.c ****     {
 440:Drivers/STM32F4xx_HAL_Driver/Src/stm32f4xx_hal_rcc.c ****       /* Get Start Tick */
 441:Drivers/STM32F4xx_HAL_Driver/Src/stm32f4xx_hal_rcc.c ****       tickstart = HAL_GetTick();
 296              		.loc 1 441 7 is_stmt 1 view .LVU97
 297              		.loc 1 441 19 is_stmt 0 view .LVU98
 298 0124 FFF7FEFF 		bl	HAL_GetTick
 299              	.LVL14:
 442:Drivers/STM32F4xx_HAL_Driver/Src/stm32f4xx_hal_rcc.c **** 
 443:Drivers/STM32F4xx_HAL_Driver/Src/stm32f4xx_hal_rcc.c ****       /* Wait till LSE is ready */
 444:Drivers/STM32F4xx_HAL_Driver/Src/stm32f4xx_hal_rcc.c ****       while (__HAL_RCC_GET_FLAG(RCC_FLAG_LSERDY) != RESET)
 445:Drivers/STM32F4xx_HAL_Driver/Src/stm32f4xx_hal_rcc.c ****       {
 446:Drivers/STM32F4xx_HAL_Driver/Src/stm32f4xx_hal_rcc.c ****         if ((HAL_GetTick() - tickstart) > RCC_LSE_TIMEOUT_VALUE)
 300              		.loc 1 446 12 discriminator 1 view .LVU99
 301 0128 41F28838 		movw	r8, #5000
 441:Drivers/STM32F4xx_HAL_Driver/Src/stm32f4xx_hal_rcc.c **** 
 302              		.loc 1 441 19 view .LVU100
 303 012c 0746     		mov	r7, r0
 304              	.LVL15:
 444:Drivers/STM32F4xx_HAL_Driver/Src/stm32f4xx_hal_rcc.c ****       {
 305              		.loc 1 444 7 is_stmt 1 view .LVU101
 444:Drivers/STM32F4xx_HAL_Driver/Src/stm32f4xx_hal_rcc.c ****       {
 306              		.loc 1 444 13 is_stmt 0 view .LVU102
 307 012e 05E0     		b	.L53
 308              	.LVL16:
 309              	.L54:
 310              		.loc 1 446 14 view .LVU103
 311 0130 FFF7FEFF 		bl	HAL_GetTick
 312              	.LVL17:
 313              		.loc 1 446 28 discriminator 1 view .LVU104
 314 0134 C01B     		subs	r0, r0, r7
 315              		.loc 1 446 12 discriminator 1 view .LVU105
 316 0136 4045     		cmp	r0, r8
 317 0138 00F29880 		bhi	.L18
 318              	.L53:
 319              		.loc 1 446 9 is_stmt 1 view .LVU106
 444:Drivers/STM32F4xx_HAL_Driver/Src/stm32f4xx_hal_rcc.c ****       {
 320              		.loc 1 444 50 view .LVU107
 444:Drivers/STM32F4xx_HAL_Driver/Src/stm32f4xx_hal_rcc.c ****       {
 321              		.loc 1 444 14 is_stmt 0 view .LVU108
 322 013c 336F     		ldr	r3, [r6, #112]
 444:Drivers/STM32F4xx_HAL_Driver/Src/stm32f4xx_hal_rcc.c ****       {
 323              		.loc 1 444 50 view .LVU109
 324 013e 9B07     		lsls	r3, r3, #30
 325 0140 F6D4     		bmi	.L54
 447:Drivers/STM32F4xx_HAL_Driver/Src/stm32f4xx_hal_rcc.c ****         {
 448:Drivers/STM32F4xx_HAL_Driver/Src/stm32f4xx_hal_rcc.c ****           return HAL_TIMEOUT;
 449:Drivers/STM32F4xx_HAL_Driver/Src/stm32f4xx_hal_rcc.c ****         }
 450:Drivers/STM32F4xx_HAL_Driver/Src/stm32f4xx_hal_rcc.c ****       }
 451:Drivers/STM32F4xx_HAL_Driver/Src/stm32f4xx_hal_rcc.c ****     }
 452:Drivers/STM32F4xx_HAL_Driver/Src/stm32f4xx_hal_rcc.c **** 
 453:Drivers/STM32F4xx_HAL_Driver/Src/stm32f4xx_hal_rcc.c ****     /* Restore clock configuration if changed */
 454:Drivers/STM32F4xx_HAL_Driver/Src/stm32f4xx_hal_rcc.c ****     if (pwrclkchanged == SET)
 326              		.loc 1 454 5 is_stmt 1 view .LVU110
 327              		.loc 1 454 8 is_stmt 0 view .LVU111
 328 0142 002D     		cmp	r5, #0
ARM GAS  C:\Users\kaush\AppData\Local\Temp\cclu20cy.s 			page 15


 329 0144 40F00081 		bne	.L110
 330              	.LVL18:
 331              	.L38:
 332              		.loc 1 454 8 view .LVU112
 333              	.LBE6:
 455:Drivers/STM32F4xx_HAL_Driver/Src/stm32f4xx_hal_rcc.c ****     {
 456:Drivers/STM32F4xx_HAL_Driver/Src/stm32f4xx_hal_rcc.c ****       __HAL_RCC_PWR_CLK_DISABLE();
 457:Drivers/STM32F4xx_HAL_Driver/Src/stm32f4xx_hal_rcc.c ****     }
 458:Drivers/STM32F4xx_HAL_Driver/Src/stm32f4xx_hal_rcc.c ****   }
 459:Drivers/STM32F4xx_HAL_Driver/Src/stm32f4xx_hal_rcc.c ****   /*-------------------------------- PLL Configuration -----------------------*/
 460:Drivers/STM32F4xx_HAL_Driver/Src/stm32f4xx_hal_rcc.c ****   /* Check the parameters */
 461:Drivers/STM32F4xx_HAL_Driver/Src/stm32f4xx_hal_rcc.c ****   assert_param(IS_RCC_PLL(RCC_OscInitStruct->PLL.PLLState));
 334              		.loc 1 461 3 is_stmt 1 view .LVU113
 462:Drivers/STM32F4xx_HAL_Driver/Src/stm32f4xx_hal_rcc.c ****   if ((RCC_OscInitStruct->PLL.PLLState) != RCC_PLL_NONE)
 335              		.loc 1 462 3 view .LVU114
 336              		.loc 1 462 30 is_stmt 0 view .LVU115
 337 0148 A369     		ldr	r3, [r4, #24]
 338              		.loc 1 462 6 view .LVU116
 339 014a CBB1     		cbz	r3, .L63
 463:Drivers/STM32F4xx_HAL_Driver/Src/stm32f4xx_hal_rcc.c ****   {
 464:Drivers/STM32F4xx_HAL_Driver/Src/stm32f4xx_hal_rcc.c ****     /* Check if the PLL is used as system clock or not */
 465:Drivers/STM32F4xx_HAL_Driver/Src/stm32f4xx_hal_rcc.c ****     if (__HAL_RCC_GET_SYSCLK_SOURCE() != RCC_CFGR_SWS_PLL)
 340              		.loc 1 465 5 is_stmt 1 view .LVU117
 341              		.loc 1 465 9 is_stmt 0 view .LVU118
 342 014c 4F4D     		ldr	r5, .L112
 343 014e AA68     		ldr	r2, [r5, #8]
 344 0150 02F00C02 		and	r2, r2, #12
 345              		.loc 1 465 8 view .LVU119
 346 0154 082A     		cmp	r2, #8
 347 0156 00F0BC80 		beq	.L57
 466:Drivers/STM32F4xx_HAL_Driver/Src/stm32f4xx_hal_rcc.c ****     {
 467:Drivers/STM32F4xx_HAL_Driver/Src/stm32f4xx_hal_rcc.c ****       if ((RCC_OscInitStruct->PLL.PLLState) == RCC_PLL_ON)
 348              		.loc 1 467 7 is_stmt 1 view .LVU120
 349              		.loc 1 467 10 is_stmt 0 view .LVU121
 350 015a 022B     		cmp	r3, #2
 468:Drivers/STM32F4xx_HAL_Driver/Src/stm32f4xx_hal_rcc.c ****       {
 469:Drivers/STM32F4xx_HAL_Driver/Src/stm32f4xx_hal_rcc.c ****         /* Check the parameters */
 470:Drivers/STM32F4xx_HAL_Driver/Src/stm32f4xx_hal_rcc.c ****         assert_param(IS_RCC_PLLSOURCE(RCC_OscInitStruct->PLL.PLLSource));
 471:Drivers/STM32F4xx_HAL_Driver/Src/stm32f4xx_hal_rcc.c ****         assert_param(IS_RCC_PLLM_VALUE(RCC_OscInitStruct->PLL.PLLM));
 472:Drivers/STM32F4xx_HAL_Driver/Src/stm32f4xx_hal_rcc.c ****         assert_param(IS_RCC_PLLN_VALUE(RCC_OscInitStruct->PLL.PLLN));
 473:Drivers/STM32F4xx_HAL_Driver/Src/stm32f4xx_hal_rcc.c ****         assert_param(IS_RCC_PLLP_VALUE(RCC_OscInitStruct->PLL.PLLP));
 474:Drivers/STM32F4xx_HAL_Driver/Src/stm32f4xx_hal_rcc.c ****         assert_param(IS_RCC_PLLQ_VALUE(RCC_OscInitStruct->PLL.PLLQ));
 475:Drivers/STM32F4xx_HAL_Driver/Src/stm32f4xx_hal_rcc.c **** 
 476:Drivers/STM32F4xx_HAL_Driver/Src/stm32f4xx_hal_rcc.c ****         /* Disable the main PLL. */
 477:Drivers/STM32F4xx_HAL_Driver/Src/stm32f4xx_hal_rcc.c ****         __HAL_RCC_PLL_DISABLE();
 351              		.loc 1 477 9 view .LVU122
 352 015c 4C4B     		ldr	r3, .L112+4
 353 015e 4FF00002 		mov	r2, #0
 354 0162 1A66     		str	r2, [r3, #96]
 467:Drivers/STM32F4xx_HAL_Driver/Src/stm32f4xx_hal_rcc.c ****       {
 355              		.loc 1 467 10 view .LVU123
 356 0164 00F00081 		beq	.L111
 478:Drivers/STM32F4xx_HAL_Driver/Src/stm32f4xx_hal_rcc.c **** 
 479:Drivers/STM32F4xx_HAL_Driver/Src/stm32f4xx_hal_rcc.c ****         /* Get Start Tick */
 480:Drivers/STM32F4xx_HAL_Driver/Src/stm32f4xx_hal_rcc.c ****         tickstart = HAL_GetTick();
 481:Drivers/STM32F4xx_HAL_Driver/Src/stm32f4xx_hal_rcc.c **** 
 482:Drivers/STM32F4xx_HAL_Driver/Src/stm32f4xx_hal_rcc.c ****         /* Wait till PLL is disabled */
ARM GAS  C:\Users\kaush\AppData\Local\Temp\cclu20cy.s 			page 16


 483:Drivers/STM32F4xx_HAL_Driver/Src/stm32f4xx_hal_rcc.c ****         while (__HAL_RCC_GET_FLAG(RCC_FLAG_PLLRDY) != RESET)
 484:Drivers/STM32F4xx_HAL_Driver/Src/stm32f4xx_hal_rcc.c ****         {
 485:Drivers/STM32F4xx_HAL_Driver/Src/stm32f4xx_hal_rcc.c ****           if ((HAL_GetTick() - tickstart) > PLL_TIMEOUT_VALUE)
 486:Drivers/STM32F4xx_HAL_Driver/Src/stm32f4xx_hal_rcc.c ****           {
 487:Drivers/STM32F4xx_HAL_Driver/Src/stm32f4xx_hal_rcc.c ****             return HAL_TIMEOUT;
 488:Drivers/STM32F4xx_HAL_Driver/Src/stm32f4xx_hal_rcc.c ****           }
 489:Drivers/STM32F4xx_HAL_Driver/Src/stm32f4xx_hal_rcc.c ****         }
 490:Drivers/STM32F4xx_HAL_Driver/Src/stm32f4xx_hal_rcc.c **** 
 491:Drivers/STM32F4xx_HAL_Driver/Src/stm32f4xx_hal_rcc.c ****         /* Configure the main PLL clock source, multiplication and division factors. */
 492:Drivers/STM32F4xx_HAL_Driver/Src/stm32f4xx_hal_rcc.c ****         WRITE_REG(RCC->PLLCFGR, (RCC_OscInitStruct->PLL.PLLSource                                  
 493:Drivers/STM32F4xx_HAL_Driver/Src/stm32f4xx_hal_rcc.c ****                                  RCC_OscInitStruct->PLL.PLLM                                       
 494:Drivers/STM32F4xx_HAL_Driver/Src/stm32f4xx_hal_rcc.c ****                                  (RCC_OscInitStruct->PLL.PLLN << RCC_PLLCFGR_PLLN_Pos)             
 495:Drivers/STM32F4xx_HAL_Driver/Src/stm32f4xx_hal_rcc.c ****                                  (((RCC_OscInitStruct->PLL.PLLP >> 1U) - 1U) << RCC_PLLCFGR_PLLP_Po
 496:Drivers/STM32F4xx_HAL_Driver/Src/stm32f4xx_hal_rcc.c ****                                  (RCC_OscInitStruct->PLL.PLLQ << RCC_PLLCFGR_PLLQ_Pos)));
 497:Drivers/STM32F4xx_HAL_Driver/Src/stm32f4xx_hal_rcc.c ****         /* Enable the main PLL. */
 498:Drivers/STM32F4xx_HAL_Driver/Src/stm32f4xx_hal_rcc.c ****         __HAL_RCC_PLL_ENABLE();
 499:Drivers/STM32F4xx_HAL_Driver/Src/stm32f4xx_hal_rcc.c **** 
 500:Drivers/STM32F4xx_HAL_Driver/Src/stm32f4xx_hal_rcc.c ****         /* Get Start Tick */
 501:Drivers/STM32F4xx_HAL_Driver/Src/stm32f4xx_hal_rcc.c ****         tickstart = HAL_GetTick();
 502:Drivers/STM32F4xx_HAL_Driver/Src/stm32f4xx_hal_rcc.c **** 
 503:Drivers/STM32F4xx_HAL_Driver/Src/stm32f4xx_hal_rcc.c ****         /* Wait till PLL is ready */
 504:Drivers/STM32F4xx_HAL_Driver/Src/stm32f4xx_hal_rcc.c ****         while (__HAL_RCC_GET_FLAG(RCC_FLAG_PLLRDY) == RESET)
 505:Drivers/STM32F4xx_HAL_Driver/Src/stm32f4xx_hal_rcc.c ****         {
 506:Drivers/STM32F4xx_HAL_Driver/Src/stm32f4xx_hal_rcc.c ****           if ((HAL_GetTick() - tickstart) > PLL_TIMEOUT_VALUE)
 507:Drivers/STM32F4xx_HAL_Driver/Src/stm32f4xx_hal_rcc.c ****           {
 508:Drivers/STM32F4xx_HAL_Driver/Src/stm32f4xx_hal_rcc.c ****             return HAL_TIMEOUT;
 509:Drivers/STM32F4xx_HAL_Driver/Src/stm32f4xx_hal_rcc.c ****           }
 510:Drivers/STM32F4xx_HAL_Driver/Src/stm32f4xx_hal_rcc.c ****         }
 511:Drivers/STM32F4xx_HAL_Driver/Src/stm32f4xx_hal_rcc.c ****       }
 512:Drivers/STM32F4xx_HAL_Driver/Src/stm32f4xx_hal_rcc.c ****       else
 513:Drivers/STM32F4xx_HAL_Driver/Src/stm32f4xx_hal_rcc.c ****       {
 514:Drivers/STM32F4xx_HAL_Driver/Src/stm32f4xx_hal_rcc.c ****         /* Disable the main PLL. */
 515:Drivers/STM32F4xx_HAL_Driver/Src/stm32f4xx_hal_rcc.c ****         __HAL_RCC_PLL_DISABLE();
 357              		.loc 1 515 9 is_stmt 1 view .LVU124
 516:Drivers/STM32F4xx_HAL_Driver/Src/stm32f4xx_hal_rcc.c **** 
 517:Drivers/STM32F4xx_HAL_Driver/Src/stm32f4xx_hal_rcc.c ****         /* Get Start Tick */
 518:Drivers/STM32F4xx_HAL_Driver/Src/stm32f4xx_hal_rcc.c ****         tickstart = HAL_GetTick();
 358              		.loc 1 518 9 view .LVU125
 359              		.loc 1 518 21 is_stmt 0 view .LVU126
 360 0168 FFF7FEFF 		bl	HAL_GetTick
 361              	.LVL19:
 362 016c 0446     		mov	r4, r0
 363              	.LVL20:
 519:Drivers/STM32F4xx_HAL_Driver/Src/stm32f4xx_hal_rcc.c **** 
 520:Drivers/STM32F4xx_HAL_Driver/Src/stm32f4xx_hal_rcc.c ****         /* Wait till PLL is disabled */
 521:Drivers/STM32F4xx_HAL_Driver/Src/stm32f4xx_hal_rcc.c ****         while (__HAL_RCC_GET_FLAG(RCC_FLAG_PLLRDY) != RESET)
 364              		.loc 1 521 9 is_stmt 1 view .LVU127
 365              		.loc 1 521 15 is_stmt 0 view .LVU128
 366 016e 04E0     		b	.L64
 367              	.LVL21:
 368              	.L65:
 522:Drivers/STM32F4xx_HAL_Driver/Src/stm32f4xx_hal_rcc.c ****         {
 523:Drivers/STM32F4xx_HAL_Driver/Src/stm32f4xx_hal_rcc.c ****           if ((HAL_GetTick() - tickstart) > PLL_TIMEOUT_VALUE)
 369              		.loc 1 523 16 view .LVU129
 370 0170 FFF7FEFF 		bl	HAL_GetTick
 371              	.LVL22:
 372              		.loc 1 523 30 discriminator 1 view .LVU130
ARM GAS  C:\Users\kaush\AppData\Local\Temp\cclu20cy.s 			page 17


 373 0174 001B     		subs	r0, r0, r4
 374              		.loc 1 523 14 discriminator 1 view .LVU131
 375 0176 0228     		cmp	r0, #2
 376 0178 78D8     		bhi	.L18
 377              	.L64:
 378              		.loc 1 523 11 is_stmt 1 view .LVU132
 521:Drivers/STM32F4xx_HAL_Driver/Src/stm32f4xx_hal_rcc.c ****         {
 379              		.loc 1 521 52 view .LVU133
 521:Drivers/STM32F4xx_HAL_Driver/Src/stm32f4xx_hal_rcc.c ****         {
 380              		.loc 1 521 16 is_stmt 0 view .LVU134
 381 017a 2B68     		ldr	r3, [r5]
 521:Drivers/STM32F4xx_HAL_Driver/Src/stm32f4xx_hal_rcc.c ****         {
 382              		.loc 1 521 52 view .LVU135
 383 017c 9B01     		lsls	r3, r3, #6
 384 017e F7D4     		bmi	.L65
 385              	.LVL23:
 386              	.L63:
 524:Drivers/STM32F4xx_HAL_Driver/Src/stm32f4xx_hal_rcc.c ****           {
 525:Drivers/STM32F4xx_HAL_Driver/Src/stm32f4xx_hal_rcc.c ****             return HAL_TIMEOUT;
 526:Drivers/STM32F4xx_HAL_Driver/Src/stm32f4xx_hal_rcc.c ****           }
 527:Drivers/STM32F4xx_HAL_Driver/Src/stm32f4xx_hal_rcc.c ****         }
 528:Drivers/STM32F4xx_HAL_Driver/Src/stm32f4xx_hal_rcc.c ****       }
 529:Drivers/STM32F4xx_HAL_Driver/Src/stm32f4xx_hal_rcc.c ****     }
 530:Drivers/STM32F4xx_HAL_Driver/Src/stm32f4xx_hal_rcc.c ****     else
 531:Drivers/STM32F4xx_HAL_Driver/Src/stm32f4xx_hal_rcc.c ****     {
 532:Drivers/STM32F4xx_HAL_Driver/Src/stm32f4xx_hal_rcc.c ****       /* Check if there is a request to disable the PLL used as System clock source */
 533:Drivers/STM32F4xx_HAL_Driver/Src/stm32f4xx_hal_rcc.c ****       if ((RCC_OscInitStruct->PLL.PLLState) == RCC_PLL_OFF)
 534:Drivers/STM32F4xx_HAL_Driver/Src/stm32f4xx_hal_rcc.c ****       {
 535:Drivers/STM32F4xx_HAL_Driver/Src/stm32f4xx_hal_rcc.c ****         return HAL_ERROR;
 536:Drivers/STM32F4xx_HAL_Driver/Src/stm32f4xx_hal_rcc.c ****       }
 537:Drivers/STM32F4xx_HAL_Driver/Src/stm32f4xx_hal_rcc.c ****       else
 538:Drivers/STM32F4xx_HAL_Driver/Src/stm32f4xx_hal_rcc.c ****       {
 539:Drivers/STM32F4xx_HAL_Driver/Src/stm32f4xx_hal_rcc.c ****         /* Do not return HAL_ERROR if request repeats the current configuration */
 540:Drivers/STM32F4xx_HAL_Driver/Src/stm32f4xx_hal_rcc.c ****         pll_config = RCC->PLLCFGR;
 541:Drivers/STM32F4xx_HAL_Driver/Src/stm32f4xx_hal_rcc.c **** #if defined (RCC_PLLCFGR_PLLR)
 542:Drivers/STM32F4xx_HAL_Driver/Src/stm32f4xx_hal_rcc.c ****         if (((RCC_OscInitStruct->PLL.PLLState) == RCC_PLL_OFF) ||
 543:Drivers/STM32F4xx_HAL_Driver/Src/stm32f4xx_hal_rcc.c ****             (READ_BIT(pll_config, RCC_PLLCFGR_PLLSRC) != RCC_OscInitStruct->PLL.PLLSource) ||
 544:Drivers/STM32F4xx_HAL_Driver/Src/stm32f4xx_hal_rcc.c ****             (READ_BIT(pll_config, RCC_PLLCFGR_PLLM) != (RCC_OscInitStruct->PLL.PLLM) << RCC_PLLCFGR
 545:Drivers/STM32F4xx_HAL_Driver/Src/stm32f4xx_hal_rcc.c ****             (READ_BIT(pll_config, RCC_PLLCFGR_PLLN) != (RCC_OscInitStruct->PLL.PLLN) << RCC_PLLCFGR
 546:Drivers/STM32F4xx_HAL_Driver/Src/stm32f4xx_hal_rcc.c ****             (READ_BIT(pll_config, RCC_PLLCFGR_PLLP) != (((RCC_OscInitStruct->PLL.PLLP >> 1U) - 1U))
 547:Drivers/STM32F4xx_HAL_Driver/Src/stm32f4xx_hal_rcc.c ****             (READ_BIT(pll_config, RCC_PLLCFGR_PLLQ) != (RCC_OscInitStruct->PLL.PLLQ << RCC_PLLCFGR_
 548:Drivers/STM32F4xx_HAL_Driver/Src/stm32f4xx_hal_rcc.c ****             (READ_BIT(pll_config, RCC_PLLCFGR_PLLR) != (RCC_OscInitStruct->PLL.PLLR << RCC_PLLCFGR_
 549:Drivers/STM32F4xx_HAL_Driver/Src/stm32f4xx_hal_rcc.c **** #else
 550:Drivers/STM32F4xx_HAL_Driver/Src/stm32f4xx_hal_rcc.c ****         if (((RCC_OscInitStruct->PLL.PLLState) == RCC_PLL_OFF) ||
 551:Drivers/STM32F4xx_HAL_Driver/Src/stm32f4xx_hal_rcc.c ****             (READ_BIT(pll_config, RCC_PLLCFGR_PLLSRC) != RCC_OscInitStruct->PLL.PLLSource) ||
 552:Drivers/STM32F4xx_HAL_Driver/Src/stm32f4xx_hal_rcc.c ****             (READ_BIT(pll_config, RCC_PLLCFGR_PLLM) != (RCC_OscInitStruct->PLL.PLLM) << RCC_PLLCFGR
 553:Drivers/STM32F4xx_HAL_Driver/Src/stm32f4xx_hal_rcc.c ****             (READ_BIT(pll_config, RCC_PLLCFGR_PLLN) != (RCC_OscInitStruct->PLL.PLLN) << RCC_PLLCFGR
 554:Drivers/STM32F4xx_HAL_Driver/Src/stm32f4xx_hal_rcc.c ****             (READ_BIT(pll_config, RCC_PLLCFGR_PLLP) != (((RCC_OscInitStruct->PLL.PLLP >> 1U) - 1U))
 555:Drivers/STM32F4xx_HAL_Driver/Src/stm32f4xx_hal_rcc.c ****             (READ_BIT(pll_config, RCC_PLLCFGR_PLLQ) != (RCC_OscInitStruct->PLL.PLLQ << RCC_PLLCFGR_
 556:Drivers/STM32F4xx_HAL_Driver/Src/stm32f4xx_hal_rcc.c **** #endif /* RCC_PLLCFGR_PLLR */
 557:Drivers/STM32F4xx_HAL_Driver/Src/stm32f4xx_hal_rcc.c ****         {
 558:Drivers/STM32F4xx_HAL_Driver/Src/stm32f4xx_hal_rcc.c ****           return HAL_ERROR;
 559:Drivers/STM32F4xx_HAL_Driver/Src/stm32f4xx_hal_rcc.c ****         }
 560:Drivers/STM32F4xx_HAL_Driver/Src/stm32f4xx_hal_rcc.c ****       }
 561:Drivers/STM32F4xx_HAL_Driver/Src/stm32f4xx_hal_rcc.c ****     }
 562:Drivers/STM32F4xx_HAL_Driver/Src/stm32f4xx_hal_rcc.c ****   }
 563:Drivers/STM32F4xx_HAL_Driver/Src/stm32f4xx_hal_rcc.c ****   return HAL_OK;
ARM GAS  C:\Users\kaush\AppData\Local\Temp\cclu20cy.s 			page 18


 387              		.loc 1 563 10 view .LVU136
 388 0180 0020     		movs	r0, #0
 389              	.L15:
 564:Drivers/STM32F4xx_HAL_Driver/Src/stm32f4xx_hal_rcc.c **** }
 390              		.loc 1 564 1 view .LVU137
 391 0182 02B0     		add	sp, sp, #8
 392              	.LCFI2:
 393              		.cfi_remember_state
 394              		.cfi_def_cfa_offset 24
 395              		@ sp needed
 396 0184 BDE8F081 		pop	{r4, r5, r6, r7, r8, pc}
 397              	.LVL24:
 398              	.L107:
 399              	.LCFI3:
 400              		.cfi_restore_state
 350:Drivers/STM32F4xx_HAL_Driver/Src/stm32f4xx_hal_rcc.c **** 
 401              		.loc 1 350 5 is_stmt 1 view .LVU138
 353:Drivers/STM32F4xx_HAL_Driver/Src/stm32f4xx_hal_rcc.c ****     {
 402              		.loc 1 353 5 view .LVU139
 353:Drivers/STM32F4xx_HAL_Driver/Src/stm32f4xx_hal_rcc.c ****     {
 403              		.loc 1 353 8 is_stmt 0 view .LVU140
 404 0188 6369     		ldr	r3, [r4, #20]
 405 018a FBB1     		cbz	r3, .L32
 356:Drivers/STM32F4xx_HAL_Driver/Src/stm32f4xx_hal_rcc.c **** 
 406              		.loc 1 356 7 is_stmt 1 view .LVU141
 407 018c 404B     		ldr	r3, .L112+4
 362:Drivers/STM32F4xx_HAL_Driver/Src/stm32f4xx_hal_rcc.c ****       {
 408              		.loc 1 362 14 is_stmt 0 view .LVU142
 409 018e 3F4E     		ldr	r6, .L112
 356:Drivers/STM32F4xx_HAL_Driver/Src/stm32f4xx_hal_rcc.c **** 
 410              		.loc 1 356 7 view .LVU143
 411 0190 0122     		movs	r2, #1
 412 0192 C3F8802E 		str	r2, [r3, #3712]
 359:Drivers/STM32F4xx_HAL_Driver/Src/stm32f4xx_hal_rcc.c **** 
 413              		.loc 1 359 7 is_stmt 1 view .LVU144
 359:Drivers/STM32F4xx_HAL_Driver/Src/stm32f4xx_hal_rcc.c **** 
 414              		.loc 1 359 19 is_stmt 0 view .LVU145
 415 0196 FFF7FEFF 		bl	HAL_GetTick
 416              	.LVL25:
 417 019a 0546     		mov	r5, r0
 418              	.LVL26:
 362:Drivers/STM32F4xx_HAL_Driver/Src/stm32f4xx_hal_rcc.c ****       {
 419              		.loc 1 362 7 is_stmt 1 view .LVU146
 362:Drivers/STM32F4xx_HAL_Driver/Src/stm32f4xx_hal_rcc.c ****       {
 420              		.loc 1 362 13 is_stmt 0 view .LVU147
 421 019c 04E0     		b	.L33
 422              	.LVL27:
 423              	.L34:
 364:Drivers/STM32F4xx_HAL_Driver/Src/stm32f4xx_hal_rcc.c ****         {
 424              		.loc 1 364 14 view .LVU148
 425 019e FFF7FEFF 		bl	HAL_GetTick
 426              	.LVL28:
 364:Drivers/STM32F4xx_HAL_Driver/Src/stm32f4xx_hal_rcc.c ****         {
 427              		.loc 1 364 28 discriminator 1 view .LVU149
 428 01a2 401B     		subs	r0, r0, r5
 364:Drivers/STM32F4xx_HAL_Driver/Src/stm32f4xx_hal_rcc.c ****         {
 429              		.loc 1 364 12 discriminator 1 view .LVU150
ARM GAS  C:\Users\kaush\AppData\Local\Temp\cclu20cy.s 			page 19


 430 01a4 0228     		cmp	r0, #2
 431 01a6 61D8     		bhi	.L18
 432              	.L33:
 364:Drivers/STM32F4xx_HAL_Driver/Src/stm32f4xx_hal_rcc.c ****         {
 433              		.loc 1 364 9 is_stmt 1 view .LVU151
 362:Drivers/STM32F4xx_HAL_Driver/Src/stm32f4xx_hal_rcc.c ****       {
 434              		.loc 1 362 50 view .LVU152
 362:Drivers/STM32F4xx_HAL_Driver/Src/stm32f4xx_hal_rcc.c ****       {
 435              		.loc 1 362 14 is_stmt 0 view .LVU153
 436 01a8 736F     		ldr	r3, [r6, #116]
 362:Drivers/STM32F4xx_HAL_Driver/Src/stm32f4xx_hal_rcc.c ****       {
 437              		.loc 1 362 50 view .LVU154
 438 01aa 9B07     		lsls	r3, r3, #30
 439 01ac F7D5     		bpl	.L34
 440              	.L102:
 389:Drivers/STM32F4xx_HAL_Driver/Src/stm32f4xx_hal_rcc.c ****   {
 441              		.loc 1 389 26 view .LVU155
 442 01ae 2368     		ldr	r3, [r4]
 443 01b0 8DE7     		b	.L31
 444              	.LVL29:
 445              	.L106:
 290:Drivers/STM32F4xx_HAL_Driver/Src/stm32f4xx_hal_rcc.c ****     {
 446              		.loc 1 290 70 view .LVU156
 447 01b2 5268     		ldr	r2, [r2, #4]
 290:Drivers/STM32F4xx_HAL_Driver/Src/stm32f4xx_hal_rcc.c ****     {
 448              		.loc 1 290 62 view .LVU157
 449 01b4 5102     		lsls	r1, r2, #9
 450 01b6 3FF56BAF 		bmi	.L23
 451              	.L22:
 293:Drivers/STM32F4xx_HAL_Driver/Src/stm32f4xx_hal_rcc.c ****       {
 452              		.loc 1 293 7 is_stmt 1 view .LVU158
 293:Drivers/STM32F4xx_HAL_Driver/Src/stm32f4xx_hal_rcc.c ****       {
 453              		.loc 1 293 12 is_stmt 0 view .LVU159
 454 01ba 344A     		ldr	r2, .L112
 455 01bc 1268     		ldr	r2, [r2]
 293:Drivers/STM32F4xx_HAL_Driver/Src/stm32f4xx_hal_rcc.c ****       {
 456              		.loc 1 293 10 view .LVU160
 457 01be 9207     		lsls	r2, r2, #30
 458 01c0 38D5     		bpl	.L24
 293:Drivers/STM32F4xx_HAL_Driver/Src/stm32f4xx_hal_rcc.c ****       {
 459              		.loc 1 293 58 discriminator 1 view .LVU161
 460 01c2 E268     		ldr	r2, [r4, #12]
 461 01c4 012A     		cmp	r2, #1
 462 01c6 35D0     		beq	.L24
 463              	.L5:
 226:Drivers/STM32F4xx_HAL_Driver/Src/stm32f4xx_hal_rcc.c ****   }
 464              		.loc 1 226 12 view .LVU162
 465 01c8 0120     		movs	r0, #1
 466 01ca DAE7     		b	.L15
 467              	.L32:
 373:Drivers/STM32F4xx_HAL_Driver/Src/stm32f4xx_hal_rcc.c **** 
 468              		.loc 1 373 7 is_stmt 1 view .LVU163
 469 01cc 304A     		ldr	r2, .L112+4
 379:Drivers/STM32F4xx_HAL_Driver/Src/stm32f4xx_hal_rcc.c ****       {
 470              		.loc 1 379 14 is_stmt 0 view .LVU164
 471 01ce 2F4E     		ldr	r6, .L112
 373:Drivers/STM32F4xx_HAL_Driver/Src/stm32f4xx_hal_rcc.c **** 
ARM GAS  C:\Users\kaush\AppData\Local\Temp\cclu20cy.s 			page 20


 472              		.loc 1 373 7 view .LVU165
 473 01d0 C2F8803E 		str	r3, [r2, #3712]
 376:Drivers/STM32F4xx_HAL_Driver/Src/stm32f4xx_hal_rcc.c **** 
 474              		.loc 1 376 7 is_stmt 1 view .LVU166
 376:Drivers/STM32F4xx_HAL_Driver/Src/stm32f4xx_hal_rcc.c **** 
 475              		.loc 1 376 19 is_stmt 0 view .LVU167
 476 01d4 FFF7FEFF 		bl	HAL_GetTick
 477              	.LVL30:
 478 01d8 0546     		mov	r5, r0
 479              	.LVL31:
 379:Drivers/STM32F4xx_HAL_Driver/Src/stm32f4xx_hal_rcc.c ****       {
 480              		.loc 1 379 7 is_stmt 1 view .LVU168
 379:Drivers/STM32F4xx_HAL_Driver/Src/stm32f4xx_hal_rcc.c ****       {
 481              		.loc 1 379 13 is_stmt 0 view .LVU169
 482 01da 04E0     		b	.L35
 483              	.LVL32:
 484              	.L36:
 381:Drivers/STM32F4xx_HAL_Driver/Src/stm32f4xx_hal_rcc.c ****         {
 485              		.loc 1 381 14 view .LVU170
 486 01dc FFF7FEFF 		bl	HAL_GetTick
 487              	.LVL33:
 381:Drivers/STM32F4xx_HAL_Driver/Src/stm32f4xx_hal_rcc.c ****         {
 488              		.loc 1 381 28 discriminator 1 view .LVU171
 489 01e0 401B     		subs	r0, r0, r5
 381:Drivers/STM32F4xx_HAL_Driver/Src/stm32f4xx_hal_rcc.c ****         {
 490              		.loc 1 381 12 discriminator 1 view .LVU172
 491 01e2 0228     		cmp	r0, #2
 492 01e4 42D8     		bhi	.L18
 493              	.L35:
 381:Drivers/STM32F4xx_HAL_Driver/Src/stm32f4xx_hal_rcc.c ****         {
 494              		.loc 1 381 9 is_stmt 1 view .LVU173
 379:Drivers/STM32F4xx_HAL_Driver/Src/stm32f4xx_hal_rcc.c ****       {
 495              		.loc 1 379 50 view .LVU174
 379:Drivers/STM32F4xx_HAL_Driver/Src/stm32f4xx_hal_rcc.c ****       {
 496              		.loc 1 379 14 is_stmt 0 view .LVU175
 497 01e6 736F     		ldr	r3, [r6, #116]
 379:Drivers/STM32F4xx_HAL_Driver/Src/stm32f4xx_hal_rcc.c ****       {
 498              		.loc 1 379 50 view .LVU176
 499 01e8 9F07     		lsls	r7, r3, #30
 500 01ea F7D4     		bmi	.L36
 501 01ec DFE7     		b	.L102
 502              	.LVL34:
 503              	.L67:
 504              	.LBB8:
 391:Drivers/STM32F4xx_HAL_Driver/Src/stm32f4xx_hal_rcc.c **** 
 505              		.loc 1 391 22 view .LVU177
 506 01ee 0025     		movs	r5, #0
 507 01f0 80E7     		b	.L39
 508              	.LVL35:
 509              	.L103:
 391:Drivers/STM32F4xx_HAL_Driver/Src/stm32f4xx_hal_rcc.c **** 
 510              		.loc 1 391 22 view .LVU178
 511              	.LBE8:
 238:Drivers/STM32F4xx_HAL_Driver/Src/stm32f4xx_hal_rcc.c ****     {
 512              		.loc 1 238 70 view .LVU179
 513 01f2 4A68     		ldr	r2, [r1, #4]
 238:Drivers/STM32F4xx_HAL_Driver/Src/stm32f4xx_hal_rcc.c ****     {
ARM GAS  C:\Users\kaush\AppData\Local\Temp\cclu20cy.s 			page 21


 514              		.loc 1 238 62 view .LVU180
 515 01f4 5102     		lsls	r1, r2, #9
 516 01f6 7FF51AAF 		bpl	.L8
 517              	.L7:
 240:Drivers/STM32F4xx_HAL_Driver/Src/stm32f4xx_hal_rcc.c ****       {
 518              		.loc 1 240 7 is_stmt 1 view .LVU181
 240:Drivers/STM32F4xx_HAL_Driver/Src/stm32f4xx_hal_rcc.c ****       {
 519              		.loc 1 240 12 is_stmt 0 view .LVU182
 520 01fa 244A     		ldr	r2, .L112
 521 01fc 1268     		ldr	r2, [r2]
 240:Drivers/STM32F4xx_HAL_Driver/Src/stm32f4xx_hal_rcc.c ****       {
 522              		.loc 1 240 10 view .LVU183
 523 01fe 9203     		lsls	r2, r2, #14
 524 0200 7FF538AF 		bpl	.L6
 240:Drivers/STM32F4xx_HAL_Driver/Src/stm32f4xx_hal_rcc.c ****       {
 525              		.loc 1 240 58 discriminator 1 view .LVU184
 526 0204 6268     		ldr	r2, [r4, #4]
 527 0206 002A     		cmp	r2, #0
 528 0208 7FF434AF 		bne	.L6
 529 020c DCE7     		b	.L5
 530              	.L104:
 248:Drivers/STM32F4xx_HAL_Driver/Src/stm32f4xx_hal_rcc.c **** 
 531              		.loc 1 248 7 is_stmt 1 discriminator 1 view .LVU185
 532 020e 1F4A     		ldr	r2, .L112
 533 0210 1368     		ldr	r3, [r2]
 534 0212 43F48033 		orr	r3, r3, #65536
 535 0216 1360     		str	r3, [r2]
 248:Drivers/STM32F4xx_HAL_Driver/Src/stm32f4xx_hal_rcc.c **** 
 536              		.loc 1 248 7 discriminator 7 view .LVU186
 251:Drivers/STM32F4xx_HAL_Driver/Src/stm32f4xx_hal_rcc.c ****       {
 537              		.loc 1 251 7 view .LVU187
 538              	.L11:
 254:Drivers/STM32F4xx_HAL_Driver/Src/stm32f4xx_hal_rcc.c **** 
 539              		.loc 1 254 9 view .LVU188
 254:Drivers/STM32F4xx_HAL_Driver/Src/stm32f4xx_hal_rcc.c **** 
 540              		.loc 1 254 21 is_stmt 0 view .LVU189
 541 0218 FFF7FEFF 		bl	HAL_GetTick
 542              	.LVL36:
 257:Drivers/STM32F4xx_HAL_Driver/Src/stm32f4xx_hal_rcc.c ****         {
 543              		.loc 1 257 16 view .LVU190
 544 021c 1B4E     		ldr	r6, .L112
 254:Drivers/STM32F4xx_HAL_Driver/Src/stm32f4xx_hal_rcc.c **** 
 545              		.loc 1 254 21 view .LVU191
 546 021e 0546     		mov	r5, r0
 547              	.LVL37:
 257:Drivers/STM32F4xx_HAL_Driver/Src/stm32f4xx_hal_rcc.c ****         {
 548              		.loc 1 257 9 is_stmt 1 view .LVU192
 257:Drivers/STM32F4xx_HAL_Driver/Src/stm32f4xx_hal_rcc.c ****         {
 549              		.loc 1 257 15 is_stmt 0 view .LVU193
 550 0220 04E0     		b	.L14
 551              	.LVL38:
 552              	.L16:
 259:Drivers/STM32F4xx_HAL_Driver/Src/stm32f4xx_hal_rcc.c ****           {
 553              		.loc 1 259 16 view .LVU194
 554 0222 FFF7FEFF 		bl	HAL_GetTick
 555              	.LVL39:
 259:Drivers/STM32F4xx_HAL_Driver/Src/stm32f4xx_hal_rcc.c ****           {
ARM GAS  C:\Users\kaush\AppData\Local\Temp\cclu20cy.s 			page 22


 556              		.loc 1 259 30 discriminator 1 view .LVU195
 557 0226 401B     		subs	r0, r0, r5
 259:Drivers/STM32F4xx_HAL_Driver/Src/stm32f4xx_hal_rcc.c ****           {
 558              		.loc 1 259 14 discriminator 1 view .LVU196
 559 0228 6428     		cmp	r0, #100
 560 022a 1FD8     		bhi	.L18
 561              	.L14:
 259:Drivers/STM32F4xx_HAL_Driver/Src/stm32f4xx_hal_rcc.c ****           {
 562              		.loc 1 259 11 is_stmt 1 view .LVU197
 257:Drivers/STM32F4xx_HAL_Driver/Src/stm32f4xx_hal_rcc.c ****         {
 563              		.loc 1 257 52 view .LVU198
 257:Drivers/STM32F4xx_HAL_Driver/Src/stm32f4xx_hal_rcc.c ****         {
 564              		.loc 1 257 16 is_stmt 0 view .LVU199
 565 022c 3368     		ldr	r3, [r6]
 257:Drivers/STM32F4xx_HAL_Driver/Src/stm32f4xx_hal_rcc.c ****         {
 566              		.loc 1 257 52 view .LVU200
 567 022e 9B03     		lsls	r3, r3, #14
 568 0230 F7D5     		bpl	.L16
 569 0232 1EE7     		b	.L101
 570              	.LVL40:
 571              	.L24:
 301:Drivers/STM32F4xx_HAL_Driver/Src/stm32f4xx_hal_rcc.c ****       }
 572              		.loc 1 301 9 is_stmt 1 view .LVU201
 573 0234 1549     		ldr	r1, .L112
 574 0236 2069     		ldr	r0, [r4, #16]
 575 0238 0A68     		ldr	r2, [r1]
 576 023a 22F0F802 		bic	r2, r2, #248
 577 023e 42EAC002 		orr	r2, r2, r0, lsl #3
 578 0242 0A60     		str	r2, [r1]
 347:Drivers/STM32F4xx_HAL_Driver/Src/stm32f4xx_hal_rcc.c ****   {
 579              		.loc 1 347 3 view .LVU202
 347:Drivers/STM32F4xx_HAL_Driver/Src/stm32f4xx_hal_rcc.c ****   {
 580              		.loc 1 347 6 is_stmt 0 view .LVU203
 581 0244 1A07     		lsls	r2, r3, #28
 582 0246 7FF542AF 		bpl	.L31
 583 024a 9DE7     		b	.L107
 584              	.LVL41:
 585              	.L40:
 586              	.LBB9:
 407:Drivers/STM32F4xx_HAL_Driver/Src/stm32f4xx_hal_rcc.c **** 
 587              		.loc 1 407 7 is_stmt 1 view .LVU204
 588 024c 3368     		ldr	r3, [r6]
 589 024e 43F48073 		orr	r3, r3, #256
 590 0252 3360     		str	r3, [r6]
 410:Drivers/STM32F4xx_HAL_Driver/Src/stm32f4xx_hal_rcc.c **** 
 591              		.loc 1 410 7 view .LVU205
 410:Drivers/STM32F4xx_HAL_Driver/Src/stm32f4xx_hal_rcc.c **** 
 592              		.loc 1 410 19 is_stmt 0 view .LVU206
 593 0254 FFF7FEFF 		bl	HAL_GetTick
 594              	.LVL42:
 595 0258 0746     		mov	r7, r0
 596              	.LVL43:
 412:Drivers/STM32F4xx_HAL_Driver/Src/stm32f4xx_hal_rcc.c ****       {
 597              		.loc 1 412 7 is_stmt 1 view .LVU207
 598              	.L43:
 414:Drivers/STM32F4xx_HAL_Driver/Src/stm32f4xx_hal_rcc.c ****         {
 599              		.loc 1 414 9 view .LVU208
ARM GAS  C:\Users\kaush\AppData\Local\Temp\cclu20cy.s 			page 23


 412:Drivers/STM32F4xx_HAL_Driver/Src/stm32f4xx_hal_rcc.c ****       {
 600              		.loc 1 412 14 view .LVU209
 601 025a 3368     		ldr	r3, [r6]
 602 025c D905     		lsls	r1, r3, #23
 603 025e 3FF54EAF 		bmi	.L45
 414:Drivers/STM32F4xx_HAL_Driver/Src/stm32f4xx_hal_rcc.c ****         {
 604              		.loc 1 414 14 is_stmt 0 view .LVU210
 605 0262 FFF7FEFF 		bl	HAL_GetTick
 606              	.LVL44:
 414:Drivers/STM32F4xx_HAL_Driver/Src/stm32f4xx_hal_rcc.c ****         {
 607              		.loc 1 414 28 discriminator 1 view .LVU211
 608 0266 C01B     		subs	r0, r0, r7
 414:Drivers/STM32F4xx_HAL_Driver/Src/stm32f4xx_hal_rcc.c ****         {
 609              		.loc 1 414 12 discriminator 1 view .LVU212
 610 0268 0228     		cmp	r0, #2
 611 026a F6D9     		bls	.L43
 612              	.LVL45:
 613              	.L18:
 414:Drivers/STM32F4xx_HAL_Driver/Src/stm32f4xx_hal_rcc.c ****         {
 614              		.loc 1 414 12 discriminator 1 view .LVU213
 615              	.LBE9:
 261:Drivers/STM32F4xx_HAL_Driver/Src/stm32f4xx_hal_rcc.c ****           }
 616              		.loc 1 261 20 view .LVU214
 617 026c 0320     		movs	r0, #3
 618              		.loc 1 564 1 view .LVU215
 619 026e 02B0     		add	sp, sp, #8
 620              	.LCFI4:
 621              		.cfi_remember_state
 622              		.cfi_def_cfa_offset 24
 623              		@ sp needed
 624 0270 BDE8F081 		pop	{r4, r5, r6, r7, r8, pc}
 625              	.LVL46:
 626              	.L108:
 627              	.LCFI5:
 628              		.cfi_restore_state
 629              	.LBB10:
 422:Drivers/STM32F4xx_HAL_Driver/Src/stm32f4xx_hal_rcc.c ****     /* Check the LSE State */
 630              		.loc 1 422 5 is_stmt 1 discriminator 1 view .LVU216
 631 0274 054A     		ldr	r2, .L112
 632 0276 136F     		ldr	r3, [r2, #112]
 633 0278 43F00103 		orr	r3, r3, #1
 634 027c 1367     		str	r3, [r2, #112]
 422:Drivers/STM32F4xx_HAL_Driver/Src/stm32f4xx_hal_rcc.c ****     /* Check the LSE State */
 635              		.loc 1 422 5 discriminator 7 view .LVU217
 424:Drivers/STM32F4xx_HAL_Driver/Src/stm32f4xx_hal_rcc.c ****     {
 636              		.loc 1 424 5 view .LVU218
 637              	.L46:
 427:Drivers/STM32F4xx_HAL_Driver/Src/stm32f4xx_hal_rcc.c **** 
 638              		.loc 1 427 7 view .LVU219
 427:Drivers/STM32F4xx_HAL_Driver/Src/stm32f4xx_hal_rcc.c **** 
 639              		.loc 1 427 19 is_stmt 0 view .LVU220
 640 027e FFF7FEFF 		bl	HAL_GetTick
 641              	.LVL47:
 430:Drivers/STM32F4xx_HAL_Driver/Src/stm32f4xx_hal_rcc.c ****       {
 642              		.loc 1 430 14 view .LVU221
 643 0282 024F     		ldr	r7, .L112
 427:Drivers/STM32F4xx_HAL_Driver/Src/stm32f4xx_hal_rcc.c **** 
ARM GAS  C:\Users\kaush\AppData\Local\Temp\cclu20cy.s 			page 24


 644              		.loc 1 427 19 view .LVU222
 645 0284 0646     		mov	r6, r0
 646              	.LVL48:
 430:Drivers/STM32F4xx_HAL_Driver/Src/stm32f4xx_hal_rcc.c ****       {
 647              		.loc 1 430 7 is_stmt 1 view .LVU223
 432:Drivers/STM32F4xx_HAL_Driver/Src/stm32f4xx_hal_rcc.c ****         {
 648              		.loc 1 432 12 is_stmt 0 discriminator 1 view .LVU224
 649 0286 41F28838 		movw	r8, #5000
 430:Drivers/STM32F4xx_HAL_Driver/Src/stm32f4xx_hal_rcc.c ****       {
 650              		.loc 1 430 13 view .LVU225
 651 028a 0AE0     		b	.L49
 652              	.L113:
 653              		.align	2
 654              	.L112:
 655 028c 00380240 		.word	1073887232
 656 0290 00004742 		.word	1111949312
 657 0294 00700040 		.word	1073770496
 658              	.LVL49:
 659              	.L50:
 432:Drivers/STM32F4xx_HAL_Driver/Src/stm32f4xx_hal_rcc.c ****         {
 660              		.loc 1 432 14 view .LVU226
 661 0298 FFF7FEFF 		bl	HAL_GetTick
 662              	.LVL50:
 432:Drivers/STM32F4xx_HAL_Driver/Src/stm32f4xx_hal_rcc.c ****         {
 663              		.loc 1 432 28 discriminator 1 view .LVU227
 664 029c 801B     		subs	r0, r0, r6
 432:Drivers/STM32F4xx_HAL_Driver/Src/stm32f4xx_hal_rcc.c ****         {
 665              		.loc 1 432 12 discriminator 1 view .LVU228
 666 029e 4045     		cmp	r0, r8
 667 02a0 E4D8     		bhi	.L18
 668              	.L49:
 432:Drivers/STM32F4xx_HAL_Driver/Src/stm32f4xx_hal_rcc.c ****         {
 669              		.loc 1 432 9 is_stmt 1 view .LVU229
 430:Drivers/STM32F4xx_HAL_Driver/Src/stm32f4xx_hal_rcc.c ****       {
 670              		.loc 1 430 50 view .LVU230
 430:Drivers/STM32F4xx_HAL_Driver/Src/stm32f4xx_hal_rcc.c ****       {
 671              		.loc 1 430 14 is_stmt 0 view .LVU231
 672 02a2 3B6F     		ldr	r3, [r7, #112]
 430:Drivers/STM32F4xx_HAL_Driver/Src/stm32f4xx_hal_rcc.c ****       {
 673              		.loc 1 430 50 view .LVU232
 674 02a4 9A07     		lsls	r2, r3, #30
 675 02a6 F7D5     		bpl	.L50
 454:Drivers/STM32F4xx_HAL_Driver/Src/stm32f4xx_hal_rcc.c ****     {
 676              		.loc 1 454 5 is_stmt 1 view .LVU233
 454:Drivers/STM32F4xx_HAL_Driver/Src/stm32f4xx_hal_rcc.c ****     {
 677              		.loc 1 454 8 is_stmt 0 view .LVU234
 678 02a8 002D     		cmp	r5, #0
 679 02aa 3FF44DAF 		beq	.L38
 680 02ae 4BE0     		b	.L110
 681              	.LVL51:
 682              	.L26:
 454:Drivers/STM32F4xx_HAL_Driver/Src/stm32f4xx_hal_rcc.c ****     {
 683              		.loc 1 454 8 view .LVU235
 684              	.LBE10:
 330:Drivers/STM32F4xx_HAL_Driver/Src/stm32f4xx_hal_rcc.c **** 
 685              		.loc 1 330 9 is_stmt 1 view .LVU236
 686 02b0 454A     		ldr	r2, .L114
ARM GAS  C:\Users\kaush\AppData\Local\Temp\cclu20cy.s 			page 25


 336:Drivers/STM32F4xx_HAL_Driver/Src/stm32f4xx_hal_rcc.c ****         {
 687              		.loc 1 336 16 is_stmt 0 view .LVU237
 688 02b2 464E     		ldr	r6, .L114+4
 330:Drivers/STM32F4xx_HAL_Driver/Src/stm32f4xx_hal_rcc.c **** 
 689              		.loc 1 330 9 view .LVU238
 690 02b4 1360     		str	r3, [r2]
 333:Drivers/STM32F4xx_HAL_Driver/Src/stm32f4xx_hal_rcc.c **** 
 691              		.loc 1 333 9 is_stmt 1 view .LVU239
 333:Drivers/STM32F4xx_HAL_Driver/Src/stm32f4xx_hal_rcc.c **** 
 692              		.loc 1 333 21 is_stmt 0 view .LVU240
 693 02b6 FFF7FEFF 		bl	HAL_GetTick
 694              	.LVL52:
 695 02ba 0546     		mov	r5, r0
 696              	.LVL53:
 336:Drivers/STM32F4xx_HAL_Driver/Src/stm32f4xx_hal_rcc.c ****         {
 697              		.loc 1 336 9 is_stmt 1 view .LVU241
 336:Drivers/STM32F4xx_HAL_Driver/Src/stm32f4xx_hal_rcc.c ****         {
 698              		.loc 1 336 15 is_stmt 0 view .LVU242
 699 02bc 04E0     		b	.L29
 700              	.LVL54:
 701              	.L30:
 338:Drivers/STM32F4xx_HAL_Driver/Src/stm32f4xx_hal_rcc.c ****           {
 702              		.loc 1 338 16 view .LVU243
 703 02be FFF7FEFF 		bl	HAL_GetTick
 704              	.LVL55:
 338:Drivers/STM32F4xx_HAL_Driver/Src/stm32f4xx_hal_rcc.c ****           {
 705              		.loc 1 338 30 discriminator 1 view .LVU244
 706 02c2 401B     		subs	r0, r0, r5
 338:Drivers/STM32F4xx_HAL_Driver/Src/stm32f4xx_hal_rcc.c ****           {
 707              		.loc 1 338 14 discriminator 1 view .LVU245
 708 02c4 0228     		cmp	r0, #2
 709 02c6 D1D8     		bhi	.L18
 710              	.L29:
 338:Drivers/STM32F4xx_HAL_Driver/Src/stm32f4xx_hal_rcc.c ****           {
 711              		.loc 1 338 11 is_stmt 1 view .LVU246
 336:Drivers/STM32F4xx_HAL_Driver/Src/stm32f4xx_hal_rcc.c ****         {
 712              		.loc 1 336 52 view .LVU247
 336:Drivers/STM32F4xx_HAL_Driver/Src/stm32f4xx_hal_rcc.c ****         {
 713              		.loc 1 336 16 is_stmt 0 view .LVU248
 714 02c8 3368     		ldr	r3, [r6]
 336:Drivers/STM32F4xx_HAL_Driver/Src/stm32f4xx_hal_rcc.c ****         {
 715              		.loc 1 336 52 view .LVU249
 716 02ca 9907     		lsls	r1, r3, #30
 717 02cc F7D4     		bmi	.L30
 347:Drivers/STM32F4xx_HAL_Driver/Src/stm32f4xx_hal_rcc.c ****   {
 718              		.loc 1 347 26 view .LVU250
 719 02ce 2368     		ldr	r3, [r4]
 720 02d0 FBE6     		b	.L21
 721              	.LVL56:
 722              	.L57:
 533:Drivers/STM32F4xx_HAL_Driver/Src/stm32f4xx_hal_rcc.c ****       {
 723              		.loc 1 533 7 is_stmt 1 view .LVU251
 533:Drivers/STM32F4xx_HAL_Driver/Src/stm32f4xx_hal_rcc.c ****       {
 724              		.loc 1 533 10 is_stmt 0 view .LVU252
 725 02d2 012B     		cmp	r3, #1
 726 02d4 3FF478AF 		beq	.L5
 540:Drivers/STM32F4xx_HAL_Driver/Src/stm32f4xx_hal_rcc.c **** #if defined (RCC_PLLCFGR_PLLR)
ARM GAS  C:\Users\kaush\AppData\Local\Temp\cclu20cy.s 			page 26


 727              		.loc 1 540 9 is_stmt 1 view .LVU253
 540:Drivers/STM32F4xx_HAL_Driver/Src/stm32f4xx_hal_rcc.c **** #if defined (RCC_PLLCFGR_PLLR)
 728              		.loc 1 540 20 is_stmt 0 view .LVU254
 729 02d8 6B68     		ldr	r3, [r5, #4]
 730              	.LVL57:
 542:Drivers/STM32F4xx_HAL_Driver/Src/stm32f4xx_hal_rcc.c ****             (READ_BIT(pll_config, RCC_PLLCFGR_PLLSRC) != RCC_OscInitStruct->PLL.PLLSource) ||
 731              		.loc 1 542 9 is_stmt 1 view .LVU255
 542:Drivers/STM32F4xx_HAL_Driver/Src/stm32f4xx_hal_rcc.c ****             (READ_BIT(pll_config, RCC_PLLCFGR_PLLSRC) != RCC_OscInitStruct->PLL.PLLSource) ||
 732              		.loc 1 542 64 is_stmt 0 discriminator 1 view .LVU256
 733 02da E269     		ldr	r2, [r4, #28]
 543:Drivers/STM32F4xx_HAL_Driver/Src/stm32f4xx_hal_rcc.c ****             (READ_BIT(pll_config, RCC_PLLCFGR_PLLM) != (RCC_OscInitStruct->PLL.PLLM) << RCC_PLLCFGR
 734              		.loc 1 543 14 view .LVU257
 735 02dc 03F48001 		and	r1, r3, #4194304
 542:Drivers/STM32F4xx_HAL_Driver/Src/stm32f4xx_hal_rcc.c ****             (READ_BIT(pll_config, RCC_PLLCFGR_PLLSRC) != RCC_OscInitStruct->PLL.PLLSource) ||
 736              		.loc 1 542 64 discriminator 1 view .LVU258
 737 02e0 9142     		cmp	r1, r2
 738 02e2 7FF471AF 		bne	.L5
 543:Drivers/STM32F4xx_HAL_Driver/Src/stm32f4xx_hal_rcc.c ****             (READ_BIT(pll_config, RCC_PLLCFGR_PLLM) != (RCC_OscInitStruct->PLL.PLLM) << RCC_PLLCFGR
 739              		.loc 1 543 92 view .LVU259
 740 02e6 226A     		ldr	r2, [r4, #32]
 544:Drivers/STM32F4xx_HAL_Driver/Src/stm32f4xx_hal_rcc.c ****             (READ_BIT(pll_config, RCC_PLLCFGR_PLLN) != (RCC_OscInitStruct->PLL.PLLN) << RCC_PLLCFGR
 741              		.loc 1 544 14 view .LVU260
 742 02e8 03F03F01 		and	r1, r3, #63
 543:Drivers/STM32F4xx_HAL_Driver/Src/stm32f4xx_hal_rcc.c ****             (READ_BIT(pll_config, RCC_PLLCFGR_PLLM) != (RCC_OscInitStruct->PLL.PLLM) << RCC_PLLCFGR
 743              		.loc 1 543 92 view .LVU261
 744 02ec 9142     		cmp	r1, r2
 745 02ee 7FF46BAF 		bne	.L5
 545:Drivers/STM32F4xx_HAL_Driver/Src/stm32f4xx_hal_rcc.c ****             (READ_BIT(pll_config, RCC_PLLCFGR_PLLP) != (((RCC_OscInitStruct->PLL.PLLP >> 1U) - 1U))
 746              		.loc 1 545 86 view .LVU262
 747 02f2 616A     		ldr	r1, [r4, #36]
 545:Drivers/STM32F4xx_HAL_Driver/Src/stm32f4xx_hal_rcc.c ****             (READ_BIT(pll_config, RCC_PLLCFGR_PLLP) != (((RCC_OscInitStruct->PLL.PLLP >> 1U) - 1U))
 748              		.loc 1 545 14 view .LVU263
 749 02f4 47F6C072 		movw	r2, #32704
 750 02f8 1A40     		ands	r2, r2, r3
 544:Drivers/STM32F4xx_HAL_Driver/Src/stm32f4xx_hal_rcc.c ****             (READ_BIT(pll_config, RCC_PLLCFGR_PLLN) != (RCC_OscInitStruct->PLL.PLLN) << RCC_PLLCFGR
 751              		.loc 1 544 111 view .LVU264
 752 02fa B2EB811F 		cmp	r2, r1, lsl #6
 753 02fe 7FF463AF 		bne	.L5
 546:Drivers/STM32F4xx_HAL_Driver/Src/stm32f4xx_hal_rcc.c ****             (READ_BIT(pll_config, RCC_PLLCFGR_PLLQ) != (RCC_OscInitStruct->PLL.PLLQ << RCC_PLLCFGR_
 754              		.loc 1 546 87 view .LVU265
 755 0302 A26A     		ldr	r2, [r4, #40]
 756 0304 5208     		lsrs	r2, r2, #1
 546:Drivers/STM32F4xx_HAL_Driver/Src/stm32f4xx_hal_rcc.c ****             (READ_BIT(pll_config, RCC_PLLCFGR_PLLQ) != (RCC_OscInitStruct->PLL.PLLQ << RCC_PLLCFGR_
 757              		.loc 1 546 14 view .LVU266
 758 0306 03F44031 		and	r1, r3, #196608
 546:Drivers/STM32F4xx_HAL_Driver/Src/stm32f4xx_hal_rcc.c ****             (READ_BIT(pll_config, RCC_PLLCFGR_PLLQ) != (RCC_OscInitStruct->PLL.PLLQ << RCC_PLLCFGR_
 759              		.loc 1 546 94 view .LVU267
 760 030a 013A     		subs	r2, r2, #1
 545:Drivers/STM32F4xx_HAL_Driver/Src/stm32f4xx_hal_rcc.c ****             (READ_BIT(pll_config, RCC_PLLCFGR_PLLP) != (((RCC_OscInitStruct->PLL.PLLP >> 1U) - 1U))
 761              		.loc 1 545 111 view .LVU268
 762 030c B1EB024F 		cmp	r1, r2, lsl #16
 763 0310 7FF45AAF 		bne	.L5
 547:Drivers/STM32F4xx_HAL_Driver/Src/stm32f4xx_hal_rcc.c ****             (READ_BIT(pll_config, RCC_PLLCFGR_PLLR) != (RCC_OscInitStruct->PLL.PLLR << RCC_PLLCFGR_
 764              		.loc 1 547 85 view .LVU269
 765 0314 E16A     		ldr	r1, [r4, #44]
 547:Drivers/STM32F4xx_HAL_Driver/Src/stm32f4xx_hal_rcc.c ****             (READ_BIT(pll_config, RCC_PLLCFGR_PLLR) != (RCC_OscInitStruct->PLL.PLLR << RCC_PLLCFGR_
 766              		.loc 1 547 14 view .LVU270
ARM GAS  C:\Users\kaush\AppData\Local\Temp\cclu20cy.s 			page 27


 767 0316 03F07062 		and	r2, r3, #251658240
 546:Drivers/STM32F4xx_HAL_Driver/Src/stm32f4xx_hal_rcc.c ****             (READ_BIT(pll_config, RCC_PLLCFGR_PLLQ) != (RCC_OscInitStruct->PLL.PLLQ << RCC_PLLCFGR_
 768              		.loc 1 546 126 view .LVU271
 769 031a B2EB016F 		cmp	r2, r1, lsl #24
 770 031e 7FF453AF 		bne	.L5
 548:Drivers/STM32F4xx_HAL_Driver/Src/stm32f4xx_hal_rcc.c **** #else
 771              		.loc 1 548 85 view .LVU272
 772 0322 226B     		ldr	r2, [r4, #48]
 548:Drivers/STM32F4xx_HAL_Driver/Src/stm32f4xx_hal_rcc.c **** #else
 773              		.loc 1 548 14 view .LVU273
 774 0324 03F0E043 		and	r3, r3, #1879048192
 775              	.LVL58:
 547:Drivers/STM32F4xx_HAL_Driver/Src/stm32f4xx_hal_rcc.c ****             (READ_BIT(pll_config, RCC_PLLCFGR_PLLR) != (RCC_OscInitStruct->PLL.PLLR << RCC_PLLCFGR_
 776              		.loc 1 547 111 view .LVU274
 777 0328 B3EB027F 		cmp	r3, r2, lsl #28
 778 032c 14BF     		ite	ne
 779 032e 0120     		movne	r0, #1
 780 0330 0020     		moveq	r0, #0
 781 0332 26E7     		b	.L15
 782              	.LVL59:
 783              	.L105:
 248:Drivers/STM32F4xx_HAL_Driver/Src/stm32f4xx_hal_rcc.c **** 
 784              		.loc 1 248 7 is_stmt 1 discriminator 4 view .LVU275
 785 0334 254B     		ldr	r3, .L114+4
 786 0336 1A68     		ldr	r2, [r3]
 787 0338 42F48022 		orr	r2, r2, #262144
 788 033c 1A60     		str	r2, [r3]
 248:Drivers/STM32F4xx_HAL_Driver/Src/stm32f4xx_hal_rcc.c **** 
 789              		.loc 1 248 7 discriminator 4 view .LVU276
 790 033e 1A68     		ldr	r2, [r3]
 791 0340 42F48032 		orr	r2, r2, #65536
 792 0344 1A60     		str	r2, [r3]
 248:Drivers/STM32F4xx_HAL_Driver/Src/stm32f4xx_hal_rcc.c **** 
 793              		.loc 1 248 7 discriminator 7 view .LVU277
 251:Drivers/STM32F4xx_HAL_Driver/Src/stm32f4xx_hal_rcc.c ****       {
 794              		.loc 1 251 7 view .LVU278
 795 0346 67E7     		b	.L11
 796              	.LVL60:
 797              	.L110:
 798              	.LBB11:
 456:Drivers/STM32F4xx_HAL_Driver/Src/stm32f4xx_hal_rcc.c ****     }
 799              		.loc 1 456 7 view .LVU279
 800 0348 204A     		ldr	r2, .L114+4
 801 034a 136C     		ldr	r3, [r2, #64]
 802 034c 23F08053 		bic	r3, r3, #268435456
 803 0350 1364     		str	r3, [r2, #64]
 804 0352 F9E6     		b	.L38
 805              	.L109:
 422:Drivers/STM32F4xx_HAL_Driver/Src/stm32f4xx_hal_rcc.c ****     /* Check the LSE State */
 806              		.loc 1 422 5 discriminator 4 view .LVU280
 807 0354 1D4B     		ldr	r3, .L114+4
 808 0356 1A6F     		ldr	r2, [r3, #112]
 809 0358 42F00402 		orr	r2, r2, #4
 810 035c 1A67     		str	r2, [r3, #112]
 422:Drivers/STM32F4xx_HAL_Driver/Src/stm32f4xx_hal_rcc.c ****     /* Check the LSE State */
 811              		.loc 1 422 5 discriminator 4 view .LVU281
 812 035e 1A6F     		ldr	r2, [r3, #112]
ARM GAS  C:\Users\kaush\AppData\Local\Temp\cclu20cy.s 			page 28


 813 0360 42F00102 		orr	r2, r2, #1
 814 0364 1A67     		str	r2, [r3, #112]
 422:Drivers/STM32F4xx_HAL_Driver/Src/stm32f4xx_hal_rcc.c ****     /* Check the LSE State */
 815              		.loc 1 422 5 discriminator 7 view .LVU282
 424:Drivers/STM32F4xx_HAL_Driver/Src/stm32f4xx_hal_rcc.c ****     {
 816              		.loc 1 424 5 view .LVU283
 817 0366 8AE7     		b	.L46
 818              	.LVL61:
 819              	.L111:
 424:Drivers/STM32F4xx_HAL_Driver/Src/stm32f4xx_hal_rcc.c ****     {
 820              		.loc 1 424 5 is_stmt 0 view .LVU284
 821              	.LBE11:
 470:Drivers/STM32F4xx_HAL_Driver/Src/stm32f4xx_hal_rcc.c ****         assert_param(IS_RCC_PLLM_VALUE(RCC_OscInitStruct->PLL.PLLM));
 822              		.loc 1 470 9 is_stmt 1 view .LVU285
 471:Drivers/STM32F4xx_HAL_Driver/Src/stm32f4xx_hal_rcc.c ****         assert_param(IS_RCC_PLLN_VALUE(RCC_OscInitStruct->PLL.PLLN));
 823              		.loc 1 471 9 view .LVU286
 472:Drivers/STM32F4xx_HAL_Driver/Src/stm32f4xx_hal_rcc.c ****         assert_param(IS_RCC_PLLP_VALUE(RCC_OscInitStruct->PLL.PLLP));
 824              		.loc 1 472 9 view .LVU287
 473:Drivers/STM32F4xx_HAL_Driver/Src/stm32f4xx_hal_rcc.c ****         assert_param(IS_RCC_PLLQ_VALUE(RCC_OscInitStruct->PLL.PLLQ));
 825              		.loc 1 473 9 view .LVU288
 474:Drivers/STM32F4xx_HAL_Driver/Src/stm32f4xx_hal_rcc.c **** 
 826              		.loc 1 474 9 view .LVU289
 477:Drivers/STM32F4xx_HAL_Driver/Src/stm32f4xx_hal_rcc.c **** 
 827              		.loc 1 477 9 view .LVU290
 480:Drivers/STM32F4xx_HAL_Driver/Src/stm32f4xx_hal_rcc.c **** 
 828              		.loc 1 480 9 view .LVU291
 480:Drivers/STM32F4xx_HAL_Driver/Src/stm32f4xx_hal_rcc.c **** 
 829              		.loc 1 480 21 is_stmt 0 view .LVU292
 830 0368 FFF7FEFF 		bl	HAL_GetTick
 831              	.LVL62:
 832 036c 0646     		mov	r6, r0
 833              	.LVL63:
 483:Drivers/STM32F4xx_HAL_Driver/Src/stm32f4xx_hal_rcc.c ****         {
 834              		.loc 1 483 9 is_stmt 1 view .LVU293
 483:Drivers/STM32F4xx_HAL_Driver/Src/stm32f4xx_hal_rcc.c ****         {
 835              		.loc 1 483 15 is_stmt 0 view .LVU294
 836 036e 05E0     		b	.L59
 837              	.LVL64:
 838              	.L60:
 485:Drivers/STM32F4xx_HAL_Driver/Src/stm32f4xx_hal_rcc.c ****           {
 839              		.loc 1 485 16 view .LVU295
 840 0370 FFF7FEFF 		bl	HAL_GetTick
 841              	.LVL65:
 485:Drivers/STM32F4xx_HAL_Driver/Src/stm32f4xx_hal_rcc.c ****           {
 842              		.loc 1 485 30 discriminator 1 view .LVU296
 843 0374 801B     		subs	r0, r0, r6
 485:Drivers/STM32F4xx_HAL_Driver/Src/stm32f4xx_hal_rcc.c ****           {
 844              		.loc 1 485 14 discriminator 1 view .LVU297
 845 0376 0228     		cmp	r0, #2
 846 0378 3FF678AF 		bhi	.L18
 847              	.L59:
 485:Drivers/STM32F4xx_HAL_Driver/Src/stm32f4xx_hal_rcc.c ****           {
 848              		.loc 1 485 11 is_stmt 1 view .LVU298
 483:Drivers/STM32F4xx_HAL_Driver/Src/stm32f4xx_hal_rcc.c ****         {
 849              		.loc 1 483 52 view .LVU299
 483:Drivers/STM32F4xx_HAL_Driver/Src/stm32f4xx_hal_rcc.c ****         {
 850              		.loc 1 483 16 is_stmt 0 view .LVU300
ARM GAS  C:\Users\kaush\AppData\Local\Temp\cclu20cy.s 			page 29


 851 037c 2B68     		ldr	r3, [r5]
 483:Drivers/STM32F4xx_HAL_Driver/Src/stm32f4xx_hal_rcc.c ****         {
 852              		.loc 1 483 52 view .LVU301
 853 037e 9901     		lsls	r1, r3, #6
 854 0380 F6D4     		bmi	.L60
 492:Drivers/STM32F4xx_HAL_Driver/Src/stm32f4xx_hal_rcc.c ****                                  RCC_OscInitStruct->PLL.PLLM                                       
 855              		.loc 1 492 9 is_stmt 1 view .LVU302
 856 0382 D4E90731 		ldrd	r3, r1, [r4, #28]
 857 0386 626A     		ldr	r2, [r4, #36]
 858 0388 0B43     		orrs	r3, r3, r1
 859 038a 43EA8213 		orr	r3, r3, r2, lsl #6
 860 038e D4E90A20 		ldrd	r2, r0, [r4, #40]
 861 0392 5208     		lsrs	r2, r2, #1
 498:Drivers/STM32F4xx_HAL_Driver/Src/stm32f4xx_hal_rcc.c **** 
 862              		.loc 1 498 9 is_stmt 0 view .LVU303
 863 0394 0C49     		ldr	r1, .L114
 492:Drivers/STM32F4xx_HAL_Driver/Src/stm32f4xx_hal_rcc.c ****                                  RCC_OscInitStruct->PLL.PLLM                                       
 864              		.loc 1 492 9 view .LVU304
 865 0396 43EA0063 		orr	r3, r3, r0, lsl #24
 866 039a 013A     		subs	r2, r2, #1
 867 039c 43EA0243 		orr	r3, r3, r2, lsl #16
 498:Drivers/STM32F4xx_HAL_Driver/Src/stm32f4xx_hal_rcc.c **** 
 868              		.loc 1 498 9 view .LVU305
 869 03a0 0122     		movs	r2, #1
 492:Drivers/STM32F4xx_HAL_Driver/Src/stm32f4xx_hal_rcc.c ****                                  RCC_OscInitStruct->PLL.PLLM                                       
 870              		.loc 1 492 9 view .LVU306
 871 03a2 6B60     		str	r3, [r5, #4]
 498:Drivers/STM32F4xx_HAL_Driver/Src/stm32f4xx_hal_rcc.c **** 
 872              		.loc 1 498 9 is_stmt 1 view .LVU307
 873 03a4 0A66     		str	r2, [r1, #96]
 501:Drivers/STM32F4xx_HAL_Driver/Src/stm32f4xx_hal_rcc.c **** 
 874              		.loc 1 501 9 view .LVU308
 501:Drivers/STM32F4xx_HAL_Driver/Src/stm32f4xx_hal_rcc.c **** 
 875              		.loc 1 501 21 is_stmt 0 view .LVU309
 876 03a6 FFF7FEFF 		bl	HAL_GetTick
 877              	.LVL66:
 504:Drivers/STM32F4xx_HAL_Driver/Src/stm32f4xx_hal_rcc.c ****         {
 878              		.loc 1 504 16 view .LVU310
 879 03aa 084D     		ldr	r5, .L114+4
 501:Drivers/STM32F4xx_HAL_Driver/Src/stm32f4xx_hal_rcc.c **** 
 880              		.loc 1 501 21 view .LVU311
 881 03ac 0446     		mov	r4, r0
 882              	.LVL67:
 504:Drivers/STM32F4xx_HAL_Driver/Src/stm32f4xx_hal_rcc.c ****         {
 883              		.loc 1 504 9 is_stmt 1 view .LVU312
 504:Drivers/STM32F4xx_HAL_Driver/Src/stm32f4xx_hal_rcc.c ****         {
 884              		.loc 1 504 15 is_stmt 0 view .LVU313
 885 03ae 05E0     		b	.L61
 886              	.LVL68:
 887              	.L62:
 506:Drivers/STM32F4xx_HAL_Driver/Src/stm32f4xx_hal_rcc.c ****           {
 888              		.loc 1 506 16 view .LVU314
 889 03b0 FFF7FEFF 		bl	HAL_GetTick
 890              	.LVL69:
 506:Drivers/STM32F4xx_HAL_Driver/Src/stm32f4xx_hal_rcc.c ****           {
 891              		.loc 1 506 30 discriminator 1 view .LVU315
 892 03b4 001B     		subs	r0, r0, r4
ARM GAS  C:\Users\kaush\AppData\Local\Temp\cclu20cy.s 			page 30


 506:Drivers/STM32F4xx_HAL_Driver/Src/stm32f4xx_hal_rcc.c ****           {
 893              		.loc 1 506 14 discriminator 1 view .LVU316
 894 03b6 0228     		cmp	r0, #2
 895 03b8 3FF658AF 		bhi	.L18
 896              	.L61:
 506:Drivers/STM32F4xx_HAL_Driver/Src/stm32f4xx_hal_rcc.c ****           {
 897              		.loc 1 506 11 is_stmt 1 view .LVU317
 504:Drivers/STM32F4xx_HAL_Driver/Src/stm32f4xx_hal_rcc.c ****         {
 898              		.loc 1 504 52 view .LVU318
 504:Drivers/STM32F4xx_HAL_Driver/Src/stm32f4xx_hal_rcc.c ****         {
 899              		.loc 1 504 16 is_stmt 0 view .LVU319
 900 03bc 2B68     		ldr	r3, [r5]
 504:Drivers/STM32F4xx_HAL_Driver/Src/stm32f4xx_hal_rcc.c ****         {
 901              		.loc 1 504 52 view .LVU320
 902 03be 9A01     		lsls	r2, r3, #6
 903 03c0 F6D5     		bpl	.L62
 904 03c2 DDE6     		b	.L63
 905              	.LVL70:
 906              	.L98:
 907              	.LCFI6:
 908              		.cfi_def_cfa_offset 0
 909              		.cfi_restore 4
 910              		.cfi_restore 5
 911              		.cfi_restore 6
 912              		.cfi_restore 7
 913              		.cfi_restore 8
 914              		.cfi_restore 14
 226:Drivers/STM32F4xx_HAL_Driver/Src/stm32f4xx_hal_rcc.c ****   }
 915              		.loc 1 226 12 view .LVU321
 916 03c4 0120     		movs	r0, #1
 917              	.LVL71:
 918              		.loc 1 564 1 view .LVU322
 919 03c6 7047     		bx	lr
 920              	.L115:
 921              		.align	2
 922              	.L114:
 923 03c8 00004742 		.word	1111949312
 924 03cc 00380240 		.word	1073887232
 925              		.cfi_endproc
 926              	.LFE135:
 928              		.section	.text.HAL_RCC_MCOConfig,"ax",%progbits
 929              		.align	1
 930              		.p2align 2,,3
 931              		.global	HAL_RCC_MCOConfig
 932              		.syntax unified
 933              		.thumb
 934              		.thumb_func
 936              	HAL_RCC_MCOConfig:
 937              	.LVL72:
 938              	.LFB137:
 565:Drivers/STM32F4xx_HAL_Driver/Src/stm32f4xx_hal_rcc.c **** 
 566:Drivers/STM32F4xx_HAL_Driver/Src/stm32f4xx_hal_rcc.c **** /**
 567:Drivers/STM32F4xx_HAL_Driver/Src/stm32f4xx_hal_rcc.c ****   * @brief  Initializes the CPU, AHB and APB busses clocks according to the specified
 568:Drivers/STM32F4xx_HAL_Driver/Src/stm32f4xx_hal_rcc.c ****   *         parameters in the RCC_ClkInitStruct.
 569:Drivers/STM32F4xx_HAL_Driver/Src/stm32f4xx_hal_rcc.c ****   * @param  RCC_ClkInitStruct pointer to an RCC_OscInitTypeDef structure that
 570:Drivers/STM32F4xx_HAL_Driver/Src/stm32f4xx_hal_rcc.c ****   *         contains the configuration information for the RCC peripheral.
 571:Drivers/STM32F4xx_HAL_Driver/Src/stm32f4xx_hal_rcc.c ****   * @param  FLatency FLASH Latency, this parameter depend on device selected
ARM GAS  C:\Users\kaush\AppData\Local\Temp\cclu20cy.s 			page 31


 572:Drivers/STM32F4xx_HAL_Driver/Src/stm32f4xx_hal_rcc.c ****   *
 573:Drivers/STM32F4xx_HAL_Driver/Src/stm32f4xx_hal_rcc.c ****   * @note   The SystemCoreClock CMSIS variable is used to store System Clock Frequency
 574:Drivers/STM32F4xx_HAL_Driver/Src/stm32f4xx_hal_rcc.c ****   *         and updated by HAL_RCC_GetHCLKFreq() function called within this function
 575:Drivers/STM32F4xx_HAL_Driver/Src/stm32f4xx_hal_rcc.c ****   *
 576:Drivers/STM32F4xx_HAL_Driver/Src/stm32f4xx_hal_rcc.c ****   * @note   The HSI is used (enabled by hardware) as system clock source after
 577:Drivers/STM32F4xx_HAL_Driver/Src/stm32f4xx_hal_rcc.c ****   *         startup from Reset, wake-up from STOP and STANDBY mode, or in case
 578:Drivers/STM32F4xx_HAL_Driver/Src/stm32f4xx_hal_rcc.c ****   *         of failure of the HSE used directly or indirectly as system clock
 579:Drivers/STM32F4xx_HAL_Driver/Src/stm32f4xx_hal_rcc.c ****   *         (if the Clock Security System CSS is enabled).
 580:Drivers/STM32F4xx_HAL_Driver/Src/stm32f4xx_hal_rcc.c ****   *
 581:Drivers/STM32F4xx_HAL_Driver/Src/stm32f4xx_hal_rcc.c ****   * @note   A switch from one clock source to another occurs only if the target
 582:Drivers/STM32F4xx_HAL_Driver/Src/stm32f4xx_hal_rcc.c ****   *         clock source is ready (clock stable after startup delay or PLL locked).
 583:Drivers/STM32F4xx_HAL_Driver/Src/stm32f4xx_hal_rcc.c ****   *         If a clock source which is not yet ready is selected, the switch will
 584:Drivers/STM32F4xx_HAL_Driver/Src/stm32f4xx_hal_rcc.c ****   *         occur when the clock source will be ready.
 585:Drivers/STM32F4xx_HAL_Driver/Src/stm32f4xx_hal_rcc.c ****   *
 586:Drivers/STM32F4xx_HAL_Driver/Src/stm32f4xx_hal_rcc.c ****   * @note   Depending on the device voltage range, the software has to set correctly
 587:Drivers/STM32F4xx_HAL_Driver/Src/stm32f4xx_hal_rcc.c ****   *         HPRE[3:0] bits to ensure that HCLK not exceed the maximum allowed frequency
 588:Drivers/STM32F4xx_HAL_Driver/Src/stm32f4xx_hal_rcc.c ****   *         (for more details refer to section above "Initialization/de-initialization functions")
 589:Drivers/STM32F4xx_HAL_Driver/Src/stm32f4xx_hal_rcc.c ****   * @retval None
 590:Drivers/STM32F4xx_HAL_Driver/Src/stm32f4xx_hal_rcc.c ****   */
 591:Drivers/STM32F4xx_HAL_Driver/Src/stm32f4xx_hal_rcc.c **** HAL_StatusTypeDef HAL_RCC_ClockConfig(const RCC_ClkInitTypeDef  *RCC_ClkInitStruct, uint32_t FLaten
 592:Drivers/STM32F4xx_HAL_Driver/Src/stm32f4xx_hal_rcc.c **** {
 593:Drivers/STM32F4xx_HAL_Driver/Src/stm32f4xx_hal_rcc.c ****   uint32_t tickstart;
 594:Drivers/STM32F4xx_HAL_Driver/Src/stm32f4xx_hal_rcc.c **** 
 595:Drivers/STM32F4xx_HAL_Driver/Src/stm32f4xx_hal_rcc.c ****   /* Check Null pointer */
 596:Drivers/STM32F4xx_HAL_Driver/Src/stm32f4xx_hal_rcc.c ****   if (RCC_ClkInitStruct == NULL)
 597:Drivers/STM32F4xx_HAL_Driver/Src/stm32f4xx_hal_rcc.c ****   {
 598:Drivers/STM32F4xx_HAL_Driver/Src/stm32f4xx_hal_rcc.c ****     return HAL_ERROR;
 599:Drivers/STM32F4xx_HAL_Driver/Src/stm32f4xx_hal_rcc.c ****   }
 600:Drivers/STM32F4xx_HAL_Driver/Src/stm32f4xx_hal_rcc.c **** 
 601:Drivers/STM32F4xx_HAL_Driver/Src/stm32f4xx_hal_rcc.c ****   /* Check the parameters */
 602:Drivers/STM32F4xx_HAL_Driver/Src/stm32f4xx_hal_rcc.c ****   assert_param(IS_RCC_CLOCKTYPE(RCC_ClkInitStruct->ClockType));
 603:Drivers/STM32F4xx_HAL_Driver/Src/stm32f4xx_hal_rcc.c ****   assert_param(IS_FLASH_LATENCY(FLatency));
 604:Drivers/STM32F4xx_HAL_Driver/Src/stm32f4xx_hal_rcc.c **** 
 605:Drivers/STM32F4xx_HAL_Driver/Src/stm32f4xx_hal_rcc.c ****   /* To correctly read data from FLASH memory, the number of wait states (LATENCY)
 606:Drivers/STM32F4xx_HAL_Driver/Src/stm32f4xx_hal_rcc.c ****     must be correctly programmed according to the frequency of the CPU clock
 607:Drivers/STM32F4xx_HAL_Driver/Src/stm32f4xx_hal_rcc.c ****     (HCLK) and the supply voltage of the device. */
 608:Drivers/STM32F4xx_HAL_Driver/Src/stm32f4xx_hal_rcc.c **** 
 609:Drivers/STM32F4xx_HAL_Driver/Src/stm32f4xx_hal_rcc.c ****   /* Increasing the number of wait states because of higher CPU frequency */
 610:Drivers/STM32F4xx_HAL_Driver/Src/stm32f4xx_hal_rcc.c ****   if (FLatency > __HAL_FLASH_GET_LATENCY())
 611:Drivers/STM32F4xx_HAL_Driver/Src/stm32f4xx_hal_rcc.c ****   {
 612:Drivers/STM32F4xx_HAL_Driver/Src/stm32f4xx_hal_rcc.c ****     /* Program the new number of wait states to the LATENCY bits in the FLASH_ACR register */
 613:Drivers/STM32F4xx_HAL_Driver/Src/stm32f4xx_hal_rcc.c ****     __HAL_FLASH_SET_LATENCY(FLatency);
 614:Drivers/STM32F4xx_HAL_Driver/Src/stm32f4xx_hal_rcc.c **** 
 615:Drivers/STM32F4xx_HAL_Driver/Src/stm32f4xx_hal_rcc.c ****     /* Check that the new number of wait states is taken into account to access the Flash
 616:Drivers/STM32F4xx_HAL_Driver/Src/stm32f4xx_hal_rcc.c ****     memory by reading the FLASH_ACR register */
 617:Drivers/STM32F4xx_HAL_Driver/Src/stm32f4xx_hal_rcc.c ****     if (__HAL_FLASH_GET_LATENCY() != FLatency)
 618:Drivers/STM32F4xx_HAL_Driver/Src/stm32f4xx_hal_rcc.c ****     {
 619:Drivers/STM32F4xx_HAL_Driver/Src/stm32f4xx_hal_rcc.c ****       return HAL_ERROR;
 620:Drivers/STM32F4xx_HAL_Driver/Src/stm32f4xx_hal_rcc.c ****     }
 621:Drivers/STM32F4xx_HAL_Driver/Src/stm32f4xx_hal_rcc.c ****   }
 622:Drivers/STM32F4xx_HAL_Driver/Src/stm32f4xx_hal_rcc.c **** 
 623:Drivers/STM32F4xx_HAL_Driver/Src/stm32f4xx_hal_rcc.c ****   /*-------------------------- HCLK Configuration --------------------------*/
 624:Drivers/STM32F4xx_HAL_Driver/Src/stm32f4xx_hal_rcc.c ****   if (((RCC_ClkInitStruct->ClockType) & RCC_CLOCKTYPE_HCLK) == RCC_CLOCKTYPE_HCLK)
 625:Drivers/STM32F4xx_HAL_Driver/Src/stm32f4xx_hal_rcc.c ****   {
 626:Drivers/STM32F4xx_HAL_Driver/Src/stm32f4xx_hal_rcc.c ****     /* Set the highest APBx dividers in order to ensure that we do not go through
 627:Drivers/STM32F4xx_HAL_Driver/Src/stm32f4xx_hal_rcc.c ****        a non-spec phase whatever we decrease or increase HCLK. */
 628:Drivers/STM32F4xx_HAL_Driver/Src/stm32f4xx_hal_rcc.c ****     if (((RCC_ClkInitStruct->ClockType) & RCC_CLOCKTYPE_PCLK1) == RCC_CLOCKTYPE_PCLK1)
ARM GAS  C:\Users\kaush\AppData\Local\Temp\cclu20cy.s 			page 32


 629:Drivers/STM32F4xx_HAL_Driver/Src/stm32f4xx_hal_rcc.c ****     {
 630:Drivers/STM32F4xx_HAL_Driver/Src/stm32f4xx_hal_rcc.c ****       MODIFY_REG(RCC->CFGR, RCC_CFGR_PPRE1, RCC_HCLK_DIV16);
 631:Drivers/STM32F4xx_HAL_Driver/Src/stm32f4xx_hal_rcc.c ****     }
 632:Drivers/STM32F4xx_HAL_Driver/Src/stm32f4xx_hal_rcc.c **** 
 633:Drivers/STM32F4xx_HAL_Driver/Src/stm32f4xx_hal_rcc.c ****     if (((RCC_ClkInitStruct->ClockType) & RCC_CLOCKTYPE_PCLK2) == RCC_CLOCKTYPE_PCLK2)
 634:Drivers/STM32F4xx_HAL_Driver/Src/stm32f4xx_hal_rcc.c ****     {
 635:Drivers/STM32F4xx_HAL_Driver/Src/stm32f4xx_hal_rcc.c ****       MODIFY_REG(RCC->CFGR, RCC_CFGR_PPRE2, (RCC_HCLK_DIV16 << 3));
 636:Drivers/STM32F4xx_HAL_Driver/Src/stm32f4xx_hal_rcc.c ****     }
 637:Drivers/STM32F4xx_HAL_Driver/Src/stm32f4xx_hal_rcc.c **** 
 638:Drivers/STM32F4xx_HAL_Driver/Src/stm32f4xx_hal_rcc.c ****     assert_param(IS_RCC_HCLK(RCC_ClkInitStruct->AHBCLKDivider));
 639:Drivers/STM32F4xx_HAL_Driver/Src/stm32f4xx_hal_rcc.c ****     MODIFY_REG(RCC->CFGR, RCC_CFGR_HPRE, RCC_ClkInitStruct->AHBCLKDivider);
 640:Drivers/STM32F4xx_HAL_Driver/Src/stm32f4xx_hal_rcc.c ****   }
 641:Drivers/STM32F4xx_HAL_Driver/Src/stm32f4xx_hal_rcc.c **** 
 642:Drivers/STM32F4xx_HAL_Driver/Src/stm32f4xx_hal_rcc.c ****   /*------------------------- SYSCLK Configuration ---------------------------*/
 643:Drivers/STM32F4xx_HAL_Driver/Src/stm32f4xx_hal_rcc.c ****   if (((RCC_ClkInitStruct->ClockType) & RCC_CLOCKTYPE_SYSCLK) == RCC_CLOCKTYPE_SYSCLK)
 644:Drivers/STM32F4xx_HAL_Driver/Src/stm32f4xx_hal_rcc.c ****   {
 645:Drivers/STM32F4xx_HAL_Driver/Src/stm32f4xx_hal_rcc.c ****     assert_param(IS_RCC_SYSCLKSOURCE(RCC_ClkInitStruct->SYSCLKSource));
 646:Drivers/STM32F4xx_HAL_Driver/Src/stm32f4xx_hal_rcc.c **** 
 647:Drivers/STM32F4xx_HAL_Driver/Src/stm32f4xx_hal_rcc.c ****     /* HSE is selected as System Clock Source */
 648:Drivers/STM32F4xx_HAL_Driver/Src/stm32f4xx_hal_rcc.c ****     if (RCC_ClkInitStruct->SYSCLKSource == RCC_SYSCLKSOURCE_HSE)
 649:Drivers/STM32F4xx_HAL_Driver/Src/stm32f4xx_hal_rcc.c ****     {
 650:Drivers/STM32F4xx_HAL_Driver/Src/stm32f4xx_hal_rcc.c ****       /* Check the HSE ready flag */
 651:Drivers/STM32F4xx_HAL_Driver/Src/stm32f4xx_hal_rcc.c ****       if (__HAL_RCC_GET_FLAG(RCC_FLAG_HSERDY) == RESET)
 652:Drivers/STM32F4xx_HAL_Driver/Src/stm32f4xx_hal_rcc.c ****       {
 653:Drivers/STM32F4xx_HAL_Driver/Src/stm32f4xx_hal_rcc.c ****         return HAL_ERROR;
 654:Drivers/STM32F4xx_HAL_Driver/Src/stm32f4xx_hal_rcc.c ****       }
 655:Drivers/STM32F4xx_HAL_Driver/Src/stm32f4xx_hal_rcc.c ****     }
 656:Drivers/STM32F4xx_HAL_Driver/Src/stm32f4xx_hal_rcc.c ****     /* PLL is selected as System Clock Source */
 657:Drivers/STM32F4xx_HAL_Driver/Src/stm32f4xx_hal_rcc.c ****     else if ((RCC_ClkInitStruct->SYSCLKSource == RCC_SYSCLKSOURCE_PLLCLK)   ||
 658:Drivers/STM32F4xx_HAL_Driver/Src/stm32f4xx_hal_rcc.c ****              (RCC_ClkInitStruct->SYSCLKSource == RCC_SYSCLKSOURCE_PLLRCLK))
 659:Drivers/STM32F4xx_HAL_Driver/Src/stm32f4xx_hal_rcc.c ****     {
 660:Drivers/STM32F4xx_HAL_Driver/Src/stm32f4xx_hal_rcc.c ****       /* Check the PLL ready flag */
 661:Drivers/STM32F4xx_HAL_Driver/Src/stm32f4xx_hal_rcc.c ****       if (__HAL_RCC_GET_FLAG(RCC_FLAG_PLLRDY) == RESET)
 662:Drivers/STM32F4xx_HAL_Driver/Src/stm32f4xx_hal_rcc.c ****       {
 663:Drivers/STM32F4xx_HAL_Driver/Src/stm32f4xx_hal_rcc.c ****         return HAL_ERROR;
 664:Drivers/STM32F4xx_HAL_Driver/Src/stm32f4xx_hal_rcc.c ****       }
 665:Drivers/STM32F4xx_HAL_Driver/Src/stm32f4xx_hal_rcc.c ****     }
 666:Drivers/STM32F4xx_HAL_Driver/Src/stm32f4xx_hal_rcc.c ****     /* HSI is selected as System Clock Source */
 667:Drivers/STM32F4xx_HAL_Driver/Src/stm32f4xx_hal_rcc.c ****     else
 668:Drivers/STM32F4xx_HAL_Driver/Src/stm32f4xx_hal_rcc.c ****     {
 669:Drivers/STM32F4xx_HAL_Driver/Src/stm32f4xx_hal_rcc.c ****       /* Check the HSI ready flag */
 670:Drivers/STM32F4xx_HAL_Driver/Src/stm32f4xx_hal_rcc.c ****       if (__HAL_RCC_GET_FLAG(RCC_FLAG_HSIRDY) == RESET)
 671:Drivers/STM32F4xx_HAL_Driver/Src/stm32f4xx_hal_rcc.c ****       {
 672:Drivers/STM32F4xx_HAL_Driver/Src/stm32f4xx_hal_rcc.c ****         return HAL_ERROR;
 673:Drivers/STM32F4xx_HAL_Driver/Src/stm32f4xx_hal_rcc.c ****       }
 674:Drivers/STM32F4xx_HAL_Driver/Src/stm32f4xx_hal_rcc.c ****     }
 675:Drivers/STM32F4xx_HAL_Driver/Src/stm32f4xx_hal_rcc.c **** 
 676:Drivers/STM32F4xx_HAL_Driver/Src/stm32f4xx_hal_rcc.c ****     __HAL_RCC_SYSCLK_CONFIG(RCC_ClkInitStruct->SYSCLKSource);
 677:Drivers/STM32F4xx_HAL_Driver/Src/stm32f4xx_hal_rcc.c **** 
 678:Drivers/STM32F4xx_HAL_Driver/Src/stm32f4xx_hal_rcc.c ****     /* Get Start Tick */
 679:Drivers/STM32F4xx_HAL_Driver/Src/stm32f4xx_hal_rcc.c ****     tickstart = HAL_GetTick();
 680:Drivers/STM32F4xx_HAL_Driver/Src/stm32f4xx_hal_rcc.c **** 
 681:Drivers/STM32F4xx_HAL_Driver/Src/stm32f4xx_hal_rcc.c ****     while (__HAL_RCC_GET_SYSCLK_SOURCE() != (RCC_ClkInitStruct->SYSCLKSource << RCC_CFGR_SWS_Pos))
 682:Drivers/STM32F4xx_HAL_Driver/Src/stm32f4xx_hal_rcc.c ****     {
 683:Drivers/STM32F4xx_HAL_Driver/Src/stm32f4xx_hal_rcc.c ****       if ((HAL_GetTick() - tickstart) > CLOCKSWITCH_TIMEOUT_VALUE)
 684:Drivers/STM32F4xx_HAL_Driver/Src/stm32f4xx_hal_rcc.c ****       {
 685:Drivers/STM32F4xx_HAL_Driver/Src/stm32f4xx_hal_rcc.c ****         return HAL_TIMEOUT;
ARM GAS  C:\Users\kaush\AppData\Local\Temp\cclu20cy.s 			page 33


 686:Drivers/STM32F4xx_HAL_Driver/Src/stm32f4xx_hal_rcc.c ****       }
 687:Drivers/STM32F4xx_HAL_Driver/Src/stm32f4xx_hal_rcc.c ****     }
 688:Drivers/STM32F4xx_HAL_Driver/Src/stm32f4xx_hal_rcc.c ****   }
 689:Drivers/STM32F4xx_HAL_Driver/Src/stm32f4xx_hal_rcc.c **** 
 690:Drivers/STM32F4xx_HAL_Driver/Src/stm32f4xx_hal_rcc.c ****   /* Decreasing the number of wait states because of lower CPU frequency */
 691:Drivers/STM32F4xx_HAL_Driver/Src/stm32f4xx_hal_rcc.c ****   if (FLatency < __HAL_FLASH_GET_LATENCY())
 692:Drivers/STM32F4xx_HAL_Driver/Src/stm32f4xx_hal_rcc.c ****   {
 693:Drivers/STM32F4xx_HAL_Driver/Src/stm32f4xx_hal_rcc.c ****     /* Program the new number of wait states to the LATENCY bits in the FLASH_ACR register */
 694:Drivers/STM32F4xx_HAL_Driver/Src/stm32f4xx_hal_rcc.c ****     __HAL_FLASH_SET_LATENCY(FLatency);
 695:Drivers/STM32F4xx_HAL_Driver/Src/stm32f4xx_hal_rcc.c **** 
 696:Drivers/STM32F4xx_HAL_Driver/Src/stm32f4xx_hal_rcc.c ****     /* Check that the new number of wait states is taken into account to access the Flash
 697:Drivers/STM32F4xx_HAL_Driver/Src/stm32f4xx_hal_rcc.c ****     memory by reading the FLASH_ACR register */
 698:Drivers/STM32F4xx_HAL_Driver/Src/stm32f4xx_hal_rcc.c ****     if (__HAL_FLASH_GET_LATENCY() != FLatency)
 699:Drivers/STM32F4xx_HAL_Driver/Src/stm32f4xx_hal_rcc.c ****     {
 700:Drivers/STM32F4xx_HAL_Driver/Src/stm32f4xx_hal_rcc.c ****       return HAL_ERROR;
 701:Drivers/STM32F4xx_HAL_Driver/Src/stm32f4xx_hal_rcc.c ****     }
 702:Drivers/STM32F4xx_HAL_Driver/Src/stm32f4xx_hal_rcc.c ****   }
 703:Drivers/STM32F4xx_HAL_Driver/Src/stm32f4xx_hal_rcc.c **** 
 704:Drivers/STM32F4xx_HAL_Driver/Src/stm32f4xx_hal_rcc.c ****   /*-------------------------- PCLK1 Configuration ---------------------------*/
 705:Drivers/STM32F4xx_HAL_Driver/Src/stm32f4xx_hal_rcc.c ****   if (((RCC_ClkInitStruct->ClockType) & RCC_CLOCKTYPE_PCLK1) == RCC_CLOCKTYPE_PCLK1)
 706:Drivers/STM32F4xx_HAL_Driver/Src/stm32f4xx_hal_rcc.c ****   {
 707:Drivers/STM32F4xx_HAL_Driver/Src/stm32f4xx_hal_rcc.c ****     assert_param(IS_RCC_PCLK(RCC_ClkInitStruct->APB1CLKDivider));
 708:Drivers/STM32F4xx_HAL_Driver/Src/stm32f4xx_hal_rcc.c ****     MODIFY_REG(RCC->CFGR, RCC_CFGR_PPRE1, RCC_ClkInitStruct->APB1CLKDivider);
 709:Drivers/STM32F4xx_HAL_Driver/Src/stm32f4xx_hal_rcc.c ****   }
 710:Drivers/STM32F4xx_HAL_Driver/Src/stm32f4xx_hal_rcc.c **** 
 711:Drivers/STM32F4xx_HAL_Driver/Src/stm32f4xx_hal_rcc.c ****   /*-------------------------- PCLK2 Configuration ---------------------------*/
 712:Drivers/STM32F4xx_HAL_Driver/Src/stm32f4xx_hal_rcc.c ****   if (((RCC_ClkInitStruct->ClockType) & RCC_CLOCKTYPE_PCLK2) == RCC_CLOCKTYPE_PCLK2)
 713:Drivers/STM32F4xx_HAL_Driver/Src/stm32f4xx_hal_rcc.c ****   {
 714:Drivers/STM32F4xx_HAL_Driver/Src/stm32f4xx_hal_rcc.c ****     assert_param(IS_RCC_PCLK(RCC_ClkInitStruct->APB2CLKDivider));
 715:Drivers/STM32F4xx_HAL_Driver/Src/stm32f4xx_hal_rcc.c ****     MODIFY_REG(RCC->CFGR, RCC_CFGR_PPRE2, ((RCC_ClkInitStruct->APB2CLKDivider) << 3U));
 716:Drivers/STM32F4xx_HAL_Driver/Src/stm32f4xx_hal_rcc.c ****   }
 717:Drivers/STM32F4xx_HAL_Driver/Src/stm32f4xx_hal_rcc.c **** 
 718:Drivers/STM32F4xx_HAL_Driver/Src/stm32f4xx_hal_rcc.c ****   /* Update the SystemCoreClock global variable */
 719:Drivers/STM32F4xx_HAL_Driver/Src/stm32f4xx_hal_rcc.c ****   SystemCoreClock = HAL_RCC_GetSysClockFreq() >> AHBPrescTable[(RCC->CFGR & RCC_CFGR_HPRE) >> RCC_C
 720:Drivers/STM32F4xx_HAL_Driver/Src/stm32f4xx_hal_rcc.c **** 
 721:Drivers/STM32F4xx_HAL_Driver/Src/stm32f4xx_hal_rcc.c ****   /* Configure the source of time base considering new system clocks settings */
 722:Drivers/STM32F4xx_HAL_Driver/Src/stm32f4xx_hal_rcc.c ****   HAL_InitTick(uwTickPrio);
 723:Drivers/STM32F4xx_HAL_Driver/Src/stm32f4xx_hal_rcc.c **** 
 724:Drivers/STM32F4xx_HAL_Driver/Src/stm32f4xx_hal_rcc.c ****   return HAL_OK;
 725:Drivers/STM32F4xx_HAL_Driver/Src/stm32f4xx_hal_rcc.c **** }
 726:Drivers/STM32F4xx_HAL_Driver/Src/stm32f4xx_hal_rcc.c **** 
 727:Drivers/STM32F4xx_HAL_Driver/Src/stm32f4xx_hal_rcc.c **** /**
 728:Drivers/STM32F4xx_HAL_Driver/Src/stm32f4xx_hal_rcc.c ****   * @}
 729:Drivers/STM32F4xx_HAL_Driver/Src/stm32f4xx_hal_rcc.c ****   */
 730:Drivers/STM32F4xx_HAL_Driver/Src/stm32f4xx_hal_rcc.c **** 
 731:Drivers/STM32F4xx_HAL_Driver/Src/stm32f4xx_hal_rcc.c **** /** @defgroup RCC_Exported_Functions_Group2 Peripheral Control functions
 732:Drivers/STM32F4xx_HAL_Driver/Src/stm32f4xx_hal_rcc.c ****   *  @brief   RCC clocks control functions
 733:Drivers/STM32F4xx_HAL_Driver/Src/stm32f4xx_hal_rcc.c ****   *
 734:Drivers/STM32F4xx_HAL_Driver/Src/stm32f4xx_hal_rcc.c **** @verbatim
 735:Drivers/STM32F4xx_HAL_Driver/Src/stm32f4xx_hal_rcc.c ****  ===============================================================================
 736:Drivers/STM32F4xx_HAL_Driver/Src/stm32f4xx_hal_rcc.c ****                       ##### Peripheral Control functions #####
 737:Drivers/STM32F4xx_HAL_Driver/Src/stm32f4xx_hal_rcc.c ****  ===============================================================================
 738:Drivers/STM32F4xx_HAL_Driver/Src/stm32f4xx_hal_rcc.c ****     [..]
 739:Drivers/STM32F4xx_HAL_Driver/Src/stm32f4xx_hal_rcc.c ****     This subsection provides a set of functions allowing to control the RCC Clocks
 740:Drivers/STM32F4xx_HAL_Driver/Src/stm32f4xx_hal_rcc.c ****     frequencies.
 741:Drivers/STM32F4xx_HAL_Driver/Src/stm32f4xx_hal_rcc.c **** 
 742:Drivers/STM32F4xx_HAL_Driver/Src/stm32f4xx_hal_rcc.c **** @endverbatim
ARM GAS  C:\Users\kaush\AppData\Local\Temp\cclu20cy.s 			page 34


 743:Drivers/STM32F4xx_HAL_Driver/Src/stm32f4xx_hal_rcc.c ****   * @{
 744:Drivers/STM32F4xx_HAL_Driver/Src/stm32f4xx_hal_rcc.c ****   */
 745:Drivers/STM32F4xx_HAL_Driver/Src/stm32f4xx_hal_rcc.c **** 
 746:Drivers/STM32F4xx_HAL_Driver/Src/stm32f4xx_hal_rcc.c **** /**
 747:Drivers/STM32F4xx_HAL_Driver/Src/stm32f4xx_hal_rcc.c ****   * @brief  Selects the clock source to output on MCO1 pin(PA8) or on MCO2 pin(PC9).
 748:Drivers/STM32F4xx_HAL_Driver/Src/stm32f4xx_hal_rcc.c ****   * @note   PA8/PC9 should be configured in alternate function mode.
 749:Drivers/STM32F4xx_HAL_Driver/Src/stm32f4xx_hal_rcc.c ****   * @param  RCC_MCOx specifies the output direction for the clock source.
 750:Drivers/STM32F4xx_HAL_Driver/Src/stm32f4xx_hal_rcc.c ****   *          This parameter can be one of the following values:
 751:Drivers/STM32F4xx_HAL_Driver/Src/stm32f4xx_hal_rcc.c ****   *            @arg RCC_MCO1: Clock source to output on MCO1 pin(PA8).
 752:Drivers/STM32F4xx_HAL_Driver/Src/stm32f4xx_hal_rcc.c ****   *            @arg RCC_MCO2: Clock source to output on MCO2 pin(PC9).
 753:Drivers/STM32F4xx_HAL_Driver/Src/stm32f4xx_hal_rcc.c ****   * @param  RCC_MCOSource specifies the clock source to output.
 754:Drivers/STM32F4xx_HAL_Driver/Src/stm32f4xx_hal_rcc.c ****   *          This parameter can be one of the following values:
 755:Drivers/STM32F4xx_HAL_Driver/Src/stm32f4xx_hal_rcc.c ****   *            @arg RCC_MCO1SOURCE_HSI: HSI clock selected as MCO1 source
 756:Drivers/STM32F4xx_HAL_Driver/Src/stm32f4xx_hal_rcc.c ****   *            @arg RCC_MCO1SOURCE_LSE: LSE clock selected as MCO1 source
 757:Drivers/STM32F4xx_HAL_Driver/Src/stm32f4xx_hal_rcc.c ****   *            @arg RCC_MCO1SOURCE_HSE: HSE clock selected as MCO1 source
 758:Drivers/STM32F4xx_HAL_Driver/Src/stm32f4xx_hal_rcc.c ****   *            @arg RCC_MCO1SOURCE_PLLCLK: main PLL clock selected as MCO1 source
 759:Drivers/STM32F4xx_HAL_Driver/Src/stm32f4xx_hal_rcc.c ****   *            @arg RCC_MCO2SOURCE_SYSCLK: System clock (SYSCLK) selected as MCO2 source
 760:Drivers/STM32F4xx_HAL_Driver/Src/stm32f4xx_hal_rcc.c ****   *            @arg RCC_MCO2SOURCE_PLLI2SCLK: PLLI2S clock selected as MCO2 source, available for a
 761:Drivers/STM32F4xx_HAL_Driver/Src/stm32f4xx_hal_rcc.c ****   *            @arg RCC_MCO2SOURCE_I2SCLK: I2SCLK clock selected as MCO2 source, available only for
 762:Drivers/STM32F4xx_HAL_Driver/Src/stm32f4xx_hal_rcc.c ****   *            @arg RCC_MCO2SOURCE_HSE: HSE clock selected as MCO2 source
 763:Drivers/STM32F4xx_HAL_Driver/Src/stm32f4xx_hal_rcc.c ****   *            @arg RCC_MCO2SOURCE_PLLCLK: main PLL clock selected as MCO2 source
 764:Drivers/STM32F4xx_HAL_Driver/Src/stm32f4xx_hal_rcc.c ****   * @param  RCC_MCODiv specifies the MCOx prescaler.
 765:Drivers/STM32F4xx_HAL_Driver/Src/stm32f4xx_hal_rcc.c ****   *          This parameter can be one of the following values:
 766:Drivers/STM32F4xx_HAL_Driver/Src/stm32f4xx_hal_rcc.c ****   *            @arg RCC_MCODIV_1: no division applied to MCOx clock
 767:Drivers/STM32F4xx_HAL_Driver/Src/stm32f4xx_hal_rcc.c ****   *            @arg RCC_MCODIV_2: division by 2 applied to MCOx clock
 768:Drivers/STM32F4xx_HAL_Driver/Src/stm32f4xx_hal_rcc.c ****   *            @arg RCC_MCODIV_3: division by 3 applied to MCOx clock
 769:Drivers/STM32F4xx_HAL_Driver/Src/stm32f4xx_hal_rcc.c ****   *            @arg RCC_MCODIV_4: division by 4 applied to MCOx clock
 770:Drivers/STM32F4xx_HAL_Driver/Src/stm32f4xx_hal_rcc.c ****   *            @arg RCC_MCODIV_5: division by 5 applied to MCOx clock
 771:Drivers/STM32F4xx_HAL_Driver/Src/stm32f4xx_hal_rcc.c ****   * @note  For STM32F410Rx devices to output I2SCLK clock on MCO2 you should have
 772:Drivers/STM32F4xx_HAL_Driver/Src/stm32f4xx_hal_rcc.c ****   *        at last one of the SPI clocks enabled (SPI1, SPI2 or SPI5).
 773:Drivers/STM32F4xx_HAL_Driver/Src/stm32f4xx_hal_rcc.c ****   * @retval None
 774:Drivers/STM32F4xx_HAL_Driver/Src/stm32f4xx_hal_rcc.c ****   */
 775:Drivers/STM32F4xx_HAL_Driver/Src/stm32f4xx_hal_rcc.c **** void HAL_RCC_MCOConfig(uint32_t RCC_MCOx, uint32_t RCC_MCOSource, uint32_t RCC_MCODiv)
 776:Drivers/STM32F4xx_HAL_Driver/Src/stm32f4xx_hal_rcc.c **** {
 939              		.loc 1 776 1 is_stmt 1 view -0
 940              		.cfi_startproc
 941              		@ args = 0, pretend = 0, frame = 32
 942              		@ frame_needed = 0, uses_anonymous_args = 0
 777:Drivers/STM32F4xx_HAL_Driver/Src/stm32f4xx_hal_rcc.c ****   GPIO_InitTypeDef GPIO_InitStruct;
 943              		.loc 1 777 3 view .LVU324
 778:Drivers/STM32F4xx_HAL_Driver/Src/stm32f4xx_hal_rcc.c ****   /* Check the parameters */
 779:Drivers/STM32F4xx_HAL_Driver/Src/stm32f4xx_hal_rcc.c ****   assert_param(IS_RCC_MCO(RCC_MCOx));
 944              		.loc 1 779 3 view .LVU325
 780:Drivers/STM32F4xx_HAL_Driver/Src/stm32f4xx_hal_rcc.c ****   assert_param(IS_RCC_MCODIV(RCC_MCODiv));
 945              		.loc 1 780 3 view .LVU326
 781:Drivers/STM32F4xx_HAL_Driver/Src/stm32f4xx_hal_rcc.c ****   /* RCC_MCO1 */
 782:Drivers/STM32F4xx_HAL_Driver/Src/stm32f4xx_hal_rcc.c ****   if (RCC_MCOx == RCC_MCO1)
 946              		.loc 1 782 3 view .LVU327
 776:Drivers/STM32F4xx_HAL_Driver/Src/stm32f4xx_hal_rcc.c ****   GPIO_InitTypeDef GPIO_InitStruct;
 947              		.loc 1 776 1 is_stmt 0 view .LVU328
 948 0000 70B5     		push	{r4, r5, r6, lr}
 949              	.LCFI7:
 950              		.cfi_def_cfa_offset 16
 951              		.cfi_offset 4, -16
 952              		.cfi_offset 5, -12
 953              		.cfi_offset 6, -8
 954              		.cfi_offset 14, -4
ARM GAS  C:\Users\kaush\AppData\Local\Temp\cclu20cy.s 			page 35


 955              	.LBB12:
 783:Drivers/STM32F4xx_HAL_Driver/Src/stm32f4xx_hal_rcc.c ****   {
 784:Drivers/STM32F4xx_HAL_Driver/Src/stm32f4xx_hal_rcc.c ****     assert_param(IS_RCC_MCO1SOURCE(RCC_MCOSource));
 785:Drivers/STM32F4xx_HAL_Driver/Src/stm32f4xx_hal_rcc.c **** 
 786:Drivers/STM32F4xx_HAL_Driver/Src/stm32f4xx_hal_rcc.c ****     /* MCO1 Clock Enable */
 787:Drivers/STM32F4xx_HAL_Driver/Src/stm32f4xx_hal_rcc.c ****     __MCO1_CLK_ENABLE();
 956              		.loc 1 787 5 view .LVU329
 957 0002 244E     		ldr	r6, .L120
 958              	.LBE12:
 776:Drivers/STM32F4xx_HAL_Driver/Src/stm32f4xx_hal_rcc.c ****   GPIO_InitTypeDef GPIO_InitStruct;
 959              		.loc 1 776 1 view .LVU330
 960 0004 88B0     		sub	sp, sp, #32
 961              	.LCFI8:
 962              		.cfi_def_cfa_offset 48
 776:Drivers/STM32F4xx_HAL_Driver/Src/stm32f4xx_hal_rcc.c ****   GPIO_InitTypeDef GPIO_InitStruct;
 963              		.loc 1 776 1 view .LVU331
 964 0006 0D46     		mov	r5, r1
 965 0008 1446     		mov	r4, r2
 782:Drivers/STM32F4xx_HAL_Driver/Src/stm32f4xx_hal_rcc.c ****   {
 966              		.loc 1 782 6 view .LVU332
 967 000a F8B9     		cbnz	r0, .L117
 784:Drivers/STM32F4xx_HAL_Driver/Src/stm32f4xx_hal_rcc.c **** 
 968              		.loc 1 784 5 is_stmt 1 view .LVU333
 969              		.loc 1 787 5 view .LVU334
 970              	.LBB13:
 971              		.loc 1 787 5 view .LVU335
 972 000c 0090     		str	r0, [sp]
 973              		.loc 1 787 5 view .LVU336
 974 000e 336B     		ldr	r3, [r6, #48]
 975 0010 43F00103 		orr	r3, r3, #1
 976 0014 3363     		str	r3, [r6, #48]
 977              		.loc 1 787 5 view .LVU337
 978 0016 336B     		ldr	r3, [r6, #48]
 979              	.LBE13:
 788:Drivers/STM32F4xx_HAL_Driver/Src/stm32f4xx_hal_rcc.c **** 
 789:Drivers/STM32F4xx_HAL_Driver/Src/stm32f4xx_hal_rcc.c ****     /* Configure the MCO1 pin in alternate function mode */
 790:Drivers/STM32F4xx_HAL_Driver/Src/stm32f4xx_hal_rcc.c ****     GPIO_InitStruct.Pin = MCO1_PIN;
 791:Drivers/STM32F4xx_HAL_Driver/Src/stm32f4xx_hal_rcc.c ****     GPIO_InitStruct.Mode = GPIO_MODE_AF_PP;
 792:Drivers/STM32F4xx_HAL_Driver/Src/stm32f4xx_hal_rcc.c ****     GPIO_InitStruct.Speed = GPIO_SPEED_FREQ_VERY_HIGH;
 793:Drivers/STM32F4xx_HAL_Driver/Src/stm32f4xx_hal_rcc.c ****     GPIO_InitStruct.Pull = GPIO_NOPULL;
 794:Drivers/STM32F4xx_HAL_Driver/Src/stm32f4xx_hal_rcc.c ****     GPIO_InitStruct.Alternate = GPIO_AF0_MCO;
 980              		.loc 1 794 31 is_stmt 0 view .LVU338
 981 0018 0690     		str	r0, [sp, #24]
 982              	.LBB14:
 787:Drivers/STM32F4xx_HAL_Driver/Src/stm32f4xx_hal_rcc.c **** 
 983              		.loc 1 787 5 view .LVU339
 984 001a 03F00103 		and	r3, r3, #1
 985 001e 0093     		str	r3, [sp]
 787:Drivers/STM32F4xx_HAL_Driver/Src/stm32f4xx_hal_rcc.c **** 
 986              		.loc 1 787 5 is_stmt 1 view .LVU340
 987              	.LBE14:
 790:Drivers/STM32F4xx_HAL_Driver/Src/stm32f4xx_hal_rcc.c ****     GPIO_InitStruct.Mode = GPIO_MODE_AF_PP;
 988              		.loc 1 790 25 is_stmt 0 view .LVU341
 989 0020 4FF48072 		mov	r2, #256
 990              	.LVL73:
 790:Drivers/STM32F4xx_HAL_Driver/Src/stm32f4xx_hal_rcc.c ****     GPIO_InitStruct.Mode = GPIO_MODE_AF_PP;
 991              		.loc 1 790 25 view .LVU342
ARM GAS  C:\Users\kaush\AppData\Local\Temp\cclu20cy.s 			page 36


 992 0024 0223     		movs	r3, #2
 993 0026 CDE90223 		strd	r2, [sp, #8]
 795:Drivers/STM32F4xx_HAL_Driver/Src/stm32f4xx_hal_rcc.c ****     HAL_GPIO_Init(MCO1_GPIO_PORT, &GPIO_InitStruct);
 994              		.loc 1 795 5 view .LVU343
 995 002a 1B48     		ldr	r0, .L120+4
 996              	.LVL74:
 790:Drivers/STM32F4xx_HAL_Driver/Src/stm32f4xx_hal_rcc.c ****     GPIO_InitStruct.Mode = GPIO_MODE_AF_PP;
 997              		.loc 1 790 25 view .LVU344
 998 002c 0022     		movs	r2, #0
 999 002e 0323     		movs	r3, #3
 1000              		.loc 1 795 5 view .LVU345
 1001 0030 02A9     		add	r1, sp, #8
 1002              	.LVL75:
 790:Drivers/STM32F4xx_HAL_Driver/Src/stm32f4xx_hal_rcc.c ****     GPIO_InitStruct.Mode = GPIO_MODE_AF_PP;
 1003              		.loc 1 790 25 view .LVU346
 1004 0032 CDE90423 		strd	r2, [sp, #16]
 1005              	.LBB15:
 787:Drivers/STM32F4xx_HAL_Driver/Src/stm32f4xx_hal_rcc.c **** 
 1006              		.loc 1 787 5 view .LVU347
 1007 0036 009B     		ldr	r3, [sp]
 1008              	.LBE15:
 787:Drivers/STM32F4xx_HAL_Driver/Src/stm32f4xx_hal_rcc.c **** 
 1009              		.loc 1 787 5 is_stmt 1 view .LVU348
 790:Drivers/STM32F4xx_HAL_Driver/Src/stm32f4xx_hal_rcc.c ****     GPIO_InitStruct.Mode = GPIO_MODE_AF_PP;
 1010              		.loc 1 790 5 view .LVU349
 791:Drivers/STM32F4xx_HAL_Driver/Src/stm32f4xx_hal_rcc.c ****     GPIO_InitStruct.Speed = GPIO_SPEED_FREQ_VERY_HIGH;
 1011              		.loc 1 791 5 view .LVU350
 792:Drivers/STM32F4xx_HAL_Driver/Src/stm32f4xx_hal_rcc.c ****     GPIO_InitStruct.Pull = GPIO_NOPULL;
 1012              		.loc 1 792 5 view .LVU351
 793:Drivers/STM32F4xx_HAL_Driver/Src/stm32f4xx_hal_rcc.c ****     GPIO_InitStruct.Alternate = GPIO_AF0_MCO;
 1013              		.loc 1 793 5 view .LVU352
 794:Drivers/STM32F4xx_HAL_Driver/Src/stm32f4xx_hal_rcc.c ****     HAL_GPIO_Init(MCO1_GPIO_PORT, &GPIO_InitStruct);
 1014              		.loc 1 794 5 view .LVU353
 1015              		.loc 1 795 5 view .LVU354
 1016 0038 FFF7FEFF 		bl	HAL_GPIO_Init
 1017              	.LVL76:
 796:Drivers/STM32F4xx_HAL_Driver/Src/stm32f4xx_hal_rcc.c **** 
 797:Drivers/STM32F4xx_HAL_Driver/Src/stm32f4xx_hal_rcc.c ****     /* Mask MCO1 and MCO1PRE[2:0] bits then Select MCO1 clock source and prescaler */
 798:Drivers/STM32F4xx_HAL_Driver/Src/stm32f4xx_hal_rcc.c ****     MODIFY_REG(RCC->CFGR, (RCC_CFGR_MCO1 | RCC_CFGR_MCO1PRE), (RCC_MCOSource | RCC_MCODiv));
 1018              		.loc 1 798 5 view .LVU355
 1019 003c B368     		ldr	r3, [r6, #8]
 1020 003e 23F0EC63 		bic	r3, r3, #123731968
 1021 0042 2B43     		orrs	r3, r3, r5
 1022 0044 2343     		orrs	r3, r3, r4
 1023 0046 B360     		str	r3, [r6, #8]
 799:Drivers/STM32F4xx_HAL_Driver/Src/stm32f4xx_hal_rcc.c **** 
 800:Drivers/STM32F4xx_HAL_Driver/Src/stm32f4xx_hal_rcc.c ****     /* This RCC MCO1 enable feature is available only on STM32F410xx devices */
 801:Drivers/STM32F4xx_HAL_Driver/Src/stm32f4xx_hal_rcc.c **** #if defined(RCC_CFGR_MCO1EN)
 802:Drivers/STM32F4xx_HAL_Driver/Src/stm32f4xx_hal_rcc.c ****     __HAL_RCC_MCO1_ENABLE();
 803:Drivers/STM32F4xx_HAL_Driver/Src/stm32f4xx_hal_rcc.c **** #endif /* RCC_CFGR_MCO1EN */
 804:Drivers/STM32F4xx_HAL_Driver/Src/stm32f4xx_hal_rcc.c ****   }
 805:Drivers/STM32F4xx_HAL_Driver/Src/stm32f4xx_hal_rcc.c **** #if defined(RCC_CFGR_MCO2)
 806:Drivers/STM32F4xx_HAL_Driver/Src/stm32f4xx_hal_rcc.c ****   else
 807:Drivers/STM32F4xx_HAL_Driver/Src/stm32f4xx_hal_rcc.c ****   {
 808:Drivers/STM32F4xx_HAL_Driver/Src/stm32f4xx_hal_rcc.c ****     assert_param(IS_RCC_MCO2SOURCE(RCC_MCOSource));
 809:Drivers/STM32F4xx_HAL_Driver/Src/stm32f4xx_hal_rcc.c **** 
 810:Drivers/STM32F4xx_HAL_Driver/Src/stm32f4xx_hal_rcc.c ****     /* MCO2 Clock Enable */
ARM GAS  C:\Users\kaush\AppData\Local\Temp\cclu20cy.s 			page 37


 811:Drivers/STM32F4xx_HAL_Driver/Src/stm32f4xx_hal_rcc.c ****     __MCO2_CLK_ENABLE();
 812:Drivers/STM32F4xx_HAL_Driver/Src/stm32f4xx_hal_rcc.c **** 
 813:Drivers/STM32F4xx_HAL_Driver/Src/stm32f4xx_hal_rcc.c ****     /* Configure the MCO2 pin in alternate function mode */
 814:Drivers/STM32F4xx_HAL_Driver/Src/stm32f4xx_hal_rcc.c ****     GPIO_InitStruct.Pin = MCO2_PIN;
 815:Drivers/STM32F4xx_HAL_Driver/Src/stm32f4xx_hal_rcc.c ****     GPIO_InitStruct.Mode = GPIO_MODE_AF_PP;
 816:Drivers/STM32F4xx_HAL_Driver/Src/stm32f4xx_hal_rcc.c ****     GPIO_InitStruct.Speed = GPIO_SPEED_FREQ_VERY_HIGH;
 817:Drivers/STM32F4xx_HAL_Driver/Src/stm32f4xx_hal_rcc.c ****     GPIO_InitStruct.Pull = GPIO_NOPULL;
 818:Drivers/STM32F4xx_HAL_Driver/Src/stm32f4xx_hal_rcc.c ****     GPIO_InitStruct.Alternate = GPIO_AF0_MCO;
 819:Drivers/STM32F4xx_HAL_Driver/Src/stm32f4xx_hal_rcc.c ****     HAL_GPIO_Init(MCO2_GPIO_PORT, &GPIO_InitStruct);
 820:Drivers/STM32F4xx_HAL_Driver/Src/stm32f4xx_hal_rcc.c **** 
 821:Drivers/STM32F4xx_HAL_Driver/Src/stm32f4xx_hal_rcc.c ****     /* Mask MCO2 and MCO2PRE[2:0] bits then Select MCO2 clock source and prescaler */
 822:Drivers/STM32F4xx_HAL_Driver/Src/stm32f4xx_hal_rcc.c ****     MODIFY_REG(RCC->CFGR, (RCC_CFGR_MCO2 | RCC_CFGR_MCO2PRE), (RCC_MCOSource | (RCC_MCODiv << 3U)))
 823:Drivers/STM32F4xx_HAL_Driver/Src/stm32f4xx_hal_rcc.c **** 
 824:Drivers/STM32F4xx_HAL_Driver/Src/stm32f4xx_hal_rcc.c ****     /* This RCC MCO2 enable feature is available only on STM32F410Rx devices */
 825:Drivers/STM32F4xx_HAL_Driver/Src/stm32f4xx_hal_rcc.c **** #if defined(RCC_CFGR_MCO2EN)
 826:Drivers/STM32F4xx_HAL_Driver/Src/stm32f4xx_hal_rcc.c ****     __HAL_RCC_MCO2_ENABLE();
 827:Drivers/STM32F4xx_HAL_Driver/Src/stm32f4xx_hal_rcc.c **** #endif /* RCC_CFGR_MCO2EN */
 828:Drivers/STM32F4xx_HAL_Driver/Src/stm32f4xx_hal_rcc.c ****   }
 829:Drivers/STM32F4xx_HAL_Driver/Src/stm32f4xx_hal_rcc.c **** #endif /* RCC_CFGR_MCO2 */
 830:Drivers/STM32F4xx_HAL_Driver/Src/stm32f4xx_hal_rcc.c **** }
 1024              		.loc 1 830 1 is_stmt 0 view .LVU356
 1025 0048 08B0     		add	sp, sp, #32
 1026              	.LCFI9:
 1027              		.cfi_remember_state
 1028              		.cfi_def_cfa_offset 16
 1029              		@ sp needed
 1030 004a 70BD     		pop	{r4, r5, r6, pc}
 1031              	.LVL77:
 1032              	.L117:
 1033              	.LCFI10:
 1034              		.cfi_restore_state
 808:Drivers/STM32F4xx_HAL_Driver/Src/stm32f4xx_hal_rcc.c **** 
 1035              		.loc 1 808 5 is_stmt 1 view .LVU357
 811:Drivers/STM32F4xx_HAL_Driver/Src/stm32f4xx_hal_rcc.c **** 
 1036              		.loc 1 811 5 view .LVU358
 1037              	.LBB16:
 811:Drivers/STM32F4xx_HAL_Driver/Src/stm32f4xx_hal_rcc.c **** 
 1038              		.loc 1 811 5 view .LVU359
 1039 004c 0022     		movs	r2, #0
 1040              	.LVL78:
 811:Drivers/STM32F4xx_HAL_Driver/Src/stm32f4xx_hal_rcc.c **** 
 1041              		.loc 1 811 5 is_stmt 0 view .LVU360
 1042 004e 0192     		str	r2, [sp, #4]
 811:Drivers/STM32F4xx_HAL_Driver/Src/stm32f4xx_hal_rcc.c **** 
 1043              		.loc 1 811 5 is_stmt 1 view .LVU361
 1044 0050 336B     		ldr	r3, [r6, #48]
 1045              	.LBE16:
 819:Drivers/STM32F4xx_HAL_Driver/Src/stm32f4xx_hal_rcc.c **** 
 1046              		.loc 1 819 5 is_stmt 0 view .LVU362
 1047 0052 1248     		ldr	r0, .L120+8
 1048              	.LVL79:
 1049              	.LBB17:
 811:Drivers/STM32F4xx_HAL_Driver/Src/stm32f4xx_hal_rcc.c **** 
 1050              		.loc 1 811 5 view .LVU363
 1051 0054 43F00403 		orr	r3, r3, #4
 1052 0058 3363     		str	r3, [r6, #48]
 811:Drivers/STM32F4xx_HAL_Driver/Src/stm32f4xx_hal_rcc.c **** 
ARM GAS  C:\Users\kaush\AppData\Local\Temp\cclu20cy.s 			page 38


 1053              		.loc 1 811 5 is_stmt 1 view .LVU364
 1054 005a 336B     		ldr	r3, [r6, #48]
 1055              	.LBE17:
 818:Drivers/STM32F4xx_HAL_Driver/Src/stm32f4xx_hal_rcc.c ****     HAL_GPIO_Init(MCO2_GPIO_PORT, &GPIO_InitStruct);
 1056              		.loc 1 818 31 is_stmt 0 view .LVU365
 1057 005c 0692     		str	r2, [sp, #24]
 1058              	.LBB18:
 811:Drivers/STM32F4xx_HAL_Driver/Src/stm32f4xx_hal_rcc.c **** 
 1059              		.loc 1 811 5 view .LVU366
 1060 005e 03F00403 		and	r3, r3, #4
 1061 0062 0193     		str	r3, [sp, #4]
 811:Drivers/STM32F4xx_HAL_Driver/Src/stm32f4xx_hal_rcc.c **** 
 1062              		.loc 1 811 5 is_stmt 1 view .LVU367
 1063              	.LBE18:
 814:Drivers/STM32F4xx_HAL_Driver/Src/stm32f4xx_hal_rcc.c ****     GPIO_InitStruct.Mode = GPIO_MODE_AF_PP;
 1064              		.loc 1 814 25 is_stmt 0 view .LVU368
 1065 0064 4FF40072 		mov	r2, #512
 1066 0068 0223     		movs	r3, #2
 1067 006a CDE90223 		strd	r2, [sp, #8]
 819:Drivers/STM32F4xx_HAL_Driver/Src/stm32f4xx_hal_rcc.c **** 
 1068              		.loc 1 819 5 view .LVU369
 1069 006e 02A9     		add	r1, sp, #8
 1070              	.LVL80:
 814:Drivers/STM32F4xx_HAL_Driver/Src/stm32f4xx_hal_rcc.c ****     GPIO_InitStruct.Mode = GPIO_MODE_AF_PP;
 1071              		.loc 1 814 25 view .LVU370
 1072 0070 0022     		movs	r2, #0
 1073 0072 0323     		movs	r3, #3
 1074 0074 CDE90423 		strd	r2, [sp, #16]
 1075              	.LBB19:
 811:Drivers/STM32F4xx_HAL_Driver/Src/stm32f4xx_hal_rcc.c **** 
 1076              		.loc 1 811 5 view .LVU371
 1077 0078 019B     		ldr	r3, [sp, #4]
 1078              	.LBE19:
 811:Drivers/STM32F4xx_HAL_Driver/Src/stm32f4xx_hal_rcc.c **** 
 1079              		.loc 1 811 5 is_stmt 1 view .LVU372
 814:Drivers/STM32F4xx_HAL_Driver/Src/stm32f4xx_hal_rcc.c ****     GPIO_InitStruct.Mode = GPIO_MODE_AF_PP;
 1080              		.loc 1 814 5 view .LVU373
 815:Drivers/STM32F4xx_HAL_Driver/Src/stm32f4xx_hal_rcc.c ****     GPIO_InitStruct.Speed = GPIO_SPEED_FREQ_VERY_HIGH;
 1081              		.loc 1 815 5 view .LVU374
 816:Drivers/STM32F4xx_HAL_Driver/Src/stm32f4xx_hal_rcc.c ****     GPIO_InitStruct.Pull = GPIO_NOPULL;
 1082              		.loc 1 816 5 view .LVU375
 817:Drivers/STM32F4xx_HAL_Driver/Src/stm32f4xx_hal_rcc.c ****     GPIO_InitStruct.Alternate = GPIO_AF0_MCO;
 1083              		.loc 1 817 5 view .LVU376
 818:Drivers/STM32F4xx_HAL_Driver/Src/stm32f4xx_hal_rcc.c ****     HAL_GPIO_Init(MCO2_GPIO_PORT, &GPIO_InitStruct);
 1084              		.loc 1 818 5 view .LVU377
 819:Drivers/STM32F4xx_HAL_Driver/Src/stm32f4xx_hal_rcc.c **** 
 1085              		.loc 1 819 5 view .LVU378
 1086 007a FFF7FEFF 		bl	HAL_GPIO_Init
 1087              	.LVL81:
 822:Drivers/STM32F4xx_HAL_Driver/Src/stm32f4xx_hal_rcc.c **** 
 1088              		.loc 1 822 5 view .LVU379
 1089 007e B368     		ldr	r3, [r6, #8]
 1090 0080 23F07843 		bic	r3, r3, #-134217728
 1091 0084 43EA0501 		orr	r1, r3, r5
 1092 0088 41EAC401 		orr	r1, r1, r4, lsl #3
 1093 008c B160     		str	r1, [r6, #8]
 1094              		.loc 1 830 1 is_stmt 0 view .LVU380
ARM GAS  C:\Users\kaush\AppData\Local\Temp\cclu20cy.s 			page 39


 1095 008e 08B0     		add	sp, sp, #32
 1096              	.LCFI11:
 1097              		.cfi_def_cfa_offset 16
 1098              		@ sp needed
 1099 0090 70BD     		pop	{r4, r5, r6, pc}
 1100              	.LVL82:
 1101              	.L121:
 1102              		.loc 1 830 1 view .LVU381
 1103 0092 00BF     		.align	2
 1104              	.L120:
 1105 0094 00380240 		.word	1073887232
 1106 0098 00000240 		.word	1073872896
 1107 009c 00080240 		.word	1073874944
 1108              		.cfi_endproc
 1109              	.LFE137:
 1111              		.section	.text.HAL_RCC_EnableCSS,"ax",%progbits
 1112              		.align	1
 1113              		.p2align 2,,3
 1114              		.global	HAL_RCC_EnableCSS
 1115              		.syntax unified
 1116              		.thumb
 1117              		.thumb_func
 1119              	HAL_RCC_EnableCSS:
 1120              	.LFB138:
 831:Drivers/STM32F4xx_HAL_Driver/Src/stm32f4xx_hal_rcc.c **** 
 832:Drivers/STM32F4xx_HAL_Driver/Src/stm32f4xx_hal_rcc.c **** /**
 833:Drivers/STM32F4xx_HAL_Driver/Src/stm32f4xx_hal_rcc.c ****   * @brief  Enables the Clock Security System.
 834:Drivers/STM32F4xx_HAL_Driver/Src/stm32f4xx_hal_rcc.c ****   * @note   If a failure is detected on the HSE oscillator clock, this oscillator
 835:Drivers/STM32F4xx_HAL_Driver/Src/stm32f4xx_hal_rcc.c ****   *         is automatically disabled and an interrupt is generated to inform the
 836:Drivers/STM32F4xx_HAL_Driver/Src/stm32f4xx_hal_rcc.c ****   *         software about the failure (Clock Security System Interrupt, CSSI),
 837:Drivers/STM32F4xx_HAL_Driver/Src/stm32f4xx_hal_rcc.c ****   *         allowing the MCU to perform rescue operations. The CSSI is linked to
 838:Drivers/STM32F4xx_HAL_Driver/Src/stm32f4xx_hal_rcc.c ****   *         the Cortex-M4 NMI (Non-Maskable Interrupt) exception vector.
 839:Drivers/STM32F4xx_HAL_Driver/Src/stm32f4xx_hal_rcc.c ****   * @retval None
 840:Drivers/STM32F4xx_HAL_Driver/Src/stm32f4xx_hal_rcc.c ****   */
 841:Drivers/STM32F4xx_HAL_Driver/Src/stm32f4xx_hal_rcc.c **** void HAL_RCC_EnableCSS(void)
 842:Drivers/STM32F4xx_HAL_Driver/Src/stm32f4xx_hal_rcc.c **** {
 1121              		.loc 1 842 1 is_stmt 1 view -0
 1122              		.cfi_startproc
 1123              		@ args = 0, pretend = 0, frame = 0
 1124              		@ frame_needed = 0, uses_anonymous_args = 0
 1125              		@ link register save eliminated.
 843:Drivers/STM32F4xx_HAL_Driver/Src/stm32f4xx_hal_rcc.c ****   *(__IO uint32_t *) RCC_CR_CSSON_BB = (uint32_t)ENABLE;
 1126              		.loc 1 843 3 view .LVU383
 1127              		.loc 1 843 38 is_stmt 0 view .LVU384
 1128 0000 014B     		ldr	r3, .L123
 1129 0002 0122     		movs	r2, #1
 1130 0004 DA64     		str	r2, [r3, #76]
 844:Drivers/STM32F4xx_HAL_Driver/Src/stm32f4xx_hal_rcc.c **** }
 1131              		.loc 1 844 1 view .LVU385
 1132 0006 7047     		bx	lr
 1133              	.L124:
 1134              		.align	2
 1135              	.L123:
 1136 0008 00004742 		.word	1111949312
 1137              		.cfi_endproc
 1138              	.LFE138:
 1140              		.section	.text.HAL_RCC_DisableCSS,"ax",%progbits
ARM GAS  C:\Users\kaush\AppData\Local\Temp\cclu20cy.s 			page 40


 1141              		.align	1
 1142              		.p2align 2,,3
 1143              		.global	HAL_RCC_DisableCSS
 1144              		.syntax unified
 1145              		.thumb
 1146              		.thumb_func
 1148              	HAL_RCC_DisableCSS:
 1149              	.LFB139:
 845:Drivers/STM32F4xx_HAL_Driver/Src/stm32f4xx_hal_rcc.c **** 
 846:Drivers/STM32F4xx_HAL_Driver/Src/stm32f4xx_hal_rcc.c **** /**
 847:Drivers/STM32F4xx_HAL_Driver/Src/stm32f4xx_hal_rcc.c ****   * @brief  Disables the Clock Security System.
 848:Drivers/STM32F4xx_HAL_Driver/Src/stm32f4xx_hal_rcc.c ****   * @retval None
 849:Drivers/STM32F4xx_HAL_Driver/Src/stm32f4xx_hal_rcc.c ****   */
 850:Drivers/STM32F4xx_HAL_Driver/Src/stm32f4xx_hal_rcc.c **** void HAL_RCC_DisableCSS(void)
 851:Drivers/STM32F4xx_HAL_Driver/Src/stm32f4xx_hal_rcc.c **** {
 1150              		.loc 1 851 1 is_stmt 1 view -0
 1151              		.cfi_startproc
 1152              		@ args = 0, pretend = 0, frame = 0
 1153              		@ frame_needed = 0, uses_anonymous_args = 0
 1154              		@ link register save eliminated.
 852:Drivers/STM32F4xx_HAL_Driver/Src/stm32f4xx_hal_rcc.c ****   *(__IO uint32_t *) RCC_CR_CSSON_BB = (uint32_t)DISABLE;
 1155              		.loc 1 852 3 view .LVU387
 1156              		.loc 1 852 38 is_stmt 0 view .LVU388
 1157 0000 014B     		ldr	r3, .L126
 1158 0002 0022     		movs	r2, #0
 1159 0004 DA64     		str	r2, [r3, #76]
 853:Drivers/STM32F4xx_HAL_Driver/Src/stm32f4xx_hal_rcc.c **** }
 1160              		.loc 1 853 1 view .LVU389
 1161 0006 7047     		bx	lr
 1162              	.L127:
 1163              		.align	2
 1164              	.L126:
 1165 0008 00004742 		.word	1111949312
 1166              		.cfi_endproc
 1167              	.LFE139:
 1169              		.global	__aeabi_uldivmod
 1170              		.global	__aeabi_ldivmod
 1171              		.section	.text.HAL_RCC_GetSysClockFreq,"ax",%progbits
 1172              		.align	1
 1173              		.p2align 2,,3
 1174              		.weak	HAL_RCC_GetSysClockFreq
 1175              		.syntax unified
 1176              		.thumb
 1177              		.thumb_func
 1179              	HAL_RCC_GetSysClockFreq:
 1180              	.LFB140:
 854:Drivers/STM32F4xx_HAL_Driver/Src/stm32f4xx_hal_rcc.c **** 
 855:Drivers/STM32F4xx_HAL_Driver/Src/stm32f4xx_hal_rcc.c **** /**
 856:Drivers/STM32F4xx_HAL_Driver/Src/stm32f4xx_hal_rcc.c ****   * @brief  Returns the SYSCLK frequency
 857:Drivers/STM32F4xx_HAL_Driver/Src/stm32f4xx_hal_rcc.c ****   *
 858:Drivers/STM32F4xx_HAL_Driver/Src/stm32f4xx_hal_rcc.c ****   * @note   The system frequency computed by this function is not the real
 859:Drivers/STM32F4xx_HAL_Driver/Src/stm32f4xx_hal_rcc.c ****   *         frequency in the chip. It is calculated based on the predefined
 860:Drivers/STM32F4xx_HAL_Driver/Src/stm32f4xx_hal_rcc.c ****   *         constant and the selected clock source:
 861:Drivers/STM32F4xx_HAL_Driver/Src/stm32f4xx_hal_rcc.c ****   * @note     If SYSCLK source is HSI, function returns values based on HSI_VALUE(*)
 862:Drivers/STM32F4xx_HAL_Driver/Src/stm32f4xx_hal_rcc.c ****   * @note     If SYSCLK source is HSE, function returns values based on HSE_VALUE(**)
 863:Drivers/STM32F4xx_HAL_Driver/Src/stm32f4xx_hal_rcc.c ****   * @note     If SYSCLK source is PLL, function returns values based on HSE_VALUE(**)
 864:Drivers/STM32F4xx_HAL_Driver/Src/stm32f4xx_hal_rcc.c ****   *           or HSI_VALUE(*) multiplied/divided by the PLL factors.
ARM GAS  C:\Users\kaush\AppData\Local\Temp\cclu20cy.s 			page 41


 865:Drivers/STM32F4xx_HAL_Driver/Src/stm32f4xx_hal_rcc.c ****   * @note     (*) HSI_VALUE is a constant defined in stm32f4xx_hal_conf.h file (default value
 866:Drivers/STM32F4xx_HAL_Driver/Src/stm32f4xx_hal_rcc.c ****   *               16 MHz) but the real value may vary depending on the variations
 867:Drivers/STM32F4xx_HAL_Driver/Src/stm32f4xx_hal_rcc.c ****   *               in voltage and temperature.
 868:Drivers/STM32F4xx_HAL_Driver/Src/stm32f4xx_hal_rcc.c ****   * @note     (**) HSE_VALUE is a constant defined in stm32f4xx_hal_conf.h file (default value
 869:Drivers/STM32F4xx_HAL_Driver/Src/stm32f4xx_hal_rcc.c ****   *                25 MHz), user has to ensure that HSE_VALUE is same as the real
 870:Drivers/STM32F4xx_HAL_Driver/Src/stm32f4xx_hal_rcc.c ****   *                frequency of the crystal used. Otherwise, this function may
 871:Drivers/STM32F4xx_HAL_Driver/Src/stm32f4xx_hal_rcc.c ****   *                have wrong result.
 872:Drivers/STM32F4xx_HAL_Driver/Src/stm32f4xx_hal_rcc.c ****   *
 873:Drivers/STM32F4xx_HAL_Driver/Src/stm32f4xx_hal_rcc.c ****   * @note   The result of this function could be not correct when using fractional
 874:Drivers/STM32F4xx_HAL_Driver/Src/stm32f4xx_hal_rcc.c ****   *         value for HSE crystal.
 875:Drivers/STM32F4xx_HAL_Driver/Src/stm32f4xx_hal_rcc.c ****   *
 876:Drivers/STM32F4xx_HAL_Driver/Src/stm32f4xx_hal_rcc.c ****   * @note   This function can be used by the user application to compute the
 877:Drivers/STM32F4xx_HAL_Driver/Src/stm32f4xx_hal_rcc.c ****   *         baudrate for the communication peripherals or configure other parameters.
 878:Drivers/STM32F4xx_HAL_Driver/Src/stm32f4xx_hal_rcc.c ****   *
 879:Drivers/STM32F4xx_HAL_Driver/Src/stm32f4xx_hal_rcc.c ****   * @note   Each time SYSCLK changes, this function must be called to update the
 880:Drivers/STM32F4xx_HAL_Driver/Src/stm32f4xx_hal_rcc.c ****   *         right SYSCLK value. Otherwise, any configuration based on this function will be incorre
 881:Drivers/STM32F4xx_HAL_Driver/Src/stm32f4xx_hal_rcc.c ****   *
 882:Drivers/STM32F4xx_HAL_Driver/Src/stm32f4xx_hal_rcc.c ****   *
 883:Drivers/STM32F4xx_HAL_Driver/Src/stm32f4xx_hal_rcc.c ****   * @retval SYSCLK frequency
 884:Drivers/STM32F4xx_HAL_Driver/Src/stm32f4xx_hal_rcc.c ****   */
 885:Drivers/STM32F4xx_HAL_Driver/Src/stm32f4xx_hal_rcc.c **** __weak uint32_t HAL_RCC_GetSysClockFreq(void)
 886:Drivers/STM32F4xx_HAL_Driver/Src/stm32f4xx_hal_rcc.c **** {
 1181              		.loc 1 886 1 is_stmt 1 view -0
 1182              		.cfi_startproc
 1183              		@ args = 0, pretend = 0, frame = 0
 1184              		@ frame_needed = 0, uses_anonymous_args = 0
 887:Drivers/STM32F4xx_HAL_Driver/Src/stm32f4xx_hal_rcc.c ****   uint32_t pllm = 0U;
 1185              		.loc 1 887 3 view .LVU391
 1186              	.LVL83:
 888:Drivers/STM32F4xx_HAL_Driver/Src/stm32f4xx_hal_rcc.c ****   uint32_t pllvco = 0U;
 1187              		.loc 1 888 3 view .LVU392
 889:Drivers/STM32F4xx_HAL_Driver/Src/stm32f4xx_hal_rcc.c ****   uint32_t pllp = 0U;
 1188              		.loc 1 889 3 view .LVU393
 890:Drivers/STM32F4xx_HAL_Driver/Src/stm32f4xx_hal_rcc.c ****   uint32_t sysclockfreq = 0U;
 1189              		.loc 1 890 3 view .LVU394
 891:Drivers/STM32F4xx_HAL_Driver/Src/stm32f4xx_hal_rcc.c **** 
 892:Drivers/STM32F4xx_HAL_Driver/Src/stm32f4xx_hal_rcc.c ****   /* Get SYSCLK source -------------------------------------------------------*/
 893:Drivers/STM32F4xx_HAL_Driver/Src/stm32f4xx_hal_rcc.c ****   switch (RCC->CFGR & RCC_CFGR_SWS)
 1190              		.loc 1 893 3 view .LVU395
 1191              		.loc 1 893 14 is_stmt 0 view .LVU396
 1192 0000 1649     		ldr	r1, .L137
 886:Drivers/STM32F4xx_HAL_Driver/Src/stm32f4xx_hal_rcc.c ****   uint32_t pllm = 0U;
 1193              		.loc 1 886 1 view .LVU397
 1194 0002 08B5     		push	{r3, lr}
 1195              	.LCFI12:
 1196              		.cfi_def_cfa_offset 8
 1197              		.cfi_offset 3, -8
 1198              		.cfi_offset 14, -4
 1199              		.loc 1 893 14 view .LVU398
 1200 0004 8B68     		ldr	r3, [r1, #8]
 1201              		.loc 1 893 21 view .LVU399
 1202 0006 03F00C03 		and	r3, r3, #12
 1203              		.loc 1 893 3 view .LVU400
 1204 000a 042B     		cmp	r3, #4
 1205 000c 1BD0     		beq	.L132
 1206 000e 082B     		cmp	r3, #8
 1207 0010 01D0     		beq	.L135
ARM GAS  C:\Users\kaush\AppData\Local\Temp\cclu20cy.s 			page 42


 894:Drivers/STM32F4xx_HAL_Driver/Src/stm32f4xx_hal_rcc.c ****   {
 895:Drivers/STM32F4xx_HAL_Driver/Src/stm32f4xx_hal_rcc.c ****     case RCC_CFGR_SWS_HSI:  /* HSI used as system clock source */
 896:Drivers/STM32F4xx_HAL_Driver/Src/stm32f4xx_hal_rcc.c ****     {
 897:Drivers/STM32F4xx_HAL_Driver/Src/stm32f4xx_hal_rcc.c ****       sysclockfreq = HSI_VALUE;
 1208              		.loc 1 897 20 view .LVU401
 1209 0012 1348     		ldr	r0, .L137+4
 1210              	.LVL84:
 898:Drivers/STM32F4xx_HAL_Driver/Src/stm32f4xx_hal_rcc.c ****       break;
 899:Drivers/STM32F4xx_HAL_Driver/Src/stm32f4xx_hal_rcc.c ****     }
 900:Drivers/STM32F4xx_HAL_Driver/Src/stm32f4xx_hal_rcc.c ****     case RCC_CFGR_SWS_HSE:  /* HSE used as system clock  source */
 901:Drivers/STM32F4xx_HAL_Driver/Src/stm32f4xx_hal_rcc.c ****     {
 902:Drivers/STM32F4xx_HAL_Driver/Src/stm32f4xx_hal_rcc.c ****       sysclockfreq = HSE_VALUE;
 903:Drivers/STM32F4xx_HAL_Driver/Src/stm32f4xx_hal_rcc.c ****       break;
 904:Drivers/STM32F4xx_HAL_Driver/Src/stm32f4xx_hal_rcc.c ****     }
 905:Drivers/STM32F4xx_HAL_Driver/Src/stm32f4xx_hal_rcc.c ****     case RCC_CFGR_SWS_PLL:  /* PLL used as system clock  source */
 906:Drivers/STM32F4xx_HAL_Driver/Src/stm32f4xx_hal_rcc.c ****     {
 907:Drivers/STM32F4xx_HAL_Driver/Src/stm32f4xx_hal_rcc.c ****       /* PLL_VCO = (HSE_VALUE or HSI_VALUE / PLLM) * PLLN
 908:Drivers/STM32F4xx_HAL_Driver/Src/stm32f4xx_hal_rcc.c ****       SYSCLK = PLL_VCO / PLLP */
 909:Drivers/STM32F4xx_HAL_Driver/Src/stm32f4xx_hal_rcc.c ****       pllm = RCC->PLLCFGR & RCC_PLLCFGR_PLLM;
 910:Drivers/STM32F4xx_HAL_Driver/Src/stm32f4xx_hal_rcc.c ****       if (__HAL_RCC_GET_PLL_OSCSOURCE() != RCC_PLLSOURCE_HSI)
 911:Drivers/STM32F4xx_HAL_Driver/Src/stm32f4xx_hal_rcc.c ****       {
 912:Drivers/STM32F4xx_HAL_Driver/Src/stm32f4xx_hal_rcc.c ****         /* HSE used as PLL clock source */
 913:Drivers/STM32F4xx_HAL_Driver/Src/stm32f4xx_hal_rcc.c ****         pllvco = (uint32_t)((((uint64_t) HSE_VALUE * ((uint64_t)((RCC->PLLCFGR & RCC_PLLCFGR_PLLN) 
 914:Drivers/STM32F4xx_HAL_Driver/Src/stm32f4xx_hal_rcc.c ****       }
 915:Drivers/STM32F4xx_HAL_Driver/Src/stm32f4xx_hal_rcc.c ****       else
 916:Drivers/STM32F4xx_HAL_Driver/Src/stm32f4xx_hal_rcc.c ****       {
 917:Drivers/STM32F4xx_HAL_Driver/Src/stm32f4xx_hal_rcc.c ****         /* HSI used as PLL clock source */
 918:Drivers/STM32F4xx_HAL_Driver/Src/stm32f4xx_hal_rcc.c ****         pllvco = (uint32_t)((((uint64_t) HSI_VALUE * ((uint64_t)((RCC->PLLCFGR & RCC_PLLCFGR_PLLN) 
 919:Drivers/STM32F4xx_HAL_Driver/Src/stm32f4xx_hal_rcc.c ****       }
 920:Drivers/STM32F4xx_HAL_Driver/Src/stm32f4xx_hal_rcc.c ****       pllp = ((((RCC->PLLCFGR & RCC_PLLCFGR_PLLP) >> RCC_PLLCFGR_PLLP_Pos) + 1U) * 2U);
 921:Drivers/STM32F4xx_HAL_Driver/Src/stm32f4xx_hal_rcc.c **** 
 922:Drivers/STM32F4xx_HAL_Driver/Src/stm32f4xx_hal_rcc.c ****       sysclockfreq = pllvco / pllp;
 923:Drivers/STM32F4xx_HAL_Driver/Src/stm32f4xx_hal_rcc.c ****       break;
 924:Drivers/STM32F4xx_HAL_Driver/Src/stm32f4xx_hal_rcc.c ****     }
 925:Drivers/STM32F4xx_HAL_Driver/Src/stm32f4xx_hal_rcc.c ****     default:
 926:Drivers/STM32F4xx_HAL_Driver/Src/stm32f4xx_hal_rcc.c ****     {
 927:Drivers/STM32F4xx_HAL_Driver/Src/stm32f4xx_hal_rcc.c ****       sysclockfreq = HSI_VALUE;
 928:Drivers/STM32F4xx_HAL_Driver/Src/stm32f4xx_hal_rcc.c ****       break;
 929:Drivers/STM32F4xx_HAL_Driver/Src/stm32f4xx_hal_rcc.c ****     }
 930:Drivers/STM32F4xx_HAL_Driver/Src/stm32f4xx_hal_rcc.c ****   }
 931:Drivers/STM32F4xx_HAL_Driver/Src/stm32f4xx_hal_rcc.c ****   return sysclockfreq;
 1211              		.loc 1 931 3 is_stmt 1 view .LVU402
 932:Drivers/STM32F4xx_HAL_Driver/Src/stm32f4xx_hal_rcc.c **** }
 1212              		.loc 1 932 1 is_stmt 0 view .LVU403
 1213 0014 08BD     		pop	{r3, pc}
 1214              	.LVL85:
 1215              	.L135:
 1216              	.LBB22:
 1217              	.LBI22:
 885:Drivers/STM32F4xx_HAL_Driver/Src/stm32f4xx_hal_rcc.c **** {
 1218              		.loc 1 885 17 is_stmt 1 view .LVU404
 1219              	.LBB23:
 909:Drivers/STM32F4xx_HAL_Driver/Src/stm32f4xx_hal_rcc.c ****       if (__HAL_RCC_GET_PLL_OSCSOURCE() != RCC_PLLSOURCE_HSI)
 1220              		.loc 1 909 7 view .LVU405
 909:Drivers/STM32F4xx_HAL_Driver/Src/stm32f4xx_hal_rcc.c ****       if (__HAL_RCC_GET_PLL_OSCSOURCE() != RCC_PLLSOURCE_HSI)
 1221              		.loc 1 909 17 is_stmt 0 view .LVU406
 1222 0016 4A68     		ldr	r2, [r1, #4]
ARM GAS  C:\Users\kaush\AppData\Local\Temp\cclu20cy.s 			page 43


 910:Drivers/STM32F4xx_HAL_Driver/Src/stm32f4xx_hal_rcc.c ****       {
 1223              		.loc 1 910 11 view .LVU407
 1224 0018 4B68     		ldr	r3, [r1, #4]
 913:Drivers/STM32F4xx_HAL_Driver/Src/stm32f4xx_hal_rcc.c ****       }
 1225              		.loc 1 913 70 view .LVU408
 1226 001a 4968     		ldr	r1, [r1, #4]
 910:Drivers/STM32F4xx_HAL_Driver/Src/stm32f4xx_hal_rcc.c ****       {
 1227              		.loc 1 910 10 view .LVU409
 1228 001c 13F48003 		ands	r3, r3, #4194304
 909:Drivers/STM32F4xx_HAL_Driver/Src/stm32f4xx_hal_rcc.c ****       if (__HAL_RCC_GET_PLL_OSCSOURCE() != RCC_PLLSOURCE_HSI)
 1229              		.loc 1 909 12 view .LVU410
 1230 0020 02F03F02 		and	r2, r2, #63
 1231              	.LVL86:
 910:Drivers/STM32F4xx_HAL_Driver/Src/stm32f4xx_hal_rcc.c ****       {
 1232              		.loc 1 910 7 is_stmt 1 view .LVU411
 910:Drivers/STM32F4xx_HAL_Driver/Src/stm32f4xx_hal_rcc.c ****       {
 1233              		.loc 1 910 10 is_stmt 0 view .LVU412
 1234 0024 11D1     		bne	.L136
 918:Drivers/STM32F4xx_HAL_Driver/Src/stm32f4xx_hal_rcc.c ****       }
 1235              		.loc 1 918 9 is_stmt 1 view .LVU413
 918:Drivers/STM32F4xx_HAL_Driver/Src/stm32f4xx_hal_rcc.c ****       }
 1236              		.loc 1 918 52 is_stmt 0 view .LVU414
 1237 0026 0E48     		ldr	r0, .L137+4
 1238 0028 C1F38811 		ubfx	r1, r1, #6, #9
 918:Drivers/STM32F4xx_HAL_Driver/Src/stm32f4xx_hal_rcc.c ****       }
 1239              		.loc 1 918 128 view .LVU415
 1240 002c A1FB0001 		umull	r0, r1, r1, r0
 1241 0030 FFF7FEFF 		bl	__aeabi_uldivmod
 1242              	.LVL87:
 1243              	.L131:
 920:Drivers/STM32F4xx_HAL_Driver/Src/stm32f4xx_hal_rcc.c **** 
 1244              		.loc 1 920 7 is_stmt 1 view .LVU416
 920:Drivers/STM32F4xx_HAL_Driver/Src/stm32f4xx_hal_rcc.c **** 
 1245              		.loc 1 920 21 is_stmt 0 view .LVU417
 1246 0034 094B     		ldr	r3, .L137
 1247 0036 5B68     		ldr	r3, [r3, #4]
 1248              	.LVL88:
 922:Drivers/STM32F4xx_HAL_Driver/Src/stm32f4xx_hal_rcc.c ****       break;
 1249              		.loc 1 922 7 is_stmt 1 view .LVU418
 920:Drivers/STM32F4xx_HAL_Driver/Src/stm32f4xx_hal_rcc.c **** 
 1250              		.loc 1 920 51 is_stmt 0 view .LVU419
 1251 0038 C3F30143 		ubfx	r3, r3, #16, #2
 1252              	.LVL89:
 920:Drivers/STM32F4xx_HAL_Driver/Src/stm32f4xx_hal_rcc.c **** 
 1253              		.loc 1 920 76 view .LVU420
 1254 003c 0133     		adds	r3, r3, #1
 920:Drivers/STM32F4xx_HAL_Driver/Src/stm32f4xx_hal_rcc.c **** 
 1255              		.loc 1 920 12 view .LVU421
 1256 003e 5B00     		lsls	r3, r3, #1
 922:Drivers/STM32F4xx_HAL_Driver/Src/stm32f4xx_hal_rcc.c ****       break;
 1257              		.loc 1 922 20 view .LVU422
 1258 0040 B0FBF3F0 		udiv	r0, r0, r3
 1259              	.LVL90:
 923:Drivers/STM32F4xx_HAL_Driver/Src/stm32f4xx_hal_rcc.c ****     }
 1260              		.loc 1 923 7 is_stmt 1 view .LVU423
 931:Drivers/STM32F4xx_HAL_Driver/Src/stm32f4xx_hal_rcc.c **** }
 1261              		.loc 1 931 3 view .LVU424
ARM GAS  C:\Users\kaush\AppData\Local\Temp\cclu20cy.s 			page 44


 931:Drivers/STM32F4xx_HAL_Driver/Src/stm32f4xx_hal_rcc.c **** }
 1262              		.loc 1 931 3 is_stmt 0 view .LVU425
 1263              	.LBE23:
 1264              	.LBE22:
 1265              		.loc 1 932 1 view .LVU426
 1266 0044 08BD     		pop	{r3, pc}
 1267              	.L132:
 893:Drivers/STM32F4xx_HAL_Driver/Src/stm32f4xx_hal_rcc.c ****   {
 1268              		.loc 1 893 3 view .LVU427
 1269 0046 0748     		ldr	r0, .L137+8
 1270              		.loc 1 932 1 view .LVU428
 1271 0048 08BD     		pop	{r3, pc}
 1272              	.LVL91:
 1273              	.L136:
 1274              	.LBB25:
 1275              	.LBB24:
 913:Drivers/STM32F4xx_HAL_Driver/Src/stm32f4xx_hal_rcc.c ****       }
 1276              		.loc 1 913 9 is_stmt 1 view .LVU429
 913:Drivers/STM32F4xx_HAL_Driver/Src/stm32f4xx_hal_rcc.c ****       }
 1277              		.loc 1 913 52 is_stmt 0 view .LVU430
 1278 004a 0648     		ldr	r0, .L137+8
 1279 004c C1F38811 		ubfx	r1, r1, #6, #9
 913:Drivers/STM32F4xx_HAL_Driver/Src/stm32f4xx_hal_rcc.c ****       }
 1280              		.loc 1 913 128 view .LVU431
 1281 0050 0023     		movs	r3, #0
 1282 0052 A1FB0001 		umull	r0, r1, r1, r0
 1283 0056 FFF7FEFF 		bl	__aeabi_uldivmod
 1284              	.LVL92:
 913:Drivers/STM32F4xx_HAL_Driver/Src/stm32f4xx_hal_rcc.c ****       }
 1285              		.loc 1 913 128 view .LVU432
 1286 005a EBE7     		b	.L131
 1287              	.L138:
 1288              		.align	2
 1289              	.L137:
 1290 005c 00380240 		.word	1073887232
 1291 0060 0024F400 		.word	16000000
 1292 0064 40787D01 		.word	25000000
 1293              	.LBE24:
 1294              	.LBE25:
 1295              		.cfi_endproc
 1296              	.LFE140:
 1298              		.section	.text.HAL_RCC_ClockConfig,"ax",%progbits
 1299              		.align	1
 1300              		.p2align 2,,3
 1301              		.global	HAL_RCC_ClockConfig
 1302              		.syntax unified
 1303              		.thumb
 1304              		.thumb_func
 1306              	HAL_RCC_ClockConfig:
 1307              	.LVL93:
 1308              	.LFB136:
 592:Drivers/STM32F4xx_HAL_Driver/Src/stm32f4xx_hal_rcc.c ****   uint32_t tickstart;
 1309              		.loc 1 592 1 is_stmt 1 view -0
 1310              		.cfi_startproc
 1311              		@ args = 0, pretend = 0, frame = 0
 1312              		@ frame_needed = 0, uses_anonymous_args = 0
 593:Drivers/STM32F4xx_HAL_Driver/Src/stm32f4xx_hal_rcc.c **** 
ARM GAS  C:\Users\kaush\AppData\Local\Temp\cclu20cy.s 			page 45


 1313              		.loc 1 593 3 view .LVU434
 596:Drivers/STM32F4xx_HAL_Driver/Src/stm32f4xx_hal_rcc.c ****   {
 1314              		.loc 1 596 3 view .LVU435
 596:Drivers/STM32F4xx_HAL_Driver/Src/stm32f4xx_hal_rcc.c ****   {
 1315              		.loc 1 596 6 is_stmt 0 view .LVU436
 1316 0000 0028     		cmp	r0, #0
 1317 0002 00F08780 		beq	.L183
 610:Drivers/STM32F4xx_HAL_Driver/Src/stm32f4xx_hal_rcc.c ****   {
 1318              		.loc 1 610 18 view .LVU437
 1319 0006 484A     		ldr	r2, .L186
 1320 0008 1368     		ldr	r3, [r2]
 1321 000a 03F00F03 		and	r3, r3, #15
 610:Drivers/STM32F4xx_HAL_Driver/Src/stm32f4xx_hal_rcc.c ****   {
 1322              		.loc 1 610 6 view .LVU438
 1323 000e 8B42     		cmp	r3, r1
 592:Drivers/STM32F4xx_HAL_Driver/Src/stm32f4xx_hal_rcc.c ****   uint32_t tickstart;
 1324              		.loc 1 592 1 view .LVU439
 1325 0010 2DE9F041 		push	{r4, r5, r6, r7, r8, lr}
 1326              	.LCFI13:
 1327              		.cfi_def_cfa_offset 24
 1328              		.cfi_offset 4, -24
 1329              		.cfi_offset 5, -20
 1330              		.cfi_offset 6, -16
 1331              		.cfi_offset 7, -12
 1332              		.cfi_offset 8, -8
 1333              		.cfi_offset 14, -4
 1334 0014 0D46     		mov	r5, r1
 1335 0016 0446     		mov	r4, r0
 602:Drivers/STM32F4xx_HAL_Driver/Src/stm32f4xx_hal_rcc.c ****   assert_param(IS_FLASH_LATENCY(FLatency));
 1336              		.loc 1 602 3 is_stmt 1 view .LVU440
 603:Drivers/STM32F4xx_HAL_Driver/Src/stm32f4xx_hal_rcc.c **** 
 1337              		.loc 1 603 3 view .LVU441
 610:Drivers/STM32F4xx_HAL_Driver/Src/stm32f4xx_hal_rcc.c ****   {
 1338              		.loc 1 610 3 view .LVU442
 610:Drivers/STM32F4xx_HAL_Driver/Src/stm32f4xx_hal_rcc.c ****   {
 1339              		.loc 1 610 6 is_stmt 0 view .LVU443
 1340 0018 09D2     		bcs	.L146
 613:Drivers/STM32F4xx_HAL_Driver/Src/stm32f4xx_hal_rcc.c **** 
 1341              		.loc 1 613 5 is_stmt 1 view .LVU444
 1342 001a CBB2     		uxtb	r3, r1
 1343 001c 1370     		strb	r3, [r2]
 617:Drivers/STM32F4xx_HAL_Driver/Src/stm32f4xx_hal_rcc.c ****     {
 1344              		.loc 1 617 5 view .LVU445
 617:Drivers/STM32F4xx_HAL_Driver/Src/stm32f4xx_hal_rcc.c ****     {
 1345              		.loc 1 617 9 is_stmt 0 view .LVU446
 1346 001e 1368     		ldr	r3, [r2]
 1347 0020 03F00F03 		and	r3, r3, #15
 617:Drivers/STM32F4xx_HAL_Driver/Src/stm32f4xx_hal_rcc.c ****     {
 1348              		.loc 1 617 8 view .LVU447
 1349 0024 8B42     		cmp	r3, r1
 1350 0026 02D0     		beq	.L146
 1351              	.LVL94:
 1352              	.L145:
 598:Drivers/STM32F4xx_HAL_Driver/Src/stm32f4xx_hal_rcc.c ****   }
 1353              		.loc 1 598 12 view .LVU448
 1354 0028 0120     		movs	r0, #1
 1355              	.L141:
ARM GAS  C:\Users\kaush\AppData\Local\Temp\cclu20cy.s 			page 46


 725:Drivers/STM32F4xx_HAL_Driver/Src/stm32f4xx_hal_rcc.c **** 
 1356              		.loc 1 725 1 view .LVU449
 1357 002a BDE8F081 		pop	{r4, r5, r6, r7, r8, pc}
 1358              	.LVL95:
 1359              	.L146:
 624:Drivers/STM32F4xx_HAL_Driver/Src/stm32f4xx_hal_rcc.c ****   {
 1360              		.loc 1 624 3 is_stmt 1 view .LVU450
 624:Drivers/STM32F4xx_HAL_Driver/Src/stm32f4xx_hal_rcc.c ****   {
 1361              		.loc 1 624 26 is_stmt 0 view .LVU451
 1362 002e 2368     		ldr	r3, [r4]
 624:Drivers/STM32F4xx_HAL_Driver/Src/stm32f4xx_hal_rcc.c ****   {
 1363              		.loc 1 624 6 view .LVU452
 1364 0030 9807     		lsls	r0, r3, #30
 1365              	.LVL96:
 624:Drivers/STM32F4xx_HAL_Driver/Src/stm32f4xx_hal_rcc.c ****   {
 1366              		.loc 1 624 6 view .LVU453
 1367 0032 14D5     		bpl	.L144
 628:Drivers/STM32F4xx_HAL_Driver/Src/stm32f4xx_hal_rcc.c ****     {
 1368              		.loc 1 628 5 is_stmt 1 view .LVU454
 628:Drivers/STM32F4xx_HAL_Driver/Src/stm32f4xx_hal_rcc.c ****     {
 1369              		.loc 1 628 8 is_stmt 0 view .LVU455
 1370 0034 5907     		lsls	r1, r3, #29
 1371              	.LVL97:
 628:Drivers/STM32F4xx_HAL_Driver/Src/stm32f4xx_hal_rcc.c ****     {
 1372              		.loc 1 628 8 view .LVU456
 1373 0036 04D5     		bpl	.L147
 630:Drivers/STM32F4xx_HAL_Driver/Src/stm32f4xx_hal_rcc.c ****     }
 1374              		.loc 1 630 7 is_stmt 1 view .LVU457
 1375 0038 3C49     		ldr	r1, .L186+4
 1376 003a 8A68     		ldr	r2, [r1, #8]
 1377 003c 42F4E052 		orr	r2, r2, #7168
 1378 0040 8A60     		str	r2, [r1, #8]
 1379              	.L147:
 633:Drivers/STM32F4xx_HAL_Driver/Src/stm32f4xx_hal_rcc.c ****     {
 1380              		.loc 1 633 5 view .LVU458
 633:Drivers/STM32F4xx_HAL_Driver/Src/stm32f4xx_hal_rcc.c ****     {
 1381              		.loc 1 633 8 is_stmt 0 view .LVU459
 1382 0042 1A07     		lsls	r2, r3, #28
 1383 0044 04D5     		bpl	.L148
 635:Drivers/STM32F4xx_HAL_Driver/Src/stm32f4xx_hal_rcc.c ****     }
 1384              		.loc 1 635 7 is_stmt 1 view .LVU460
 1385 0046 3949     		ldr	r1, .L186+4
 1386 0048 8A68     		ldr	r2, [r1, #8]
 1387 004a 42F46042 		orr	r2, r2, #57344
 1388 004e 8A60     		str	r2, [r1, #8]
 1389              	.L148:
 638:Drivers/STM32F4xx_HAL_Driver/Src/stm32f4xx_hal_rcc.c ****     MODIFY_REG(RCC->CFGR, RCC_CFGR_HPRE, RCC_ClkInitStruct->AHBCLKDivider);
 1390              		.loc 1 638 5 view .LVU461
 639:Drivers/STM32F4xx_HAL_Driver/Src/stm32f4xx_hal_rcc.c ****   }
 1391              		.loc 1 639 5 view .LVU462
 1392 0050 3649     		ldr	r1, .L186+4
 1393 0052 A068     		ldr	r0, [r4, #8]
 1394 0054 8A68     		ldr	r2, [r1, #8]
 1395 0056 22F0F002 		bic	r2, r2, #240
 1396 005a 0243     		orrs	r2, r2, r0
 1397 005c 8A60     		str	r2, [r1, #8]
 1398              	.L144:
ARM GAS  C:\Users\kaush\AppData\Local\Temp\cclu20cy.s 			page 47


 643:Drivers/STM32F4xx_HAL_Driver/Src/stm32f4xx_hal_rcc.c ****   {
 1399              		.loc 1 643 3 view .LVU463
 643:Drivers/STM32F4xx_HAL_Driver/Src/stm32f4xx_hal_rcc.c ****   {
 1400              		.loc 1 643 6 is_stmt 0 view .LVU464
 1401 005e DF07     		lsls	r7, r3, #31
 1402 0060 21D5     		bpl	.L157
 645:Drivers/STM32F4xx_HAL_Driver/Src/stm32f4xx_hal_rcc.c **** 
 1403              		.loc 1 645 5 is_stmt 1 view .LVU465
 648:Drivers/STM32F4xx_HAL_Driver/Src/stm32f4xx_hal_rcc.c ****     {
 1404              		.loc 1 648 5 view .LVU466
 648:Drivers/STM32F4xx_HAL_Driver/Src/stm32f4xx_hal_rcc.c ****     {
 1405              		.loc 1 648 26 is_stmt 0 view .LVU467
 1406 0062 6268     		ldr	r2, [r4, #4]
 648:Drivers/STM32F4xx_HAL_Driver/Src/stm32f4xx_hal_rcc.c ****     {
 1407              		.loc 1 648 8 view .LVU468
 1408 0064 012A     		cmp	r2, #1
 1409 0066 57D0     		beq	.L184
 657:Drivers/STM32F4xx_HAL_Driver/Src/stm32f4xx_hal_rcc.c ****              (RCC_ClkInitStruct->SYSCLKSource == RCC_SYSCLKSOURCE_PLLRCLK))
 1410              		.loc 1 657 10 is_stmt 1 view .LVU469
 657:Drivers/STM32F4xx_HAL_Driver/Src/stm32f4xx_hal_rcc.c ****              (RCC_ClkInitStruct->SYSCLKSource == RCC_SYSCLKSOURCE_PLLRCLK))
 1411              		.loc 1 657 77 is_stmt 0 view .LVU470
 1412 0068 931E     		subs	r3, r2, #2
 657:Drivers/STM32F4xx_HAL_Driver/Src/stm32f4xx_hal_rcc.c ****              (RCC_ClkInitStruct->SYSCLKSource == RCC_SYSCLKSOURCE_PLLRCLK))
 1413              		.loc 1 657 13 view .LVU471
 1414 006a 012B     		cmp	r3, #1
 661:Drivers/STM32F4xx_HAL_Driver/Src/stm32f4xx_hal_rcc.c ****       {
 1415              		.loc 1 661 11 view .LVU472
 1416 006c 2F4B     		ldr	r3, .L186+4
 1417 006e 1B68     		ldr	r3, [r3]
 657:Drivers/STM32F4xx_HAL_Driver/Src/stm32f4xx_hal_rcc.c ****              (RCC_ClkInitStruct->SYSCLKSource == RCC_SYSCLKSOURCE_PLLRCLK))
 1418              		.loc 1 657 13 view .LVU473
 1419 0070 4DD9     		bls	.L185
 670:Drivers/STM32F4xx_HAL_Driver/Src/stm32f4xx_hal_rcc.c ****       {
 1420              		.loc 1 670 7 is_stmt 1 view .LVU474
 670:Drivers/STM32F4xx_HAL_Driver/Src/stm32f4xx_hal_rcc.c ****       {
 1421              		.loc 1 670 10 is_stmt 0 view .LVU475
 1422 0072 9907     		lsls	r1, r3, #30
 1423 0074 D8D5     		bpl	.L145
 1424              	.L153:
 676:Drivers/STM32F4xx_HAL_Driver/Src/stm32f4xx_hal_rcc.c **** 
 1425              		.loc 1 676 5 is_stmt 1 view .LVU476
 1426 0076 2D4E     		ldr	r6, .L186+4
 1427 0078 B368     		ldr	r3, [r6, #8]
 1428 007a 23F00303 		bic	r3, r3, #3
 1429 007e 1343     		orrs	r3, r3, r2
 1430 0080 B360     		str	r3, [r6, #8]
 679:Drivers/STM32F4xx_HAL_Driver/Src/stm32f4xx_hal_rcc.c **** 
 1431              		.loc 1 679 5 view .LVU477
 679:Drivers/STM32F4xx_HAL_Driver/Src/stm32f4xx_hal_rcc.c **** 
 1432              		.loc 1 679 17 is_stmt 0 view .LVU478
 1433 0082 FFF7FEFF 		bl	HAL_GetTick
 1434              	.LVL98:
 683:Drivers/STM32F4xx_HAL_Driver/Src/stm32f4xx_hal_rcc.c ****       {
 1435              		.loc 1 683 10 discriminator 1 view .LVU479
 1436 0086 41F28838 		movw	r8, #5000
 679:Drivers/STM32F4xx_HAL_Driver/Src/stm32f4xx_hal_rcc.c **** 
 1437              		.loc 1 679 17 view .LVU480
ARM GAS  C:\Users\kaush\AppData\Local\Temp\cclu20cy.s 			page 48


 1438 008a 0746     		mov	r7, r0
 1439              	.LVL99:
 681:Drivers/STM32F4xx_HAL_Driver/Src/stm32f4xx_hal_rcc.c ****     {
 1440              		.loc 1 681 5 is_stmt 1 view .LVU481
 681:Drivers/STM32F4xx_HAL_Driver/Src/stm32f4xx_hal_rcc.c ****     {
 1441              		.loc 1 681 11 is_stmt 0 view .LVU482
 1442 008c 04E0     		b	.L155
 1443              	.LVL100:
 1444              	.L156:
 683:Drivers/STM32F4xx_HAL_Driver/Src/stm32f4xx_hal_rcc.c ****       {
 1445              		.loc 1 683 12 view .LVU483
 1446 008e FFF7FEFF 		bl	HAL_GetTick
 1447              	.LVL101:
 683:Drivers/STM32F4xx_HAL_Driver/Src/stm32f4xx_hal_rcc.c ****       {
 1448              		.loc 1 683 26 discriminator 1 view .LVU484
 1449 0092 C01B     		subs	r0, r0, r7
 683:Drivers/STM32F4xx_HAL_Driver/Src/stm32f4xx_hal_rcc.c ****       {
 1450              		.loc 1 683 10 discriminator 1 view .LVU485
 1451 0094 4045     		cmp	r0, r8
 1452 0096 44D8     		bhi	.L161
 1453              	.L155:
 683:Drivers/STM32F4xx_HAL_Driver/Src/stm32f4xx_hal_rcc.c ****       {
 1454              		.loc 1 683 7 is_stmt 1 view .LVU486
 681:Drivers/STM32F4xx_HAL_Driver/Src/stm32f4xx_hal_rcc.c ****     {
 1455              		.loc 1 681 42 view .LVU487
 681:Drivers/STM32F4xx_HAL_Driver/Src/stm32f4xx_hal_rcc.c ****     {
 1456              		.loc 1 681 12 is_stmt 0 view .LVU488
 1457 0098 B368     		ldr	r3, [r6, #8]
 681:Drivers/STM32F4xx_HAL_Driver/Src/stm32f4xx_hal_rcc.c ****     {
 1458              		.loc 1 681 78 view .LVU489
 1459 009a 6268     		ldr	r2, [r4, #4]
 681:Drivers/STM32F4xx_HAL_Driver/Src/stm32f4xx_hal_rcc.c ****     {
 1460              		.loc 1 681 12 view .LVU490
 1461 009c 03F00C03 		and	r3, r3, #12
 681:Drivers/STM32F4xx_HAL_Driver/Src/stm32f4xx_hal_rcc.c ****     {
 1462              		.loc 1 681 42 view .LVU491
 1463 00a0 B3EB820F 		cmp	r3, r2, lsl #2
 1464 00a4 F3D1     		bne	.L156
 1465              	.LVL102:
 1466              	.L157:
 691:Drivers/STM32F4xx_HAL_Driver/Src/stm32f4xx_hal_rcc.c ****   {
 1467              		.loc 1 691 3 is_stmt 1 view .LVU492
 691:Drivers/STM32F4xx_HAL_Driver/Src/stm32f4xx_hal_rcc.c ****   {
 1468              		.loc 1 691 18 is_stmt 0 view .LVU493
 1469 00a6 204A     		ldr	r2, .L186
 1470 00a8 1368     		ldr	r3, [r2]
 1471 00aa 03F00F03 		and	r3, r3, #15
 691:Drivers/STM32F4xx_HAL_Driver/Src/stm32f4xx_hal_rcc.c ****   {
 1472              		.loc 1 691 6 view .LVU494
 1473 00ae AB42     		cmp	r3, r5
 1474 00b0 06D9     		bls	.L151
 694:Drivers/STM32F4xx_HAL_Driver/Src/stm32f4xx_hal_rcc.c **** 
 1475              		.loc 1 694 5 is_stmt 1 view .LVU495
 1476 00b2 EBB2     		uxtb	r3, r5
 1477 00b4 1370     		strb	r3, [r2]
 698:Drivers/STM32F4xx_HAL_Driver/Src/stm32f4xx_hal_rcc.c ****     {
 1478              		.loc 1 698 5 view .LVU496
ARM GAS  C:\Users\kaush\AppData\Local\Temp\cclu20cy.s 			page 49


 698:Drivers/STM32F4xx_HAL_Driver/Src/stm32f4xx_hal_rcc.c ****     {
 1479              		.loc 1 698 9 is_stmt 0 view .LVU497
 1480 00b6 1368     		ldr	r3, [r2]
 1481 00b8 03F00F03 		and	r3, r3, #15
 698:Drivers/STM32F4xx_HAL_Driver/Src/stm32f4xx_hal_rcc.c ****     {
 1482              		.loc 1 698 8 view .LVU498
 1483 00bc AB42     		cmp	r3, r5
 1484 00be B3D1     		bne	.L145
 1485              	.L151:
 705:Drivers/STM32F4xx_HAL_Driver/Src/stm32f4xx_hal_rcc.c ****   {
 1486              		.loc 1 705 3 is_stmt 1 view .LVU499
 705:Drivers/STM32F4xx_HAL_Driver/Src/stm32f4xx_hal_rcc.c ****   {
 1487              		.loc 1 705 26 is_stmt 0 view .LVU500
 1488 00c0 2368     		ldr	r3, [r4]
 705:Drivers/STM32F4xx_HAL_Driver/Src/stm32f4xx_hal_rcc.c ****   {
 1489              		.loc 1 705 6 view .LVU501
 1490 00c2 5A07     		lsls	r2, r3, #29
 1491 00c4 06D5     		bpl	.L159
 707:Drivers/STM32F4xx_HAL_Driver/Src/stm32f4xx_hal_rcc.c ****     MODIFY_REG(RCC->CFGR, RCC_CFGR_PPRE1, RCC_ClkInitStruct->APB1CLKDivider);
 1492              		.loc 1 707 5 is_stmt 1 view .LVU502
 708:Drivers/STM32F4xx_HAL_Driver/Src/stm32f4xx_hal_rcc.c ****   }
 1493              		.loc 1 708 5 view .LVU503
 1494 00c6 1949     		ldr	r1, .L186+4
 1495 00c8 E068     		ldr	r0, [r4, #12]
 1496 00ca 8A68     		ldr	r2, [r1, #8]
 1497 00cc 22F4E052 		bic	r2, r2, #7168
 1498 00d0 0243     		orrs	r2, r2, r0
 1499 00d2 8A60     		str	r2, [r1, #8]
 1500              	.L159:
 712:Drivers/STM32F4xx_HAL_Driver/Src/stm32f4xx_hal_rcc.c ****   {
 1501              		.loc 1 712 3 view .LVU504
 712:Drivers/STM32F4xx_HAL_Driver/Src/stm32f4xx_hal_rcc.c ****   {
 1502              		.loc 1 712 6 is_stmt 0 view .LVU505
 1503 00d4 1B07     		lsls	r3, r3, #28
 1504 00d6 07D5     		bpl	.L160
 714:Drivers/STM32F4xx_HAL_Driver/Src/stm32f4xx_hal_rcc.c ****     MODIFY_REG(RCC->CFGR, RCC_CFGR_PPRE2, ((RCC_ClkInitStruct->APB2CLKDivider) << 3U));
 1505              		.loc 1 714 5 is_stmt 1 view .LVU506
 715:Drivers/STM32F4xx_HAL_Driver/Src/stm32f4xx_hal_rcc.c ****   }
 1506              		.loc 1 715 5 view .LVU507
 1507 00d8 144A     		ldr	r2, .L186+4
 1508 00da 2169     		ldr	r1, [r4, #16]
 1509 00dc 9368     		ldr	r3, [r2, #8]
 1510 00de 23F46043 		bic	r3, r3, #57344
 1511 00e2 43EAC103 		orr	r3, r3, r1, lsl #3
 1512 00e6 9360     		str	r3, [r2, #8]
 1513              	.L160:
 719:Drivers/STM32F4xx_HAL_Driver/Src/stm32f4xx_hal_rcc.c **** 
 1514              		.loc 1 719 3 view .LVU508
 719:Drivers/STM32F4xx_HAL_Driver/Src/stm32f4xx_hal_rcc.c **** 
 1515              		.loc 1 719 21 is_stmt 0 view .LVU509
 1516 00e8 FFF7FEFF 		bl	HAL_RCC_GetSysClockFreq
 1517              	.LVL103:
 719:Drivers/STM32F4xx_HAL_Driver/Src/stm32f4xx_hal_rcc.c **** 
 1518              		.loc 1 719 68 discriminator 1 view .LVU510
 1519 00ec 0F4A     		ldr	r2, .L186+4
 719:Drivers/STM32F4xx_HAL_Driver/Src/stm32f4xx_hal_rcc.c **** 
 1520              		.loc 1 719 63 discriminator 1 view .LVU511
ARM GAS  C:\Users\kaush\AppData\Local\Temp\cclu20cy.s 			page 50


 1521 00ee 104C     		ldr	r4, .L186+8
 1522              	.LVL104:
 719:Drivers/STM32F4xx_HAL_Driver/Src/stm32f4xx_hal_rcc.c **** 
 1523              		.loc 1 719 68 discriminator 1 view .LVU512
 1524 00f0 9268     		ldr	r2, [r2, #8]
 719:Drivers/STM32F4xx_HAL_Driver/Src/stm32f4xx_hal_rcc.c **** 
 1525              		.loc 1 719 19 discriminator 1 view .LVU513
 1526 00f2 1049     		ldr	r1, .L186+12
 719:Drivers/STM32F4xx_HAL_Driver/Src/stm32f4xx_hal_rcc.c **** 
 1527              		.loc 1 719 92 discriminator 1 view .LVU514
 1528 00f4 C2F30312 		ubfx	r2, r2, #4, #4
 719:Drivers/STM32F4xx_HAL_Driver/Src/stm32f4xx_hal_rcc.c **** 
 1529              		.loc 1 719 21 view .LVU515
 1530 00f8 0346     		mov	r3, r0
 719:Drivers/STM32F4xx_HAL_Driver/Src/stm32f4xx_hal_rcc.c **** 
 1531              		.loc 1 719 63 discriminator 1 view .LVU516
 1532 00fa A25C     		ldrb	r2, [r4, r2]	@ zero_extendqisi2
 722:Drivers/STM32F4xx_HAL_Driver/Src/stm32f4xx_hal_rcc.c **** 
 1533              		.loc 1 722 3 view .LVU517
 1534 00fc 0E48     		ldr	r0, .L186+16
 719:Drivers/STM32F4xx_HAL_Driver/Src/stm32f4xx_hal_rcc.c **** 
 1535              		.loc 1 719 47 discriminator 1 view .LVU518
 1536 00fe D340     		lsrs	r3, r3, r2
 722:Drivers/STM32F4xx_HAL_Driver/Src/stm32f4xx_hal_rcc.c **** 
 1537              		.loc 1 722 3 view .LVU519
 1538 0100 0068     		ldr	r0, [r0]
 719:Drivers/STM32F4xx_HAL_Driver/Src/stm32f4xx_hal_rcc.c **** 
 1539              		.loc 1 719 19 discriminator 1 view .LVU520
 1540 0102 0B60     		str	r3, [r1]
 722:Drivers/STM32F4xx_HAL_Driver/Src/stm32f4xx_hal_rcc.c **** 
 1541              		.loc 1 722 3 is_stmt 1 view .LVU521
 1542 0104 FFF7FEFF 		bl	HAL_InitTick
 1543              	.LVL105:
 724:Drivers/STM32F4xx_HAL_Driver/Src/stm32f4xx_hal_rcc.c **** }
 1544              		.loc 1 724 3 view .LVU522
 724:Drivers/STM32F4xx_HAL_Driver/Src/stm32f4xx_hal_rcc.c **** }
 1545              		.loc 1 724 10 is_stmt 0 view .LVU523
 1546 0108 0020     		movs	r0, #0
 725:Drivers/STM32F4xx_HAL_Driver/Src/stm32f4xx_hal_rcc.c **** 
 1547              		.loc 1 725 1 view .LVU524
 1548 010a BDE8F081 		pop	{r4, r5, r6, r7, r8, pc}
 1549              	.LVL106:
 1550              	.L185:
 661:Drivers/STM32F4xx_HAL_Driver/Src/stm32f4xx_hal_rcc.c ****       {
 1551              		.loc 1 661 7 is_stmt 1 view .LVU525
 661:Drivers/STM32F4xx_HAL_Driver/Src/stm32f4xx_hal_rcc.c ****       {
 1552              		.loc 1 661 10 is_stmt 0 view .LVU526
 1553 010e 9801     		lsls	r0, r3, #6
 1554 0110 B1D4     		bmi	.L153
 1555 0112 89E7     		b	.L145
 1556              	.LVL107:
 1557              	.L183:
 1558              	.LCFI14:
 1559              		.cfi_def_cfa_offset 0
 1560              		.cfi_restore 4
 1561              		.cfi_restore 5
 1562              		.cfi_restore 6
ARM GAS  C:\Users\kaush\AppData\Local\Temp\cclu20cy.s 			page 51


 1563              		.cfi_restore 7
 1564              		.cfi_restore 8
 1565              		.cfi_restore 14
 598:Drivers/STM32F4xx_HAL_Driver/Src/stm32f4xx_hal_rcc.c ****   }
 1566              		.loc 1 598 12 view .LVU527
 1567 0114 0120     		movs	r0, #1
 1568              	.LVL108:
 725:Drivers/STM32F4xx_HAL_Driver/Src/stm32f4xx_hal_rcc.c **** 
 1569              		.loc 1 725 1 view .LVU528
 1570 0116 7047     		bx	lr
 1571              	.LVL109:
 1572              	.L184:
 1573              	.LCFI15:
 1574              		.cfi_def_cfa_offset 24
 1575              		.cfi_offset 4, -24
 1576              		.cfi_offset 5, -20
 1577              		.cfi_offset 6, -16
 1578              		.cfi_offset 7, -12
 1579              		.cfi_offset 8, -8
 1580              		.cfi_offset 14, -4
 651:Drivers/STM32F4xx_HAL_Driver/Src/stm32f4xx_hal_rcc.c ****       {
 1581              		.loc 1 651 7 is_stmt 1 view .LVU529
 651:Drivers/STM32F4xx_HAL_Driver/Src/stm32f4xx_hal_rcc.c ****       {
 1582              		.loc 1 651 11 is_stmt 0 view .LVU530
 1583 0118 044B     		ldr	r3, .L186+4
 1584 011a 1B68     		ldr	r3, [r3]
 651:Drivers/STM32F4xx_HAL_Driver/Src/stm32f4xx_hal_rcc.c ****       {
 1585              		.loc 1 651 10 view .LVU531
 1586 011c 9E03     		lsls	r6, r3, #14
 1587 011e AAD4     		bmi	.L153
 1588 0120 82E7     		b	.L145
 1589              	.LVL110:
 1590              	.L161:
 685:Drivers/STM32F4xx_HAL_Driver/Src/stm32f4xx_hal_rcc.c ****       }
 1591              		.loc 1 685 16 view .LVU532
 1592 0122 0320     		movs	r0, #3
 1593 0124 81E7     		b	.L141
 1594              	.L187:
 1595 0126 00BF     		.align	2
 1596              	.L186:
 1597 0128 003C0240 		.word	1073888256
 1598 012c 00380240 		.word	1073887232
 1599 0130 00000000 		.word	AHBPrescTable
 1600 0134 00000000 		.word	SystemCoreClock
 1601 0138 00000000 		.word	uwTickPrio
 1602              		.cfi_endproc
 1603              	.LFE136:
 1605              		.section	.text.HAL_RCC_GetHCLKFreq,"ax",%progbits
 1606              		.align	1
 1607              		.p2align 2,,3
 1608              		.global	HAL_RCC_GetHCLKFreq
 1609              		.syntax unified
 1610              		.thumb
 1611              		.thumb_func
 1613              	HAL_RCC_GetHCLKFreq:
 1614              	.LFB141:
 933:Drivers/STM32F4xx_HAL_Driver/Src/stm32f4xx_hal_rcc.c **** 
ARM GAS  C:\Users\kaush\AppData\Local\Temp\cclu20cy.s 			page 52


 934:Drivers/STM32F4xx_HAL_Driver/Src/stm32f4xx_hal_rcc.c **** /**
 935:Drivers/STM32F4xx_HAL_Driver/Src/stm32f4xx_hal_rcc.c ****   * @brief  Returns the HCLK frequency
 936:Drivers/STM32F4xx_HAL_Driver/Src/stm32f4xx_hal_rcc.c ****   * @note   Each time HCLK changes, this function must be called to update the
 937:Drivers/STM32F4xx_HAL_Driver/Src/stm32f4xx_hal_rcc.c ****   *         right HCLK value. Otherwise, any configuration based on this function will be incorrect
 938:Drivers/STM32F4xx_HAL_Driver/Src/stm32f4xx_hal_rcc.c ****   *
 939:Drivers/STM32F4xx_HAL_Driver/Src/stm32f4xx_hal_rcc.c ****   * @note   The SystemCoreClock CMSIS variable is used to store System Clock Frequency
 940:Drivers/STM32F4xx_HAL_Driver/Src/stm32f4xx_hal_rcc.c ****   *         and updated within this function
 941:Drivers/STM32F4xx_HAL_Driver/Src/stm32f4xx_hal_rcc.c ****   * @retval HCLK frequency
 942:Drivers/STM32F4xx_HAL_Driver/Src/stm32f4xx_hal_rcc.c ****   */
 943:Drivers/STM32F4xx_HAL_Driver/Src/stm32f4xx_hal_rcc.c **** uint32_t HAL_RCC_GetHCLKFreq(void)
 944:Drivers/STM32F4xx_HAL_Driver/Src/stm32f4xx_hal_rcc.c **** {
 1615              		.loc 1 944 1 is_stmt 1 view -0
 1616              		.cfi_startproc
 1617              		@ args = 0, pretend = 0, frame = 0
 1618              		@ frame_needed = 0, uses_anonymous_args = 0
 1619              		@ link register save eliminated.
 945:Drivers/STM32F4xx_HAL_Driver/Src/stm32f4xx_hal_rcc.c ****   return SystemCoreClock;
 1620              		.loc 1 945 3 view .LVU534
 1621              		.loc 1 945 10 is_stmt 0 view .LVU535
 1622 0000 014B     		ldr	r3, .L189
 946:Drivers/STM32F4xx_HAL_Driver/Src/stm32f4xx_hal_rcc.c **** }
 1623              		.loc 1 946 1 view .LVU536
 1624 0002 1868     		ldr	r0, [r3]
 1625 0004 7047     		bx	lr
 1626              	.L190:
 1627 0006 00BF     		.align	2
 1628              	.L189:
 1629 0008 00000000 		.word	SystemCoreClock
 1630              		.cfi_endproc
 1631              	.LFE141:
 1633              		.section	.text.HAL_RCC_GetPCLK1Freq,"ax",%progbits
 1634              		.align	1
 1635              		.p2align 2,,3
 1636              		.global	HAL_RCC_GetPCLK1Freq
 1637              		.syntax unified
 1638              		.thumb
 1639              		.thumb_func
 1641              	HAL_RCC_GetPCLK1Freq:
 1642              	.LFB142:
 947:Drivers/STM32F4xx_HAL_Driver/Src/stm32f4xx_hal_rcc.c **** 
 948:Drivers/STM32F4xx_HAL_Driver/Src/stm32f4xx_hal_rcc.c **** /**
 949:Drivers/STM32F4xx_HAL_Driver/Src/stm32f4xx_hal_rcc.c ****   * @brief  Returns the PCLK1 frequency
 950:Drivers/STM32F4xx_HAL_Driver/Src/stm32f4xx_hal_rcc.c ****   * @note   Each time PCLK1 changes, this function must be called to update the
 951:Drivers/STM32F4xx_HAL_Driver/Src/stm32f4xx_hal_rcc.c ****   *         right PCLK1 value. Otherwise, any configuration based on this function will be incorrec
 952:Drivers/STM32F4xx_HAL_Driver/Src/stm32f4xx_hal_rcc.c ****   * @retval PCLK1 frequency
 953:Drivers/STM32F4xx_HAL_Driver/Src/stm32f4xx_hal_rcc.c ****   */
 954:Drivers/STM32F4xx_HAL_Driver/Src/stm32f4xx_hal_rcc.c **** uint32_t HAL_RCC_GetPCLK1Freq(void)
 955:Drivers/STM32F4xx_HAL_Driver/Src/stm32f4xx_hal_rcc.c **** {
 1643              		.loc 1 955 1 is_stmt 1 view -0
 1644              		.cfi_startproc
 1645              		@ args = 0, pretend = 0, frame = 0
 1646              		@ frame_needed = 0, uses_anonymous_args = 0
 1647              		@ link register save eliminated.
 956:Drivers/STM32F4xx_HAL_Driver/Src/stm32f4xx_hal_rcc.c ****   /* Get HCLK source and Compute PCLK1 frequency ---------------------------*/
 957:Drivers/STM32F4xx_HAL_Driver/Src/stm32f4xx_hal_rcc.c ****   return (HAL_RCC_GetHCLKFreq() >> APBPrescTable[(RCC->CFGR & RCC_CFGR_PPRE1) >> RCC_CFGR_PPRE1_Pos
 1648              		.loc 1 957 3 view .LVU538
 1649              	.LBB26:
ARM GAS  C:\Users\kaush\AppData\Local\Temp\cclu20cy.s 			page 53


 1650              	.LBI26:
 943:Drivers/STM32F4xx_HAL_Driver/Src/stm32f4xx_hal_rcc.c **** {
 1651              		.loc 1 943 10 view .LVU539
 1652              	.LBB27:
 945:Drivers/STM32F4xx_HAL_Driver/Src/stm32f4xx_hal_rcc.c **** }
 1653              		.loc 1 945 3 view .LVU540
 1654              	.LBE27:
 1655              	.LBE26:
 1656              		.loc 1 957 54 is_stmt 0 discriminator 1 view .LVU541
 1657 0000 044B     		ldr	r3, .L192
 1658              	.LBB29:
 1659              	.LBB28:
 945:Drivers/STM32F4xx_HAL_Driver/Src/stm32f4xx_hal_rcc.c **** }
 1660              		.loc 1 945 10 view .LVU542
 1661 0002 0549     		ldr	r1, .L192+4
 1662              	.LBE28:
 1663              	.LBE29:
 1664              		.loc 1 957 54 discriminator 1 view .LVU543
 1665 0004 9B68     		ldr	r3, [r3, #8]
 1666              		.loc 1 957 49 discriminator 1 view .LVU544
 1667 0006 054A     		ldr	r2, .L192+8
 1668              		.loc 1 957 33 discriminator 1 view .LVU545
 1669 0008 0868     		ldr	r0, [r1]
 1670              		.loc 1 957 79 discriminator 1 view .LVU546
 1671 000a C3F38223 		ubfx	r3, r3, #10, #3
 1672              		.loc 1 957 49 discriminator 1 view .LVU547
 1673 000e D35C     		ldrb	r3, [r2, r3]	@ zero_extendqisi2
 958:Drivers/STM32F4xx_HAL_Driver/Src/stm32f4xx_hal_rcc.c **** }
 1674              		.loc 1 958 1 view .LVU548
 1675 0010 D840     		lsrs	r0, r0, r3
 1676 0012 7047     		bx	lr
 1677              	.L193:
 1678              		.align	2
 1679              	.L192:
 1680 0014 00380240 		.word	1073887232
 1681 0018 00000000 		.word	SystemCoreClock
 1682 001c 00000000 		.word	APBPrescTable
 1683              		.cfi_endproc
 1684              	.LFE142:
 1686              		.section	.text.HAL_RCC_GetPCLK2Freq,"ax",%progbits
 1687              		.align	1
 1688              		.p2align 2,,3
 1689              		.global	HAL_RCC_GetPCLK2Freq
 1690              		.syntax unified
 1691              		.thumb
 1692              		.thumb_func
 1694              	HAL_RCC_GetPCLK2Freq:
 1695              	.LFB143:
 959:Drivers/STM32F4xx_HAL_Driver/Src/stm32f4xx_hal_rcc.c **** 
 960:Drivers/STM32F4xx_HAL_Driver/Src/stm32f4xx_hal_rcc.c **** /**
 961:Drivers/STM32F4xx_HAL_Driver/Src/stm32f4xx_hal_rcc.c ****   * @brief  Returns the PCLK2 frequency
 962:Drivers/STM32F4xx_HAL_Driver/Src/stm32f4xx_hal_rcc.c ****   * @note   Each time PCLK2 changes, this function must be called to update the
 963:Drivers/STM32F4xx_HAL_Driver/Src/stm32f4xx_hal_rcc.c ****   *         right PCLK2 value. Otherwise, any configuration based on this function will be incorrec
 964:Drivers/STM32F4xx_HAL_Driver/Src/stm32f4xx_hal_rcc.c ****   * @retval PCLK2 frequency
 965:Drivers/STM32F4xx_HAL_Driver/Src/stm32f4xx_hal_rcc.c ****   */
 966:Drivers/STM32F4xx_HAL_Driver/Src/stm32f4xx_hal_rcc.c **** uint32_t HAL_RCC_GetPCLK2Freq(void)
 967:Drivers/STM32F4xx_HAL_Driver/Src/stm32f4xx_hal_rcc.c **** {
ARM GAS  C:\Users\kaush\AppData\Local\Temp\cclu20cy.s 			page 54


 1696              		.loc 1 967 1 is_stmt 1 view -0
 1697              		.cfi_startproc
 1698              		@ args = 0, pretend = 0, frame = 0
 1699              		@ frame_needed = 0, uses_anonymous_args = 0
 1700              		@ link register save eliminated.
 968:Drivers/STM32F4xx_HAL_Driver/Src/stm32f4xx_hal_rcc.c ****   /* Get HCLK source and Compute PCLK2 frequency ---------------------------*/
 969:Drivers/STM32F4xx_HAL_Driver/Src/stm32f4xx_hal_rcc.c ****   return (HAL_RCC_GetHCLKFreq() >> APBPrescTable[(RCC->CFGR & RCC_CFGR_PPRE2) >> RCC_CFGR_PPRE2_Pos
 1701              		.loc 1 969 3 view .LVU550
 1702              	.LBB30:
 1703              	.LBI30:
 943:Drivers/STM32F4xx_HAL_Driver/Src/stm32f4xx_hal_rcc.c **** {
 1704              		.loc 1 943 10 view .LVU551
 1705              	.LBB31:
 945:Drivers/STM32F4xx_HAL_Driver/Src/stm32f4xx_hal_rcc.c **** }
 1706              		.loc 1 945 3 view .LVU552
 1707              	.LBE31:
 1708              	.LBE30:
 1709              		.loc 1 969 54 is_stmt 0 discriminator 1 view .LVU553
 1710 0000 044B     		ldr	r3, .L195
 1711              	.LBB33:
 1712              	.LBB32:
 945:Drivers/STM32F4xx_HAL_Driver/Src/stm32f4xx_hal_rcc.c **** }
 1713              		.loc 1 945 10 view .LVU554
 1714 0002 0549     		ldr	r1, .L195+4
 1715              	.LBE32:
 1716              	.LBE33:
 1717              		.loc 1 969 54 discriminator 1 view .LVU555
 1718 0004 9B68     		ldr	r3, [r3, #8]
 1719              		.loc 1 969 49 discriminator 1 view .LVU556
 1720 0006 054A     		ldr	r2, .L195+8
 1721              		.loc 1 969 33 discriminator 1 view .LVU557
 1722 0008 0868     		ldr	r0, [r1]
 1723              		.loc 1 969 79 discriminator 1 view .LVU558
 1724 000a C3F34233 		ubfx	r3, r3, #13, #3
 1725              		.loc 1 969 49 discriminator 1 view .LVU559
 1726 000e D35C     		ldrb	r3, [r2, r3]	@ zero_extendqisi2
 970:Drivers/STM32F4xx_HAL_Driver/Src/stm32f4xx_hal_rcc.c **** }
 1727              		.loc 1 970 1 view .LVU560
 1728 0010 D840     		lsrs	r0, r0, r3
 1729 0012 7047     		bx	lr
 1730              	.L196:
 1731              		.align	2
 1732              	.L195:
 1733 0014 00380240 		.word	1073887232
 1734 0018 00000000 		.word	SystemCoreClock
 1735 001c 00000000 		.word	APBPrescTable
 1736              		.cfi_endproc
 1737              	.LFE143:
 1739              		.section	.text.HAL_RCC_GetOscConfig,"ax",%progbits
 1740              		.align	1
 1741              		.p2align 2,,3
 1742              		.weak	HAL_RCC_GetOscConfig
 1743              		.syntax unified
 1744              		.thumb
 1745              		.thumb_func
 1747              	HAL_RCC_GetOscConfig:
 1748              	.LVL111:
ARM GAS  C:\Users\kaush\AppData\Local\Temp\cclu20cy.s 			page 55


 1749              	.LFB144:
 971:Drivers/STM32F4xx_HAL_Driver/Src/stm32f4xx_hal_rcc.c **** 
 972:Drivers/STM32F4xx_HAL_Driver/Src/stm32f4xx_hal_rcc.c **** /**
 973:Drivers/STM32F4xx_HAL_Driver/Src/stm32f4xx_hal_rcc.c ****   * @brief  Configures the RCC_OscInitStruct according to the internal
 974:Drivers/STM32F4xx_HAL_Driver/Src/stm32f4xx_hal_rcc.c ****   * RCC configuration registers.
 975:Drivers/STM32F4xx_HAL_Driver/Src/stm32f4xx_hal_rcc.c ****   * @param  RCC_OscInitStruct pointer to an RCC_OscInitTypeDef structure that
 976:Drivers/STM32F4xx_HAL_Driver/Src/stm32f4xx_hal_rcc.c ****   * will be configured.
 977:Drivers/STM32F4xx_HAL_Driver/Src/stm32f4xx_hal_rcc.c ****   * @retval None
 978:Drivers/STM32F4xx_HAL_Driver/Src/stm32f4xx_hal_rcc.c ****   */
 979:Drivers/STM32F4xx_HAL_Driver/Src/stm32f4xx_hal_rcc.c **** __weak void HAL_RCC_GetOscConfig(RCC_OscInitTypeDef  *RCC_OscInitStruct)
 980:Drivers/STM32F4xx_HAL_Driver/Src/stm32f4xx_hal_rcc.c **** {
 1750              		.loc 1 980 1 is_stmt 1 view -0
 1751              		.cfi_startproc
 1752              		@ args = 0, pretend = 0, frame = 0
 1753              		@ frame_needed = 0, uses_anonymous_args = 0
 1754              		@ link register save eliminated.
 981:Drivers/STM32F4xx_HAL_Driver/Src/stm32f4xx_hal_rcc.c ****   /* Set all possible values for the Oscillator type parameter ---------------*/
 982:Drivers/STM32F4xx_HAL_Driver/Src/stm32f4xx_hal_rcc.c ****   RCC_OscInitStruct->OscillatorType = RCC_OSCILLATORTYPE_HSE | RCC_OSCILLATORTYPE_HSI | RCC_OSCILLA
 1755              		.loc 1 982 3 view .LVU562
 983:Drivers/STM32F4xx_HAL_Driver/Src/stm32f4xx_hal_rcc.c **** 
 984:Drivers/STM32F4xx_HAL_Driver/Src/stm32f4xx_hal_rcc.c ****   /* Get the HSE configuration -----------------------------------------------*/
 985:Drivers/STM32F4xx_HAL_Driver/Src/stm32f4xx_hal_rcc.c ****   if ((RCC->CR & RCC_CR_HSEBYP) == RCC_CR_HSEBYP)
 1756              		.loc 1 985 11 is_stmt 0 view .LVU563
 1757 0000 214B     		ldr	r3, .L204
 982:Drivers/STM32F4xx_HAL_Driver/Src/stm32f4xx_hal_rcc.c **** 
 1758              		.loc 1 982 37 view .LVU564
 1759 0002 0F22     		movs	r2, #15
 1760 0004 0260     		str	r2, [r0]
 1761              		.loc 1 985 3 is_stmt 1 view .LVU565
 986:Drivers/STM32F4xx_HAL_Driver/Src/stm32f4xx_hal_rcc.c ****   {
 987:Drivers/STM32F4xx_HAL_Driver/Src/stm32f4xx_hal_rcc.c ****     RCC_OscInitStruct->HSEState = RCC_HSE_BYPASS;
 988:Drivers/STM32F4xx_HAL_Driver/Src/stm32f4xx_hal_rcc.c ****   }
 989:Drivers/STM32F4xx_HAL_Driver/Src/stm32f4xx_hal_rcc.c ****   else if ((RCC->CR & RCC_CR_HSEON) == RCC_CR_HSEON)
 1762              		.loc 1 989 8 view .LVU566
 985:Drivers/STM32F4xx_HAL_Driver/Src/stm32f4xx_hal_rcc.c ****   {
 1763              		.loc 1 985 11 is_stmt 0 view .LVU567
 1764 0006 1A68     		ldr	r2, [r3]
 985:Drivers/STM32F4xx_HAL_Driver/Src/stm32f4xx_hal_rcc.c ****   {
 1765              		.loc 1 985 6 view .LVU568
 1766 0008 5103     		lsls	r1, r2, #13
 1767              		.loc 1 989 16 view .LVU569
 1768 000a 58BF     		it	pl
 1769 000c 1A68     		ldrpl	r2, [r3]
 990:Drivers/STM32F4xx_HAL_Driver/Src/stm32f4xx_hal_rcc.c ****   {
 991:Drivers/STM32F4xx_HAL_Driver/Src/stm32f4xx_hal_rcc.c ****     RCC_OscInitStruct->HSEState = RCC_HSE_ON;
 992:Drivers/STM32F4xx_HAL_Driver/Src/stm32f4xx_hal_rcc.c ****   }
 993:Drivers/STM32F4xx_HAL_Driver/Src/stm32f4xx_hal_rcc.c ****   else
 994:Drivers/STM32F4xx_HAL_Driver/Src/stm32f4xx_hal_rcc.c ****   {
 995:Drivers/STM32F4xx_HAL_Driver/Src/stm32f4xx_hal_rcc.c ****     RCC_OscInitStruct->HSEState = RCC_HSE_OFF;
 996:Drivers/STM32F4xx_HAL_Driver/Src/stm32f4xx_hal_rcc.c ****   }
 997:Drivers/STM32F4xx_HAL_Driver/Src/stm32f4xx_hal_rcc.c **** 
 998:Drivers/STM32F4xx_HAL_Driver/Src/stm32f4xx_hal_rcc.c ****   /* Get the HSI configuration -----------------------------------------------*/
 999:Drivers/STM32F4xx_HAL_Driver/Src/stm32f4xx_hal_rcc.c ****   if ((RCC->CR & RCC_CR_HSION) == RCC_CR_HSION)
 1770              		.loc 1 999 11 view .LVU570
 1771 000e 1E4B     		ldr	r3, .L204
 989:Drivers/STM32F4xx_HAL_Driver/Src/stm32f4xx_hal_rcc.c ****   {
 1772              		.loc 1 989 11 view .LVU571
ARM GAS  C:\Users\kaush\AppData\Local\Temp\cclu20cy.s 			page 56


 1773 0010 54BF     		ite	pl
 1774 0012 02F48032 		andpl	r2, r2, #65536
 1775 0016 4FF4A022 		movmi	r2, #327680
 987:Drivers/STM32F4xx_HAL_Driver/Src/stm32f4xx_hal_rcc.c ****   }
 1776              		.loc 1 987 33 view .LVU572
 1777 001a 4260     		str	r2, [r0, #4]
 1778              		.loc 1 999 3 is_stmt 1 view .LVU573
 1779              		.loc 1 999 11 is_stmt 0 view .LVU574
 1780 001c 1A68     		ldr	r2, [r3]
 1781              		.loc 1 999 16 view .LVU575
 1782 001e 02F00102 		and	r2, r2, #1
 1783 0022 C260     		str	r2, [r0, #12]
1000:Drivers/STM32F4xx_HAL_Driver/Src/stm32f4xx_hal_rcc.c ****   {
1001:Drivers/STM32F4xx_HAL_Driver/Src/stm32f4xx_hal_rcc.c ****     RCC_OscInitStruct->HSIState = RCC_HSI_ON;
1002:Drivers/STM32F4xx_HAL_Driver/Src/stm32f4xx_hal_rcc.c ****   }
1003:Drivers/STM32F4xx_HAL_Driver/Src/stm32f4xx_hal_rcc.c ****   else
1004:Drivers/STM32F4xx_HAL_Driver/Src/stm32f4xx_hal_rcc.c ****   {
1005:Drivers/STM32F4xx_HAL_Driver/Src/stm32f4xx_hal_rcc.c ****     RCC_OscInitStruct->HSIState = RCC_HSI_OFF;
1006:Drivers/STM32F4xx_HAL_Driver/Src/stm32f4xx_hal_rcc.c ****   }
1007:Drivers/STM32F4xx_HAL_Driver/Src/stm32f4xx_hal_rcc.c **** 
1008:Drivers/STM32F4xx_HAL_Driver/Src/stm32f4xx_hal_rcc.c ****   RCC_OscInitStruct->HSICalibrationValue = (uint32_t)((RCC->CR & RCC_CR_HSITRIM) >> RCC_CR_HSITRIM_
 1784              		.loc 1 1008 3 is_stmt 1 view .LVU576
 1785              		.loc 1 1008 59 is_stmt 0 view .LVU577
 1786 0024 1A68     		ldr	r2, [r3]
 1787              		.loc 1 1008 44 view .LVU578
 1788 0026 C2F3C402 		ubfx	r2, r2, #3, #5
 1789              		.loc 1 1008 42 view .LVU579
 1790 002a 0261     		str	r2, [r0, #16]
1009:Drivers/STM32F4xx_HAL_Driver/Src/stm32f4xx_hal_rcc.c **** 
1010:Drivers/STM32F4xx_HAL_Driver/Src/stm32f4xx_hal_rcc.c ****   /* Get the LSE configuration -----------------------------------------------*/
1011:Drivers/STM32F4xx_HAL_Driver/Src/stm32f4xx_hal_rcc.c ****   if ((RCC->BDCR & RCC_BDCR_LSEBYP) == RCC_BDCR_LSEBYP)
 1791              		.loc 1 1011 3 is_stmt 1 view .LVU580
 1792              		.loc 1 1011 11 is_stmt 0 view .LVU581
 1793 002c 1A6F     		ldr	r2, [r3, #112]
 1794              		.loc 1 1011 6 view .LVU582
 1795 002e 5207     		lsls	r2, r2, #29
1012:Drivers/STM32F4xx_HAL_Driver/Src/stm32f4xx_hal_rcc.c ****   {
1013:Drivers/STM32F4xx_HAL_Driver/Src/stm32f4xx_hal_rcc.c ****     RCC_OscInitStruct->LSEState = RCC_LSE_BYPASS;
1014:Drivers/STM32F4xx_HAL_Driver/Src/stm32f4xx_hal_rcc.c ****   }
1015:Drivers/STM32F4xx_HAL_Driver/Src/stm32f4xx_hal_rcc.c ****   else if ((RCC->BDCR & RCC_BDCR_LSEON) == RCC_BDCR_LSEON)
 1796              		.loc 1 1015 8 is_stmt 1 view .LVU583
 1797              		.loc 1 1015 16 is_stmt 0 view .LVU584
 1798 0030 58BF     		it	pl
 1799 0032 1A6F     		ldrpl	r2, [r3, #112]
1016:Drivers/STM32F4xx_HAL_Driver/Src/stm32f4xx_hal_rcc.c ****   {
1017:Drivers/STM32F4xx_HAL_Driver/Src/stm32f4xx_hal_rcc.c ****     RCC_OscInitStruct->LSEState = RCC_LSE_ON;
1018:Drivers/STM32F4xx_HAL_Driver/Src/stm32f4xx_hal_rcc.c ****   }
1019:Drivers/STM32F4xx_HAL_Driver/Src/stm32f4xx_hal_rcc.c ****   else
1020:Drivers/STM32F4xx_HAL_Driver/Src/stm32f4xx_hal_rcc.c ****   {
1021:Drivers/STM32F4xx_HAL_Driver/Src/stm32f4xx_hal_rcc.c ****     RCC_OscInitStruct->LSEState = RCC_LSE_OFF;
1022:Drivers/STM32F4xx_HAL_Driver/Src/stm32f4xx_hal_rcc.c ****   }
1023:Drivers/STM32F4xx_HAL_Driver/Src/stm32f4xx_hal_rcc.c **** 
1024:Drivers/STM32F4xx_HAL_Driver/Src/stm32f4xx_hal_rcc.c ****   /* Get the LSI configuration -----------------------------------------------*/
1025:Drivers/STM32F4xx_HAL_Driver/Src/stm32f4xx_hal_rcc.c ****   if ((RCC->CSR & RCC_CSR_LSION) == RCC_CSR_LSION)
 1800              		.loc 1 1025 11 view .LVU585
 1801 0034 144B     		ldr	r3, .L204
1015:Drivers/STM32F4xx_HAL_Driver/Src/stm32f4xx_hal_rcc.c ****   {
ARM GAS  C:\Users\kaush\AppData\Local\Temp\cclu20cy.s 			page 57


 1802              		.loc 1 1015 23 view .LVU586
 1803 0036 54BF     		ite	pl
 1804 0038 02F00102 		andpl	r2, r2, #1
 1805 003c 0522     		movmi	r2, #5
1013:Drivers/STM32F4xx_HAL_Driver/Src/stm32f4xx_hal_rcc.c ****   }
 1806              		.loc 1 1013 33 view .LVU587
 1807 003e 8260     		str	r2, [r0, #8]
 1808              		.loc 1 1025 3 is_stmt 1 view .LVU588
 1809              		.loc 1 1025 11 is_stmt 0 view .LVU589
 1810 0040 5A6F     		ldr	r2, [r3, #116]
 1811              		.loc 1 1025 17 view .LVU590
 1812 0042 02F00102 		and	r2, r2, #1
 1813 0046 4261     		str	r2, [r0, #20]
1026:Drivers/STM32F4xx_HAL_Driver/Src/stm32f4xx_hal_rcc.c ****   {
1027:Drivers/STM32F4xx_HAL_Driver/Src/stm32f4xx_hal_rcc.c ****     RCC_OscInitStruct->LSIState = RCC_LSI_ON;
1028:Drivers/STM32F4xx_HAL_Driver/Src/stm32f4xx_hal_rcc.c ****   }
1029:Drivers/STM32F4xx_HAL_Driver/Src/stm32f4xx_hal_rcc.c ****   else
1030:Drivers/STM32F4xx_HAL_Driver/Src/stm32f4xx_hal_rcc.c ****   {
1031:Drivers/STM32F4xx_HAL_Driver/Src/stm32f4xx_hal_rcc.c ****     RCC_OscInitStruct->LSIState = RCC_LSI_OFF;
1032:Drivers/STM32F4xx_HAL_Driver/Src/stm32f4xx_hal_rcc.c ****   }
1033:Drivers/STM32F4xx_HAL_Driver/Src/stm32f4xx_hal_rcc.c **** 
1034:Drivers/STM32F4xx_HAL_Driver/Src/stm32f4xx_hal_rcc.c ****   /* Get the PLL configuration -----------------------------------------------*/
1035:Drivers/STM32F4xx_HAL_Driver/Src/stm32f4xx_hal_rcc.c ****   if ((RCC->CR & RCC_CR_PLLON) == RCC_CR_PLLON)
 1814              		.loc 1 1035 3 is_stmt 1 view .LVU591
 1815              		.loc 1 1035 11 is_stmt 0 view .LVU592
 1816 0048 1A68     		ldr	r2, [r3]
1036:Drivers/STM32F4xx_HAL_Driver/Src/stm32f4xx_hal_rcc.c ****   {
1037:Drivers/STM32F4xx_HAL_Driver/Src/stm32f4xx_hal_rcc.c ****     RCC_OscInitStruct->PLL.PLLState = RCC_PLL_ON;
 1817              		.loc 1 1037 37 view .LVU593
 1818 004a 12F0807F 		tst	r2, #16777216
 1819 004e 0CBF     		ite	eq
 1820 0050 0122     		moveq	r2, #1
 1821 0052 0222     		movne	r2, #2
 1822 0054 8261     		str	r2, [r0, #24]
1038:Drivers/STM32F4xx_HAL_Driver/Src/stm32f4xx_hal_rcc.c ****   }
1039:Drivers/STM32F4xx_HAL_Driver/Src/stm32f4xx_hal_rcc.c ****   else
1040:Drivers/STM32F4xx_HAL_Driver/Src/stm32f4xx_hal_rcc.c ****   {
1041:Drivers/STM32F4xx_HAL_Driver/Src/stm32f4xx_hal_rcc.c ****     RCC_OscInitStruct->PLL.PLLState = RCC_PLL_OFF;
1042:Drivers/STM32F4xx_HAL_Driver/Src/stm32f4xx_hal_rcc.c ****   }
1043:Drivers/STM32F4xx_HAL_Driver/Src/stm32f4xx_hal_rcc.c ****   RCC_OscInitStruct->PLL.PLLSource = (uint32_t)(RCC->PLLCFGR & RCC_PLLCFGR_PLLSRC);
 1823              		.loc 1 1043 3 is_stmt 1 view .LVU594
 1824              		.loc 1 1043 52 is_stmt 0 view .LVU595
 1825 0056 5A68     		ldr	r2, [r3, #4]
 1826              		.loc 1 1043 38 view .LVU596
 1827 0058 02F48002 		and	r2, r2, #4194304
 1828              		.loc 1 1043 36 view .LVU597
 1829 005c C261     		str	r2, [r0, #28]
1044:Drivers/STM32F4xx_HAL_Driver/Src/stm32f4xx_hal_rcc.c ****   RCC_OscInitStruct->PLL.PLLM = (uint32_t)(RCC->PLLCFGR & RCC_PLLCFGR_PLLM);
 1830              		.loc 1 1044 3 is_stmt 1 view .LVU598
 1831              		.loc 1 1044 47 is_stmt 0 view .LVU599
 1832 005e 5A68     		ldr	r2, [r3, #4]
 1833              		.loc 1 1044 33 view .LVU600
 1834 0060 02F03F02 		and	r2, r2, #63
 1835              		.loc 1 1044 31 view .LVU601
 1836 0064 0262     		str	r2, [r0, #32]
1045:Drivers/STM32F4xx_HAL_Driver/Src/stm32f4xx_hal_rcc.c ****   RCC_OscInitStruct->PLL.PLLN = (uint32_t)((RCC->PLLCFGR & RCC_PLLCFGR_PLLN) >> RCC_PLLCFGR_PLLN_Po
 1837              		.loc 1 1045 3 is_stmt 1 view .LVU602
ARM GAS  C:\Users\kaush\AppData\Local\Temp\cclu20cy.s 			page 58


 1838              		.loc 1 1045 48 is_stmt 0 view .LVU603
 1839 0066 5A68     		ldr	r2, [r3, #4]
 1840              		.loc 1 1045 33 view .LVU604
 1841 0068 C2F38812 		ubfx	r2, r2, #6, #9
 1842              		.loc 1 1045 31 view .LVU605
 1843 006c 4262     		str	r2, [r0, #36]
1046:Drivers/STM32F4xx_HAL_Driver/Src/stm32f4xx_hal_rcc.c ****   RCC_OscInitStruct->PLL.PLLP = (uint32_t)((((RCC->PLLCFGR & RCC_PLLCFGR_PLLP) + RCC_PLLCFGR_PLLP_0
 1844              		.loc 1 1046 3 is_stmt 1 view .LVU606
 1845              		.loc 1 1046 50 is_stmt 0 view .LVU607
 1846 006e 5A68     		ldr	r2, [r3, #4]
 1847              		.loc 1 1046 60 view .LVU608
 1848 0070 02F44032 		and	r2, r2, #196608
 1849              		.loc 1 1046 80 view .LVU609
 1850 0074 02F58032 		add	r2, r2, #65536
 1851              		.loc 1 1046 33 view .LVU610
 1852 0078 D20B     		lsrs	r2, r2, #15
 1853              		.loc 1 1046 31 view .LVU611
 1854 007a 8262     		str	r2, [r0, #40]
1047:Drivers/STM32F4xx_HAL_Driver/Src/stm32f4xx_hal_rcc.c ****   RCC_OscInitStruct->PLL.PLLQ = (uint32_t)((RCC->PLLCFGR & RCC_PLLCFGR_PLLQ) >> RCC_PLLCFGR_PLLQ_Po
 1855              		.loc 1 1047 3 is_stmt 1 view .LVU612
 1856              		.loc 1 1047 48 is_stmt 0 view .LVU613
 1857 007c 5B68     		ldr	r3, [r3, #4]
 1858              		.loc 1 1047 33 view .LVU614
 1859 007e C3F30363 		ubfx	r3, r3, #24, #4
 1860              		.loc 1 1047 31 view .LVU615
 1861 0082 C362     		str	r3, [r0, #44]
1048:Drivers/STM32F4xx_HAL_Driver/Src/stm32f4xx_hal_rcc.c **** }
 1862              		.loc 1 1048 1 view .LVU616
 1863 0084 7047     		bx	lr
 1864              	.L205:
 1865 0086 00BF     		.align	2
 1866              	.L204:
 1867 0088 00380240 		.word	1073887232
 1868              		.cfi_endproc
 1869              	.LFE144:
 1871              		.section	.text.HAL_RCC_GetClockConfig,"ax",%progbits
 1872              		.align	1
 1873              		.p2align 2,,3
 1874              		.global	HAL_RCC_GetClockConfig
 1875              		.syntax unified
 1876              		.thumb
 1877              		.thumb_func
 1879              	HAL_RCC_GetClockConfig:
 1880              	.LVL112:
 1881              	.LFB145:
1049:Drivers/STM32F4xx_HAL_Driver/Src/stm32f4xx_hal_rcc.c **** 
1050:Drivers/STM32F4xx_HAL_Driver/Src/stm32f4xx_hal_rcc.c **** /**
1051:Drivers/STM32F4xx_HAL_Driver/Src/stm32f4xx_hal_rcc.c ****   * @brief  Configures the RCC_ClkInitStruct according to the internal
1052:Drivers/STM32F4xx_HAL_Driver/Src/stm32f4xx_hal_rcc.c ****   * RCC configuration registers.
1053:Drivers/STM32F4xx_HAL_Driver/Src/stm32f4xx_hal_rcc.c ****   * @param  RCC_ClkInitStruct pointer to an RCC_ClkInitTypeDef structure that
1054:Drivers/STM32F4xx_HAL_Driver/Src/stm32f4xx_hal_rcc.c ****   * will be configured.
1055:Drivers/STM32F4xx_HAL_Driver/Src/stm32f4xx_hal_rcc.c ****   * @param  pFLatency Pointer on the Flash Latency.
1056:Drivers/STM32F4xx_HAL_Driver/Src/stm32f4xx_hal_rcc.c ****   * @retval None
1057:Drivers/STM32F4xx_HAL_Driver/Src/stm32f4xx_hal_rcc.c ****   */
1058:Drivers/STM32F4xx_HAL_Driver/Src/stm32f4xx_hal_rcc.c **** void HAL_RCC_GetClockConfig(RCC_ClkInitTypeDef  *RCC_ClkInitStruct, uint32_t *pFLatency)
1059:Drivers/STM32F4xx_HAL_Driver/Src/stm32f4xx_hal_rcc.c **** {
 1882              		.loc 1 1059 1 is_stmt 1 view -0
ARM GAS  C:\Users\kaush\AppData\Local\Temp\cclu20cy.s 			page 59


 1883              		.cfi_startproc
 1884              		@ args = 0, pretend = 0, frame = 0
 1885              		@ frame_needed = 0, uses_anonymous_args = 0
 1886              		@ link register save eliminated.
1060:Drivers/STM32F4xx_HAL_Driver/Src/stm32f4xx_hal_rcc.c ****   /* Set all possible values for the Clock type parameter --------------------*/
1061:Drivers/STM32F4xx_HAL_Driver/Src/stm32f4xx_hal_rcc.c ****   RCC_ClkInitStruct->ClockType = RCC_CLOCKTYPE_SYSCLK | RCC_CLOCKTYPE_HCLK | RCC_CLOCKTYPE_PCLK1 | 
 1887              		.loc 1 1061 3 view .LVU618
1062:Drivers/STM32F4xx_HAL_Driver/Src/stm32f4xx_hal_rcc.c **** 
1063:Drivers/STM32F4xx_HAL_Driver/Src/stm32f4xx_hal_rcc.c ****   /* Get the SYSCLK configuration --------------------------------------------*/
1064:Drivers/STM32F4xx_HAL_Driver/Src/stm32f4xx_hal_rcc.c ****   RCC_ClkInitStruct->SYSCLKSource = (uint32_t)(RCC->CFGR & RCC_CFGR_SW);
 1888              		.loc 1 1064 51 is_stmt 0 view .LVU619
 1889 0000 0D4B     		ldr	r3, .L208
1061:Drivers/STM32F4xx_HAL_Driver/Src/stm32f4xx_hal_rcc.c **** 
 1890              		.loc 1 1061 32 view .LVU620
 1891 0002 0F22     		movs	r2, #15
1059:Drivers/STM32F4xx_HAL_Driver/Src/stm32f4xx_hal_rcc.c ****   /* Set all possible values for the Clock type parameter --------------------*/
 1892              		.loc 1 1059 1 view .LVU621
 1893 0004 10B4     		push	{r4}
 1894              	.LCFI16:
 1895              		.cfi_def_cfa_offset 4
 1896              		.cfi_offset 4, -4
1061:Drivers/STM32F4xx_HAL_Driver/Src/stm32f4xx_hal_rcc.c **** 
 1897              		.loc 1 1061 32 view .LVU622
 1898 0006 0260     		str	r2, [r0]
 1899              		.loc 1 1064 3 is_stmt 1 view .LVU623
 1900              		.loc 1 1064 51 is_stmt 0 view .LVU624
 1901 0008 9A68     		ldr	r2, [r3, #8]
1065:Drivers/STM32F4xx_HAL_Driver/Src/stm32f4xx_hal_rcc.c **** 
1066:Drivers/STM32F4xx_HAL_Driver/Src/stm32f4xx_hal_rcc.c ****   /* Get the HCLK configuration ----------------------------------------------*/
1067:Drivers/STM32F4xx_HAL_Driver/Src/stm32f4xx_hal_rcc.c ****   RCC_ClkInitStruct->AHBCLKDivider = (uint32_t)(RCC->CFGR & RCC_CFGR_HPRE);
1068:Drivers/STM32F4xx_HAL_Driver/Src/stm32f4xx_hal_rcc.c **** 
1069:Drivers/STM32F4xx_HAL_Driver/Src/stm32f4xx_hal_rcc.c ****   /* Get the APB1 configuration ----------------------------------------------*/
1070:Drivers/STM32F4xx_HAL_Driver/Src/stm32f4xx_hal_rcc.c ****   RCC_ClkInitStruct->APB1CLKDivider = (uint32_t)(RCC->CFGR & RCC_CFGR_PPRE1);
1071:Drivers/STM32F4xx_HAL_Driver/Src/stm32f4xx_hal_rcc.c **** 
1072:Drivers/STM32F4xx_HAL_Driver/Src/stm32f4xx_hal_rcc.c ****   /* Get the APB2 configuration ----------------------------------------------*/
1073:Drivers/STM32F4xx_HAL_Driver/Src/stm32f4xx_hal_rcc.c ****   RCC_ClkInitStruct->APB2CLKDivider = (uint32_t)((RCC->CFGR & RCC_CFGR_PPRE2) >> 3U);
1074:Drivers/STM32F4xx_HAL_Driver/Src/stm32f4xx_hal_rcc.c **** 
1075:Drivers/STM32F4xx_HAL_Driver/Src/stm32f4xx_hal_rcc.c ****   /* Get the Flash Wait State (Latency) configuration ------------------------*/
1076:Drivers/STM32F4xx_HAL_Driver/Src/stm32f4xx_hal_rcc.c ****   *pFLatency = (uint32_t)(FLASH->ACR & FLASH_ACR_LATENCY);
 1902              		.loc 1 1076 32 view .LVU625
 1903 000a 0C4C     		ldr	r4, .L208+4
1064:Drivers/STM32F4xx_HAL_Driver/Src/stm32f4xx_hal_rcc.c **** 
 1904              		.loc 1 1064 37 view .LVU626
 1905 000c 02F00302 		and	r2, r2, #3
1064:Drivers/STM32F4xx_HAL_Driver/Src/stm32f4xx_hal_rcc.c **** 
 1906              		.loc 1 1064 35 view .LVU627
 1907 0010 4260     		str	r2, [r0, #4]
1067:Drivers/STM32F4xx_HAL_Driver/Src/stm32f4xx_hal_rcc.c **** 
 1908              		.loc 1 1067 3 is_stmt 1 view .LVU628
1067:Drivers/STM32F4xx_HAL_Driver/Src/stm32f4xx_hal_rcc.c **** 
 1909              		.loc 1 1067 52 is_stmt 0 view .LVU629
 1910 0012 9A68     		ldr	r2, [r3, #8]
1067:Drivers/STM32F4xx_HAL_Driver/Src/stm32f4xx_hal_rcc.c **** 
 1911              		.loc 1 1067 38 view .LVU630
 1912 0014 02F0F002 		and	r2, r2, #240
1067:Drivers/STM32F4xx_HAL_Driver/Src/stm32f4xx_hal_rcc.c **** 
 1913              		.loc 1 1067 36 view .LVU631
ARM GAS  C:\Users\kaush\AppData\Local\Temp\cclu20cy.s 			page 60


 1914 0018 8260     		str	r2, [r0, #8]
1070:Drivers/STM32F4xx_HAL_Driver/Src/stm32f4xx_hal_rcc.c **** 
 1915              		.loc 1 1070 3 is_stmt 1 view .LVU632
1070:Drivers/STM32F4xx_HAL_Driver/Src/stm32f4xx_hal_rcc.c **** 
 1916              		.loc 1 1070 53 is_stmt 0 view .LVU633
 1917 001a 9A68     		ldr	r2, [r3, #8]
1070:Drivers/STM32F4xx_HAL_Driver/Src/stm32f4xx_hal_rcc.c **** 
 1918              		.loc 1 1070 39 view .LVU634
 1919 001c 02F4E052 		and	r2, r2, #7168
1070:Drivers/STM32F4xx_HAL_Driver/Src/stm32f4xx_hal_rcc.c **** 
 1920              		.loc 1 1070 37 view .LVU635
 1921 0020 C260     		str	r2, [r0, #12]
1073:Drivers/STM32F4xx_HAL_Driver/Src/stm32f4xx_hal_rcc.c **** 
 1922              		.loc 1 1073 3 is_stmt 1 view .LVU636
1073:Drivers/STM32F4xx_HAL_Driver/Src/stm32f4xx_hal_rcc.c **** 
 1923              		.loc 1 1073 54 is_stmt 0 view .LVU637
 1924 0022 9B68     		ldr	r3, [r3, #8]
1073:Drivers/STM32F4xx_HAL_Driver/Src/stm32f4xx_hal_rcc.c **** 
 1925              		.loc 1 1073 39 view .LVU638
 1926 0024 DB08     		lsrs	r3, r3, #3
 1927 0026 03F4E053 		and	r3, r3, #7168
1073:Drivers/STM32F4xx_HAL_Driver/Src/stm32f4xx_hal_rcc.c **** 
 1928              		.loc 1 1073 37 view .LVU639
 1929 002a 0361     		str	r3, [r0, #16]
 1930              		.loc 1 1076 3 is_stmt 1 view .LVU640
 1931              		.loc 1 1076 32 is_stmt 0 view .LVU641
 1932 002c 2368     		ldr	r3, [r4]
1077:Drivers/STM32F4xx_HAL_Driver/Src/stm32f4xx_hal_rcc.c **** }
 1933              		.loc 1 1077 1 view .LVU642
 1934 002e 10BC     		pop	{r4}
 1935              	.LCFI17:
 1936              		.cfi_restore 4
 1937              		.cfi_def_cfa_offset 0
1076:Drivers/STM32F4xx_HAL_Driver/Src/stm32f4xx_hal_rcc.c **** }
 1938              		.loc 1 1076 16 view .LVU643
 1939 0030 03F00F03 		and	r3, r3, #15
1076:Drivers/STM32F4xx_HAL_Driver/Src/stm32f4xx_hal_rcc.c **** }
 1940              		.loc 1 1076 14 view .LVU644
 1941 0034 0B60     		str	r3, [r1]
 1942              		.loc 1 1077 1 view .LVU645
 1943 0036 7047     		bx	lr
 1944              	.L209:
 1945              		.align	2
 1946              	.L208:
 1947 0038 00380240 		.word	1073887232
 1948 003c 003C0240 		.word	1073888256
 1949              		.cfi_endproc
 1950              	.LFE145:
 1952              		.section	.text.HAL_RCC_CSSCallback,"ax",%progbits
 1953              		.align	1
 1954              		.p2align 2,,3
 1955              		.weak	HAL_RCC_CSSCallback
 1956              		.syntax unified
 1957              		.thumb
 1958              		.thumb_func
 1960              	HAL_RCC_CSSCallback:
 1961              	.LFB147:
ARM GAS  C:\Users\kaush\AppData\Local\Temp\cclu20cy.s 			page 61


1078:Drivers/STM32F4xx_HAL_Driver/Src/stm32f4xx_hal_rcc.c **** 
1079:Drivers/STM32F4xx_HAL_Driver/Src/stm32f4xx_hal_rcc.c **** /**
1080:Drivers/STM32F4xx_HAL_Driver/Src/stm32f4xx_hal_rcc.c ****   * @brief This function handles the RCC CSS interrupt request.
1081:Drivers/STM32F4xx_HAL_Driver/Src/stm32f4xx_hal_rcc.c ****   * @note This API should be called under the NMI_Handler().
1082:Drivers/STM32F4xx_HAL_Driver/Src/stm32f4xx_hal_rcc.c ****   * @retval None
1083:Drivers/STM32F4xx_HAL_Driver/Src/stm32f4xx_hal_rcc.c ****   */
1084:Drivers/STM32F4xx_HAL_Driver/Src/stm32f4xx_hal_rcc.c **** void HAL_RCC_NMI_IRQHandler(void)
1085:Drivers/STM32F4xx_HAL_Driver/Src/stm32f4xx_hal_rcc.c **** {
1086:Drivers/STM32F4xx_HAL_Driver/Src/stm32f4xx_hal_rcc.c ****   /* Check RCC CSSF flag  */
1087:Drivers/STM32F4xx_HAL_Driver/Src/stm32f4xx_hal_rcc.c ****   if (__HAL_RCC_GET_IT(RCC_IT_CSS))
1088:Drivers/STM32F4xx_HAL_Driver/Src/stm32f4xx_hal_rcc.c ****   {
1089:Drivers/STM32F4xx_HAL_Driver/Src/stm32f4xx_hal_rcc.c ****     /* RCC Clock Security System interrupt user callback */
1090:Drivers/STM32F4xx_HAL_Driver/Src/stm32f4xx_hal_rcc.c ****     HAL_RCC_CSSCallback();
1091:Drivers/STM32F4xx_HAL_Driver/Src/stm32f4xx_hal_rcc.c **** 
1092:Drivers/STM32F4xx_HAL_Driver/Src/stm32f4xx_hal_rcc.c ****     /* Clear RCC CSS pending bit */
1093:Drivers/STM32F4xx_HAL_Driver/Src/stm32f4xx_hal_rcc.c ****     __HAL_RCC_CLEAR_IT(RCC_IT_CSS);
1094:Drivers/STM32F4xx_HAL_Driver/Src/stm32f4xx_hal_rcc.c ****   }
1095:Drivers/STM32F4xx_HAL_Driver/Src/stm32f4xx_hal_rcc.c **** }
1096:Drivers/STM32F4xx_HAL_Driver/Src/stm32f4xx_hal_rcc.c **** 
1097:Drivers/STM32F4xx_HAL_Driver/Src/stm32f4xx_hal_rcc.c **** /**
1098:Drivers/STM32F4xx_HAL_Driver/Src/stm32f4xx_hal_rcc.c ****   * @brief  RCC Clock Security System interrupt callback
1099:Drivers/STM32F4xx_HAL_Driver/Src/stm32f4xx_hal_rcc.c ****   * @retval None
1100:Drivers/STM32F4xx_HAL_Driver/Src/stm32f4xx_hal_rcc.c ****   */
1101:Drivers/STM32F4xx_HAL_Driver/Src/stm32f4xx_hal_rcc.c **** __weak void HAL_RCC_CSSCallback(void)
1102:Drivers/STM32F4xx_HAL_Driver/Src/stm32f4xx_hal_rcc.c **** {
 1962              		.loc 1 1102 1 is_stmt 1 view -0
 1963              		.cfi_startproc
 1964              		@ args = 0, pretend = 0, frame = 0
 1965              		@ frame_needed = 0, uses_anonymous_args = 0
 1966              		@ link register save eliminated.
1103:Drivers/STM32F4xx_HAL_Driver/Src/stm32f4xx_hal_rcc.c ****   /* NOTE : This function Should not be modified, when the callback is needed,
1104:Drivers/STM32F4xx_HAL_Driver/Src/stm32f4xx_hal_rcc.c ****             the HAL_RCC_CSSCallback could be implemented in the user file
1105:Drivers/STM32F4xx_HAL_Driver/Src/stm32f4xx_hal_rcc.c ****    */
1106:Drivers/STM32F4xx_HAL_Driver/Src/stm32f4xx_hal_rcc.c **** }
 1967              		.loc 1 1106 1 view .LVU647
 1968 0000 7047     		bx	lr
 1969              		.cfi_endproc
 1970              	.LFE147:
 1972 0002 00BF     		.section	.text.HAL_RCC_NMI_IRQHandler,"ax",%progbits
 1973              		.align	1
 1974              		.p2align 2,,3
 1975              		.global	HAL_RCC_NMI_IRQHandler
 1976              		.syntax unified
 1977              		.thumb
 1978              		.thumb_func
 1980              	HAL_RCC_NMI_IRQHandler:
 1981              	.LFB146:
1085:Drivers/STM32F4xx_HAL_Driver/Src/stm32f4xx_hal_rcc.c ****   /* Check RCC CSSF flag  */
 1982              		.loc 1 1085 1 view -0
 1983              		.cfi_startproc
 1984              		@ args = 0, pretend = 0, frame = 0
 1985              		@ frame_needed = 0, uses_anonymous_args = 0
1087:Drivers/STM32F4xx_HAL_Driver/Src/stm32f4xx_hal_rcc.c ****   {
 1986              		.loc 1 1087 3 view .LVU649
1085:Drivers/STM32F4xx_HAL_Driver/Src/stm32f4xx_hal_rcc.c ****   /* Check RCC CSSF flag  */
 1987              		.loc 1 1085 1 is_stmt 0 view .LVU650
 1988 0000 10B5     		push	{r4, lr}
ARM GAS  C:\Users\kaush\AppData\Local\Temp\cclu20cy.s 			page 62


 1989              	.LCFI18:
 1990              		.cfi_def_cfa_offset 8
 1991              		.cfi_offset 4, -8
 1992              		.cfi_offset 14, -4
1087:Drivers/STM32F4xx_HAL_Driver/Src/stm32f4xx_hal_rcc.c ****   {
 1993              		.loc 1 1087 7 view .LVU651
 1994 0002 054C     		ldr	r4, .L218
 1995 0004 E368     		ldr	r3, [r4, #12]
1087:Drivers/STM32F4xx_HAL_Driver/Src/stm32f4xx_hal_rcc.c ****   {
 1996              		.loc 1 1087 6 view .LVU652
 1997 0006 1B06     		lsls	r3, r3, #24
 1998 0008 00D4     		bmi	.L217
1095:Drivers/STM32F4xx_HAL_Driver/Src/stm32f4xx_hal_rcc.c **** 
 1999              		.loc 1 1095 1 view .LVU653
 2000 000a 10BD     		pop	{r4, pc}
 2001              	.L217:
1090:Drivers/STM32F4xx_HAL_Driver/Src/stm32f4xx_hal_rcc.c **** 
 2002              		.loc 1 1090 5 is_stmt 1 view .LVU654
 2003 000c FFF7FEFF 		bl	HAL_RCC_CSSCallback
 2004              	.LVL113:
1093:Drivers/STM32F4xx_HAL_Driver/Src/stm32f4xx_hal_rcc.c ****   }
 2005              		.loc 1 1093 5 view .LVU655
 2006 0010 8023     		movs	r3, #128
 2007 0012 A373     		strb	r3, [r4, #14]
1095:Drivers/STM32F4xx_HAL_Driver/Src/stm32f4xx_hal_rcc.c **** 
 2008              		.loc 1 1095 1 is_stmt 0 view .LVU656
 2009 0014 10BD     		pop	{r4, pc}
 2010              	.L219:
 2011 0016 00BF     		.align	2
 2012              	.L218:
 2013 0018 00380240 		.word	1073887232
 2014              		.cfi_endproc
 2015              	.LFE146:
 2017              		.text
 2018              	.Letext0:
 2019              		.file 2 "C:\\Users\\kaush\\STM32CubeIDE_1.19.0\\STM32CubeIDE\\plugins\\com.st.stm32cube.ide.mcu.ex
 2020              		.file 3 "C:\\Users\\kaush\\STM32CubeIDE_1.19.0\\STM32CubeIDE\\plugins\\com.st.stm32cube.ide.mcu.ex
 2021              		.file 4 "Drivers/CMSIS/Device/ST/STM32F4xx/Include/system_stm32f4xx.h"
 2022              		.file 5 "Drivers/CMSIS/Device/ST/STM32F4xx/Include/stm32f446xx.h"
 2023              		.file 6 "Drivers/CMSIS/Device/ST/STM32F4xx/Include/stm32f4xx.h"
 2024              		.file 7 "Drivers/STM32F4xx_HAL_Driver/Inc/stm32f4xx_hal_def.h"
 2025              		.file 8 "Drivers/STM32F4xx_HAL_Driver/Inc/stm32f4xx_hal_rcc_ex.h"
 2026              		.file 9 "Drivers/STM32F4xx_HAL_Driver/Inc/stm32f4xx_hal_rcc.h"
 2027              		.file 10 "Drivers/STM32F4xx_HAL_Driver/Inc/stm32f4xx_hal_gpio.h"
 2028              		.file 11 "Drivers/STM32F4xx_HAL_Driver/Inc/stm32f4xx_hal.h"
ARM GAS  C:\Users\kaush\AppData\Local\Temp\cclu20cy.s 			page 63


DEFINED SYMBOLS
                            *ABS*:00000000 stm32f4xx_hal_rcc.c
C:\Users\kaush\AppData\Local\Temp\cclu20cy.s:19     .text.HAL_RCC_DeInit:00000000 $t
C:\Users\kaush\AppData\Local\Temp\cclu20cy.s:26     .text.HAL_RCC_DeInit:00000000 HAL_RCC_DeInit
C:\Users\kaush\AppData\Local\Temp\cclu20cy.s:41     .text.HAL_RCC_OscConfig:00000000 $t
C:\Users\kaush\AppData\Local\Temp\cclu20cy.s:48     .text.HAL_RCC_OscConfig:00000000 HAL_RCC_OscConfig
C:\Users\kaush\AppData\Local\Temp\cclu20cy.s:655    .text.HAL_RCC_OscConfig:0000028c $d
C:\Users\kaush\AppData\Local\Temp\cclu20cy.s:661    .text.HAL_RCC_OscConfig:00000298 $t
C:\Users\kaush\AppData\Local\Temp\cclu20cy.s:923    .text.HAL_RCC_OscConfig:000003c8 $d
C:\Users\kaush\AppData\Local\Temp\cclu20cy.s:929    .text.HAL_RCC_MCOConfig:00000000 $t
C:\Users\kaush\AppData\Local\Temp\cclu20cy.s:936    .text.HAL_RCC_MCOConfig:00000000 HAL_RCC_MCOConfig
C:\Users\kaush\AppData\Local\Temp\cclu20cy.s:1105   .text.HAL_RCC_MCOConfig:00000094 $d
C:\Users\kaush\AppData\Local\Temp\cclu20cy.s:1112   .text.HAL_RCC_EnableCSS:00000000 $t
C:\Users\kaush\AppData\Local\Temp\cclu20cy.s:1119   .text.HAL_RCC_EnableCSS:00000000 HAL_RCC_EnableCSS
C:\Users\kaush\AppData\Local\Temp\cclu20cy.s:1136   .text.HAL_RCC_EnableCSS:00000008 $d
C:\Users\kaush\AppData\Local\Temp\cclu20cy.s:1141   .text.HAL_RCC_DisableCSS:00000000 $t
C:\Users\kaush\AppData\Local\Temp\cclu20cy.s:1148   .text.HAL_RCC_DisableCSS:00000000 HAL_RCC_DisableCSS
C:\Users\kaush\AppData\Local\Temp\cclu20cy.s:1165   .text.HAL_RCC_DisableCSS:00000008 $d
C:\Users\kaush\AppData\Local\Temp\cclu20cy.s:1172   .text.HAL_RCC_GetSysClockFreq:00000000 $t
C:\Users\kaush\AppData\Local\Temp\cclu20cy.s:1179   .text.HAL_RCC_GetSysClockFreq:00000000 HAL_RCC_GetSysClockFreq
C:\Users\kaush\AppData\Local\Temp\cclu20cy.s:1290   .text.HAL_RCC_GetSysClockFreq:0000005c $d
C:\Users\kaush\AppData\Local\Temp\cclu20cy.s:1299   .text.HAL_RCC_ClockConfig:00000000 $t
C:\Users\kaush\AppData\Local\Temp\cclu20cy.s:1306   .text.HAL_RCC_ClockConfig:00000000 HAL_RCC_ClockConfig
C:\Users\kaush\AppData\Local\Temp\cclu20cy.s:1597   .text.HAL_RCC_ClockConfig:00000128 $d
C:\Users\kaush\AppData\Local\Temp\cclu20cy.s:1606   .text.HAL_RCC_GetHCLKFreq:00000000 $t
C:\Users\kaush\AppData\Local\Temp\cclu20cy.s:1613   .text.HAL_RCC_GetHCLKFreq:00000000 HAL_RCC_GetHCLKFreq
C:\Users\kaush\AppData\Local\Temp\cclu20cy.s:1629   .text.HAL_RCC_GetHCLKFreq:00000008 $d
C:\Users\kaush\AppData\Local\Temp\cclu20cy.s:1634   .text.HAL_RCC_GetPCLK1Freq:00000000 $t
C:\Users\kaush\AppData\Local\Temp\cclu20cy.s:1641   .text.HAL_RCC_GetPCLK1Freq:00000000 HAL_RCC_GetPCLK1Freq
C:\Users\kaush\AppData\Local\Temp\cclu20cy.s:1680   .text.HAL_RCC_GetPCLK1Freq:00000014 $d
C:\Users\kaush\AppData\Local\Temp\cclu20cy.s:1687   .text.HAL_RCC_GetPCLK2Freq:00000000 $t
C:\Users\kaush\AppData\Local\Temp\cclu20cy.s:1694   .text.HAL_RCC_GetPCLK2Freq:00000000 HAL_RCC_GetPCLK2Freq
C:\Users\kaush\AppData\Local\Temp\cclu20cy.s:1733   .text.HAL_RCC_GetPCLK2Freq:00000014 $d
C:\Users\kaush\AppData\Local\Temp\cclu20cy.s:1740   .text.HAL_RCC_GetOscConfig:00000000 $t
C:\Users\kaush\AppData\Local\Temp\cclu20cy.s:1747   .text.HAL_RCC_GetOscConfig:00000000 HAL_RCC_GetOscConfig
C:\Users\kaush\AppData\Local\Temp\cclu20cy.s:1867   .text.HAL_RCC_GetOscConfig:00000088 $d
C:\Users\kaush\AppData\Local\Temp\cclu20cy.s:1872   .text.HAL_RCC_GetClockConfig:00000000 $t
C:\Users\kaush\AppData\Local\Temp\cclu20cy.s:1879   .text.HAL_RCC_GetClockConfig:00000000 HAL_RCC_GetClockConfig
C:\Users\kaush\AppData\Local\Temp\cclu20cy.s:1947   .text.HAL_RCC_GetClockConfig:00000038 $d
C:\Users\kaush\AppData\Local\Temp\cclu20cy.s:1953   .text.HAL_RCC_CSSCallback:00000000 $t
C:\Users\kaush\AppData\Local\Temp\cclu20cy.s:1960   .text.HAL_RCC_CSSCallback:00000000 HAL_RCC_CSSCallback
C:\Users\kaush\AppData\Local\Temp\cclu20cy.s:1973   .text.HAL_RCC_NMI_IRQHandler:00000000 $t
C:\Users\kaush\AppData\Local\Temp\cclu20cy.s:1980   .text.HAL_RCC_NMI_IRQHandler:00000000 HAL_RCC_NMI_IRQHandler
C:\Users\kaush\AppData\Local\Temp\cclu20cy.s:2013   .text.HAL_RCC_NMI_IRQHandler:00000018 $d

UNDEFINED SYMBOLS
HAL_GetTick
HAL_GPIO_Init
__aeabi_uldivmod
__aeabi_ldivmod
HAL_InitTick
AHBPrescTable
SystemCoreClock
uwTickPrio
APBPrescTable
