ARM GAS  C:\Users\kaush\AppData\Local\Temp\ccZKlWkB.s 			page 1


   1              		.cpu cortex-m4
   2              		.arch armv7e-m
   3              		.fpu softvfp
   4              		.eabi_attribute 20, 1
   5              		.eabi_attribute 21, 1
   6              		.eabi_attribute 23, 3
   7              		.eabi_attribute 24, 1
   8              		.eabi_attribute 25, 1
   9              		.eabi_attribute 26, 1
  10              		.eabi_attribute 30, 2
  11              		.eabi_attribute 34, 1
  12              		.eabi_attribute 18, 4
  13              		.file	"stm32f4xx_hal.c"
  14              		.text
  15              	.Ltext0:
  16              		.cfi_sections	.debug_frame
  17              		.file 1 "Drivers/STM32F4xx_HAL_Driver/Src/stm32f4xx_hal.c"
  18              		.section	.text.HAL_MspInit,"ax",%progbits
  19              		.align	1
  20              		.p2align 2,,3
  21              		.weak	HAL_MspInit
  22              		.syntax unified
  23              		.thumb
  24              		.thumb_func
  26              	HAL_MspInit:
  27              	.LFB136:
   1:Drivers/STM32F4xx_HAL_Driver/Src/stm32f4xx_hal.c **** /**
   2:Drivers/STM32F4xx_HAL_Driver/Src/stm32f4xx_hal.c ****   ******************************************************************************
   3:Drivers/STM32F4xx_HAL_Driver/Src/stm32f4xx_hal.c ****   * @file    stm32f4xx_hal.c
   4:Drivers/STM32F4xx_HAL_Driver/Src/stm32f4xx_hal.c ****   * @author  MCD Application Team
   5:Drivers/STM32F4xx_HAL_Driver/Src/stm32f4xx_hal.c ****   * @brief   HAL module driver.
   6:Drivers/STM32F4xx_HAL_Driver/Src/stm32f4xx_hal.c ****   *          This is the common part of the HAL initialization
   7:Drivers/STM32F4xx_HAL_Driver/Src/stm32f4xx_hal.c ****   *
   8:Drivers/STM32F4xx_HAL_Driver/Src/stm32f4xx_hal.c ****   ******************************************************************************
   9:Drivers/STM32F4xx_HAL_Driver/Src/stm32f4xx_hal.c ****   * @attention
  10:Drivers/STM32F4xx_HAL_Driver/Src/stm32f4xx_hal.c ****   *
  11:Drivers/STM32F4xx_HAL_Driver/Src/stm32f4xx_hal.c ****   * Copyright (c) 2017 STMicroelectronics.
  12:Drivers/STM32F4xx_HAL_Driver/Src/stm32f4xx_hal.c ****   * All rights reserved.
  13:Drivers/STM32F4xx_HAL_Driver/Src/stm32f4xx_hal.c ****   *
  14:Drivers/STM32F4xx_HAL_Driver/Src/stm32f4xx_hal.c ****   * This software is licensed under terms that can be found in the LICENSE file
  15:Drivers/STM32F4xx_HAL_Driver/Src/stm32f4xx_hal.c ****   * in the root directory of this software component.
  16:Drivers/STM32F4xx_HAL_Driver/Src/stm32f4xx_hal.c ****   * If no LICENSE file comes with this software, it is provided AS-IS.
  17:Drivers/STM32F4xx_HAL_Driver/Src/stm32f4xx_hal.c ****   *
  18:Drivers/STM32F4xx_HAL_Driver/Src/stm32f4xx_hal.c ****   ******************************************************************************
  19:Drivers/STM32F4xx_HAL_Driver/Src/stm32f4xx_hal.c ****   @verbatim
  20:Drivers/STM32F4xx_HAL_Driver/Src/stm32f4xx_hal.c ****   ==============================================================================
  21:Drivers/STM32F4xx_HAL_Driver/Src/stm32f4xx_hal.c ****                      ##### How to use this driver #####
  22:Drivers/STM32F4xx_HAL_Driver/Src/stm32f4xx_hal.c ****   ==============================================================================
  23:Drivers/STM32F4xx_HAL_Driver/Src/stm32f4xx_hal.c ****     [..]
  24:Drivers/STM32F4xx_HAL_Driver/Src/stm32f4xx_hal.c ****     The common HAL driver contains a set of generic and common APIs that can be
  25:Drivers/STM32F4xx_HAL_Driver/Src/stm32f4xx_hal.c ****     used by the PPP peripheral drivers and the user to start using the HAL. 
  26:Drivers/STM32F4xx_HAL_Driver/Src/stm32f4xx_hal.c ****     [..]
  27:Drivers/STM32F4xx_HAL_Driver/Src/stm32f4xx_hal.c ****     The HAL contains two APIs' categories: 
  28:Drivers/STM32F4xx_HAL_Driver/Src/stm32f4xx_hal.c ****          (+) Common HAL APIs
  29:Drivers/STM32F4xx_HAL_Driver/Src/stm32f4xx_hal.c ****          (+) Services HAL APIs
  30:Drivers/STM32F4xx_HAL_Driver/Src/stm32f4xx_hal.c **** 
  31:Drivers/STM32F4xx_HAL_Driver/Src/stm32f4xx_hal.c ****   @endverbatim
ARM GAS  C:\Users\kaush\AppData\Local\Temp\ccZKlWkB.s 			page 2


  32:Drivers/STM32F4xx_HAL_Driver/Src/stm32f4xx_hal.c ****   ******************************************************************************
  33:Drivers/STM32F4xx_HAL_Driver/Src/stm32f4xx_hal.c ****   */ 
  34:Drivers/STM32F4xx_HAL_Driver/Src/stm32f4xx_hal.c **** 
  35:Drivers/STM32F4xx_HAL_Driver/Src/stm32f4xx_hal.c **** /* Includes ------------------------------------------------------------------*/
  36:Drivers/STM32F4xx_HAL_Driver/Src/stm32f4xx_hal.c **** #include "stm32f4xx_hal.h"
  37:Drivers/STM32F4xx_HAL_Driver/Src/stm32f4xx_hal.c **** 
  38:Drivers/STM32F4xx_HAL_Driver/Src/stm32f4xx_hal.c **** /** @addtogroup STM32F4xx_HAL_Driver
  39:Drivers/STM32F4xx_HAL_Driver/Src/stm32f4xx_hal.c ****   * @{
  40:Drivers/STM32F4xx_HAL_Driver/Src/stm32f4xx_hal.c ****   */
  41:Drivers/STM32F4xx_HAL_Driver/Src/stm32f4xx_hal.c **** 
  42:Drivers/STM32F4xx_HAL_Driver/Src/stm32f4xx_hal.c **** /** @defgroup HAL HAL
  43:Drivers/STM32F4xx_HAL_Driver/Src/stm32f4xx_hal.c ****   * @brief HAL module driver.
  44:Drivers/STM32F4xx_HAL_Driver/Src/stm32f4xx_hal.c ****   * @{
  45:Drivers/STM32F4xx_HAL_Driver/Src/stm32f4xx_hal.c ****   */
  46:Drivers/STM32F4xx_HAL_Driver/Src/stm32f4xx_hal.c **** 
  47:Drivers/STM32F4xx_HAL_Driver/Src/stm32f4xx_hal.c **** /* Private typedef -----------------------------------------------------------*/
  48:Drivers/STM32F4xx_HAL_Driver/Src/stm32f4xx_hal.c **** /* Private define ------------------------------------------------------------*/
  49:Drivers/STM32F4xx_HAL_Driver/Src/stm32f4xx_hal.c **** /** @addtogroup HAL_Private_Constants
  50:Drivers/STM32F4xx_HAL_Driver/Src/stm32f4xx_hal.c ****   * @{
  51:Drivers/STM32F4xx_HAL_Driver/Src/stm32f4xx_hal.c ****   */
  52:Drivers/STM32F4xx_HAL_Driver/Src/stm32f4xx_hal.c **** /**
  53:Drivers/STM32F4xx_HAL_Driver/Src/stm32f4xx_hal.c ****   * @brief STM32F4xx HAL Driver version number V1.8.5
  54:Drivers/STM32F4xx_HAL_Driver/Src/stm32f4xx_hal.c ****   */
  55:Drivers/STM32F4xx_HAL_Driver/Src/stm32f4xx_hal.c **** #define __STM32F4xx_HAL_VERSION_MAIN   (0x01U) /*!< [31:24] main version */
  56:Drivers/STM32F4xx_HAL_Driver/Src/stm32f4xx_hal.c **** #define __STM32F4xx_HAL_VERSION_SUB1   (0x08U) /*!< [23:16] sub1 version */
  57:Drivers/STM32F4xx_HAL_Driver/Src/stm32f4xx_hal.c **** #define __STM32F4xx_HAL_VERSION_SUB2   (0x05U) /*!< [15:8]  sub2 version */
  58:Drivers/STM32F4xx_HAL_Driver/Src/stm32f4xx_hal.c **** #define __STM32F4xx_HAL_VERSION_RC     (0x00U) /*!< [7:0]  release candidate */ 
  59:Drivers/STM32F4xx_HAL_Driver/Src/stm32f4xx_hal.c **** #define __STM32F4xx_HAL_VERSION         ((__STM32F4xx_HAL_VERSION_MAIN << 24U)\
  60:Drivers/STM32F4xx_HAL_Driver/Src/stm32f4xx_hal.c ****                                         |(__STM32F4xx_HAL_VERSION_SUB1 << 16U)\
  61:Drivers/STM32F4xx_HAL_Driver/Src/stm32f4xx_hal.c ****                                         |(__STM32F4xx_HAL_VERSION_SUB2 << 8U )\
  62:Drivers/STM32F4xx_HAL_Driver/Src/stm32f4xx_hal.c ****                                         |(__STM32F4xx_HAL_VERSION_RC))
  63:Drivers/STM32F4xx_HAL_Driver/Src/stm32f4xx_hal.c ****                                         
  64:Drivers/STM32F4xx_HAL_Driver/Src/stm32f4xx_hal.c **** #define IDCODE_DEVID_MASK    0x00000FFFU
  65:Drivers/STM32F4xx_HAL_Driver/Src/stm32f4xx_hal.c **** 
  66:Drivers/STM32F4xx_HAL_Driver/Src/stm32f4xx_hal.c **** /* ------------ RCC registers bit address in the alias region ----------- */
  67:Drivers/STM32F4xx_HAL_Driver/Src/stm32f4xx_hal.c **** #define SYSCFG_OFFSET             (SYSCFG_BASE - PERIPH_BASE)
  68:Drivers/STM32F4xx_HAL_Driver/Src/stm32f4xx_hal.c **** /* ---  MEMRMP Register ---*/ 
  69:Drivers/STM32F4xx_HAL_Driver/Src/stm32f4xx_hal.c **** /* Alias word address of UFB_MODE bit */ 
  70:Drivers/STM32F4xx_HAL_Driver/Src/stm32f4xx_hal.c **** #define MEMRMP_OFFSET             SYSCFG_OFFSET 
  71:Drivers/STM32F4xx_HAL_Driver/Src/stm32f4xx_hal.c **** #define UFB_MODE_BIT_NUMBER       SYSCFG_MEMRMP_UFB_MODE_Pos
  72:Drivers/STM32F4xx_HAL_Driver/Src/stm32f4xx_hal.c **** #define UFB_MODE_BB               (uint32_t)(PERIPH_BB_BASE + (MEMRMP_OFFSET * 32U) + (UFB_MODE_BIT
  73:Drivers/STM32F4xx_HAL_Driver/Src/stm32f4xx_hal.c **** 
  74:Drivers/STM32F4xx_HAL_Driver/Src/stm32f4xx_hal.c **** /* ---  CMPCR Register ---*/ 
  75:Drivers/STM32F4xx_HAL_Driver/Src/stm32f4xx_hal.c **** /* Alias word address of CMP_PD bit */ 
  76:Drivers/STM32F4xx_HAL_Driver/Src/stm32f4xx_hal.c **** #define CMPCR_OFFSET              (SYSCFG_OFFSET + 0x20U) 
  77:Drivers/STM32F4xx_HAL_Driver/Src/stm32f4xx_hal.c **** #define CMP_PD_BIT_NUMBER         SYSCFG_CMPCR_CMP_PD_Pos
  78:Drivers/STM32F4xx_HAL_Driver/Src/stm32f4xx_hal.c **** #define CMPCR_CMP_PD_BB           (uint32_t)(PERIPH_BB_BASE + (CMPCR_OFFSET * 32U) + (CMP_PD_BIT_NU
  79:Drivers/STM32F4xx_HAL_Driver/Src/stm32f4xx_hal.c **** 
  80:Drivers/STM32F4xx_HAL_Driver/Src/stm32f4xx_hal.c **** /* ---  MCHDLYCR Register ---*/ 
  81:Drivers/STM32F4xx_HAL_Driver/Src/stm32f4xx_hal.c **** /* Alias word address of BSCKSEL bit */ 
  82:Drivers/STM32F4xx_HAL_Driver/Src/stm32f4xx_hal.c **** #define MCHDLYCR_OFFSET            (SYSCFG_OFFSET + 0x30U) 
  83:Drivers/STM32F4xx_HAL_Driver/Src/stm32f4xx_hal.c **** #define BSCKSEL_BIT_NUMBER         SYSCFG_MCHDLYCR_BSCKSEL_Pos
  84:Drivers/STM32F4xx_HAL_Driver/Src/stm32f4xx_hal.c **** #define MCHDLYCR_BSCKSEL_BB        (uint32_t)(PERIPH_BB_BASE + (MCHDLYCR_OFFSET * 32U) + (BSCKSEL_B
  85:Drivers/STM32F4xx_HAL_Driver/Src/stm32f4xx_hal.c **** /**
  86:Drivers/STM32F4xx_HAL_Driver/Src/stm32f4xx_hal.c ****   * @}
  87:Drivers/STM32F4xx_HAL_Driver/Src/stm32f4xx_hal.c ****   */
  88:Drivers/STM32F4xx_HAL_Driver/Src/stm32f4xx_hal.c **** 
ARM GAS  C:\Users\kaush\AppData\Local\Temp\ccZKlWkB.s 			page 3


  89:Drivers/STM32F4xx_HAL_Driver/Src/stm32f4xx_hal.c **** /* Private macro -------------------------------------------------------------*/
  90:Drivers/STM32F4xx_HAL_Driver/Src/stm32f4xx_hal.c **** /* Private variables ---------------------------------------------------------*/
  91:Drivers/STM32F4xx_HAL_Driver/Src/stm32f4xx_hal.c **** /** @addtogroup HAL_Private_Variables
  92:Drivers/STM32F4xx_HAL_Driver/Src/stm32f4xx_hal.c ****   * @{
  93:Drivers/STM32F4xx_HAL_Driver/Src/stm32f4xx_hal.c ****   */
  94:Drivers/STM32F4xx_HAL_Driver/Src/stm32f4xx_hal.c **** __IO uint32_t uwTick;
  95:Drivers/STM32F4xx_HAL_Driver/Src/stm32f4xx_hal.c **** uint32_t uwTickPrio   = (1UL << __NVIC_PRIO_BITS); /* Invalid PRIO */
  96:Drivers/STM32F4xx_HAL_Driver/Src/stm32f4xx_hal.c **** HAL_TickFreqTypeDef uwTickFreq = HAL_TICK_FREQ_DEFAULT;  /* 1KHz */
  97:Drivers/STM32F4xx_HAL_Driver/Src/stm32f4xx_hal.c **** /**
  98:Drivers/STM32F4xx_HAL_Driver/Src/stm32f4xx_hal.c ****   * @}
  99:Drivers/STM32F4xx_HAL_Driver/Src/stm32f4xx_hal.c ****   */
 100:Drivers/STM32F4xx_HAL_Driver/Src/stm32f4xx_hal.c **** /* Private function prototypes -----------------------------------------------*/
 101:Drivers/STM32F4xx_HAL_Driver/Src/stm32f4xx_hal.c **** /* Private functions ---------------------------------------------------------*/
 102:Drivers/STM32F4xx_HAL_Driver/Src/stm32f4xx_hal.c **** 
 103:Drivers/STM32F4xx_HAL_Driver/Src/stm32f4xx_hal.c **** /** @defgroup HAL_Exported_Functions HAL Exported Functions
 104:Drivers/STM32F4xx_HAL_Driver/Src/stm32f4xx_hal.c ****   * @{
 105:Drivers/STM32F4xx_HAL_Driver/Src/stm32f4xx_hal.c ****   */
 106:Drivers/STM32F4xx_HAL_Driver/Src/stm32f4xx_hal.c **** 
 107:Drivers/STM32F4xx_HAL_Driver/Src/stm32f4xx_hal.c **** /** @defgroup HAL_Exported_Functions_Group1 Initialization and de-initialization Functions 
 108:Drivers/STM32F4xx_HAL_Driver/Src/stm32f4xx_hal.c ****  *  @brief    Initialization and de-initialization functions
 109:Drivers/STM32F4xx_HAL_Driver/Src/stm32f4xx_hal.c ****  *
 110:Drivers/STM32F4xx_HAL_Driver/Src/stm32f4xx_hal.c **** @verbatim    
 111:Drivers/STM32F4xx_HAL_Driver/Src/stm32f4xx_hal.c ****  ===============================================================================
 112:Drivers/STM32F4xx_HAL_Driver/Src/stm32f4xx_hal.c ****               ##### Initialization and Configuration functions #####
 113:Drivers/STM32F4xx_HAL_Driver/Src/stm32f4xx_hal.c ****  ===============================================================================
 114:Drivers/STM32F4xx_HAL_Driver/Src/stm32f4xx_hal.c ****     [..]  This section provides functions allowing to:
 115:Drivers/STM32F4xx_HAL_Driver/Src/stm32f4xx_hal.c ****       (+) Initializes the Flash interface the NVIC allocation and initial clock 
 116:Drivers/STM32F4xx_HAL_Driver/Src/stm32f4xx_hal.c ****           configuration. It initializes the systick also when timeout is needed 
 117:Drivers/STM32F4xx_HAL_Driver/Src/stm32f4xx_hal.c ****           and the backup domain when enabled.
 118:Drivers/STM32F4xx_HAL_Driver/Src/stm32f4xx_hal.c ****       (+) De-Initializes common part of the HAL.
 119:Drivers/STM32F4xx_HAL_Driver/Src/stm32f4xx_hal.c ****       (+) Configure the time base source to have 1ms time base with a dedicated 
 120:Drivers/STM32F4xx_HAL_Driver/Src/stm32f4xx_hal.c ****           Tick interrupt priority. 
 121:Drivers/STM32F4xx_HAL_Driver/Src/stm32f4xx_hal.c ****         (++) SysTick timer is used by default as source of time base, but user
 122:Drivers/STM32F4xx_HAL_Driver/Src/stm32f4xx_hal.c ****              can eventually implement his proper time base source (a general purpose 
 123:Drivers/STM32F4xx_HAL_Driver/Src/stm32f4xx_hal.c ****              timer for example or other time source), keeping in mind that Time base 
 124:Drivers/STM32F4xx_HAL_Driver/Src/stm32f4xx_hal.c ****              duration should be kept 1ms since PPP_TIMEOUT_VALUEs are defined and 
 125:Drivers/STM32F4xx_HAL_Driver/Src/stm32f4xx_hal.c ****              handled in milliseconds basis.
 126:Drivers/STM32F4xx_HAL_Driver/Src/stm32f4xx_hal.c ****         (++) Time base configuration function (HAL_InitTick ()) is called automatically 
 127:Drivers/STM32F4xx_HAL_Driver/Src/stm32f4xx_hal.c ****              at the beginning of the program after reset by HAL_Init() or at any time 
 128:Drivers/STM32F4xx_HAL_Driver/Src/stm32f4xx_hal.c ****              when clock is configured, by HAL_RCC_ClockConfig(). 
 129:Drivers/STM32F4xx_HAL_Driver/Src/stm32f4xx_hal.c ****         (++) Source of time base is configured  to generate interrupts at regular 
 130:Drivers/STM32F4xx_HAL_Driver/Src/stm32f4xx_hal.c ****              time intervals. Care must be taken if HAL_Delay() is called from a 
 131:Drivers/STM32F4xx_HAL_Driver/Src/stm32f4xx_hal.c ****              peripheral ISR process, the Tick interrupt line must have higher priority 
 132:Drivers/STM32F4xx_HAL_Driver/Src/stm32f4xx_hal.c ****             (numerically lower) than the peripheral interrupt. Otherwise the caller 
 133:Drivers/STM32F4xx_HAL_Driver/Src/stm32f4xx_hal.c ****             ISR process will be blocked. 
 134:Drivers/STM32F4xx_HAL_Driver/Src/stm32f4xx_hal.c ****        (++) functions affecting time base configurations are declared as __weak  
 135:Drivers/STM32F4xx_HAL_Driver/Src/stm32f4xx_hal.c ****              to make  override possible  in case of other  implementations in user file.
 136:Drivers/STM32F4xx_HAL_Driver/Src/stm32f4xx_hal.c **** @endverbatim
 137:Drivers/STM32F4xx_HAL_Driver/Src/stm32f4xx_hal.c ****   * @{
 138:Drivers/STM32F4xx_HAL_Driver/Src/stm32f4xx_hal.c ****   */
 139:Drivers/STM32F4xx_HAL_Driver/Src/stm32f4xx_hal.c **** 
 140:Drivers/STM32F4xx_HAL_Driver/Src/stm32f4xx_hal.c **** /**
 141:Drivers/STM32F4xx_HAL_Driver/Src/stm32f4xx_hal.c ****   * @brief  This function is used to initialize the HAL Library; it must be the first 
 142:Drivers/STM32F4xx_HAL_Driver/Src/stm32f4xx_hal.c ****   *         instruction to be executed in the main program (before to call any other
 143:Drivers/STM32F4xx_HAL_Driver/Src/stm32f4xx_hal.c ****   *         HAL function), it performs the following:
 144:Drivers/STM32F4xx_HAL_Driver/Src/stm32f4xx_hal.c ****   *           Configure the Flash prefetch, instruction and Data caches.
 145:Drivers/STM32F4xx_HAL_Driver/Src/stm32f4xx_hal.c ****   *           Configures the SysTick to generate an interrupt each 1 millisecond,
ARM GAS  C:\Users\kaush\AppData\Local\Temp\ccZKlWkB.s 			page 4


 146:Drivers/STM32F4xx_HAL_Driver/Src/stm32f4xx_hal.c ****   *           which is clocked by the HSI (at this stage, the clock is not yet
 147:Drivers/STM32F4xx_HAL_Driver/Src/stm32f4xx_hal.c ****   *           configured and thus the system is running from the internal HSI at 16 MHz).
 148:Drivers/STM32F4xx_HAL_Driver/Src/stm32f4xx_hal.c ****   *           Set NVIC Group Priority to 4.
 149:Drivers/STM32F4xx_HAL_Driver/Src/stm32f4xx_hal.c ****   *           Calls the HAL_MspInit() callback function defined in user file 
 150:Drivers/STM32F4xx_HAL_Driver/Src/stm32f4xx_hal.c ****   *           "stm32f4xx_hal_msp.c" to do the global low level hardware initialization 
 151:Drivers/STM32F4xx_HAL_Driver/Src/stm32f4xx_hal.c ****   *            
 152:Drivers/STM32F4xx_HAL_Driver/Src/stm32f4xx_hal.c ****   * @note   SysTick is used as time base for the HAL_Delay() function, the application
 153:Drivers/STM32F4xx_HAL_Driver/Src/stm32f4xx_hal.c ****   *         need to ensure that the SysTick time base is always set to 1 millisecond
 154:Drivers/STM32F4xx_HAL_Driver/Src/stm32f4xx_hal.c ****   *         to have correct HAL operation.
 155:Drivers/STM32F4xx_HAL_Driver/Src/stm32f4xx_hal.c ****   * @retval HAL status
 156:Drivers/STM32F4xx_HAL_Driver/Src/stm32f4xx_hal.c ****   */
 157:Drivers/STM32F4xx_HAL_Driver/Src/stm32f4xx_hal.c **** HAL_StatusTypeDef HAL_Init(void)
 158:Drivers/STM32F4xx_HAL_Driver/Src/stm32f4xx_hal.c **** {
 159:Drivers/STM32F4xx_HAL_Driver/Src/stm32f4xx_hal.c ****   /* Configure Flash prefetch, Instruction cache, Data cache */ 
 160:Drivers/STM32F4xx_HAL_Driver/Src/stm32f4xx_hal.c **** #if (INSTRUCTION_CACHE_ENABLE != 0U)
 161:Drivers/STM32F4xx_HAL_Driver/Src/stm32f4xx_hal.c ****   __HAL_FLASH_INSTRUCTION_CACHE_ENABLE();
 162:Drivers/STM32F4xx_HAL_Driver/Src/stm32f4xx_hal.c **** #endif /* INSTRUCTION_CACHE_ENABLE */
 163:Drivers/STM32F4xx_HAL_Driver/Src/stm32f4xx_hal.c **** 
 164:Drivers/STM32F4xx_HAL_Driver/Src/stm32f4xx_hal.c **** #if (DATA_CACHE_ENABLE != 0U)
 165:Drivers/STM32F4xx_HAL_Driver/Src/stm32f4xx_hal.c ****   __HAL_FLASH_DATA_CACHE_ENABLE();
 166:Drivers/STM32F4xx_HAL_Driver/Src/stm32f4xx_hal.c **** #endif /* DATA_CACHE_ENABLE */
 167:Drivers/STM32F4xx_HAL_Driver/Src/stm32f4xx_hal.c **** 
 168:Drivers/STM32F4xx_HAL_Driver/Src/stm32f4xx_hal.c **** #if (PREFETCH_ENABLE != 0U)
 169:Drivers/STM32F4xx_HAL_Driver/Src/stm32f4xx_hal.c ****   __HAL_FLASH_PREFETCH_BUFFER_ENABLE();
 170:Drivers/STM32F4xx_HAL_Driver/Src/stm32f4xx_hal.c **** #endif /* PREFETCH_ENABLE */
 171:Drivers/STM32F4xx_HAL_Driver/Src/stm32f4xx_hal.c **** 
 172:Drivers/STM32F4xx_HAL_Driver/Src/stm32f4xx_hal.c ****   /* Set Interrupt Group Priority */
 173:Drivers/STM32F4xx_HAL_Driver/Src/stm32f4xx_hal.c ****   HAL_NVIC_SetPriorityGrouping(NVIC_PRIORITYGROUP_4);
 174:Drivers/STM32F4xx_HAL_Driver/Src/stm32f4xx_hal.c **** 
 175:Drivers/STM32F4xx_HAL_Driver/Src/stm32f4xx_hal.c ****   /* Use systick as time base source and configure 1ms tick (default clock after Reset is HSI) */
 176:Drivers/STM32F4xx_HAL_Driver/Src/stm32f4xx_hal.c ****   HAL_InitTick(TICK_INT_PRIORITY);
 177:Drivers/STM32F4xx_HAL_Driver/Src/stm32f4xx_hal.c **** 
 178:Drivers/STM32F4xx_HAL_Driver/Src/stm32f4xx_hal.c ****   /* Init the low level hardware */
 179:Drivers/STM32F4xx_HAL_Driver/Src/stm32f4xx_hal.c ****   HAL_MspInit();
 180:Drivers/STM32F4xx_HAL_Driver/Src/stm32f4xx_hal.c **** 
 181:Drivers/STM32F4xx_HAL_Driver/Src/stm32f4xx_hal.c ****   /* Return function status */
 182:Drivers/STM32F4xx_HAL_Driver/Src/stm32f4xx_hal.c ****   return HAL_OK;
 183:Drivers/STM32F4xx_HAL_Driver/Src/stm32f4xx_hal.c **** }
 184:Drivers/STM32F4xx_HAL_Driver/Src/stm32f4xx_hal.c **** 
 185:Drivers/STM32F4xx_HAL_Driver/Src/stm32f4xx_hal.c **** /**
 186:Drivers/STM32F4xx_HAL_Driver/Src/stm32f4xx_hal.c ****   * @brief  This function de-Initializes common part of the HAL and stops the systick.
 187:Drivers/STM32F4xx_HAL_Driver/Src/stm32f4xx_hal.c ****   *         This function is optional.   
 188:Drivers/STM32F4xx_HAL_Driver/Src/stm32f4xx_hal.c ****   * @retval HAL status
 189:Drivers/STM32F4xx_HAL_Driver/Src/stm32f4xx_hal.c ****   */
 190:Drivers/STM32F4xx_HAL_Driver/Src/stm32f4xx_hal.c **** HAL_StatusTypeDef HAL_DeInit(void)
 191:Drivers/STM32F4xx_HAL_Driver/Src/stm32f4xx_hal.c **** {
 192:Drivers/STM32F4xx_HAL_Driver/Src/stm32f4xx_hal.c ****   /* Reset of all peripherals */
 193:Drivers/STM32F4xx_HAL_Driver/Src/stm32f4xx_hal.c ****   __HAL_RCC_APB1_FORCE_RESET();
 194:Drivers/STM32F4xx_HAL_Driver/Src/stm32f4xx_hal.c ****   __HAL_RCC_APB1_RELEASE_RESET();
 195:Drivers/STM32F4xx_HAL_Driver/Src/stm32f4xx_hal.c **** 
 196:Drivers/STM32F4xx_HAL_Driver/Src/stm32f4xx_hal.c ****   __HAL_RCC_APB2_FORCE_RESET();
 197:Drivers/STM32F4xx_HAL_Driver/Src/stm32f4xx_hal.c ****   __HAL_RCC_APB2_RELEASE_RESET();
 198:Drivers/STM32F4xx_HAL_Driver/Src/stm32f4xx_hal.c **** 
 199:Drivers/STM32F4xx_HAL_Driver/Src/stm32f4xx_hal.c ****   __HAL_RCC_AHB1_FORCE_RESET();
 200:Drivers/STM32F4xx_HAL_Driver/Src/stm32f4xx_hal.c ****   __HAL_RCC_AHB1_RELEASE_RESET();
 201:Drivers/STM32F4xx_HAL_Driver/Src/stm32f4xx_hal.c **** 
 202:Drivers/STM32F4xx_HAL_Driver/Src/stm32f4xx_hal.c ****   __HAL_RCC_AHB2_FORCE_RESET();
ARM GAS  C:\Users\kaush\AppData\Local\Temp\ccZKlWkB.s 			page 5


 203:Drivers/STM32F4xx_HAL_Driver/Src/stm32f4xx_hal.c ****   __HAL_RCC_AHB2_RELEASE_RESET();
 204:Drivers/STM32F4xx_HAL_Driver/Src/stm32f4xx_hal.c **** 
 205:Drivers/STM32F4xx_HAL_Driver/Src/stm32f4xx_hal.c ****   __HAL_RCC_AHB3_FORCE_RESET();
 206:Drivers/STM32F4xx_HAL_Driver/Src/stm32f4xx_hal.c ****   __HAL_RCC_AHB3_RELEASE_RESET();
 207:Drivers/STM32F4xx_HAL_Driver/Src/stm32f4xx_hal.c **** 
 208:Drivers/STM32F4xx_HAL_Driver/Src/stm32f4xx_hal.c ****   /* De-Init the low level hardware */
 209:Drivers/STM32F4xx_HAL_Driver/Src/stm32f4xx_hal.c ****   HAL_MspDeInit();
 210:Drivers/STM32F4xx_HAL_Driver/Src/stm32f4xx_hal.c ****     
 211:Drivers/STM32F4xx_HAL_Driver/Src/stm32f4xx_hal.c ****   /* Return function status */
 212:Drivers/STM32F4xx_HAL_Driver/Src/stm32f4xx_hal.c ****   return HAL_OK;
 213:Drivers/STM32F4xx_HAL_Driver/Src/stm32f4xx_hal.c **** }
 214:Drivers/STM32F4xx_HAL_Driver/Src/stm32f4xx_hal.c **** 
 215:Drivers/STM32F4xx_HAL_Driver/Src/stm32f4xx_hal.c **** /**
 216:Drivers/STM32F4xx_HAL_Driver/Src/stm32f4xx_hal.c ****   * @brief  Initialize the MSP.
 217:Drivers/STM32F4xx_HAL_Driver/Src/stm32f4xx_hal.c ****   * @retval None
 218:Drivers/STM32F4xx_HAL_Driver/Src/stm32f4xx_hal.c ****   */
 219:Drivers/STM32F4xx_HAL_Driver/Src/stm32f4xx_hal.c **** __weak void HAL_MspInit(void)
 220:Drivers/STM32F4xx_HAL_Driver/Src/stm32f4xx_hal.c **** {
  28              		.loc 1 220 1 view -0
  29              		.cfi_startproc
  30              		@ args = 0, pretend = 0, frame = 0
  31              		@ frame_needed = 0, uses_anonymous_args = 0
  32              		@ link register save eliminated.
 221:Drivers/STM32F4xx_HAL_Driver/Src/stm32f4xx_hal.c ****   /* NOTE : This function should not be modified, when the callback is needed,
 222:Drivers/STM32F4xx_HAL_Driver/Src/stm32f4xx_hal.c ****             the HAL_MspInit could be implemented in the user file
 223:Drivers/STM32F4xx_HAL_Driver/Src/stm32f4xx_hal.c ****    */
 224:Drivers/STM32F4xx_HAL_Driver/Src/stm32f4xx_hal.c **** }
  33              		.loc 1 224 1 view .LVU1
  34 0000 7047     		bx	lr
  35              		.cfi_endproc
  36              	.LFE136:
  38 0002 00BF     		.section	.text.HAL_MspDeInit,"ax",%progbits
  39              		.align	1
  40              		.p2align 2,,3
  41              		.weak	HAL_MspDeInit
  42              		.syntax unified
  43              		.thumb
  44              		.thumb_func
  46              	HAL_MspDeInit:
  47              	.LFB163:
  48              		.cfi_startproc
 225:Drivers/STM32F4xx_HAL_Driver/Src/stm32f4xx_hal.c **** 
 226:Drivers/STM32F4xx_HAL_Driver/Src/stm32f4xx_hal.c **** /**
 227:Drivers/STM32F4xx_HAL_Driver/Src/stm32f4xx_hal.c ****   * @brief  DeInitializes the MSP.
 228:Drivers/STM32F4xx_HAL_Driver/Src/stm32f4xx_hal.c ****   * @retval None
 229:Drivers/STM32F4xx_HAL_Driver/Src/stm32f4xx_hal.c ****   */
 230:Drivers/STM32F4xx_HAL_Driver/Src/stm32f4xx_hal.c **** __weak void HAL_MspDeInit(void)
  49              		.loc 1 230 13 view -0
  50              		@ args = 0, pretend = 0, frame = 0
  51              		@ frame_needed = 0, uses_anonymous_args = 0
  52              		@ link register save eliminated.
  53 0000 7047     		bx	lr
  54              		.cfi_endproc
  55              	.LFE163:
  57 0002 00BF     		.section	.text.HAL_DeInit,"ax",%progbits
  58              		.align	1
  59              		.p2align 2,,3
ARM GAS  C:\Users\kaush\AppData\Local\Temp\ccZKlWkB.s 			page 6


  60              		.global	HAL_DeInit
  61              		.syntax unified
  62              		.thumb
  63              		.thumb_func
  65              	HAL_DeInit:
  66              	.LFB135:
 191:Drivers/STM32F4xx_HAL_Driver/Src/stm32f4xx_hal.c ****   /* Reset of all peripherals */
  67              		.loc 1 191 1 view -0
  68              		.cfi_startproc
  69              		@ args = 0, pretend = 0, frame = 0
  70              		@ frame_needed = 0, uses_anonymous_args = 0
 193:Drivers/STM32F4xx_HAL_Driver/Src/stm32f4xx_hal.c ****   __HAL_RCC_APB1_RELEASE_RESET();
  71              		.loc 1 193 3 view .LVU4
 191:Drivers/STM32F4xx_HAL_Driver/Src/stm32f4xx_hal.c ****   /* Reset of all peripherals */
  72              		.loc 1 191 1 is_stmt 0 view .LVU5
  73 0000 10B5     		push	{r4, lr}
  74              	.LCFI0:
  75              		.cfi_def_cfa_offset 8
  76              		.cfi_offset 4, -8
  77              		.cfi_offset 14, -4
 193:Drivers/STM32F4xx_HAL_Driver/Src/stm32f4xx_hal.c ****   __HAL_RCC_APB1_RELEASE_RESET();
  78              		.loc 1 193 3 view .LVU6
  79 0002 0A4B     		ldr	r3, .L6
  80 0004 0A49     		ldr	r1, .L6+4
 196:Drivers/STM32F4xx_HAL_Driver/Src/stm32f4xx_hal.c ****   __HAL_RCC_APB2_RELEASE_RESET();
  81              		.loc 1 196 3 view .LVU7
  82 0006 0B4A     		ldr	r2, .L6+8
 193:Drivers/STM32F4xx_HAL_Driver/Src/stm32f4xx_hal.c ****   __HAL_RCC_APB1_RELEASE_RESET();
  83              		.loc 1 193 3 view .LVU8
  84 0008 1962     		str	r1, [r3, #32]
 194:Drivers/STM32F4xx_HAL_Driver/Src/stm32f4xx_hal.c **** 
  85              		.loc 1 194 3 is_stmt 1 view .LVU9
  86 000a 0024     		movs	r4, #0
  87 000c 1C62     		str	r4, [r3, #32]
 196:Drivers/STM32F4xx_HAL_Driver/Src/stm32f4xx_hal.c ****   __HAL_RCC_APB2_RELEASE_RESET();
  88              		.loc 1 196 3 view .LVU10
 199:Drivers/STM32F4xx_HAL_Driver/Src/stm32f4xx_hal.c ****   __HAL_RCC_AHB1_RELEASE_RESET();
  89              		.loc 1 199 3 is_stmt 0 view .LVU11
  90 000e 0A48     		ldr	r0, .L6+12
 196:Drivers/STM32F4xx_HAL_Driver/Src/stm32f4xx_hal.c ****   __HAL_RCC_APB2_RELEASE_RESET();
  91              		.loc 1 196 3 view .LVU12
  92 0010 5A62     		str	r2, [r3, #36]
 197:Drivers/STM32F4xx_HAL_Driver/Src/stm32f4xx_hal.c **** 
  93              		.loc 1 197 3 is_stmt 1 view .LVU13
 202:Drivers/STM32F4xx_HAL_Driver/Src/stm32f4xx_hal.c ****   __HAL_RCC_AHB2_RELEASE_RESET();
  94              		.loc 1 202 3 is_stmt 0 view .LVU14
  95 0012 8121     		movs	r1, #129
 205:Drivers/STM32F4xx_HAL_Driver/Src/stm32f4xx_hal.c ****   __HAL_RCC_AHB3_RELEASE_RESET();
  96              		.loc 1 205 3 view .LVU15
  97 0014 0322     		movs	r2, #3
 197:Drivers/STM32F4xx_HAL_Driver/Src/stm32f4xx_hal.c **** 
  98              		.loc 1 197 3 view .LVU16
  99 0016 5C62     		str	r4, [r3, #36]
 199:Drivers/STM32F4xx_HAL_Driver/Src/stm32f4xx_hal.c ****   __HAL_RCC_AHB1_RELEASE_RESET();
 100              		.loc 1 199 3 is_stmt 1 view .LVU17
 101 0018 1861     		str	r0, [r3, #16]
 200:Drivers/STM32F4xx_HAL_Driver/Src/stm32f4xx_hal.c **** 
ARM GAS  C:\Users\kaush\AppData\Local\Temp\ccZKlWkB.s 			page 7


 102              		.loc 1 200 3 view .LVU18
 103 001a 1C61     		str	r4, [r3, #16]
 202:Drivers/STM32F4xx_HAL_Driver/Src/stm32f4xx_hal.c ****   __HAL_RCC_AHB2_RELEASE_RESET();
 104              		.loc 1 202 3 view .LVU19
 105 001c 5961     		str	r1, [r3, #20]
 203:Drivers/STM32F4xx_HAL_Driver/Src/stm32f4xx_hal.c **** 
 106              		.loc 1 203 3 view .LVU20
 107 001e 5C61     		str	r4, [r3, #20]
 205:Drivers/STM32F4xx_HAL_Driver/Src/stm32f4xx_hal.c ****   __HAL_RCC_AHB3_RELEASE_RESET();
 108              		.loc 1 205 3 view .LVU21
 109 0020 9A61     		str	r2, [r3, #24]
 206:Drivers/STM32F4xx_HAL_Driver/Src/stm32f4xx_hal.c **** 
 110              		.loc 1 206 3 view .LVU22
 111 0022 9C61     		str	r4, [r3, #24]
 209:Drivers/STM32F4xx_HAL_Driver/Src/stm32f4xx_hal.c ****     
 112              		.loc 1 209 3 view .LVU23
 113 0024 FFF7FEFF 		bl	HAL_MspDeInit
 114              	.LVL0:
 212:Drivers/STM32F4xx_HAL_Driver/Src/stm32f4xx_hal.c **** }
 115              		.loc 1 212 3 view .LVU24
 213:Drivers/STM32F4xx_HAL_Driver/Src/stm32f4xx_hal.c **** 
 116              		.loc 1 213 1 is_stmt 0 view .LVU25
 117 0028 2046     		mov	r0, r4
 118 002a 10BD     		pop	{r4, pc}
 119              	.L7:
 120              		.align	2
 121              	.L6:
 122 002c 00380240 		.word	1073887232
 123 0030 FFC9FF3F 		.word	1073727999
 124 0034 3379C700 		.word	13072691
 125 0038 FF106020 		.word	543166719
 126              		.cfi_endproc
 127              	.LFE135:
 129              		.section	.text.HAL_InitTick,"ax",%progbits
 130              		.align	1
 131              		.p2align 2,,3
 132              		.weak	HAL_InitTick
 133              		.syntax unified
 134              		.thumb
 135              		.thumb_func
 137              	HAL_InitTick:
 138              	.LVL1:
 139              	.LFB138:
 231:Drivers/STM32F4xx_HAL_Driver/Src/stm32f4xx_hal.c **** {
 232:Drivers/STM32F4xx_HAL_Driver/Src/stm32f4xx_hal.c ****   /* NOTE : This function should not be modified, when the callback is needed,
 233:Drivers/STM32F4xx_HAL_Driver/Src/stm32f4xx_hal.c ****             the HAL_MspDeInit could be implemented in the user file
 234:Drivers/STM32F4xx_HAL_Driver/Src/stm32f4xx_hal.c ****    */ 
 235:Drivers/STM32F4xx_HAL_Driver/Src/stm32f4xx_hal.c **** }
 236:Drivers/STM32F4xx_HAL_Driver/Src/stm32f4xx_hal.c **** 
 237:Drivers/STM32F4xx_HAL_Driver/Src/stm32f4xx_hal.c **** /**
 238:Drivers/STM32F4xx_HAL_Driver/Src/stm32f4xx_hal.c ****   * @brief This function configures the source of the time base.
 239:Drivers/STM32F4xx_HAL_Driver/Src/stm32f4xx_hal.c ****   *        The time source is configured  to have 1ms time base with a dedicated 
 240:Drivers/STM32F4xx_HAL_Driver/Src/stm32f4xx_hal.c ****   *        Tick interrupt priority.
 241:Drivers/STM32F4xx_HAL_Driver/Src/stm32f4xx_hal.c ****   * @note This function is called  automatically at the beginning of program after
 242:Drivers/STM32F4xx_HAL_Driver/Src/stm32f4xx_hal.c ****   *       reset by HAL_Init() or at any time when clock is reconfigured  by HAL_RCC_ClockConfig().
 243:Drivers/STM32F4xx_HAL_Driver/Src/stm32f4xx_hal.c ****   * @note In the default implementation, SysTick timer is the source of time base. 
 244:Drivers/STM32F4xx_HAL_Driver/Src/stm32f4xx_hal.c ****   *       It is used to generate interrupts at regular time intervals. 
ARM GAS  C:\Users\kaush\AppData\Local\Temp\ccZKlWkB.s 			page 8


 245:Drivers/STM32F4xx_HAL_Driver/Src/stm32f4xx_hal.c ****   *       Care must be taken if HAL_Delay() is called from a peripheral ISR process, 
 246:Drivers/STM32F4xx_HAL_Driver/Src/stm32f4xx_hal.c ****   *       The SysTick interrupt must have higher priority (numerically lower)
 247:Drivers/STM32F4xx_HAL_Driver/Src/stm32f4xx_hal.c ****   *       than the peripheral interrupt. Otherwise the caller ISR process will be blocked.
 248:Drivers/STM32F4xx_HAL_Driver/Src/stm32f4xx_hal.c ****   *       The function is declared as __weak  to be overwritten  in case of other
 249:Drivers/STM32F4xx_HAL_Driver/Src/stm32f4xx_hal.c ****   *       implementation  in user file.
 250:Drivers/STM32F4xx_HAL_Driver/Src/stm32f4xx_hal.c ****   * @param TickPriority Tick interrupt priority.
 251:Drivers/STM32F4xx_HAL_Driver/Src/stm32f4xx_hal.c ****   * @retval HAL status
 252:Drivers/STM32F4xx_HAL_Driver/Src/stm32f4xx_hal.c ****   */
 253:Drivers/STM32F4xx_HAL_Driver/Src/stm32f4xx_hal.c **** __weak HAL_StatusTypeDef HAL_InitTick(uint32_t TickPriority)
 254:Drivers/STM32F4xx_HAL_Driver/Src/stm32f4xx_hal.c **** {
 140              		.loc 1 254 1 is_stmt 1 view -0
 141              		.cfi_startproc
 142              		@ args = 0, pretend = 0, frame = 0
 143              		@ frame_needed = 0, uses_anonymous_args = 0
 255:Drivers/STM32F4xx_HAL_Driver/Src/stm32f4xx_hal.c ****   /* Configure the SysTick to have interrupt in 1ms time basis*/
 256:Drivers/STM32F4xx_HAL_Driver/Src/stm32f4xx_hal.c ****   if (HAL_SYSTICK_Config(SystemCoreClock / (1000U / uwTickFreq)) > 0U)
 144              		.loc 1 256 3 view .LVU27
 254:Drivers/STM32F4xx_HAL_Driver/Src/stm32f4xx_hal.c ****   /* Configure the SysTick to have interrupt in 1ms time basis*/
 145              		.loc 1 254 1 is_stmt 0 view .LVU28
 146 0000 38B5     		push	{r3, r4, r5, lr}
 147              	.LCFI1:
 148              		.cfi_def_cfa_offset 16
 149              		.cfi_offset 3, -16
 150              		.cfi_offset 4, -12
 151              		.cfi_offset 5, -8
 152              		.cfi_offset 14, -4
 153              		.loc 1 256 51 view .LVU29
 154 0002 0E4A     		ldr	r2, .L14
 155              		.loc 1 256 7 view .LVU30
 156 0004 0E4B     		ldr	r3, .L14+4
 157              		.loc 1 256 51 view .LVU31
 158 0006 1278     		ldrb	r2, [r2]	@ zero_extendqisi2
 254:Drivers/STM32F4xx_HAL_Driver/Src/stm32f4xx_hal.c ****   /* Configure the SysTick to have interrupt in 1ms time basis*/
 159              		.loc 1 254 1 view .LVU32
 160 0008 0546     		mov	r5, r0
 161              		.loc 1 256 7 view .LVU33
 162 000a 1868     		ldr	r0, [r3]
 163              	.LVL2:
 164              		.loc 1 256 51 view .LVU34
 165 000c 4FF47A73 		mov	r3, #1000
 166 0010 B3FBF2F3 		udiv	r3, r3, r2
 167              		.loc 1 256 7 view .LVU35
 168 0014 B0FBF3F0 		udiv	r0, r0, r3
 169 0018 FFF7FEFF 		bl	HAL_SYSTICK_Config
 170              	.LVL3:
 171              		.loc 1 256 6 discriminator 1 view .LVU36
 172 001c 08B9     		cbnz	r0, .L11
 257:Drivers/STM32F4xx_HAL_Driver/Src/stm32f4xx_hal.c ****   {
 258:Drivers/STM32F4xx_HAL_Driver/Src/stm32f4xx_hal.c ****     return HAL_ERROR;
 259:Drivers/STM32F4xx_HAL_Driver/Src/stm32f4xx_hal.c ****   }
 260:Drivers/STM32F4xx_HAL_Driver/Src/stm32f4xx_hal.c **** 
 261:Drivers/STM32F4xx_HAL_Driver/Src/stm32f4xx_hal.c ****   /* Configure the SysTick IRQ priority */
 262:Drivers/STM32F4xx_HAL_Driver/Src/stm32f4xx_hal.c ****   if (TickPriority < (1UL << __NVIC_PRIO_BITS))
 173              		.loc 1 262 3 is_stmt 1 view .LVU37
 174              		.loc 1 262 6 is_stmt 0 view .LVU38
 175 001e 0F2D     		cmp	r5, #15
 176 0020 01D9     		bls	.L13
ARM GAS  C:\Users\kaush\AppData\Local\Temp\ccZKlWkB.s 			page 9


 177              	.L11:
 258:Drivers/STM32F4xx_HAL_Driver/Src/stm32f4xx_hal.c ****   }
 178              		.loc 1 258 12 view .LVU39
 179 0022 0120     		movs	r0, #1
 263:Drivers/STM32F4xx_HAL_Driver/Src/stm32f4xx_hal.c ****   {
 264:Drivers/STM32F4xx_HAL_Driver/Src/stm32f4xx_hal.c ****     HAL_NVIC_SetPriority(SysTick_IRQn, TickPriority, 0U);
 265:Drivers/STM32F4xx_HAL_Driver/Src/stm32f4xx_hal.c ****     uwTickPrio = TickPriority;
 266:Drivers/STM32F4xx_HAL_Driver/Src/stm32f4xx_hal.c ****   }
 267:Drivers/STM32F4xx_HAL_Driver/Src/stm32f4xx_hal.c ****   else
 268:Drivers/STM32F4xx_HAL_Driver/Src/stm32f4xx_hal.c ****   {
 269:Drivers/STM32F4xx_HAL_Driver/Src/stm32f4xx_hal.c ****     return HAL_ERROR;
 270:Drivers/STM32F4xx_HAL_Driver/Src/stm32f4xx_hal.c ****   }
 271:Drivers/STM32F4xx_HAL_Driver/Src/stm32f4xx_hal.c **** 
 272:Drivers/STM32F4xx_HAL_Driver/Src/stm32f4xx_hal.c ****   /* Return function status */
 273:Drivers/STM32F4xx_HAL_Driver/Src/stm32f4xx_hal.c ****   return HAL_OK;
 274:Drivers/STM32F4xx_HAL_Driver/Src/stm32f4xx_hal.c **** }
 180              		.loc 1 274 1 view .LVU40
 181 0024 38BD     		pop	{r3, r4, r5, pc}
 182              	.LVL4:
 183              	.L13:
 184              		.loc 1 274 1 view .LVU41
 185 0026 0446     		mov	r4, r0
 186              	.LVL5:
 187              	.LBB4:
 188              	.LBI4:
 253:Drivers/STM32F4xx_HAL_Driver/Src/stm32f4xx_hal.c **** {
 189              		.loc 1 253 26 is_stmt 1 view .LVU42
 190              	.LBB5:
 264:Drivers/STM32F4xx_HAL_Driver/Src/stm32f4xx_hal.c ****     uwTickPrio = TickPriority;
 191              		.loc 1 264 5 view .LVU43
 192 0028 0246     		mov	r2, r0
 193 002a 2946     		mov	r1, r5
 194 002c 4FF0FF30 		mov	r0, #-1
 195 0030 FFF7FEFF 		bl	HAL_NVIC_SetPriority
 196              	.LVL6:
 265:Drivers/STM32F4xx_HAL_Driver/Src/stm32f4xx_hal.c ****   }
 197              		.loc 1 265 5 view .LVU44
 265:Drivers/STM32F4xx_HAL_Driver/Src/stm32f4xx_hal.c ****   }
 198              		.loc 1 265 16 is_stmt 0 view .LVU45
 199 0034 034B     		ldr	r3, .L14+8
 200 0036 2046     		mov	r0, r4
 201 0038 1D60     		str	r5, [r3]
 273:Drivers/STM32F4xx_HAL_Driver/Src/stm32f4xx_hal.c **** }
 202              		.loc 1 273 3 is_stmt 1 view .LVU46
 203              	.LVL7:
 273:Drivers/STM32F4xx_HAL_Driver/Src/stm32f4xx_hal.c **** }
 204              		.loc 1 273 3 is_stmt 0 view .LVU47
 205              	.LBE5:
 206              	.LBE4:
 207              		.loc 1 274 1 view .LVU48
 208 003a 38BD     		pop	{r3, r4, r5, pc}
 209              	.LVL8:
 210              	.L15:
 211              		.loc 1 274 1 view .LVU49
 212              		.align	2
 213              	.L14:
 214 003c 00000000 		.word	uwTickFreq
ARM GAS  C:\Users\kaush\AppData\Local\Temp\ccZKlWkB.s 			page 10


 215 0040 00000000 		.word	SystemCoreClock
 216 0044 00000000 		.word	uwTickPrio
 217              		.cfi_endproc
 218              	.LFE138:
 220              		.section	.text.HAL_Init,"ax",%progbits
 221              		.align	1
 222              		.p2align 2,,3
 223              		.global	HAL_Init
 224              		.syntax unified
 225              		.thumb
 226              		.thumb_func
 228              	HAL_Init:
 229              	.LFB134:
 158:Drivers/STM32F4xx_HAL_Driver/Src/stm32f4xx_hal.c ****   /* Configure Flash prefetch, Instruction cache, Data cache */ 
 230              		.loc 1 158 1 is_stmt 1 view -0
 231              		.cfi_startproc
 232              		@ args = 0, pretend = 0, frame = 0
 233              		@ frame_needed = 0, uses_anonymous_args = 0
 161:Drivers/STM32F4xx_HAL_Driver/Src/stm32f4xx_hal.c **** #endif /* INSTRUCTION_CACHE_ENABLE */
 234              		.loc 1 161 3 view .LVU51
 158:Drivers/STM32F4xx_HAL_Driver/Src/stm32f4xx_hal.c ****   /* Configure Flash prefetch, Instruction cache, Data cache */ 
 235              		.loc 1 158 1 is_stmt 0 view .LVU52
 236 0000 08B5     		push	{r3, lr}
 237              	.LCFI2:
 238              		.cfi_def_cfa_offset 8
 239              		.cfi_offset 3, -8
 240              		.cfi_offset 14, -4
 161:Drivers/STM32F4xx_HAL_Driver/Src/stm32f4xx_hal.c **** #endif /* INSTRUCTION_CACHE_ENABLE */
 241              		.loc 1 161 3 view .LVU53
 242 0002 0B4B     		ldr	r3, .L18
 243 0004 1A68     		ldr	r2, [r3]
 244 0006 42F40072 		orr	r2, r2, #512
 245 000a 1A60     		str	r2, [r3]
 165:Drivers/STM32F4xx_HAL_Driver/Src/stm32f4xx_hal.c **** #endif /* DATA_CACHE_ENABLE */
 246              		.loc 1 165 3 is_stmt 1 view .LVU54
 247 000c 1A68     		ldr	r2, [r3]
 248 000e 42F48062 		orr	r2, r2, #1024
 249 0012 1A60     		str	r2, [r3]
 169:Drivers/STM32F4xx_HAL_Driver/Src/stm32f4xx_hal.c **** #endif /* PREFETCH_ENABLE */
 250              		.loc 1 169 3 view .LVU55
 251 0014 1A68     		ldr	r2, [r3]
 252 0016 42F48072 		orr	r2, r2, #256
 253 001a 1A60     		str	r2, [r3]
 173:Drivers/STM32F4xx_HAL_Driver/Src/stm32f4xx_hal.c **** 
 254              		.loc 1 173 3 view .LVU56
 255 001c 0320     		movs	r0, #3
 256 001e FFF7FEFF 		bl	HAL_NVIC_SetPriorityGrouping
 257              	.LVL9:
 176:Drivers/STM32F4xx_HAL_Driver/Src/stm32f4xx_hal.c **** 
 258              		.loc 1 176 3 view .LVU57
 259 0022 0F20     		movs	r0, #15
 260 0024 FFF7FEFF 		bl	HAL_InitTick
 261              	.LVL10:
 179:Drivers/STM32F4xx_HAL_Driver/Src/stm32f4xx_hal.c **** 
 262              		.loc 1 179 3 view .LVU58
 263 0028 FFF7FEFF 		bl	HAL_MspInit
 264              	.LVL11:
ARM GAS  C:\Users\kaush\AppData\Local\Temp\ccZKlWkB.s 			page 11


 182:Drivers/STM32F4xx_HAL_Driver/Src/stm32f4xx_hal.c **** }
 265              		.loc 1 182 3 view .LVU59
 183:Drivers/STM32F4xx_HAL_Driver/Src/stm32f4xx_hal.c **** 
 266              		.loc 1 183 1 is_stmt 0 view .LVU60
 267 002c 0020     		movs	r0, #0
 268 002e 08BD     		pop	{r3, pc}
 269              	.L19:
 270              		.align	2
 271              	.L18:
 272 0030 003C0240 		.word	1073888256
 273              		.cfi_endproc
 274              	.LFE134:
 276              		.section	.text.HAL_IncTick,"ax",%progbits
 277              		.align	1
 278              		.p2align 2,,3
 279              		.weak	HAL_IncTick
 280              		.syntax unified
 281              		.thumb
 282              		.thumb_func
 284              	HAL_IncTick:
 285              	.LFB139:
 275:Drivers/STM32F4xx_HAL_Driver/Src/stm32f4xx_hal.c **** 
 276:Drivers/STM32F4xx_HAL_Driver/Src/stm32f4xx_hal.c **** /**
 277:Drivers/STM32F4xx_HAL_Driver/Src/stm32f4xx_hal.c ****   * @}
 278:Drivers/STM32F4xx_HAL_Driver/Src/stm32f4xx_hal.c ****   */
 279:Drivers/STM32F4xx_HAL_Driver/Src/stm32f4xx_hal.c **** 
 280:Drivers/STM32F4xx_HAL_Driver/Src/stm32f4xx_hal.c **** /** @defgroup HAL_Exported_Functions_Group2 HAL Control functions 
 281:Drivers/STM32F4xx_HAL_Driver/Src/stm32f4xx_hal.c ****  *  @brief    HAL Control functions
 282:Drivers/STM32F4xx_HAL_Driver/Src/stm32f4xx_hal.c ****  *
 283:Drivers/STM32F4xx_HAL_Driver/Src/stm32f4xx_hal.c **** @verbatim
 284:Drivers/STM32F4xx_HAL_Driver/Src/stm32f4xx_hal.c ****  ===============================================================================
 285:Drivers/STM32F4xx_HAL_Driver/Src/stm32f4xx_hal.c ****                       ##### HAL Control functions #####
 286:Drivers/STM32F4xx_HAL_Driver/Src/stm32f4xx_hal.c ****  ===============================================================================
 287:Drivers/STM32F4xx_HAL_Driver/Src/stm32f4xx_hal.c ****     [..]  This section provides functions allowing to:
 288:Drivers/STM32F4xx_HAL_Driver/Src/stm32f4xx_hal.c ****       (+) Provide a tick value in millisecond
 289:Drivers/STM32F4xx_HAL_Driver/Src/stm32f4xx_hal.c ****       (+) Provide a blocking delay in millisecond
 290:Drivers/STM32F4xx_HAL_Driver/Src/stm32f4xx_hal.c ****       (+) Suspend the time base source interrupt
 291:Drivers/STM32F4xx_HAL_Driver/Src/stm32f4xx_hal.c ****       (+) Resume the time base source interrupt
 292:Drivers/STM32F4xx_HAL_Driver/Src/stm32f4xx_hal.c ****       (+) Get the HAL API driver version
 293:Drivers/STM32F4xx_HAL_Driver/Src/stm32f4xx_hal.c ****       (+) Get the device identifier
 294:Drivers/STM32F4xx_HAL_Driver/Src/stm32f4xx_hal.c ****       (+) Get the device revision identifier
 295:Drivers/STM32F4xx_HAL_Driver/Src/stm32f4xx_hal.c ****       (+) Enable/Disable Debug module during SLEEP mode
 296:Drivers/STM32F4xx_HAL_Driver/Src/stm32f4xx_hal.c ****       (+) Enable/Disable Debug module during STOP mode
 297:Drivers/STM32F4xx_HAL_Driver/Src/stm32f4xx_hal.c ****       (+) Enable/Disable Debug module during STANDBY mode
 298:Drivers/STM32F4xx_HAL_Driver/Src/stm32f4xx_hal.c **** 
 299:Drivers/STM32F4xx_HAL_Driver/Src/stm32f4xx_hal.c **** @endverbatim
 300:Drivers/STM32F4xx_HAL_Driver/Src/stm32f4xx_hal.c ****   * @{
 301:Drivers/STM32F4xx_HAL_Driver/Src/stm32f4xx_hal.c ****   */
 302:Drivers/STM32F4xx_HAL_Driver/Src/stm32f4xx_hal.c **** 
 303:Drivers/STM32F4xx_HAL_Driver/Src/stm32f4xx_hal.c **** /**
 304:Drivers/STM32F4xx_HAL_Driver/Src/stm32f4xx_hal.c ****   * @brief This function is called to increment  a global variable "uwTick"
 305:Drivers/STM32F4xx_HAL_Driver/Src/stm32f4xx_hal.c ****   *        used as application time base.
 306:Drivers/STM32F4xx_HAL_Driver/Src/stm32f4xx_hal.c ****   * @note In the default implementation, this variable is incremented each 1ms
 307:Drivers/STM32F4xx_HAL_Driver/Src/stm32f4xx_hal.c ****   *       in SysTick ISR.
 308:Drivers/STM32F4xx_HAL_Driver/Src/stm32f4xx_hal.c ****  * @note This function is declared as __weak to be overwritten in case of other 
 309:Drivers/STM32F4xx_HAL_Driver/Src/stm32f4xx_hal.c ****   *      implementations in user file.
 310:Drivers/STM32F4xx_HAL_Driver/Src/stm32f4xx_hal.c ****   * @retval None
ARM GAS  C:\Users\kaush\AppData\Local\Temp\ccZKlWkB.s 			page 12


 311:Drivers/STM32F4xx_HAL_Driver/Src/stm32f4xx_hal.c ****   */
 312:Drivers/STM32F4xx_HAL_Driver/Src/stm32f4xx_hal.c **** __weak void HAL_IncTick(void)
 313:Drivers/STM32F4xx_HAL_Driver/Src/stm32f4xx_hal.c **** {
 286              		.loc 1 313 1 is_stmt 1 view -0
 287              		.cfi_startproc
 288              		@ args = 0, pretend = 0, frame = 0
 289              		@ frame_needed = 0, uses_anonymous_args = 0
 290              		@ link register save eliminated.
 314:Drivers/STM32F4xx_HAL_Driver/Src/stm32f4xx_hal.c ****   uwTick += uwTickFreq;
 291              		.loc 1 314 3 view .LVU62
 292              		.loc 1 314 10 is_stmt 0 view .LVU63
 293 0000 034A     		ldr	r2, .L21
 294 0002 044B     		ldr	r3, .L21+4
 295 0004 1168     		ldr	r1, [r2]
 296 0006 1B78     		ldrb	r3, [r3]	@ zero_extendqisi2
 297 0008 0B44     		add	r3, r3, r1
 298 000a 1360     		str	r3, [r2]
 315:Drivers/STM32F4xx_HAL_Driver/Src/stm32f4xx_hal.c **** }
 299              		.loc 1 315 1 view .LVU64
 300 000c 7047     		bx	lr
 301              	.L22:
 302 000e 00BF     		.align	2
 303              	.L21:
 304 0010 00000000 		.word	uwTick
 305 0014 00000000 		.word	uwTickFreq
 306              		.cfi_endproc
 307              	.LFE139:
 309              		.section	.text.HAL_GetTick,"ax",%progbits
 310              		.align	1
 311              		.p2align 2,,3
 312              		.weak	HAL_GetTick
 313              		.syntax unified
 314              		.thumb
 315              		.thumb_func
 317              	HAL_GetTick:
 318              	.LFB140:
 316:Drivers/STM32F4xx_HAL_Driver/Src/stm32f4xx_hal.c **** 
 317:Drivers/STM32F4xx_HAL_Driver/Src/stm32f4xx_hal.c **** /**
 318:Drivers/STM32F4xx_HAL_Driver/Src/stm32f4xx_hal.c ****   * @brief Provides a tick value in millisecond.
 319:Drivers/STM32F4xx_HAL_Driver/Src/stm32f4xx_hal.c ****   * @note This function is declared as __weak to be overwritten in case of other 
 320:Drivers/STM32F4xx_HAL_Driver/Src/stm32f4xx_hal.c ****   *       implementations in user file.
 321:Drivers/STM32F4xx_HAL_Driver/Src/stm32f4xx_hal.c ****   * @retval tick value
 322:Drivers/STM32F4xx_HAL_Driver/Src/stm32f4xx_hal.c ****   */
 323:Drivers/STM32F4xx_HAL_Driver/Src/stm32f4xx_hal.c **** __weak uint32_t HAL_GetTick(void)
 324:Drivers/STM32F4xx_HAL_Driver/Src/stm32f4xx_hal.c **** {
 319              		.loc 1 324 1 is_stmt 1 view -0
 320              		.cfi_startproc
 321              		@ args = 0, pretend = 0, frame = 0
 322              		@ frame_needed = 0, uses_anonymous_args = 0
 323              		@ link register save eliminated.
 325:Drivers/STM32F4xx_HAL_Driver/Src/stm32f4xx_hal.c ****   return uwTick;
 324              		.loc 1 325 3 view .LVU66
 325              		.loc 1 325 10 is_stmt 0 view .LVU67
 326 0000 014B     		ldr	r3, .L24
 327 0002 1868     		ldr	r0, [r3]
 326:Drivers/STM32F4xx_HAL_Driver/Src/stm32f4xx_hal.c **** }
 328              		.loc 1 326 1 view .LVU68
ARM GAS  C:\Users\kaush\AppData\Local\Temp\ccZKlWkB.s 			page 13


 329 0004 7047     		bx	lr
 330              	.L25:
 331 0006 00BF     		.align	2
 332              	.L24:
 333 0008 00000000 		.word	uwTick
 334              		.cfi_endproc
 335              	.LFE140:
 337              		.section	.text.HAL_GetTickPrio,"ax",%progbits
 338              		.align	1
 339              		.p2align 2,,3
 340              		.global	HAL_GetTickPrio
 341              		.syntax unified
 342              		.thumb
 343              		.thumb_func
 345              	HAL_GetTickPrio:
 346              	.LFB141:
 327:Drivers/STM32F4xx_HAL_Driver/Src/stm32f4xx_hal.c **** 
 328:Drivers/STM32F4xx_HAL_Driver/Src/stm32f4xx_hal.c **** /**
 329:Drivers/STM32F4xx_HAL_Driver/Src/stm32f4xx_hal.c ****   * @brief This function returns a tick priority.
 330:Drivers/STM32F4xx_HAL_Driver/Src/stm32f4xx_hal.c ****   * @retval tick priority
 331:Drivers/STM32F4xx_HAL_Driver/Src/stm32f4xx_hal.c ****   */
 332:Drivers/STM32F4xx_HAL_Driver/Src/stm32f4xx_hal.c **** uint32_t HAL_GetTickPrio(void)
 333:Drivers/STM32F4xx_HAL_Driver/Src/stm32f4xx_hal.c **** {
 347              		.loc 1 333 1 is_stmt 1 view -0
 348              		.cfi_startproc
 349              		@ args = 0, pretend = 0, frame = 0
 350              		@ frame_needed = 0, uses_anonymous_args = 0
 351              		@ link register save eliminated.
 334:Drivers/STM32F4xx_HAL_Driver/Src/stm32f4xx_hal.c ****   return uwTickPrio;
 352              		.loc 1 334 3 view .LVU70
 353              		.loc 1 334 10 is_stmt 0 view .LVU71
 354 0000 014B     		ldr	r3, .L27
 335:Drivers/STM32F4xx_HAL_Driver/Src/stm32f4xx_hal.c **** }
 355              		.loc 1 335 1 view .LVU72
 356 0002 1868     		ldr	r0, [r3]
 357 0004 7047     		bx	lr
 358              	.L28:
 359 0006 00BF     		.align	2
 360              	.L27:
 361 0008 00000000 		.word	uwTickPrio
 362              		.cfi_endproc
 363              	.LFE141:
 365              		.section	.text.HAL_SetTickFreq,"ax",%progbits
 366              		.align	1
 367              		.p2align 2,,3
 368              		.global	HAL_SetTickFreq
 369              		.syntax unified
 370              		.thumb
 371              		.thumb_func
 373              	HAL_SetTickFreq:
 374              	.LVL12:
 375              	.LFB142:
 336:Drivers/STM32F4xx_HAL_Driver/Src/stm32f4xx_hal.c **** 
 337:Drivers/STM32F4xx_HAL_Driver/Src/stm32f4xx_hal.c **** /**
 338:Drivers/STM32F4xx_HAL_Driver/Src/stm32f4xx_hal.c ****   * @brief Set new tick Freq.
 339:Drivers/STM32F4xx_HAL_Driver/Src/stm32f4xx_hal.c ****   * @retval Status
 340:Drivers/STM32F4xx_HAL_Driver/Src/stm32f4xx_hal.c ****   */
ARM GAS  C:\Users\kaush\AppData\Local\Temp\ccZKlWkB.s 			page 14


 341:Drivers/STM32F4xx_HAL_Driver/Src/stm32f4xx_hal.c **** HAL_StatusTypeDef HAL_SetTickFreq(HAL_TickFreqTypeDef Freq)
 342:Drivers/STM32F4xx_HAL_Driver/Src/stm32f4xx_hal.c **** {
 376              		.loc 1 342 1 is_stmt 1 view -0
 377              		.cfi_startproc
 378              		@ args = 0, pretend = 0, frame = 0
 379              		@ frame_needed = 0, uses_anonymous_args = 0
 343:Drivers/STM32F4xx_HAL_Driver/Src/stm32f4xx_hal.c ****   HAL_StatusTypeDef status  = HAL_OK;
 380              		.loc 1 343 3 view .LVU74
 344:Drivers/STM32F4xx_HAL_Driver/Src/stm32f4xx_hal.c ****   HAL_TickFreqTypeDef prevTickFreq;
 381              		.loc 1 344 3 view .LVU75
 345:Drivers/STM32F4xx_HAL_Driver/Src/stm32f4xx_hal.c **** 
 346:Drivers/STM32F4xx_HAL_Driver/Src/stm32f4xx_hal.c ****   assert_param(IS_TICKFREQ(Freq));
 382              		.loc 1 346 3 view .LVU76
 347:Drivers/STM32F4xx_HAL_Driver/Src/stm32f4xx_hal.c **** 
 348:Drivers/STM32F4xx_HAL_Driver/Src/stm32f4xx_hal.c ****   if (uwTickFreq != Freq)
 383              		.loc 1 348 3 view .LVU77
 342:Drivers/STM32F4xx_HAL_Driver/Src/stm32f4xx_hal.c ****   HAL_StatusTypeDef status  = HAL_OK;
 384              		.loc 1 342 1 is_stmt 0 view .LVU78
 385 0000 38B5     		push	{r3, r4, r5, lr}
 386              	.LCFI3:
 387              		.cfi_def_cfa_offset 16
 388              		.cfi_offset 3, -16
 389              		.cfi_offset 4, -12
 390              		.cfi_offset 5, -8
 391              		.cfi_offset 14, -4
 392              		.loc 1 348 18 view .LVU79
 393 0002 074C     		ldr	r4, .L36
 394 0004 2578     		ldrb	r5, [r4]	@ zero_extendqisi2
 395              		.loc 1 348 6 view .LVU80
 396 0006 8542     		cmp	r5, r0
 397 0008 01D1     		bne	.L35
 343:Drivers/STM32F4xx_HAL_Driver/Src/stm32f4xx_hal.c ****   HAL_TickFreqTypeDef prevTickFreq;
 398              		.loc 1 343 21 view .LVU81
 399 000a 0020     		movs	r0, #0
 400              	.LVL13:
 401              	.L30:
 349:Drivers/STM32F4xx_HAL_Driver/Src/stm32f4xx_hal.c ****   {
 350:Drivers/STM32F4xx_HAL_Driver/Src/stm32f4xx_hal.c ****     /* Back up uwTickFreq frequency */
 351:Drivers/STM32F4xx_HAL_Driver/Src/stm32f4xx_hal.c ****     prevTickFreq = uwTickFreq;
 352:Drivers/STM32F4xx_HAL_Driver/Src/stm32f4xx_hal.c **** 
 353:Drivers/STM32F4xx_HAL_Driver/Src/stm32f4xx_hal.c ****     /* Update uwTickFreq global variable used by HAL_InitTick() */
 354:Drivers/STM32F4xx_HAL_Driver/Src/stm32f4xx_hal.c ****     uwTickFreq = Freq;
 355:Drivers/STM32F4xx_HAL_Driver/Src/stm32f4xx_hal.c **** 
 356:Drivers/STM32F4xx_HAL_Driver/Src/stm32f4xx_hal.c ****     /* Apply the new tick Freq  */
 357:Drivers/STM32F4xx_HAL_Driver/Src/stm32f4xx_hal.c ****     status = HAL_InitTick(uwTickPrio);
 358:Drivers/STM32F4xx_HAL_Driver/Src/stm32f4xx_hal.c **** 
 359:Drivers/STM32F4xx_HAL_Driver/Src/stm32f4xx_hal.c ****     if (status != HAL_OK)
 360:Drivers/STM32F4xx_HAL_Driver/Src/stm32f4xx_hal.c ****     {
 361:Drivers/STM32F4xx_HAL_Driver/Src/stm32f4xx_hal.c ****       /* Restore previous tick frequency */
 362:Drivers/STM32F4xx_HAL_Driver/Src/stm32f4xx_hal.c ****       uwTickFreq = prevTickFreq;
 363:Drivers/STM32F4xx_HAL_Driver/Src/stm32f4xx_hal.c ****     }
 364:Drivers/STM32F4xx_HAL_Driver/Src/stm32f4xx_hal.c ****   }
 365:Drivers/STM32F4xx_HAL_Driver/Src/stm32f4xx_hal.c **** 
 366:Drivers/STM32F4xx_HAL_Driver/Src/stm32f4xx_hal.c ****   return status;
 402              		.loc 1 366 3 is_stmt 1 view .LVU82
 367:Drivers/STM32F4xx_HAL_Driver/Src/stm32f4xx_hal.c **** }
 403              		.loc 1 367 1 is_stmt 0 view .LVU83
ARM GAS  C:\Users\kaush\AppData\Local\Temp\ccZKlWkB.s 			page 15


 404 000c 38BD     		pop	{r3, r4, r5, pc}
 405              	.LVL14:
 406              	.L35:
 351:Drivers/STM32F4xx_HAL_Driver/Src/stm32f4xx_hal.c **** 
 407              		.loc 1 351 5 is_stmt 1 view .LVU84
 354:Drivers/STM32F4xx_HAL_Driver/Src/stm32f4xx_hal.c **** 
 408              		.loc 1 354 5 view .LVU85
 357:Drivers/STM32F4xx_HAL_Driver/Src/stm32f4xx_hal.c **** 
 409              		.loc 1 357 14 is_stmt 0 view .LVU86
 410 000e 054B     		ldr	r3, .L36+4
 354:Drivers/STM32F4xx_HAL_Driver/Src/stm32f4xx_hal.c **** 
 411              		.loc 1 354 16 view .LVU87
 412 0010 2070     		strb	r0, [r4]
 357:Drivers/STM32F4xx_HAL_Driver/Src/stm32f4xx_hal.c **** 
 413              		.loc 1 357 5 is_stmt 1 view .LVU88
 357:Drivers/STM32F4xx_HAL_Driver/Src/stm32f4xx_hal.c **** 
 414              		.loc 1 357 14 is_stmt 0 view .LVU89
 415 0012 1868     		ldr	r0, [r3]
 416              	.LVL15:
 357:Drivers/STM32F4xx_HAL_Driver/Src/stm32f4xx_hal.c **** 
 417              		.loc 1 357 14 view .LVU90
 418 0014 FFF7FEFF 		bl	HAL_InitTick
 419              	.LVL16:
 359:Drivers/STM32F4xx_HAL_Driver/Src/stm32f4xx_hal.c ****     {
 420              		.loc 1 359 5 is_stmt 1 view .LVU91
 359:Drivers/STM32F4xx_HAL_Driver/Src/stm32f4xx_hal.c ****     {
 421              		.loc 1 359 8 is_stmt 0 view .LVU92
 422 0018 0028     		cmp	r0, #0
 423 001a F7D0     		beq	.L30
 362:Drivers/STM32F4xx_HAL_Driver/Src/stm32f4xx_hal.c ****     }
 424              		.loc 1 362 7 is_stmt 1 view .LVU93
 362:Drivers/STM32F4xx_HAL_Driver/Src/stm32f4xx_hal.c ****     }
 425              		.loc 1 362 18 is_stmt 0 view .LVU94
 426 001c 2570     		strb	r5, [r4]
 366:Drivers/STM32F4xx_HAL_Driver/Src/stm32f4xx_hal.c **** }
 427              		.loc 1 366 3 is_stmt 1 view .LVU95
 428              		.loc 1 367 1 is_stmt 0 view .LVU96
 429 001e 38BD     		pop	{r3, r4, r5, pc}
 430              	.LVL17:
 431              	.L37:
 432              		.loc 1 367 1 view .LVU97
 433              		.align	2
 434              	.L36:
 435 0020 00000000 		.word	uwTickFreq
 436 0024 00000000 		.word	uwTickPrio
 437              		.cfi_endproc
 438              	.LFE142:
 440              		.section	.text.HAL_GetTickFreq,"ax",%progbits
 441              		.align	1
 442              		.p2align 2,,3
 443              		.global	HAL_GetTickFreq
 444              		.syntax unified
 445              		.thumb
 446              		.thumb_func
 448              	HAL_GetTickFreq:
 449              	.LFB143:
 368:Drivers/STM32F4xx_HAL_Driver/Src/stm32f4xx_hal.c **** 
ARM GAS  C:\Users\kaush\AppData\Local\Temp\ccZKlWkB.s 			page 16


 369:Drivers/STM32F4xx_HAL_Driver/Src/stm32f4xx_hal.c **** /**
 370:Drivers/STM32F4xx_HAL_Driver/Src/stm32f4xx_hal.c ****   * @brief Return tick frequency.
 371:Drivers/STM32F4xx_HAL_Driver/Src/stm32f4xx_hal.c ****   * @retval Tick frequency.
 372:Drivers/STM32F4xx_HAL_Driver/Src/stm32f4xx_hal.c ****   *         Value of @ref HAL_TickFreqTypeDef.
 373:Drivers/STM32F4xx_HAL_Driver/Src/stm32f4xx_hal.c ****   */
 374:Drivers/STM32F4xx_HAL_Driver/Src/stm32f4xx_hal.c **** HAL_TickFreqTypeDef HAL_GetTickFreq(void)
 375:Drivers/STM32F4xx_HAL_Driver/Src/stm32f4xx_hal.c **** {
 450              		.loc 1 375 1 is_stmt 1 view -0
 451              		.cfi_startproc
 452              		@ args = 0, pretend = 0, frame = 0
 453              		@ frame_needed = 0, uses_anonymous_args = 0
 454              		@ link register save eliminated.
 376:Drivers/STM32F4xx_HAL_Driver/Src/stm32f4xx_hal.c ****   return uwTickFreq;
 455              		.loc 1 376 3 view .LVU99
 456              		.loc 1 376 10 is_stmt 0 view .LVU100
 457 0000 014B     		ldr	r3, .L39
 377:Drivers/STM32F4xx_HAL_Driver/Src/stm32f4xx_hal.c **** }
 458              		.loc 1 377 1 view .LVU101
 459 0002 1878     		ldrb	r0, [r3]	@ zero_extendqisi2
 460 0004 7047     		bx	lr
 461              	.L40:
 462 0006 00BF     		.align	2
 463              	.L39:
 464 0008 00000000 		.word	uwTickFreq
 465              		.cfi_endproc
 466              	.LFE143:
 468              		.section	.text.HAL_Delay,"ax",%progbits
 469              		.align	1
 470              		.p2align 2,,3
 471              		.weak	HAL_Delay
 472              		.syntax unified
 473              		.thumb
 474              		.thumb_func
 476              	HAL_Delay:
 477              	.LVL18:
 478              	.LFB144:
 378:Drivers/STM32F4xx_HAL_Driver/Src/stm32f4xx_hal.c **** 
 379:Drivers/STM32F4xx_HAL_Driver/Src/stm32f4xx_hal.c **** /**
 380:Drivers/STM32F4xx_HAL_Driver/Src/stm32f4xx_hal.c ****   * @brief This function provides minimum delay (in milliseconds) based 
 381:Drivers/STM32F4xx_HAL_Driver/Src/stm32f4xx_hal.c ****   *        on variable incremented.
 382:Drivers/STM32F4xx_HAL_Driver/Src/stm32f4xx_hal.c ****   * @note In the default implementation , SysTick timer is the source of time base.
 383:Drivers/STM32F4xx_HAL_Driver/Src/stm32f4xx_hal.c ****   *       It is used to generate interrupts at regular time intervals where uwTick
 384:Drivers/STM32F4xx_HAL_Driver/Src/stm32f4xx_hal.c ****   *       is incremented.
 385:Drivers/STM32F4xx_HAL_Driver/Src/stm32f4xx_hal.c ****   * @note This function is declared as __weak to be overwritten in case of other
 386:Drivers/STM32F4xx_HAL_Driver/Src/stm32f4xx_hal.c ****   *       implementations in user file.
 387:Drivers/STM32F4xx_HAL_Driver/Src/stm32f4xx_hal.c ****   * @param Delay specifies the delay time length, in milliseconds.
 388:Drivers/STM32F4xx_HAL_Driver/Src/stm32f4xx_hal.c ****   * @retval None
 389:Drivers/STM32F4xx_HAL_Driver/Src/stm32f4xx_hal.c ****   */
 390:Drivers/STM32F4xx_HAL_Driver/Src/stm32f4xx_hal.c **** __weak void HAL_Delay(uint32_t Delay)
 391:Drivers/STM32F4xx_HAL_Driver/Src/stm32f4xx_hal.c **** {
 479              		.loc 1 391 1 is_stmt 1 view -0
 480              		.cfi_startproc
 481              		@ args = 0, pretend = 0, frame = 0
 482              		@ frame_needed = 0, uses_anonymous_args = 0
 392:Drivers/STM32F4xx_HAL_Driver/Src/stm32f4xx_hal.c ****   uint32_t tickstart = HAL_GetTick();
 483              		.loc 1 392 3 view .LVU103
 391:Drivers/STM32F4xx_HAL_Driver/Src/stm32f4xx_hal.c ****   uint32_t tickstart = HAL_GetTick();
ARM GAS  C:\Users\kaush\AppData\Local\Temp\ccZKlWkB.s 			page 17


 484              		.loc 1 391 1 is_stmt 0 view .LVU104
 485 0000 38B5     		push	{r3, r4, r5, lr}
 486              	.LCFI4:
 487              		.cfi_def_cfa_offset 16
 488              		.cfi_offset 3, -16
 489              		.cfi_offset 4, -12
 490              		.cfi_offset 5, -8
 491              		.cfi_offset 14, -4
 391:Drivers/STM32F4xx_HAL_Driver/Src/stm32f4xx_hal.c ****   uint32_t tickstart = HAL_GetTick();
 492              		.loc 1 391 1 view .LVU105
 493 0002 0446     		mov	r4, r0
 494              		.loc 1 392 24 view .LVU106
 495 0004 FFF7FEFF 		bl	HAL_GetTick
 496              	.LVL19:
 393:Drivers/STM32F4xx_HAL_Driver/Src/stm32f4xx_hal.c ****   uint32_t wait = Delay;
 394:Drivers/STM32F4xx_HAL_Driver/Src/stm32f4xx_hal.c **** 
 395:Drivers/STM32F4xx_HAL_Driver/Src/stm32f4xx_hal.c ****   /* Add a freq to guarantee minimum wait */
 396:Drivers/STM32F4xx_HAL_Driver/Src/stm32f4xx_hal.c ****   if (wait < HAL_MAX_DELAY)
 497              		.loc 1 396 6 view .LVU107
 498 0008 631C     		adds	r3, r4, #1
 392:Drivers/STM32F4xx_HAL_Driver/Src/stm32f4xx_hal.c ****   uint32_t wait = Delay;
 499              		.loc 1 392 24 view .LVU108
 500 000a 0546     		mov	r5, r0
 501              	.LVL20:
 393:Drivers/STM32F4xx_HAL_Driver/Src/stm32f4xx_hal.c ****   uint32_t wait = Delay;
 502              		.loc 1 393 3 is_stmt 1 view .LVU109
 503              		.loc 1 396 3 view .LVU110
 504              		.loc 1 396 6 is_stmt 0 view .LVU111
 505 000c 02D0     		beq	.L43
 397:Drivers/STM32F4xx_HAL_Driver/Src/stm32f4xx_hal.c ****   {
 398:Drivers/STM32F4xx_HAL_Driver/Src/stm32f4xx_hal.c ****     wait += (uint32_t)(uwTickFreq);
 506              		.loc 1 398 5 is_stmt 1 view .LVU112
 507              		.loc 1 398 13 is_stmt 0 view .LVU113
 508 000e 044B     		ldr	r3, .L49
 509 0010 1B78     		ldrb	r3, [r3]	@ zero_extendqisi2
 510              		.loc 1 398 10 view .LVU114
 511 0012 1C44     		add	r4, r4, r3
 512              	.LVL21:
 513              	.L43:
 399:Drivers/STM32F4xx_HAL_Driver/Src/stm32f4xx_hal.c ****   }
 400:Drivers/STM32F4xx_HAL_Driver/Src/stm32f4xx_hal.c **** 
 401:Drivers/STM32F4xx_HAL_Driver/Src/stm32f4xx_hal.c ****   while((HAL_GetTick() - tickstart) < wait)
 402:Drivers/STM32F4xx_HAL_Driver/Src/stm32f4xx_hal.c ****   {
 403:Drivers/STM32F4xx_HAL_Driver/Src/stm32f4xx_hal.c ****   }
 514              		.loc 1 403 3 is_stmt 1 view .LVU115
 401:Drivers/STM32F4xx_HAL_Driver/Src/stm32f4xx_hal.c ****   {
 515              		.loc 1 401 37 discriminator 1 view .LVU116
 401:Drivers/STM32F4xx_HAL_Driver/Src/stm32f4xx_hal.c ****   {
 516              		.loc 1 401 10 is_stmt 0 discriminator 1 view .LVU117
 517 0014 FFF7FEFF 		bl	HAL_GetTick
 518              	.LVL22:
 401:Drivers/STM32F4xx_HAL_Driver/Src/stm32f4xx_hal.c ****   {
 519              		.loc 1 401 24 discriminator 1 view .LVU118
 520 0018 401B     		subs	r0, r0, r5
 401:Drivers/STM32F4xx_HAL_Driver/Src/stm32f4xx_hal.c ****   {
 521              		.loc 1 401 37 discriminator 1 view .LVU119
 522 001a A042     		cmp	r0, r4
ARM GAS  C:\Users\kaush\AppData\Local\Temp\ccZKlWkB.s 			page 18


 523 001c FAD3     		bcc	.L43
 404:Drivers/STM32F4xx_HAL_Driver/Src/stm32f4xx_hal.c **** }
 524              		.loc 1 404 1 view .LVU120
 525 001e 38BD     		pop	{r3, r4, r5, pc}
 526              	.LVL23:
 527              	.L50:
 528              		.loc 1 404 1 view .LVU121
 529              		.align	2
 530              	.L49:
 531 0020 00000000 		.word	uwTickFreq
 532              		.cfi_endproc
 533              	.LFE144:
 535              		.section	.text.HAL_SuspendTick,"ax",%progbits
 536              		.align	1
 537              		.p2align 2,,3
 538              		.weak	HAL_SuspendTick
 539              		.syntax unified
 540              		.thumb
 541              		.thumb_func
 543              	HAL_SuspendTick:
 544              	.LFB145:
 405:Drivers/STM32F4xx_HAL_Driver/Src/stm32f4xx_hal.c **** 
 406:Drivers/STM32F4xx_HAL_Driver/Src/stm32f4xx_hal.c **** /**
 407:Drivers/STM32F4xx_HAL_Driver/Src/stm32f4xx_hal.c ****   * @brief Suspend Tick increment.
 408:Drivers/STM32F4xx_HAL_Driver/Src/stm32f4xx_hal.c ****   * @note In the default implementation , SysTick timer is the source of time base. It is
 409:Drivers/STM32F4xx_HAL_Driver/Src/stm32f4xx_hal.c ****   *       used to generate interrupts at regular time intervals. Once HAL_SuspendTick()
 410:Drivers/STM32F4xx_HAL_Driver/Src/stm32f4xx_hal.c ****   *       is called, the SysTick interrupt will be disabled and so Tick increment 
 411:Drivers/STM32F4xx_HAL_Driver/Src/stm32f4xx_hal.c ****   *       is suspended.
 412:Drivers/STM32F4xx_HAL_Driver/Src/stm32f4xx_hal.c ****   * @note This function is declared as __weak to be overwritten in case of other
 413:Drivers/STM32F4xx_HAL_Driver/Src/stm32f4xx_hal.c ****   *       implementations in user file.
 414:Drivers/STM32F4xx_HAL_Driver/Src/stm32f4xx_hal.c ****   * @retval None
 415:Drivers/STM32F4xx_HAL_Driver/Src/stm32f4xx_hal.c ****   */
 416:Drivers/STM32F4xx_HAL_Driver/Src/stm32f4xx_hal.c **** __weak void HAL_SuspendTick(void)
 417:Drivers/STM32F4xx_HAL_Driver/Src/stm32f4xx_hal.c **** {
 545              		.loc 1 417 1 is_stmt 1 view -0
 546              		.cfi_startproc
 547              		@ args = 0, pretend = 0, frame = 0
 548              		@ frame_needed = 0, uses_anonymous_args = 0
 549              		@ link register save eliminated.
 418:Drivers/STM32F4xx_HAL_Driver/Src/stm32f4xx_hal.c ****   /* Disable SysTick Interrupt */
 419:Drivers/STM32F4xx_HAL_Driver/Src/stm32f4xx_hal.c ****   SysTick->CTRL &= ~SysTick_CTRL_TICKINT_Msk;
 550              		.loc 1 419 3 view .LVU123
 551              		.loc 1 419 10 is_stmt 0 view .LVU124
 552 0000 4FF0E022 		mov	r2, #-536813568
 553 0004 1369     		ldr	r3, [r2, #16]
 554              		.loc 1 419 17 view .LVU125
 555 0006 23F00203 		bic	r3, r3, #2
 556 000a 1361     		str	r3, [r2, #16]
 420:Drivers/STM32F4xx_HAL_Driver/Src/stm32f4xx_hal.c **** }
 557              		.loc 1 420 1 view .LVU126
 558 000c 7047     		bx	lr
 559              		.cfi_endproc
 560              	.LFE145:
 562 000e 00BF     		.section	.text.HAL_ResumeTick,"ax",%progbits
 563              		.align	1
 564              		.p2align 2,,3
 565              		.weak	HAL_ResumeTick
ARM GAS  C:\Users\kaush\AppData\Local\Temp\ccZKlWkB.s 			page 19


 566              		.syntax unified
 567              		.thumb
 568              		.thumb_func
 570              	HAL_ResumeTick:
 571              	.LFB146:
 421:Drivers/STM32F4xx_HAL_Driver/Src/stm32f4xx_hal.c **** 
 422:Drivers/STM32F4xx_HAL_Driver/Src/stm32f4xx_hal.c **** /**
 423:Drivers/STM32F4xx_HAL_Driver/Src/stm32f4xx_hal.c ****   * @brief Resume Tick increment.
 424:Drivers/STM32F4xx_HAL_Driver/Src/stm32f4xx_hal.c ****   * @note In the default implementation , SysTick timer is the source of time base. It is
 425:Drivers/STM32F4xx_HAL_Driver/Src/stm32f4xx_hal.c ****   *       used to generate interrupts at regular time intervals. Once HAL_ResumeTick()
 426:Drivers/STM32F4xx_HAL_Driver/Src/stm32f4xx_hal.c ****   *       is called, the SysTick interrupt will be enabled and so Tick increment 
 427:Drivers/STM32F4xx_HAL_Driver/Src/stm32f4xx_hal.c ****   *       is resumed.
 428:Drivers/STM32F4xx_HAL_Driver/Src/stm32f4xx_hal.c ****   * @note This function is declared as __weak to be overwritten in case of other
 429:Drivers/STM32F4xx_HAL_Driver/Src/stm32f4xx_hal.c ****   *       implementations in user file.
 430:Drivers/STM32F4xx_HAL_Driver/Src/stm32f4xx_hal.c ****   * @retval None
 431:Drivers/STM32F4xx_HAL_Driver/Src/stm32f4xx_hal.c ****   */
 432:Drivers/STM32F4xx_HAL_Driver/Src/stm32f4xx_hal.c **** __weak void HAL_ResumeTick(void)
 433:Drivers/STM32F4xx_HAL_Driver/Src/stm32f4xx_hal.c **** {
 572              		.loc 1 433 1 is_stmt 1 view -0
 573              		.cfi_startproc
 574              		@ args = 0, pretend = 0, frame = 0
 575              		@ frame_needed = 0, uses_anonymous_args = 0
 576              		@ link register save eliminated.
 434:Drivers/STM32F4xx_HAL_Driver/Src/stm32f4xx_hal.c ****   /* Enable SysTick Interrupt */
 435:Drivers/STM32F4xx_HAL_Driver/Src/stm32f4xx_hal.c ****   SysTick->CTRL  |= SysTick_CTRL_TICKINT_Msk;
 577              		.loc 1 435 3 view .LVU128
 578              		.loc 1 435 10 is_stmt 0 view .LVU129
 579 0000 4FF0E022 		mov	r2, #-536813568
 580 0004 1369     		ldr	r3, [r2, #16]
 581              		.loc 1 435 18 view .LVU130
 582 0006 43F00203 		orr	r3, r3, #2
 583 000a 1361     		str	r3, [r2, #16]
 436:Drivers/STM32F4xx_HAL_Driver/Src/stm32f4xx_hal.c **** }
 584              		.loc 1 436 1 view .LVU131
 585 000c 7047     		bx	lr
 586              		.cfi_endproc
 587              	.LFE146:
 589 000e 00BF     		.section	.text.HAL_GetHalVersion,"ax",%progbits
 590              		.align	1
 591              		.p2align 2,,3
 592              		.global	HAL_GetHalVersion
 593              		.syntax unified
 594              		.thumb
 595              		.thumb_func
 597              	HAL_GetHalVersion:
 598              	.LFB147:
 437:Drivers/STM32F4xx_HAL_Driver/Src/stm32f4xx_hal.c **** 
 438:Drivers/STM32F4xx_HAL_Driver/Src/stm32f4xx_hal.c **** /**
 439:Drivers/STM32F4xx_HAL_Driver/Src/stm32f4xx_hal.c ****   * @brief  Returns the HAL revision
 440:Drivers/STM32F4xx_HAL_Driver/Src/stm32f4xx_hal.c ****   * @retval version : 0xXYZR (8bits for each decimal, R for RC)
 441:Drivers/STM32F4xx_HAL_Driver/Src/stm32f4xx_hal.c ****   */
 442:Drivers/STM32F4xx_HAL_Driver/Src/stm32f4xx_hal.c **** uint32_t HAL_GetHalVersion(void)
 443:Drivers/STM32F4xx_HAL_Driver/Src/stm32f4xx_hal.c **** {
 599              		.loc 1 443 1 is_stmt 1 view -0
 600              		.cfi_startproc
 601              		@ args = 0, pretend = 0, frame = 0
 602              		@ frame_needed = 0, uses_anonymous_args = 0
ARM GAS  C:\Users\kaush\AppData\Local\Temp\ccZKlWkB.s 			page 20


 603              		@ link register save eliminated.
 444:Drivers/STM32F4xx_HAL_Driver/Src/stm32f4xx_hal.c ****   return __STM32F4xx_HAL_VERSION;
 604              		.loc 1 444 3 view .LVU133
 445:Drivers/STM32F4xx_HAL_Driver/Src/stm32f4xx_hal.c **** }
 605              		.loc 1 445 1 is_stmt 0 view .LVU134
 606 0000 0048     		ldr	r0, .L54
 607 0002 7047     		bx	lr
 608              	.L55:
 609              		.align	2
 610              	.L54:
 611 0004 00050801 		.word	17302784
 612              		.cfi_endproc
 613              	.LFE147:
 615              		.section	.text.HAL_GetREVID,"ax",%progbits
 616              		.align	1
 617              		.p2align 2,,3
 618              		.global	HAL_GetREVID
 619              		.syntax unified
 620              		.thumb
 621              		.thumb_func
 623              	HAL_GetREVID:
 624              	.LFB148:
 446:Drivers/STM32F4xx_HAL_Driver/Src/stm32f4xx_hal.c **** 
 447:Drivers/STM32F4xx_HAL_Driver/Src/stm32f4xx_hal.c **** /**
 448:Drivers/STM32F4xx_HAL_Driver/Src/stm32f4xx_hal.c ****   * @brief  Returns the device revision identifier.
 449:Drivers/STM32F4xx_HAL_Driver/Src/stm32f4xx_hal.c ****   * @retval Device revision identifier
 450:Drivers/STM32F4xx_HAL_Driver/Src/stm32f4xx_hal.c ****   */
 451:Drivers/STM32F4xx_HAL_Driver/Src/stm32f4xx_hal.c **** uint32_t HAL_GetREVID(void)
 452:Drivers/STM32F4xx_HAL_Driver/Src/stm32f4xx_hal.c **** {
 625              		.loc 1 452 1 is_stmt 1 view -0
 626              		.cfi_startproc
 627              		@ args = 0, pretend = 0, frame = 0
 628              		@ frame_needed = 0, uses_anonymous_args = 0
 629              		@ link register save eliminated.
 453:Drivers/STM32F4xx_HAL_Driver/Src/stm32f4xx_hal.c ****   return((DBGMCU->IDCODE) >> 16U);
 630              		.loc 1 453 3 view .LVU136
 631              		.loc 1 453 17 is_stmt 0 view .LVU137
 632 0000 014B     		ldr	r3, .L57
 633 0002 1868     		ldr	r0, [r3]
 454:Drivers/STM32F4xx_HAL_Driver/Src/stm32f4xx_hal.c **** }
 634              		.loc 1 454 1 view .LVU138
 635 0004 000C     		lsrs	r0, r0, #16
 636 0006 7047     		bx	lr
 637              	.L58:
 638              		.align	2
 639              	.L57:
 640 0008 002004E0 		.word	-536600576
 641              		.cfi_endproc
 642              	.LFE148:
 644              		.section	.text.HAL_GetDEVID,"ax",%progbits
 645              		.align	1
 646              		.p2align 2,,3
 647              		.global	HAL_GetDEVID
 648              		.syntax unified
 649              		.thumb
 650              		.thumb_func
 652              	HAL_GetDEVID:
ARM GAS  C:\Users\kaush\AppData\Local\Temp\ccZKlWkB.s 			page 21


 653              	.LFB149:
 455:Drivers/STM32F4xx_HAL_Driver/Src/stm32f4xx_hal.c **** 
 456:Drivers/STM32F4xx_HAL_Driver/Src/stm32f4xx_hal.c **** /**
 457:Drivers/STM32F4xx_HAL_Driver/Src/stm32f4xx_hal.c ****   * @brief  Returns the device identifier.
 458:Drivers/STM32F4xx_HAL_Driver/Src/stm32f4xx_hal.c ****   * @retval Device identifier
 459:Drivers/STM32F4xx_HAL_Driver/Src/stm32f4xx_hal.c ****   */
 460:Drivers/STM32F4xx_HAL_Driver/Src/stm32f4xx_hal.c **** uint32_t HAL_GetDEVID(void)
 461:Drivers/STM32F4xx_HAL_Driver/Src/stm32f4xx_hal.c **** {
 654              		.loc 1 461 1 is_stmt 1 view -0
 655              		.cfi_startproc
 656              		@ args = 0, pretend = 0, frame = 0
 657              		@ frame_needed = 0, uses_anonymous_args = 0
 658              		@ link register save eliminated.
 462:Drivers/STM32F4xx_HAL_Driver/Src/stm32f4xx_hal.c ****   return((DBGMCU->IDCODE) & IDCODE_DEVID_MASK);
 659              		.loc 1 462 3 view .LVU140
 660              		.loc 1 462 17 is_stmt 0 view .LVU141
 661 0000 024B     		ldr	r3, .L60
 662 0002 1868     		ldr	r0, [r3]
 463:Drivers/STM32F4xx_HAL_Driver/Src/stm32f4xx_hal.c **** }
 663              		.loc 1 463 1 view .LVU142
 664 0004 C0F30B00 		ubfx	r0, r0, #0, #12
 665 0008 7047     		bx	lr
 666              	.L61:
 667 000a 00BF     		.align	2
 668              	.L60:
 669 000c 002004E0 		.word	-536600576
 670              		.cfi_endproc
 671              	.LFE149:
 673              		.section	.text.HAL_DBGMCU_EnableDBGSleepMode,"ax",%progbits
 674              		.align	1
 675              		.p2align 2,,3
 676              		.global	HAL_DBGMCU_EnableDBGSleepMode
 677              		.syntax unified
 678              		.thumb
 679              		.thumb_func
 681              	HAL_DBGMCU_EnableDBGSleepMode:
 682              	.LFB150:
 464:Drivers/STM32F4xx_HAL_Driver/Src/stm32f4xx_hal.c **** 
 465:Drivers/STM32F4xx_HAL_Driver/Src/stm32f4xx_hal.c **** /**
 466:Drivers/STM32F4xx_HAL_Driver/Src/stm32f4xx_hal.c ****   * @brief  Enable the Debug Module during SLEEP mode
 467:Drivers/STM32F4xx_HAL_Driver/Src/stm32f4xx_hal.c ****   * @retval None
 468:Drivers/STM32F4xx_HAL_Driver/Src/stm32f4xx_hal.c ****   */
 469:Drivers/STM32F4xx_HAL_Driver/Src/stm32f4xx_hal.c **** void HAL_DBGMCU_EnableDBGSleepMode(void)
 470:Drivers/STM32F4xx_HAL_Driver/Src/stm32f4xx_hal.c **** {
 683              		.loc 1 470 1 is_stmt 1 view -0
 684              		.cfi_startproc
 685              		@ args = 0, pretend = 0, frame = 0
 686              		@ frame_needed = 0, uses_anonymous_args = 0
 687              		@ link register save eliminated.
 471:Drivers/STM32F4xx_HAL_Driver/Src/stm32f4xx_hal.c ****   SET_BIT(DBGMCU->CR, DBGMCU_CR_DBG_SLEEP);
 688              		.loc 1 471 3 view .LVU144
 689 0000 024A     		ldr	r2, .L63
 690 0002 5368     		ldr	r3, [r2, #4]
 691 0004 43F00103 		orr	r3, r3, #1
 692 0008 5360     		str	r3, [r2, #4]
 472:Drivers/STM32F4xx_HAL_Driver/Src/stm32f4xx_hal.c **** }
 693              		.loc 1 472 1 is_stmt 0 view .LVU145
ARM GAS  C:\Users\kaush\AppData\Local\Temp\ccZKlWkB.s 			page 22


 694 000a 7047     		bx	lr
 695              	.L64:
 696              		.align	2
 697              	.L63:
 698 000c 002004E0 		.word	-536600576
 699              		.cfi_endproc
 700              	.LFE150:
 702              		.section	.text.HAL_DBGMCU_DisableDBGSleepMode,"ax",%progbits
 703              		.align	1
 704              		.p2align 2,,3
 705              		.global	HAL_DBGMCU_DisableDBGSleepMode
 706              		.syntax unified
 707              		.thumb
 708              		.thumb_func
 710              	HAL_DBGMCU_DisableDBGSleepMode:
 711              	.LFB151:
 473:Drivers/STM32F4xx_HAL_Driver/Src/stm32f4xx_hal.c **** 
 474:Drivers/STM32F4xx_HAL_Driver/Src/stm32f4xx_hal.c **** /**
 475:Drivers/STM32F4xx_HAL_Driver/Src/stm32f4xx_hal.c ****   * @brief  Disable the Debug Module during SLEEP mode
 476:Drivers/STM32F4xx_HAL_Driver/Src/stm32f4xx_hal.c ****   * @retval None
 477:Drivers/STM32F4xx_HAL_Driver/Src/stm32f4xx_hal.c ****   */
 478:Drivers/STM32F4xx_HAL_Driver/Src/stm32f4xx_hal.c **** void HAL_DBGMCU_DisableDBGSleepMode(void)
 479:Drivers/STM32F4xx_HAL_Driver/Src/stm32f4xx_hal.c **** {
 712              		.loc 1 479 1 is_stmt 1 view -0
 713              		.cfi_startproc
 714              		@ args = 0, pretend = 0, frame = 0
 715              		@ frame_needed = 0, uses_anonymous_args = 0
 716              		@ link register save eliminated.
 480:Drivers/STM32F4xx_HAL_Driver/Src/stm32f4xx_hal.c ****   CLEAR_BIT(DBGMCU->CR, DBGMCU_CR_DBG_SLEEP);
 717              		.loc 1 480 3 view .LVU147
 718 0000 024A     		ldr	r2, .L66
 719 0002 5368     		ldr	r3, [r2, #4]
 720 0004 23F00103 		bic	r3, r3, #1
 721 0008 5360     		str	r3, [r2, #4]
 481:Drivers/STM32F4xx_HAL_Driver/Src/stm32f4xx_hal.c **** }
 722              		.loc 1 481 1 is_stmt 0 view .LVU148
 723 000a 7047     		bx	lr
 724              	.L67:
 725              		.align	2
 726              	.L66:
 727 000c 002004E0 		.word	-536600576
 728              		.cfi_endproc
 729              	.LFE151:
 731              		.section	.text.HAL_DBGMCU_EnableDBGStopMode,"ax",%progbits
 732              		.align	1
 733              		.p2align 2,,3
 734              		.global	HAL_DBGMCU_EnableDBGStopMode
 735              		.syntax unified
 736              		.thumb
 737              		.thumb_func
 739              	HAL_DBGMCU_EnableDBGStopMode:
 740              	.LFB152:
 482:Drivers/STM32F4xx_HAL_Driver/Src/stm32f4xx_hal.c **** 
 483:Drivers/STM32F4xx_HAL_Driver/Src/stm32f4xx_hal.c **** /**
 484:Drivers/STM32F4xx_HAL_Driver/Src/stm32f4xx_hal.c ****   * @brief  Enable the Debug Module during STOP mode
 485:Drivers/STM32F4xx_HAL_Driver/Src/stm32f4xx_hal.c ****   * @retval None
 486:Drivers/STM32F4xx_HAL_Driver/Src/stm32f4xx_hal.c ****   */
ARM GAS  C:\Users\kaush\AppData\Local\Temp\ccZKlWkB.s 			page 23


 487:Drivers/STM32F4xx_HAL_Driver/Src/stm32f4xx_hal.c **** void HAL_DBGMCU_EnableDBGStopMode(void)
 488:Drivers/STM32F4xx_HAL_Driver/Src/stm32f4xx_hal.c **** {
 741              		.loc 1 488 1 is_stmt 1 view -0
 742              		.cfi_startproc
 743              		@ args = 0, pretend = 0, frame = 0
 744              		@ frame_needed = 0, uses_anonymous_args = 0
 745              		@ link register save eliminated.
 489:Drivers/STM32F4xx_HAL_Driver/Src/stm32f4xx_hal.c ****   SET_BIT(DBGMCU->CR, DBGMCU_CR_DBG_STOP);
 746              		.loc 1 489 3 view .LVU150
 747 0000 024A     		ldr	r2, .L69
 748 0002 5368     		ldr	r3, [r2, #4]
 749 0004 43F00203 		orr	r3, r3, #2
 750 0008 5360     		str	r3, [r2, #4]
 490:Drivers/STM32F4xx_HAL_Driver/Src/stm32f4xx_hal.c **** }
 751              		.loc 1 490 1 is_stmt 0 view .LVU151
 752 000a 7047     		bx	lr
 753              	.L70:
 754              		.align	2
 755              	.L69:
 756 000c 002004E0 		.word	-536600576
 757              		.cfi_endproc
 758              	.LFE152:
 760              		.section	.text.HAL_DBGMCU_DisableDBGStopMode,"ax",%progbits
 761              		.align	1
 762              		.p2align 2,,3
 763              		.global	HAL_DBGMCU_DisableDBGStopMode
 764              		.syntax unified
 765              		.thumb
 766              		.thumb_func
 768              	HAL_DBGMCU_DisableDBGStopMode:
 769              	.LFB153:
 491:Drivers/STM32F4xx_HAL_Driver/Src/stm32f4xx_hal.c **** 
 492:Drivers/STM32F4xx_HAL_Driver/Src/stm32f4xx_hal.c **** /**
 493:Drivers/STM32F4xx_HAL_Driver/Src/stm32f4xx_hal.c ****   * @brief  Disable the Debug Module during STOP mode
 494:Drivers/STM32F4xx_HAL_Driver/Src/stm32f4xx_hal.c ****   * @retval None
 495:Drivers/STM32F4xx_HAL_Driver/Src/stm32f4xx_hal.c ****   */
 496:Drivers/STM32F4xx_HAL_Driver/Src/stm32f4xx_hal.c **** void HAL_DBGMCU_DisableDBGStopMode(void)
 497:Drivers/STM32F4xx_HAL_Driver/Src/stm32f4xx_hal.c **** {
 770              		.loc 1 497 1 is_stmt 1 view -0
 771              		.cfi_startproc
 772              		@ args = 0, pretend = 0, frame = 0
 773              		@ frame_needed = 0, uses_anonymous_args = 0
 774              		@ link register save eliminated.
 498:Drivers/STM32F4xx_HAL_Driver/Src/stm32f4xx_hal.c ****   CLEAR_BIT(DBGMCU->CR, DBGMCU_CR_DBG_STOP);
 775              		.loc 1 498 3 view .LVU153
 776 0000 024A     		ldr	r2, .L72
 777 0002 5368     		ldr	r3, [r2, #4]
 778 0004 23F00203 		bic	r3, r3, #2
 779 0008 5360     		str	r3, [r2, #4]
 499:Drivers/STM32F4xx_HAL_Driver/Src/stm32f4xx_hal.c **** }
 780              		.loc 1 499 1 is_stmt 0 view .LVU154
 781 000a 7047     		bx	lr
 782              	.L73:
 783              		.align	2
 784              	.L72:
 785 000c 002004E0 		.word	-536600576
 786              		.cfi_endproc
ARM GAS  C:\Users\kaush\AppData\Local\Temp\ccZKlWkB.s 			page 24


 787              	.LFE153:
 789              		.section	.text.HAL_DBGMCU_EnableDBGStandbyMode,"ax",%progbits
 790              		.align	1
 791              		.p2align 2,,3
 792              		.global	HAL_DBGMCU_EnableDBGStandbyMode
 793              		.syntax unified
 794              		.thumb
 795              		.thumb_func
 797              	HAL_DBGMCU_EnableDBGStandbyMode:
 798              	.LFB154:
 500:Drivers/STM32F4xx_HAL_Driver/Src/stm32f4xx_hal.c **** 
 501:Drivers/STM32F4xx_HAL_Driver/Src/stm32f4xx_hal.c **** /**
 502:Drivers/STM32F4xx_HAL_Driver/Src/stm32f4xx_hal.c ****   * @brief  Enable the Debug Module during STANDBY mode
 503:Drivers/STM32F4xx_HAL_Driver/Src/stm32f4xx_hal.c ****   * @retval None
 504:Drivers/STM32F4xx_HAL_Driver/Src/stm32f4xx_hal.c ****   */
 505:Drivers/STM32F4xx_HAL_Driver/Src/stm32f4xx_hal.c **** void HAL_DBGMCU_EnableDBGStandbyMode(void)
 506:Drivers/STM32F4xx_HAL_Driver/Src/stm32f4xx_hal.c **** {
 799              		.loc 1 506 1 is_stmt 1 view -0
 800              		.cfi_startproc
 801              		@ args = 0, pretend = 0, frame = 0
 802              		@ frame_needed = 0, uses_anonymous_args = 0
 803              		@ link register save eliminated.
 507:Drivers/STM32F4xx_HAL_Driver/Src/stm32f4xx_hal.c ****   SET_BIT(DBGMCU->CR, DBGMCU_CR_DBG_STANDBY);
 804              		.loc 1 507 3 view .LVU156
 805 0000 024A     		ldr	r2, .L75
 806 0002 5368     		ldr	r3, [r2, #4]
 807 0004 43F00403 		orr	r3, r3, #4
 808 0008 5360     		str	r3, [r2, #4]
 508:Drivers/STM32F4xx_HAL_Driver/Src/stm32f4xx_hal.c **** }
 809              		.loc 1 508 1 is_stmt 0 view .LVU157
 810 000a 7047     		bx	lr
 811              	.L76:
 812              		.align	2
 813              	.L75:
 814 000c 002004E0 		.word	-536600576
 815              		.cfi_endproc
 816              	.LFE154:
 818              		.section	.text.HAL_DBGMCU_DisableDBGStandbyMode,"ax",%progbits
 819              		.align	1
 820              		.p2align 2,,3
 821              		.global	HAL_DBGMCU_DisableDBGStandbyMode
 822              		.syntax unified
 823              		.thumb
 824              		.thumb_func
 826              	HAL_DBGMCU_DisableDBGStandbyMode:
 827              	.LFB155:
 509:Drivers/STM32F4xx_HAL_Driver/Src/stm32f4xx_hal.c **** 
 510:Drivers/STM32F4xx_HAL_Driver/Src/stm32f4xx_hal.c **** /**
 511:Drivers/STM32F4xx_HAL_Driver/Src/stm32f4xx_hal.c ****   * @brief  Disable the Debug Module during STANDBY mode
 512:Drivers/STM32F4xx_HAL_Driver/Src/stm32f4xx_hal.c ****   * @retval None
 513:Drivers/STM32F4xx_HAL_Driver/Src/stm32f4xx_hal.c ****   */
 514:Drivers/STM32F4xx_HAL_Driver/Src/stm32f4xx_hal.c **** void HAL_DBGMCU_DisableDBGStandbyMode(void)
 515:Drivers/STM32F4xx_HAL_Driver/Src/stm32f4xx_hal.c **** {
 828              		.loc 1 515 1 is_stmt 1 view -0
 829              		.cfi_startproc
 830              		@ args = 0, pretend = 0, frame = 0
 831              		@ frame_needed = 0, uses_anonymous_args = 0
ARM GAS  C:\Users\kaush\AppData\Local\Temp\ccZKlWkB.s 			page 25


 832              		@ link register save eliminated.
 516:Drivers/STM32F4xx_HAL_Driver/Src/stm32f4xx_hal.c ****   CLEAR_BIT(DBGMCU->CR, DBGMCU_CR_DBG_STANDBY);
 833              		.loc 1 516 3 view .LVU159
 834 0000 024A     		ldr	r2, .L78
 835 0002 5368     		ldr	r3, [r2, #4]
 836 0004 23F00403 		bic	r3, r3, #4
 837 0008 5360     		str	r3, [r2, #4]
 517:Drivers/STM32F4xx_HAL_Driver/Src/stm32f4xx_hal.c **** }
 838              		.loc 1 517 1 is_stmt 0 view .LVU160
 839 000a 7047     		bx	lr
 840              	.L79:
 841              		.align	2
 842              	.L78:
 843 000c 002004E0 		.word	-536600576
 844              		.cfi_endproc
 845              	.LFE155:
 847              		.section	.text.HAL_EnableCompensationCell,"ax",%progbits
 848              		.align	1
 849              		.p2align 2,,3
 850              		.global	HAL_EnableCompensationCell
 851              		.syntax unified
 852              		.thumb
 853              		.thumb_func
 855              	HAL_EnableCompensationCell:
 856              	.LFB156:
 518:Drivers/STM32F4xx_HAL_Driver/Src/stm32f4xx_hal.c **** 
 519:Drivers/STM32F4xx_HAL_Driver/Src/stm32f4xx_hal.c **** /**
 520:Drivers/STM32F4xx_HAL_Driver/Src/stm32f4xx_hal.c ****   * @brief  Enables the I/O Compensation Cell.
 521:Drivers/STM32F4xx_HAL_Driver/Src/stm32f4xx_hal.c ****   * @note   The I/O compensation cell can be used only when the device supply
 522:Drivers/STM32F4xx_HAL_Driver/Src/stm32f4xx_hal.c ****   *         voltage ranges from 2.4 to 3.6 V.  
 523:Drivers/STM32F4xx_HAL_Driver/Src/stm32f4xx_hal.c ****   * @retval None
 524:Drivers/STM32F4xx_HAL_Driver/Src/stm32f4xx_hal.c ****   */
 525:Drivers/STM32F4xx_HAL_Driver/Src/stm32f4xx_hal.c **** void HAL_EnableCompensationCell(void)
 526:Drivers/STM32F4xx_HAL_Driver/Src/stm32f4xx_hal.c **** {
 857              		.loc 1 526 1 is_stmt 1 view -0
 858              		.cfi_startproc
 859              		@ args = 0, pretend = 0, frame = 0
 860              		@ frame_needed = 0, uses_anonymous_args = 0
 861              		@ link register save eliminated.
 527:Drivers/STM32F4xx_HAL_Driver/Src/stm32f4xx_hal.c ****   *(__IO uint32_t *)CMPCR_CMP_PD_BB = (uint32_t)ENABLE;
 862              		.loc 1 527 3 view .LVU162
 863              		.loc 1 527 37 is_stmt 0 view .LVU163
 864 0000 024B     		ldr	r3, .L81
 865 0002 0122     		movs	r2, #1
 866 0004 C3F80024 		str	r2, [r3, #1024]
 528:Drivers/STM32F4xx_HAL_Driver/Src/stm32f4xx_hal.c **** }
 867              		.loc 1 528 1 view .LVU164
 868 0008 7047     		bx	lr
 869              	.L82:
 870 000a 00BF     		.align	2
 871              	.L81:
 872 000c 00002742 		.word	1109852160
 873              		.cfi_endproc
 874              	.LFE156:
 876              		.section	.text.HAL_DisableCompensationCell,"ax",%progbits
 877              		.align	1
 878              		.p2align 2,,3
ARM GAS  C:\Users\kaush\AppData\Local\Temp\ccZKlWkB.s 			page 26


 879              		.global	HAL_DisableCompensationCell
 880              		.syntax unified
 881              		.thumb
 882              		.thumb_func
 884              	HAL_DisableCompensationCell:
 885              	.LFB157:
 529:Drivers/STM32F4xx_HAL_Driver/Src/stm32f4xx_hal.c **** 
 530:Drivers/STM32F4xx_HAL_Driver/Src/stm32f4xx_hal.c **** /**
 531:Drivers/STM32F4xx_HAL_Driver/Src/stm32f4xx_hal.c ****   * @brief  Power-down the I/O Compensation Cell.
 532:Drivers/STM32F4xx_HAL_Driver/Src/stm32f4xx_hal.c ****   * @note   The I/O compensation cell can be used only when the device supply
 533:Drivers/STM32F4xx_HAL_Driver/Src/stm32f4xx_hal.c ****   *         voltage ranges from 2.4 to 3.6 V.  
 534:Drivers/STM32F4xx_HAL_Driver/Src/stm32f4xx_hal.c ****   * @retval None
 535:Drivers/STM32F4xx_HAL_Driver/Src/stm32f4xx_hal.c ****   */
 536:Drivers/STM32F4xx_HAL_Driver/Src/stm32f4xx_hal.c **** void HAL_DisableCompensationCell(void)
 537:Drivers/STM32F4xx_HAL_Driver/Src/stm32f4xx_hal.c **** {
 886              		.loc 1 537 1 is_stmt 1 view -0
 887              		.cfi_startproc
 888              		@ args = 0, pretend = 0, frame = 0
 889              		@ frame_needed = 0, uses_anonymous_args = 0
 890              		@ link register save eliminated.
 538:Drivers/STM32F4xx_HAL_Driver/Src/stm32f4xx_hal.c ****   *(__IO uint32_t *)CMPCR_CMP_PD_BB = (uint32_t)DISABLE;
 891              		.loc 1 538 3 view .LVU166
 892              		.loc 1 538 37 is_stmt 0 view .LVU167
 893 0000 024B     		ldr	r3, .L84
 894 0002 0022     		movs	r2, #0
 895 0004 C3F80024 		str	r2, [r3, #1024]
 539:Drivers/STM32F4xx_HAL_Driver/Src/stm32f4xx_hal.c **** }
 896              		.loc 1 539 1 view .LVU168
 897 0008 7047     		bx	lr
 898              	.L85:
 899 000a 00BF     		.align	2
 900              	.L84:
 901 000c 00002742 		.word	1109852160
 902              		.cfi_endproc
 903              	.LFE157:
 905              		.section	.text.HAL_GetUIDw0,"ax",%progbits
 906              		.align	1
 907              		.p2align 2,,3
 908              		.global	HAL_GetUIDw0
 909              		.syntax unified
 910              		.thumb
 911              		.thumb_func
 913              	HAL_GetUIDw0:
 914              	.LFB158:
 540:Drivers/STM32F4xx_HAL_Driver/Src/stm32f4xx_hal.c **** 
 541:Drivers/STM32F4xx_HAL_Driver/Src/stm32f4xx_hal.c **** /**
 542:Drivers/STM32F4xx_HAL_Driver/Src/stm32f4xx_hal.c ****   * @brief  Returns first word of the unique device identifier (UID based on 96 bits)
 543:Drivers/STM32F4xx_HAL_Driver/Src/stm32f4xx_hal.c ****   * @retval Device identifier
 544:Drivers/STM32F4xx_HAL_Driver/Src/stm32f4xx_hal.c ****   */
 545:Drivers/STM32F4xx_HAL_Driver/Src/stm32f4xx_hal.c **** uint32_t HAL_GetUIDw0(void)
 546:Drivers/STM32F4xx_HAL_Driver/Src/stm32f4xx_hal.c **** {
 915              		.loc 1 546 1 is_stmt 1 view -0
 916              		.cfi_startproc
 917              		@ args = 0, pretend = 0, frame = 0
 918              		@ frame_needed = 0, uses_anonymous_args = 0
 919              		@ link register save eliminated.
 547:Drivers/STM32F4xx_HAL_Driver/Src/stm32f4xx_hal.c ****   return (READ_REG(*((uint32_t *)UID_BASE)));
ARM GAS  C:\Users\kaush\AppData\Local\Temp\ccZKlWkB.s 			page 27


 920              		.loc 1 547 3 view .LVU170
 921              		.loc 1 547 11 is_stmt 0 view .LVU171
 922 0000 014B     		ldr	r3, .L87
 548:Drivers/STM32F4xx_HAL_Driver/Src/stm32f4xx_hal.c **** }
 923              		.loc 1 548 1 view .LVU172
 924 0002 D3F8100A 		ldr	r0, [r3, #2576]
 925 0006 7047     		bx	lr
 926              	.L88:
 927              		.align	2
 928              	.L87:
 929 0008 0070FF1F 		.word	536834048
 930              		.cfi_endproc
 931              	.LFE158:
 933              		.section	.text.HAL_GetUIDw1,"ax",%progbits
 934              		.align	1
 935              		.p2align 2,,3
 936              		.global	HAL_GetUIDw1
 937              		.syntax unified
 938              		.thumb
 939              		.thumb_func
 941              	HAL_GetUIDw1:
 942              	.LFB159:
 549:Drivers/STM32F4xx_HAL_Driver/Src/stm32f4xx_hal.c **** 
 550:Drivers/STM32F4xx_HAL_Driver/Src/stm32f4xx_hal.c **** /**
 551:Drivers/STM32F4xx_HAL_Driver/Src/stm32f4xx_hal.c ****   * @brief  Returns second word of the unique device identifier (UID based on 96 bits)
 552:Drivers/STM32F4xx_HAL_Driver/Src/stm32f4xx_hal.c ****   * @retval Device identifier
 553:Drivers/STM32F4xx_HAL_Driver/Src/stm32f4xx_hal.c ****   */
 554:Drivers/STM32F4xx_HAL_Driver/Src/stm32f4xx_hal.c **** uint32_t HAL_GetUIDw1(void)
 555:Drivers/STM32F4xx_HAL_Driver/Src/stm32f4xx_hal.c **** {
 943              		.loc 1 555 1 is_stmt 1 view -0
 944              		.cfi_startproc
 945              		@ args = 0, pretend = 0, frame = 0
 946              		@ frame_needed = 0, uses_anonymous_args = 0
 947              		@ link register save eliminated.
 556:Drivers/STM32F4xx_HAL_Driver/Src/stm32f4xx_hal.c ****   return (READ_REG(*((uint32_t *)(UID_BASE + 4U))));
 948              		.loc 1 556 3 view .LVU174
 949              		.loc 1 556 11 is_stmt 0 view .LVU175
 950 0000 014B     		ldr	r3, .L90
 557:Drivers/STM32F4xx_HAL_Driver/Src/stm32f4xx_hal.c **** }
 951              		.loc 1 557 1 view .LVU176
 952 0002 D3F8140A 		ldr	r0, [r3, #2580]
 953 0006 7047     		bx	lr
 954              	.L91:
 955              		.align	2
 956              	.L90:
 957 0008 0070FF1F 		.word	536834048
 958              		.cfi_endproc
 959              	.LFE159:
 961              		.section	.text.HAL_GetUIDw2,"ax",%progbits
 962              		.align	1
 963              		.p2align 2,,3
 964              		.global	HAL_GetUIDw2
 965              		.syntax unified
 966              		.thumb
 967              		.thumb_func
 969              	HAL_GetUIDw2:
 970              	.LFB160:
ARM GAS  C:\Users\kaush\AppData\Local\Temp\ccZKlWkB.s 			page 28


 558:Drivers/STM32F4xx_HAL_Driver/Src/stm32f4xx_hal.c **** 
 559:Drivers/STM32F4xx_HAL_Driver/Src/stm32f4xx_hal.c **** /**
 560:Drivers/STM32F4xx_HAL_Driver/Src/stm32f4xx_hal.c ****   * @brief  Returns third word of the unique device identifier (UID based on 96 bits)
 561:Drivers/STM32F4xx_HAL_Driver/Src/stm32f4xx_hal.c ****   * @retval Device identifier
 562:Drivers/STM32F4xx_HAL_Driver/Src/stm32f4xx_hal.c ****   */
 563:Drivers/STM32F4xx_HAL_Driver/Src/stm32f4xx_hal.c **** uint32_t HAL_GetUIDw2(void)
 564:Drivers/STM32F4xx_HAL_Driver/Src/stm32f4xx_hal.c **** {
 971              		.loc 1 564 1 is_stmt 1 view -0
 972              		.cfi_startproc
 973              		@ args = 0, pretend = 0, frame = 0
 974              		@ frame_needed = 0, uses_anonymous_args = 0
 975              		@ link register save eliminated.
 565:Drivers/STM32F4xx_HAL_Driver/Src/stm32f4xx_hal.c ****   return (READ_REG(*((uint32_t *)(UID_BASE + 8U))));
 976              		.loc 1 565 3 view .LVU178
 977              		.loc 1 565 11 is_stmt 0 view .LVU179
 978 0000 014B     		ldr	r3, .L93
 566:Drivers/STM32F4xx_HAL_Driver/Src/stm32f4xx_hal.c **** }
 979              		.loc 1 566 1 view .LVU180
 980 0002 D3F8180A 		ldr	r0, [r3, #2584]
 981 0006 7047     		bx	lr
 982              	.L94:
 983              		.align	2
 984              	.L93:
 985 0008 0070FF1F 		.word	536834048
 986              		.cfi_endproc
 987              	.LFE160:
 989              		.global	uwTickFreq
 990              		.section	.data.uwTickFreq,"aw"
 993              	uwTickFreq:
 994 0000 01       		.byte	1
 995              		.global	uwTickPrio
 996              		.section	.data.uwTickPrio,"aw"
 997              		.align	2
 1000              	uwTickPrio:
 1001 0000 10000000 		.word	16
 1002              		.global	uwTick
 1003              		.section	.bss.uwTick,"aw",%nobits
 1004              		.align	2
 1007              	uwTick:
 1008 0000 00000000 		.space	4
 1009              		.text
 1010              	.Letext0:
 1011              		.file 2 "Drivers/CMSIS/Device/ST/STM32F4xx/Include/stm32f446xx.h"
 1012              		.file 3 "C:\\Users\\kaush\\STM32CubeIDE_1.19.0\\STM32CubeIDE\\plugins\\com.st.stm32cube.ide.mcu.ex
 1013              		.file 4 "C:\\Users\\kaush\\STM32CubeIDE_1.19.0\\STM32CubeIDE\\plugins\\com.st.stm32cube.ide.mcu.ex
 1014              		.file 5 "Drivers/CMSIS/Include/core_cm4.h"
 1015              		.file 6 "Drivers/CMSIS/Device/ST/STM32F4xx/Include/stm32f4xx.h"
 1016              		.file 7 "Drivers/STM32F4xx_HAL_Driver/Inc/stm32f4xx_hal_def.h"
 1017              		.file 8 "Drivers/STM32F4xx_HAL_Driver/Inc/stm32f4xx_hal.h"
 1018              		.file 9 "Drivers/CMSIS/Device/ST/STM32F4xx/Include/system_stm32f4xx.h"
 1019              		.file 10 "Drivers/STM32F4xx_HAL_Driver/Inc/stm32f4xx_hal_cortex.h"
ARM GAS  C:\Users\kaush\AppData\Local\Temp\ccZKlWkB.s 			page 29


DEFINED SYMBOLS
                            *ABS*:00000000 stm32f4xx_hal.c
C:\Users\kaush\AppData\Local\Temp\ccZKlWkB.s:19     .text.HAL_MspInit:00000000 $t
C:\Users\kaush\AppData\Local\Temp\ccZKlWkB.s:26     .text.HAL_MspInit:00000000 HAL_MspInit
C:\Users\kaush\AppData\Local\Temp\ccZKlWkB.s:39     .text.HAL_MspDeInit:00000000 $t
C:\Users\kaush\AppData\Local\Temp\ccZKlWkB.s:46     .text.HAL_MspDeInit:00000000 HAL_MspDeInit
C:\Users\kaush\AppData\Local\Temp\ccZKlWkB.s:58     .text.HAL_DeInit:00000000 $t
C:\Users\kaush\AppData\Local\Temp\ccZKlWkB.s:65     .text.HAL_DeInit:00000000 HAL_DeInit
C:\Users\kaush\AppData\Local\Temp\ccZKlWkB.s:122    .text.HAL_DeInit:0000002c $d
C:\Users\kaush\AppData\Local\Temp\ccZKlWkB.s:130    .text.HAL_InitTick:00000000 $t
C:\Users\kaush\AppData\Local\Temp\ccZKlWkB.s:137    .text.HAL_InitTick:00000000 HAL_InitTick
C:\Users\kaush\AppData\Local\Temp\ccZKlWkB.s:214    .text.HAL_InitTick:0000003c $d
C:\Users\kaush\AppData\Local\Temp\ccZKlWkB.s:993    .data.uwTickFreq:00000000 uwTickFreq
C:\Users\kaush\AppData\Local\Temp\ccZKlWkB.s:1000   .data.uwTickPrio:00000000 uwTickPrio
C:\Users\kaush\AppData\Local\Temp\ccZKlWkB.s:221    .text.HAL_Init:00000000 $t
C:\Users\kaush\AppData\Local\Temp\ccZKlWkB.s:228    .text.HAL_Init:00000000 HAL_Init
C:\Users\kaush\AppData\Local\Temp\ccZKlWkB.s:272    .text.HAL_Init:00000030 $d
C:\Users\kaush\AppData\Local\Temp\ccZKlWkB.s:277    .text.HAL_IncTick:00000000 $t
C:\Users\kaush\AppData\Local\Temp\ccZKlWkB.s:284    .text.HAL_IncTick:00000000 HAL_IncTick
C:\Users\kaush\AppData\Local\Temp\ccZKlWkB.s:304    .text.HAL_IncTick:00000010 $d
C:\Users\kaush\AppData\Local\Temp\ccZKlWkB.s:1007   .bss.uwTick:00000000 uwTick
C:\Users\kaush\AppData\Local\Temp\ccZKlWkB.s:310    .text.HAL_GetTick:00000000 $t
C:\Users\kaush\AppData\Local\Temp\ccZKlWkB.s:317    .text.HAL_GetTick:00000000 HAL_GetTick
C:\Users\kaush\AppData\Local\Temp\ccZKlWkB.s:333    .text.HAL_GetTick:00000008 $d
C:\Users\kaush\AppData\Local\Temp\ccZKlWkB.s:338    .text.HAL_GetTickPrio:00000000 $t
C:\Users\kaush\AppData\Local\Temp\ccZKlWkB.s:345    .text.HAL_GetTickPrio:00000000 HAL_GetTickPrio
C:\Users\kaush\AppData\Local\Temp\ccZKlWkB.s:361    .text.HAL_GetTickPrio:00000008 $d
C:\Users\kaush\AppData\Local\Temp\ccZKlWkB.s:366    .text.HAL_SetTickFreq:00000000 $t
C:\Users\kaush\AppData\Local\Temp\ccZKlWkB.s:373    .text.HAL_SetTickFreq:00000000 HAL_SetTickFreq
C:\Users\kaush\AppData\Local\Temp\ccZKlWkB.s:435    .text.HAL_SetTickFreq:00000020 $d
C:\Users\kaush\AppData\Local\Temp\ccZKlWkB.s:441    .text.HAL_GetTickFreq:00000000 $t
C:\Users\kaush\AppData\Local\Temp\ccZKlWkB.s:448    .text.HAL_GetTickFreq:00000000 HAL_GetTickFreq
C:\Users\kaush\AppData\Local\Temp\ccZKlWkB.s:464    .text.HAL_GetTickFreq:00000008 $d
C:\Users\kaush\AppData\Local\Temp\ccZKlWkB.s:469    .text.HAL_Delay:00000000 $t
C:\Users\kaush\AppData\Local\Temp\ccZKlWkB.s:476    .text.HAL_Delay:00000000 HAL_Delay
C:\Users\kaush\AppData\Local\Temp\ccZKlWkB.s:531    .text.HAL_Delay:00000020 $d
C:\Users\kaush\AppData\Local\Temp\ccZKlWkB.s:536    .text.HAL_SuspendTick:00000000 $t
C:\Users\kaush\AppData\Local\Temp\ccZKlWkB.s:543    .text.HAL_SuspendTick:00000000 HAL_SuspendTick
C:\Users\kaush\AppData\Local\Temp\ccZKlWkB.s:563    .text.HAL_ResumeTick:00000000 $t
C:\Users\kaush\AppData\Local\Temp\ccZKlWkB.s:570    .text.HAL_ResumeTick:00000000 HAL_ResumeTick
C:\Users\kaush\AppData\Local\Temp\ccZKlWkB.s:590    .text.HAL_GetHalVersion:00000000 $t
C:\Users\kaush\AppData\Local\Temp\ccZKlWkB.s:597    .text.HAL_GetHalVersion:00000000 HAL_GetHalVersion
C:\Users\kaush\AppData\Local\Temp\ccZKlWkB.s:611    .text.HAL_GetHalVersion:00000004 $d
C:\Users\kaush\AppData\Local\Temp\ccZKlWkB.s:616    .text.HAL_GetREVID:00000000 $t
C:\Users\kaush\AppData\Local\Temp\ccZKlWkB.s:623    .text.HAL_GetREVID:00000000 HAL_GetREVID
C:\Users\kaush\AppData\Local\Temp\ccZKlWkB.s:640    .text.HAL_GetREVID:00000008 $d
C:\Users\kaush\AppData\Local\Temp\ccZKlWkB.s:645    .text.HAL_GetDEVID:00000000 $t
C:\Users\kaush\AppData\Local\Temp\ccZKlWkB.s:652    .text.HAL_GetDEVID:00000000 HAL_GetDEVID
C:\Users\kaush\AppData\Local\Temp\ccZKlWkB.s:669    .text.HAL_GetDEVID:0000000c $d
C:\Users\kaush\AppData\Local\Temp\ccZKlWkB.s:674    .text.HAL_DBGMCU_EnableDBGSleepMode:00000000 $t
C:\Users\kaush\AppData\Local\Temp\ccZKlWkB.s:681    .text.HAL_DBGMCU_EnableDBGSleepMode:00000000 HAL_DBGMCU_EnableDBGSleepMode
C:\Users\kaush\AppData\Local\Temp\ccZKlWkB.s:698    .text.HAL_DBGMCU_EnableDBGSleepMode:0000000c $d
C:\Users\kaush\AppData\Local\Temp\ccZKlWkB.s:703    .text.HAL_DBGMCU_DisableDBGSleepMode:00000000 $t
C:\Users\kaush\AppData\Local\Temp\ccZKlWkB.s:710    .text.HAL_DBGMCU_DisableDBGSleepMode:00000000 HAL_DBGMCU_DisableDBGSleepMode
C:\Users\kaush\AppData\Local\Temp\ccZKlWkB.s:727    .text.HAL_DBGMCU_DisableDBGSleepMode:0000000c $d
C:\Users\kaush\AppData\Local\Temp\ccZKlWkB.s:732    .text.HAL_DBGMCU_EnableDBGStopMode:00000000 $t
C:\Users\kaush\AppData\Local\Temp\ccZKlWkB.s:739    .text.HAL_DBGMCU_EnableDBGStopMode:00000000 HAL_DBGMCU_EnableDBGStopMode
ARM GAS  C:\Users\kaush\AppData\Local\Temp\ccZKlWkB.s 			page 30


C:\Users\kaush\AppData\Local\Temp\ccZKlWkB.s:756    .text.HAL_DBGMCU_EnableDBGStopMode:0000000c $d
C:\Users\kaush\AppData\Local\Temp\ccZKlWkB.s:761    .text.HAL_DBGMCU_DisableDBGStopMode:00000000 $t
C:\Users\kaush\AppData\Local\Temp\ccZKlWkB.s:768    .text.HAL_DBGMCU_DisableDBGStopMode:00000000 HAL_DBGMCU_DisableDBGStopMode
C:\Users\kaush\AppData\Local\Temp\ccZKlWkB.s:785    .text.HAL_DBGMCU_DisableDBGStopMode:0000000c $d
C:\Users\kaush\AppData\Local\Temp\ccZKlWkB.s:790    .text.HAL_DBGMCU_EnableDBGStandbyMode:00000000 $t
C:\Users\kaush\AppData\Local\Temp\ccZKlWkB.s:797    .text.HAL_DBGMCU_EnableDBGStandbyMode:00000000 HAL_DBGMCU_EnableDBGStandbyMode
C:\Users\kaush\AppData\Local\Temp\ccZKlWkB.s:814    .text.HAL_DBGMCU_EnableDBGStandbyMode:0000000c $d
C:\Users\kaush\AppData\Local\Temp\ccZKlWkB.s:819    .text.HAL_DBGMCU_DisableDBGStandbyMode:00000000 $t
C:\Users\kaush\AppData\Local\Temp\ccZKlWkB.s:826    .text.HAL_DBGMCU_DisableDBGStandbyMode:00000000 HAL_DBGMCU_DisableDBGStandbyMode
C:\Users\kaush\AppData\Local\Temp\ccZKlWkB.s:843    .text.HAL_DBGMCU_DisableDBGStandbyMode:0000000c $d
C:\Users\kaush\AppData\Local\Temp\ccZKlWkB.s:848    .text.HAL_EnableCompensationCell:00000000 $t
C:\Users\kaush\AppData\Local\Temp\ccZKlWkB.s:855    .text.HAL_EnableCompensationCell:00000000 HAL_EnableCompensationCell
C:\Users\kaush\AppData\Local\Temp\ccZKlWkB.s:872    .text.HAL_EnableCompensationCell:0000000c $d
C:\Users\kaush\AppData\Local\Temp\ccZKlWkB.s:877    .text.HAL_DisableCompensationCell:00000000 $t
C:\Users\kaush\AppData\Local\Temp\ccZKlWkB.s:884    .text.HAL_DisableCompensationCell:00000000 HAL_DisableCompensationCell
C:\Users\kaush\AppData\Local\Temp\ccZKlWkB.s:901    .text.HAL_DisableCompensationCell:0000000c $d
C:\Users\kaush\AppData\Local\Temp\ccZKlWkB.s:906    .text.HAL_GetUIDw0:00000000 $t
C:\Users\kaush\AppData\Local\Temp\ccZKlWkB.s:913    .text.HAL_GetUIDw0:00000000 HAL_GetUIDw0
C:\Users\kaush\AppData\Local\Temp\ccZKlWkB.s:929    .text.HAL_GetUIDw0:00000008 $d
C:\Users\kaush\AppData\Local\Temp\ccZKlWkB.s:934    .text.HAL_GetUIDw1:00000000 $t
C:\Users\kaush\AppData\Local\Temp\ccZKlWkB.s:941    .text.HAL_GetUIDw1:00000000 HAL_GetUIDw1
C:\Users\kaush\AppData\Local\Temp\ccZKlWkB.s:957    .text.HAL_GetUIDw1:00000008 $d
C:\Users\kaush\AppData\Local\Temp\ccZKlWkB.s:962    .text.HAL_GetUIDw2:00000000 $t
C:\Users\kaush\AppData\Local\Temp\ccZKlWkB.s:969    .text.HAL_GetUIDw2:00000000 HAL_GetUIDw2
C:\Users\kaush\AppData\Local\Temp\ccZKlWkB.s:985    .text.HAL_GetUIDw2:00000008 $d
C:\Users\kaush\AppData\Local\Temp\ccZKlWkB.s:997    .data.uwTickPrio:00000000 $d
C:\Users\kaush\AppData\Local\Temp\ccZKlWkB.s:1004   .bss.uwTick:00000000 $d

UNDEFINED SYMBOLS
HAL_SYSTICK_Config
HAL_NVIC_SetPriority
SystemCoreClock
HAL_NVIC_SetPriorityGrouping
