ARM GAS  C:\Users\kaush\AppData\Local\Temp\cctTu4Fa.s 			page 1


   1              		.cpu cortex-m4
   2              		.arch armv7e-m
   3              		.fpu softvfp
   4              		.eabi_attribute 20, 1
   5              		.eabi_attribute 21, 1
   6              		.eabi_attribute 23, 3
   7              		.eabi_attribute 24, 1
   8              		.eabi_attribute 25, 1
   9              		.eabi_attribute 26, 1
  10              		.eabi_attribute 30, 2
  11              		.eabi_attribute 34, 1
  12              		.eabi_attribute 18, 4
  13              		.file	"stm32f4xx_hal_dma.c"
  14              		.text
  15              	.Ltext0:
  16              		.cfi_sections	.debug_frame
  17              		.file 1 "Drivers/STM32F4xx_HAL_Driver/Src/stm32f4xx_hal_dma.c"
  18              		.section	.text.HAL_DMA_Init,"ax",%progbits
  19              		.align	1
  20              		.p2align 2,,3
  21              		.global	HAL_DMA_Init
  22              		.syntax unified
  23              		.thumb
  24              		.thumb_func
  26              	HAL_DMA_Init:
  27              	.LVL0:
  28              	.LFB134:
   1:Drivers/STM32F4xx_HAL_Driver/Src/stm32f4xx_hal_dma.c **** /**
   2:Drivers/STM32F4xx_HAL_Driver/Src/stm32f4xx_hal_dma.c ****   ******************************************************************************
   3:Drivers/STM32F4xx_HAL_Driver/Src/stm32f4xx_hal_dma.c ****   * @file    stm32f4xx_hal_dma.c
   4:Drivers/STM32F4xx_HAL_Driver/Src/stm32f4xx_hal_dma.c ****   * @author  MCD Application Team
   5:Drivers/STM32F4xx_HAL_Driver/Src/stm32f4xx_hal_dma.c ****   * @brief   DMA HAL module driver.
   6:Drivers/STM32F4xx_HAL_Driver/Src/stm32f4xx_hal_dma.c ****   *    
   7:Drivers/STM32F4xx_HAL_Driver/Src/stm32f4xx_hal_dma.c ****   *          This file provides firmware functions to manage the following 
   8:Drivers/STM32F4xx_HAL_Driver/Src/stm32f4xx_hal_dma.c ****   *          functionalities of the Direct Memory Access (DMA) peripheral:
   9:Drivers/STM32F4xx_HAL_Driver/Src/stm32f4xx_hal_dma.c ****   *           + Initialization and de-initialization functions
  10:Drivers/STM32F4xx_HAL_Driver/Src/stm32f4xx_hal_dma.c ****   *           + IO operation functions
  11:Drivers/STM32F4xx_HAL_Driver/Src/stm32f4xx_hal_dma.c ****   *           + Peripheral State and errors functions
  12:Drivers/STM32F4xx_HAL_Driver/Src/stm32f4xx_hal_dma.c ****   @verbatim     
  13:Drivers/STM32F4xx_HAL_Driver/Src/stm32f4xx_hal_dma.c ****   ==============================================================================
  14:Drivers/STM32F4xx_HAL_Driver/Src/stm32f4xx_hal_dma.c ****                         ##### How to use this driver #####
  15:Drivers/STM32F4xx_HAL_Driver/Src/stm32f4xx_hal_dma.c ****   ==============================================================================
  16:Drivers/STM32F4xx_HAL_Driver/Src/stm32f4xx_hal_dma.c ****   [..]
  17:Drivers/STM32F4xx_HAL_Driver/Src/stm32f4xx_hal_dma.c ****    (#) Enable and configure the peripheral to be connected to the DMA Stream
  18:Drivers/STM32F4xx_HAL_Driver/Src/stm32f4xx_hal_dma.c ****        (except for internal SRAM/FLASH memories: no initialization is 
  19:Drivers/STM32F4xx_HAL_Driver/Src/stm32f4xx_hal_dma.c ****        necessary) please refer to Reference manual for connection between peripherals
  20:Drivers/STM32F4xx_HAL_Driver/Src/stm32f4xx_hal_dma.c ****        and DMA requests.
  21:Drivers/STM32F4xx_HAL_Driver/Src/stm32f4xx_hal_dma.c **** 
  22:Drivers/STM32F4xx_HAL_Driver/Src/stm32f4xx_hal_dma.c ****    (#) For a given Stream, program the required configuration through the following parameters:
  23:Drivers/STM32F4xx_HAL_Driver/Src/stm32f4xx_hal_dma.c ****        Transfer Direction, Source and Destination data formats, 
  24:Drivers/STM32F4xx_HAL_Driver/Src/stm32f4xx_hal_dma.c ****        Circular, Normal or peripheral flow control mode, Stream Priority level, 
  25:Drivers/STM32F4xx_HAL_Driver/Src/stm32f4xx_hal_dma.c ****        Source and Destination Increment mode, FIFO mode and its Threshold (if needed), 
  26:Drivers/STM32F4xx_HAL_Driver/Src/stm32f4xx_hal_dma.c ****        Burst mode for Source and/or Destination (if needed) using HAL_DMA_Init() function.
  27:Drivers/STM32F4xx_HAL_Driver/Src/stm32f4xx_hal_dma.c **** 
  28:Drivers/STM32F4xx_HAL_Driver/Src/stm32f4xx_hal_dma.c ****    -@-   Prior to HAL_DMA_Init() the clock must be enabled for DMA through the following macros:
  29:Drivers/STM32F4xx_HAL_Driver/Src/stm32f4xx_hal_dma.c ****          __HAL_RCC_DMA1_CLK_ENABLE() or __HAL_RCC_DMA2_CLK_ENABLE().
  30:Drivers/STM32F4xx_HAL_Driver/Src/stm32f4xx_hal_dma.c **** 
ARM GAS  C:\Users\kaush\AppData\Local\Temp\cctTu4Fa.s 			page 2


  31:Drivers/STM32F4xx_HAL_Driver/Src/stm32f4xx_hal_dma.c ****      *** Polling mode IO operation ***
  32:Drivers/STM32F4xx_HAL_Driver/Src/stm32f4xx_hal_dma.c ****      =================================
  33:Drivers/STM32F4xx_HAL_Driver/Src/stm32f4xx_hal_dma.c ****     [..]
  34:Drivers/STM32F4xx_HAL_Driver/Src/stm32f4xx_hal_dma.c ****           (+) Use HAL_DMA_Start() to start DMA transfer after the configuration of Source 
  35:Drivers/STM32F4xx_HAL_Driver/Src/stm32f4xx_hal_dma.c ****               address and destination address and the Length of data to be transferred.
  36:Drivers/STM32F4xx_HAL_Driver/Src/stm32f4xx_hal_dma.c ****           (+) Use HAL_DMA_PollForTransfer() to poll for the end of current transfer, in this  
  37:Drivers/STM32F4xx_HAL_Driver/Src/stm32f4xx_hal_dma.c ****               case a fixed Timeout can be configured by User depending from his application.
  38:Drivers/STM32F4xx_HAL_Driver/Src/stm32f4xx_hal_dma.c ****           (+) Use HAL_DMA_Abort() function to abort the current transfer.
  39:Drivers/STM32F4xx_HAL_Driver/Src/stm32f4xx_hal_dma.c **** 
  40:Drivers/STM32F4xx_HAL_Driver/Src/stm32f4xx_hal_dma.c ****      *** Interrupt mode IO operation ***
  41:Drivers/STM32F4xx_HAL_Driver/Src/stm32f4xx_hal_dma.c ****      ===================================
  42:Drivers/STM32F4xx_HAL_Driver/Src/stm32f4xx_hal_dma.c ****     [..]
  43:Drivers/STM32F4xx_HAL_Driver/Src/stm32f4xx_hal_dma.c ****           (+) Configure the DMA interrupt priority using HAL_NVIC_SetPriority()
  44:Drivers/STM32F4xx_HAL_Driver/Src/stm32f4xx_hal_dma.c ****           (+) Enable the DMA IRQ handler using HAL_NVIC_EnableIRQ() 
  45:Drivers/STM32F4xx_HAL_Driver/Src/stm32f4xx_hal_dma.c ****           (+) Use HAL_DMA_Start_IT() to start DMA transfer after the configuration of  
  46:Drivers/STM32F4xx_HAL_Driver/Src/stm32f4xx_hal_dma.c ****               Source address and destination address and the Length of data to be transferred. In t
  47:Drivers/STM32F4xx_HAL_Driver/Src/stm32f4xx_hal_dma.c ****               case the DMA interrupt is configured 
  48:Drivers/STM32F4xx_HAL_Driver/Src/stm32f4xx_hal_dma.c ****           (+) Use HAL_DMA_IRQHandler() called under DMA_IRQHandler() Interrupt subroutine
  49:Drivers/STM32F4xx_HAL_Driver/Src/stm32f4xx_hal_dma.c ****           (+) At the end of data transfer HAL_DMA_IRQHandler() function is executed and user can 
  50:Drivers/STM32F4xx_HAL_Driver/Src/stm32f4xx_hal_dma.c ****               add his own function by customization of function pointer XferCpltCallback and 
  51:Drivers/STM32F4xx_HAL_Driver/Src/stm32f4xx_hal_dma.c ****               XferErrorCallback (i.e a member of DMA handle structure).
  52:Drivers/STM32F4xx_HAL_Driver/Src/stm32f4xx_hal_dma.c ****     [..]
  53:Drivers/STM32F4xx_HAL_Driver/Src/stm32f4xx_hal_dma.c ****      (#) Use HAL_DMA_GetState() function to return the DMA state and HAL_DMA_GetError() in case of 
  54:Drivers/STM32F4xx_HAL_Driver/Src/stm32f4xx_hal_dma.c ****          detection.
  55:Drivers/STM32F4xx_HAL_Driver/Src/stm32f4xx_hal_dma.c **** 
  56:Drivers/STM32F4xx_HAL_Driver/Src/stm32f4xx_hal_dma.c ****      (#) Use HAL_DMA_Abort_IT() function to abort the current transfer
  57:Drivers/STM32F4xx_HAL_Driver/Src/stm32f4xx_hal_dma.c **** 
  58:Drivers/STM32F4xx_HAL_Driver/Src/stm32f4xx_hal_dma.c ****      -@-   In Memory-to-Memory transfer mode, Circular mode is not allowed.
  59:Drivers/STM32F4xx_HAL_Driver/Src/stm32f4xx_hal_dma.c **** 
  60:Drivers/STM32F4xx_HAL_Driver/Src/stm32f4xx_hal_dma.c ****      -@-   The FIFO is used mainly to reduce bus usage and to allow data packing/unpacking: it is
  61:Drivers/STM32F4xx_HAL_Driver/Src/stm32f4xx_hal_dma.c ****            possible to set different Data Sizes for the Peripheral and the Memory (ie. you can set
  62:Drivers/STM32F4xx_HAL_Driver/Src/stm32f4xx_hal_dma.c ****            Half-Word data size for the peripheral to access its data register and set Word data siz
  63:Drivers/STM32F4xx_HAL_Driver/Src/stm32f4xx_hal_dma.c ****            for the Memory to gain in access time. Each two half words will be packed and written in
  64:Drivers/STM32F4xx_HAL_Driver/Src/stm32f4xx_hal_dma.c ****            a single access to a Word in the Memory).
  65:Drivers/STM32F4xx_HAL_Driver/Src/stm32f4xx_hal_dma.c **** 
  66:Drivers/STM32F4xx_HAL_Driver/Src/stm32f4xx_hal_dma.c ****      -@-   When FIFO is disabled, it is not allowed to configure different Data Sizes for Source
  67:Drivers/STM32F4xx_HAL_Driver/Src/stm32f4xx_hal_dma.c ****            and Destination. In this case the Peripheral Data Size will be applied to both Source
  68:Drivers/STM32F4xx_HAL_Driver/Src/stm32f4xx_hal_dma.c ****            and Destination.
  69:Drivers/STM32F4xx_HAL_Driver/Src/stm32f4xx_hal_dma.c **** 
  70:Drivers/STM32F4xx_HAL_Driver/Src/stm32f4xx_hal_dma.c ****      *** DMA HAL driver macros list ***
  71:Drivers/STM32F4xx_HAL_Driver/Src/stm32f4xx_hal_dma.c ****      =============================================
  72:Drivers/STM32F4xx_HAL_Driver/Src/stm32f4xx_hal_dma.c ****      [..]
  73:Drivers/STM32F4xx_HAL_Driver/Src/stm32f4xx_hal_dma.c ****        Below the list of most used macros in DMA HAL driver.
  74:Drivers/STM32F4xx_HAL_Driver/Src/stm32f4xx_hal_dma.c ****        
  75:Drivers/STM32F4xx_HAL_Driver/Src/stm32f4xx_hal_dma.c ****       (+) __HAL_DMA_ENABLE: Enable the specified DMA Stream.
  76:Drivers/STM32F4xx_HAL_Driver/Src/stm32f4xx_hal_dma.c ****       (+) __HAL_DMA_DISABLE: Disable the specified DMA Stream.
  77:Drivers/STM32F4xx_HAL_Driver/Src/stm32f4xx_hal_dma.c ****       (+) __HAL_DMA_GET_IT_SOURCE: Check whether the specified DMA Stream interrupt has occurred or
  78:Drivers/STM32F4xx_HAL_Driver/Src/stm32f4xx_hal_dma.c **** 
  79:Drivers/STM32F4xx_HAL_Driver/Src/stm32f4xx_hal_dma.c ****      [..]
  80:Drivers/STM32F4xx_HAL_Driver/Src/stm32f4xx_hal_dma.c ****       (@) You can refer to the DMA HAL driver header file for more useful macros
  81:Drivers/STM32F4xx_HAL_Driver/Src/stm32f4xx_hal_dma.c **** 
  82:Drivers/STM32F4xx_HAL_Driver/Src/stm32f4xx_hal_dma.c ****   @endverbatim
  83:Drivers/STM32F4xx_HAL_Driver/Src/stm32f4xx_hal_dma.c ****   ******************************************************************************
  84:Drivers/STM32F4xx_HAL_Driver/Src/stm32f4xx_hal_dma.c ****   * @attention
  85:Drivers/STM32F4xx_HAL_Driver/Src/stm32f4xx_hal_dma.c ****   *
  86:Drivers/STM32F4xx_HAL_Driver/Src/stm32f4xx_hal_dma.c ****   * Copyright (c) 2017 STMicroelectronics.
  87:Drivers/STM32F4xx_HAL_Driver/Src/stm32f4xx_hal_dma.c ****   * All rights reserved.
ARM GAS  C:\Users\kaush\AppData\Local\Temp\cctTu4Fa.s 			page 3


  88:Drivers/STM32F4xx_HAL_Driver/Src/stm32f4xx_hal_dma.c ****   *
  89:Drivers/STM32F4xx_HAL_Driver/Src/stm32f4xx_hal_dma.c ****   * This software is licensed under terms that can be found in the LICENSE file in
  90:Drivers/STM32F4xx_HAL_Driver/Src/stm32f4xx_hal_dma.c ****   * the root directory of this software component.
  91:Drivers/STM32F4xx_HAL_Driver/Src/stm32f4xx_hal_dma.c ****   * If no LICENSE file comes with this software, it is provided AS-IS.
  92:Drivers/STM32F4xx_HAL_Driver/Src/stm32f4xx_hal_dma.c ****   *
  93:Drivers/STM32F4xx_HAL_Driver/Src/stm32f4xx_hal_dma.c ****   ******************************************************************************
  94:Drivers/STM32F4xx_HAL_Driver/Src/stm32f4xx_hal_dma.c ****   */ 
  95:Drivers/STM32F4xx_HAL_Driver/Src/stm32f4xx_hal_dma.c **** 
  96:Drivers/STM32F4xx_HAL_Driver/Src/stm32f4xx_hal_dma.c **** /* Includes ------------------------------------------------------------------*/
  97:Drivers/STM32F4xx_HAL_Driver/Src/stm32f4xx_hal_dma.c **** #include "stm32f4xx_hal.h"
  98:Drivers/STM32F4xx_HAL_Driver/Src/stm32f4xx_hal_dma.c **** 
  99:Drivers/STM32F4xx_HAL_Driver/Src/stm32f4xx_hal_dma.c **** /** @addtogroup STM32F4xx_HAL_Driver
 100:Drivers/STM32F4xx_HAL_Driver/Src/stm32f4xx_hal_dma.c ****   * @{
 101:Drivers/STM32F4xx_HAL_Driver/Src/stm32f4xx_hal_dma.c ****   */
 102:Drivers/STM32F4xx_HAL_Driver/Src/stm32f4xx_hal_dma.c **** 
 103:Drivers/STM32F4xx_HAL_Driver/Src/stm32f4xx_hal_dma.c **** /** @defgroup DMA DMA
 104:Drivers/STM32F4xx_HAL_Driver/Src/stm32f4xx_hal_dma.c ****   * @brief DMA HAL module driver
 105:Drivers/STM32F4xx_HAL_Driver/Src/stm32f4xx_hal_dma.c ****   * @{
 106:Drivers/STM32F4xx_HAL_Driver/Src/stm32f4xx_hal_dma.c ****   */
 107:Drivers/STM32F4xx_HAL_Driver/Src/stm32f4xx_hal_dma.c **** 
 108:Drivers/STM32F4xx_HAL_Driver/Src/stm32f4xx_hal_dma.c **** #ifdef HAL_DMA_MODULE_ENABLED
 109:Drivers/STM32F4xx_HAL_Driver/Src/stm32f4xx_hal_dma.c **** 
 110:Drivers/STM32F4xx_HAL_Driver/Src/stm32f4xx_hal_dma.c **** /* Private types -------------------------------------------------------------*/
 111:Drivers/STM32F4xx_HAL_Driver/Src/stm32f4xx_hal_dma.c **** typedef struct
 112:Drivers/STM32F4xx_HAL_Driver/Src/stm32f4xx_hal_dma.c **** {
 113:Drivers/STM32F4xx_HAL_Driver/Src/stm32f4xx_hal_dma.c ****   __IO uint32_t ISR;   /*!< DMA interrupt status register */
 114:Drivers/STM32F4xx_HAL_Driver/Src/stm32f4xx_hal_dma.c ****   __IO uint32_t Reserved0;
 115:Drivers/STM32F4xx_HAL_Driver/Src/stm32f4xx_hal_dma.c ****   __IO uint32_t IFCR;  /*!< DMA interrupt flag clear register */
 116:Drivers/STM32F4xx_HAL_Driver/Src/stm32f4xx_hal_dma.c **** } DMA_Base_Registers;
 117:Drivers/STM32F4xx_HAL_Driver/Src/stm32f4xx_hal_dma.c **** 
 118:Drivers/STM32F4xx_HAL_Driver/Src/stm32f4xx_hal_dma.c **** /* Private variables ---------------------------------------------------------*/
 119:Drivers/STM32F4xx_HAL_Driver/Src/stm32f4xx_hal_dma.c **** /* Private constants ---------------------------------------------------------*/
 120:Drivers/STM32F4xx_HAL_Driver/Src/stm32f4xx_hal_dma.c **** /** @addtogroup DMA_Private_Constants
 121:Drivers/STM32F4xx_HAL_Driver/Src/stm32f4xx_hal_dma.c ****  * @{
 122:Drivers/STM32F4xx_HAL_Driver/Src/stm32f4xx_hal_dma.c ****  */
 123:Drivers/STM32F4xx_HAL_Driver/Src/stm32f4xx_hal_dma.c ****  #define HAL_TIMEOUT_DMA_ABORT    5U  /* 5 ms */
 124:Drivers/STM32F4xx_HAL_Driver/Src/stm32f4xx_hal_dma.c **** /**
 125:Drivers/STM32F4xx_HAL_Driver/Src/stm32f4xx_hal_dma.c ****   * @}
 126:Drivers/STM32F4xx_HAL_Driver/Src/stm32f4xx_hal_dma.c ****   */
 127:Drivers/STM32F4xx_HAL_Driver/Src/stm32f4xx_hal_dma.c **** /* Private macros ------------------------------------------------------------*/
 128:Drivers/STM32F4xx_HAL_Driver/Src/stm32f4xx_hal_dma.c **** /* Private functions ---------------------------------------------------------*/
 129:Drivers/STM32F4xx_HAL_Driver/Src/stm32f4xx_hal_dma.c **** /** @addtogroup DMA_Private_Functions
 130:Drivers/STM32F4xx_HAL_Driver/Src/stm32f4xx_hal_dma.c ****   * @{
 131:Drivers/STM32F4xx_HAL_Driver/Src/stm32f4xx_hal_dma.c ****   */
 132:Drivers/STM32F4xx_HAL_Driver/Src/stm32f4xx_hal_dma.c **** static void DMA_SetConfig(DMA_HandleTypeDef *hdma, uint32_t SrcAddress, uint32_t DstAddress, uint32
 133:Drivers/STM32F4xx_HAL_Driver/Src/stm32f4xx_hal_dma.c **** static uint32_t DMA_CalcBaseAndBitshift(DMA_HandleTypeDef *hdma);
 134:Drivers/STM32F4xx_HAL_Driver/Src/stm32f4xx_hal_dma.c **** static HAL_StatusTypeDef DMA_CheckFifoParam(DMA_HandleTypeDef *hdma);
 135:Drivers/STM32F4xx_HAL_Driver/Src/stm32f4xx_hal_dma.c **** 
 136:Drivers/STM32F4xx_HAL_Driver/Src/stm32f4xx_hal_dma.c **** /**
 137:Drivers/STM32F4xx_HAL_Driver/Src/stm32f4xx_hal_dma.c ****   * @}
 138:Drivers/STM32F4xx_HAL_Driver/Src/stm32f4xx_hal_dma.c ****   */  
 139:Drivers/STM32F4xx_HAL_Driver/Src/stm32f4xx_hal_dma.c **** 
 140:Drivers/STM32F4xx_HAL_Driver/Src/stm32f4xx_hal_dma.c **** /* Exported functions ---------------------------------------------------------*/
 141:Drivers/STM32F4xx_HAL_Driver/Src/stm32f4xx_hal_dma.c **** /** @addtogroup DMA_Exported_Functions
 142:Drivers/STM32F4xx_HAL_Driver/Src/stm32f4xx_hal_dma.c ****   * @{
 143:Drivers/STM32F4xx_HAL_Driver/Src/stm32f4xx_hal_dma.c ****   */
 144:Drivers/STM32F4xx_HAL_Driver/Src/stm32f4xx_hal_dma.c **** 
ARM GAS  C:\Users\kaush\AppData\Local\Temp\cctTu4Fa.s 			page 4


 145:Drivers/STM32F4xx_HAL_Driver/Src/stm32f4xx_hal_dma.c **** /** @addtogroup DMA_Exported_Functions_Group1
 146:Drivers/STM32F4xx_HAL_Driver/Src/stm32f4xx_hal_dma.c ****   *
 147:Drivers/STM32F4xx_HAL_Driver/Src/stm32f4xx_hal_dma.c **** @verbatim
 148:Drivers/STM32F4xx_HAL_Driver/Src/stm32f4xx_hal_dma.c ****  ===============================================================================
 149:Drivers/STM32F4xx_HAL_Driver/Src/stm32f4xx_hal_dma.c ****              ##### Initialization and de-initialization functions  #####
 150:Drivers/STM32F4xx_HAL_Driver/Src/stm32f4xx_hal_dma.c ****  ===============================================================================
 151:Drivers/STM32F4xx_HAL_Driver/Src/stm32f4xx_hal_dma.c ****     [..]
 152:Drivers/STM32F4xx_HAL_Driver/Src/stm32f4xx_hal_dma.c ****     This section provides functions allowing to initialize the DMA Stream source
 153:Drivers/STM32F4xx_HAL_Driver/Src/stm32f4xx_hal_dma.c ****     and destination addresses, incrementation and data sizes, transfer direction, 
 154:Drivers/STM32F4xx_HAL_Driver/Src/stm32f4xx_hal_dma.c ****     circular/normal mode selection, memory-to-memory mode selection and Stream priority value.
 155:Drivers/STM32F4xx_HAL_Driver/Src/stm32f4xx_hal_dma.c ****     [..]
 156:Drivers/STM32F4xx_HAL_Driver/Src/stm32f4xx_hal_dma.c ****     The HAL_DMA_Init() function follows the DMA configuration procedures as described in
 157:Drivers/STM32F4xx_HAL_Driver/Src/stm32f4xx_hal_dma.c ****     reference manual.
 158:Drivers/STM32F4xx_HAL_Driver/Src/stm32f4xx_hal_dma.c **** 
 159:Drivers/STM32F4xx_HAL_Driver/Src/stm32f4xx_hal_dma.c **** @endverbatim
 160:Drivers/STM32F4xx_HAL_Driver/Src/stm32f4xx_hal_dma.c ****   * @{
 161:Drivers/STM32F4xx_HAL_Driver/Src/stm32f4xx_hal_dma.c ****   */
 162:Drivers/STM32F4xx_HAL_Driver/Src/stm32f4xx_hal_dma.c ****   
 163:Drivers/STM32F4xx_HAL_Driver/Src/stm32f4xx_hal_dma.c **** /**
 164:Drivers/STM32F4xx_HAL_Driver/Src/stm32f4xx_hal_dma.c ****   * @brief  Initialize the DMA according to the specified
 165:Drivers/STM32F4xx_HAL_Driver/Src/stm32f4xx_hal_dma.c ****   *         parameters in the DMA_InitTypeDef and create the associated handle.
 166:Drivers/STM32F4xx_HAL_Driver/Src/stm32f4xx_hal_dma.c ****   * @param  hdma Pointer to a DMA_HandleTypeDef structure that contains
 167:Drivers/STM32F4xx_HAL_Driver/Src/stm32f4xx_hal_dma.c ****   *               the configuration information for the specified DMA Stream.  
 168:Drivers/STM32F4xx_HAL_Driver/Src/stm32f4xx_hal_dma.c ****   * @retval HAL status
 169:Drivers/STM32F4xx_HAL_Driver/Src/stm32f4xx_hal_dma.c ****   */
 170:Drivers/STM32F4xx_HAL_Driver/Src/stm32f4xx_hal_dma.c **** HAL_StatusTypeDef HAL_DMA_Init(DMA_HandleTypeDef *hdma)
 171:Drivers/STM32F4xx_HAL_Driver/Src/stm32f4xx_hal_dma.c **** {
  29              		.loc 1 171 1 view -0
  30              		.cfi_startproc
  31              		@ args = 0, pretend = 0, frame = 0
  32              		@ frame_needed = 0, uses_anonymous_args = 0
 172:Drivers/STM32F4xx_HAL_Driver/Src/stm32f4xx_hal_dma.c ****   uint32_t tmp = 0U;
  33              		.loc 1 172 3 view .LVU1
 173:Drivers/STM32F4xx_HAL_Driver/Src/stm32f4xx_hal_dma.c ****   uint32_t tickstart = HAL_GetTick();
  34              		.loc 1 173 3 view .LVU2
 171:Drivers/STM32F4xx_HAL_Driver/Src/stm32f4xx_hal_dma.c ****   uint32_t tmp = 0U;
  35              		.loc 1 171 1 is_stmt 0 view .LVU3
  36 0000 38B5     		push	{r3, r4, r5, lr}
  37              	.LCFI0:
  38              		.cfi_def_cfa_offset 16
  39              		.cfi_offset 3, -16
  40              		.cfi_offset 4, -12
  41              		.cfi_offset 5, -8
  42              		.cfi_offset 14, -4
 171:Drivers/STM32F4xx_HAL_Driver/Src/stm32f4xx_hal_dma.c ****   uint32_t tmp = 0U;
  43              		.loc 1 171 1 view .LVU4
  44 0002 0446     		mov	r4, r0
  45              		.loc 1 173 24 view .LVU5
  46 0004 FFF7FEFF 		bl	HAL_GetTick
  47              	.LVL1:
 174:Drivers/STM32F4xx_HAL_Driver/Src/stm32f4xx_hal_dma.c ****   DMA_Base_Registers *regs;
  48              		.loc 1 174 3 is_stmt 1 view .LVU6
 175:Drivers/STM32F4xx_HAL_Driver/Src/stm32f4xx_hal_dma.c **** 
 176:Drivers/STM32F4xx_HAL_Driver/Src/stm32f4xx_hal_dma.c ****   /* Check the DMA peripheral state */
 177:Drivers/STM32F4xx_HAL_Driver/Src/stm32f4xx_hal_dma.c ****   if(hdma == NULL)
  49              		.loc 1 177 3 view .LVU7
  50              		.loc 1 177 5 is_stmt 0 view .LVU8
ARM GAS  C:\Users\kaush\AppData\Local\Temp\cctTu4Fa.s 			page 5


  51 0008 002C     		cmp	r4, #0
  52 000a 6DD0     		beq	.L2
 178:Drivers/STM32F4xx_HAL_Driver/Src/stm32f4xx_hal_dma.c ****   {
 179:Drivers/STM32F4xx_HAL_Driver/Src/stm32f4xx_hal_dma.c ****     return HAL_ERROR;
 180:Drivers/STM32F4xx_HAL_Driver/Src/stm32f4xx_hal_dma.c ****   }
 181:Drivers/STM32F4xx_HAL_Driver/Src/stm32f4xx_hal_dma.c **** 
 182:Drivers/STM32F4xx_HAL_Driver/Src/stm32f4xx_hal_dma.c ****   /* Check the parameters */
 183:Drivers/STM32F4xx_HAL_Driver/Src/stm32f4xx_hal_dma.c ****   assert_param(IS_DMA_STREAM_ALL_INSTANCE(hdma->Instance));
 184:Drivers/STM32F4xx_HAL_Driver/Src/stm32f4xx_hal_dma.c ****   assert_param(IS_DMA_CHANNEL(hdma->Init.Channel));
 185:Drivers/STM32F4xx_HAL_Driver/Src/stm32f4xx_hal_dma.c ****   assert_param(IS_DMA_DIRECTION(hdma->Init.Direction));
 186:Drivers/STM32F4xx_HAL_Driver/Src/stm32f4xx_hal_dma.c ****   assert_param(IS_DMA_PERIPHERAL_INC_STATE(hdma->Init.PeriphInc));
 187:Drivers/STM32F4xx_HAL_Driver/Src/stm32f4xx_hal_dma.c ****   assert_param(IS_DMA_MEMORY_INC_STATE(hdma->Init.MemInc));
 188:Drivers/STM32F4xx_HAL_Driver/Src/stm32f4xx_hal_dma.c ****   assert_param(IS_DMA_PERIPHERAL_DATA_SIZE(hdma->Init.PeriphDataAlignment));
 189:Drivers/STM32F4xx_HAL_Driver/Src/stm32f4xx_hal_dma.c ****   assert_param(IS_DMA_MEMORY_DATA_SIZE(hdma->Init.MemDataAlignment));
 190:Drivers/STM32F4xx_HAL_Driver/Src/stm32f4xx_hal_dma.c ****   assert_param(IS_DMA_MODE(hdma->Init.Mode));
 191:Drivers/STM32F4xx_HAL_Driver/Src/stm32f4xx_hal_dma.c ****   assert_param(IS_DMA_PRIORITY(hdma->Init.Priority));
 192:Drivers/STM32F4xx_HAL_Driver/Src/stm32f4xx_hal_dma.c ****   assert_param(IS_DMA_FIFO_MODE_STATE(hdma->Init.FIFOMode));
 193:Drivers/STM32F4xx_HAL_Driver/Src/stm32f4xx_hal_dma.c ****   /* Check the memory burst, peripheral burst and FIFO threshold parameters only
 194:Drivers/STM32F4xx_HAL_Driver/Src/stm32f4xx_hal_dma.c ****      when FIFO mode is enabled */
 195:Drivers/STM32F4xx_HAL_Driver/Src/stm32f4xx_hal_dma.c ****   if(hdma->Init.FIFOMode != DMA_FIFOMODE_DISABLE)
 196:Drivers/STM32F4xx_HAL_Driver/Src/stm32f4xx_hal_dma.c ****   {
 197:Drivers/STM32F4xx_HAL_Driver/Src/stm32f4xx_hal_dma.c ****     assert_param(IS_DMA_FIFO_THRESHOLD(hdma->Init.FIFOThreshold));
 198:Drivers/STM32F4xx_HAL_Driver/Src/stm32f4xx_hal_dma.c ****     assert_param(IS_DMA_MEMORY_BURST(hdma->Init.MemBurst));
 199:Drivers/STM32F4xx_HAL_Driver/Src/stm32f4xx_hal_dma.c ****     assert_param(IS_DMA_PERIPHERAL_BURST(hdma->Init.PeriphBurst));
 200:Drivers/STM32F4xx_HAL_Driver/Src/stm32f4xx_hal_dma.c ****   }
 201:Drivers/STM32F4xx_HAL_Driver/Src/stm32f4xx_hal_dma.c **** 
 202:Drivers/STM32F4xx_HAL_Driver/Src/stm32f4xx_hal_dma.c ****   /* Change DMA peripheral state */
 203:Drivers/STM32F4xx_HAL_Driver/Src/stm32f4xx_hal_dma.c ****   hdma->State = HAL_DMA_STATE_BUSY;
 204:Drivers/STM32F4xx_HAL_Driver/Src/stm32f4xx_hal_dma.c **** 
 205:Drivers/STM32F4xx_HAL_Driver/Src/stm32f4xx_hal_dma.c ****   /* Allocate lock resource */
 206:Drivers/STM32F4xx_HAL_Driver/Src/stm32f4xx_hal_dma.c ****   __HAL_UNLOCK(hdma);
 207:Drivers/STM32F4xx_HAL_Driver/Src/stm32f4xx_hal_dma.c ****   
 208:Drivers/STM32F4xx_HAL_Driver/Src/stm32f4xx_hal_dma.c ****   /* Disable the peripheral */
 209:Drivers/STM32F4xx_HAL_Driver/Src/stm32f4xx_hal_dma.c ****   __HAL_DMA_DISABLE(hdma);
  53              		.loc 1 209 3 view .LVU9
  54 000c 2368     		ldr	r3, [r4]
 206:Drivers/STM32F4xx_HAL_Driver/Src/stm32f4xx_hal_dma.c ****   
  55              		.loc 1 206 3 view .LVU10
  56 000e 0022     		movs	r2, #0
 203:Drivers/STM32F4xx_HAL_Driver/Src/stm32f4xx_hal_dma.c **** 
  57              		.loc 1 203 15 view .LVU11
  58 0010 0221     		movs	r1, #2
  59 0012 84F83510 		strb	r1, [r4, #53]
 206:Drivers/STM32F4xx_HAL_Driver/Src/stm32f4xx_hal_dma.c ****   
  60              		.loc 1 206 3 view .LVU12
  61 0016 84F83420 		strb	r2, [r4, #52]
  62              		.loc 1 209 3 view .LVU13
  63 001a 1A68     		ldr	r2, [r3]
  64 001c 22F00102 		bic	r2, r2, #1
  65 0020 0546     		mov	r5, r0
 183:Drivers/STM32F4xx_HAL_Driver/Src/stm32f4xx_hal_dma.c ****   assert_param(IS_DMA_CHANNEL(hdma->Init.Channel));
  66              		.loc 1 183 3 is_stmt 1 view .LVU14
 184:Drivers/STM32F4xx_HAL_Driver/Src/stm32f4xx_hal_dma.c ****   assert_param(IS_DMA_DIRECTION(hdma->Init.Direction));
  67              		.loc 1 184 3 view .LVU15
 185:Drivers/STM32F4xx_HAL_Driver/Src/stm32f4xx_hal_dma.c ****   assert_param(IS_DMA_PERIPHERAL_INC_STATE(hdma->Init.PeriphInc));
  68              		.loc 1 185 3 view .LVU16
 186:Drivers/STM32F4xx_HAL_Driver/Src/stm32f4xx_hal_dma.c ****   assert_param(IS_DMA_MEMORY_INC_STATE(hdma->Init.MemInc));
ARM GAS  C:\Users\kaush\AppData\Local\Temp\cctTu4Fa.s 			page 6


  69              		.loc 1 186 3 view .LVU17
 187:Drivers/STM32F4xx_HAL_Driver/Src/stm32f4xx_hal_dma.c ****   assert_param(IS_DMA_PERIPHERAL_DATA_SIZE(hdma->Init.PeriphDataAlignment));
  70              		.loc 1 187 3 view .LVU18
 188:Drivers/STM32F4xx_HAL_Driver/Src/stm32f4xx_hal_dma.c ****   assert_param(IS_DMA_MEMORY_DATA_SIZE(hdma->Init.MemDataAlignment));
  71              		.loc 1 188 3 view .LVU19
 189:Drivers/STM32F4xx_HAL_Driver/Src/stm32f4xx_hal_dma.c ****   assert_param(IS_DMA_MODE(hdma->Init.Mode));
  72              		.loc 1 189 3 view .LVU20
 190:Drivers/STM32F4xx_HAL_Driver/Src/stm32f4xx_hal_dma.c ****   assert_param(IS_DMA_PRIORITY(hdma->Init.Priority));
  73              		.loc 1 190 3 view .LVU21
 191:Drivers/STM32F4xx_HAL_Driver/Src/stm32f4xx_hal_dma.c ****   assert_param(IS_DMA_FIFO_MODE_STATE(hdma->Init.FIFOMode));
  74              		.loc 1 191 3 view .LVU22
 192:Drivers/STM32F4xx_HAL_Driver/Src/stm32f4xx_hal_dma.c ****   /* Check the memory burst, peripheral burst and FIFO threshold parameters only
  75              		.loc 1 192 3 view .LVU23
 195:Drivers/STM32F4xx_HAL_Driver/Src/stm32f4xx_hal_dma.c ****   {
  76              		.loc 1 195 3 view .LVU24
 197:Drivers/STM32F4xx_HAL_Driver/Src/stm32f4xx_hal_dma.c ****     assert_param(IS_DMA_MEMORY_BURST(hdma->Init.MemBurst));
  77              		.loc 1 197 5 view .LVU25
 198:Drivers/STM32F4xx_HAL_Driver/Src/stm32f4xx_hal_dma.c ****     assert_param(IS_DMA_PERIPHERAL_BURST(hdma->Init.PeriphBurst));
  78              		.loc 1 198 5 view .LVU26
 199:Drivers/STM32F4xx_HAL_Driver/Src/stm32f4xx_hal_dma.c ****   }
  79              		.loc 1 199 5 view .LVU27
 203:Drivers/STM32F4xx_HAL_Driver/Src/stm32f4xx_hal_dma.c **** 
  80              		.loc 1 203 3 view .LVU28
 206:Drivers/STM32F4xx_HAL_Driver/Src/stm32f4xx_hal_dma.c ****   
  81              		.loc 1 206 3 view .LVU29
 206:Drivers/STM32F4xx_HAL_Driver/Src/stm32f4xx_hal_dma.c ****   
  82              		.loc 1 206 3 view .LVU30
 206:Drivers/STM32F4xx_HAL_Driver/Src/stm32f4xx_hal_dma.c ****   
  83              		.loc 1 206 3 view .LVU31
  84              		.loc 1 209 3 view .LVU32
  85 0022 1A60     		str	r2, [r3]
 210:Drivers/STM32F4xx_HAL_Driver/Src/stm32f4xx_hal_dma.c ****   
 211:Drivers/STM32F4xx_HAL_Driver/Src/stm32f4xx_hal_dma.c ****   /* Check if the DMA Stream is effectively disabled */
 212:Drivers/STM32F4xx_HAL_Driver/Src/stm32f4xx_hal_dma.c ****   while((hdma->Instance->CR & DMA_SxCR_EN) != RESET)
  86              		.loc 1 212 3 view .LVU33
  87              		.loc 1 212 8 is_stmt 0 view .LVU34
  88 0024 05E0     		b	.L3
  89              	.LVL2:
  90              	.L6:
 213:Drivers/STM32F4xx_HAL_Driver/Src/stm32f4xx_hal_dma.c ****   {
 214:Drivers/STM32F4xx_HAL_Driver/Src/stm32f4xx_hal_dma.c ****     /* Check for the Timeout */
 215:Drivers/STM32F4xx_HAL_Driver/Src/stm32f4xx_hal_dma.c ****     if((HAL_GetTick() - tickstart ) > HAL_TIMEOUT_DMA_ABORT)
  91              		.loc 1 215 9 view .LVU35
  92 0026 FFF7FEFF 		bl	HAL_GetTick
  93              	.LVL3:
  94              		.loc 1 215 23 discriminator 1 view .LVU36
  95 002a 431B     		subs	r3, r0, r5
  96              		.loc 1 215 7 discriminator 1 view .LVU37
  97 002c 052B     		cmp	r3, #5
  98 002e 37D8     		bhi	.L38
 212:Drivers/STM32F4xx_HAL_Driver/Src/stm32f4xx_hal_dma.c ****   {
  99              		.loc 1 212 14 view .LVU38
 100 0030 2368     		ldr	r3, [r4]
 101              	.L3:
 102              		.loc 1 215 5 is_stmt 1 view .LVU39
 212:Drivers/STM32F4xx_HAL_Driver/Src/stm32f4xx_hal_dma.c ****   {
 103              		.loc 1 212 44 view .LVU40
ARM GAS  C:\Users\kaush\AppData\Local\Temp\cctTu4Fa.s 			page 7


 212:Drivers/STM32F4xx_HAL_Driver/Src/stm32f4xx_hal_dma.c ****   {
 104              		.loc 1 212 24 is_stmt 0 view .LVU41
 105 0032 1A68     		ldr	r2, [r3]
 212:Drivers/STM32F4xx_HAL_Driver/Src/stm32f4xx_hal_dma.c ****   {
 106              		.loc 1 212 44 view .LVU42
 107 0034 D107     		lsls	r1, r2, #31
 108 0036 F6D4     		bmi	.L6
 216:Drivers/STM32F4xx_HAL_Driver/Src/stm32f4xx_hal_dma.c ****     {
 217:Drivers/STM32F4xx_HAL_Driver/Src/stm32f4xx_hal_dma.c ****       /* Update error code */
 218:Drivers/STM32F4xx_HAL_Driver/Src/stm32f4xx_hal_dma.c ****       hdma->ErrorCode = HAL_DMA_ERROR_TIMEOUT;
 219:Drivers/STM32F4xx_HAL_Driver/Src/stm32f4xx_hal_dma.c ****       
 220:Drivers/STM32F4xx_HAL_Driver/Src/stm32f4xx_hal_dma.c ****       /* Change the DMA state */
 221:Drivers/STM32F4xx_HAL_Driver/Src/stm32f4xx_hal_dma.c ****       hdma->State = HAL_DMA_STATE_TIMEOUT;
 222:Drivers/STM32F4xx_HAL_Driver/Src/stm32f4xx_hal_dma.c ****       
 223:Drivers/STM32F4xx_HAL_Driver/Src/stm32f4xx_hal_dma.c ****       return HAL_TIMEOUT;
 224:Drivers/STM32F4xx_HAL_Driver/Src/stm32f4xx_hal_dma.c ****     }
 225:Drivers/STM32F4xx_HAL_Driver/Src/stm32f4xx_hal_dma.c ****   }
 226:Drivers/STM32F4xx_HAL_Driver/Src/stm32f4xx_hal_dma.c ****   
 227:Drivers/STM32F4xx_HAL_Driver/Src/stm32f4xx_hal_dma.c ****   /* Get the CR register value */
 228:Drivers/STM32F4xx_HAL_Driver/Src/stm32f4xx_hal_dma.c ****   tmp = hdma->Instance->CR;
 109              		.loc 1 228 3 is_stmt 1 view .LVU43
 229:Drivers/STM32F4xx_HAL_Driver/Src/stm32f4xx_hal_dma.c **** 
 230:Drivers/STM32F4xx_HAL_Driver/Src/stm32f4xx_hal_dma.c ****   /* Clear CHSEL, MBURST, PBURST, PL, MSIZE, PSIZE, MINC, PINC, CIRC, DIR, CT and DBM bits */
 231:Drivers/STM32F4xx_HAL_Driver/Src/stm32f4xx_hal_dma.c ****   tmp &= ((uint32_t)~(DMA_SxCR_CHSEL | DMA_SxCR_MBURST | DMA_SxCR_PBURST | \
 232:Drivers/STM32F4xx_HAL_Driver/Src/stm32f4xx_hal_dma.c ****                       DMA_SxCR_PL    | DMA_SxCR_MSIZE  | DMA_SxCR_PSIZE  | \
 233:Drivers/STM32F4xx_HAL_Driver/Src/stm32f4xx_hal_dma.c ****                       DMA_SxCR_MINC  | DMA_SxCR_PINC   | DMA_SxCR_CIRC   | \
 234:Drivers/STM32F4xx_HAL_Driver/Src/stm32f4xx_hal_dma.c ****                       DMA_SxCR_DIR   | DMA_SxCR_CT     | DMA_SxCR_DBM));
 235:Drivers/STM32F4xx_HAL_Driver/Src/stm32f4xx_hal_dma.c **** 
 236:Drivers/STM32F4xx_HAL_Driver/Src/stm32f4xx_hal_dma.c ****   /* Prepare the DMA Stream configuration */
 237:Drivers/STM32F4xx_HAL_Driver/Src/stm32f4xx_hal_dma.c ****   tmp |=  hdma->Init.Channel             | hdma->Init.Direction        |
 110              		.loc 1 237 42 is_stmt 0 view .LVU44
 111 0038 D4E90120 		ldrd	r2, r0, [r4, #4]
 112              		.loc 1 237 72 view .LVU45
 113 003c E168     		ldr	r1, [r4, #12]
 114              		.loc 1 237 42 view .LVU46
 115 003e 0243     		orrs	r2, r2, r0
 116              		.loc 1 237 72 view .LVU47
 117 0040 0A43     		orrs	r2, r2, r1
 238:Drivers/STM32F4xx_HAL_Driver/Src/stm32f4xx_hal_dma.c ****           hdma->Init.PeriphInc           | hdma->Init.MemInc           |
 118              		.loc 1 238 72 view .LVU48
 119 0042 D4E90451 		ldrd	r5, r1, [r4, #16]
 120              	.LVL4:
 239:Drivers/STM32F4xx_HAL_Driver/Src/stm32f4xx_hal_dma.c ****           hdma->Init.PeriphDataAlignment | hdma->Init.MemDataAlignment |
 121              		.loc 1 239 54 view .LVU49
 122 0046 A069     		ldr	r0, [r4, #24]
 238:Drivers/STM32F4xx_HAL_Driver/Src/stm32f4xx_hal_dma.c ****           hdma->Init.PeriphInc           | hdma->Init.MemInc           |
 123              		.loc 1 238 42 view .LVU50
 124 0048 2A43     		orrs	r2, r2, r5
 238:Drivers/STM32F4xx_HAL_Driver/Src/stm32f4xx_hal_dma.c ****           hdma->Init.PeriphInc           | hdma->Init.MemInc           |
 125              		.loc 1 238 72 view .LVU51
 126 004a 0A43     		orrs	r2, r2, r1
 127              		.loc 1 239 72 view .LVU52
 128 004c E169     		ldr	r1, [r4, #28]
 228:Drivers/STM32F4xx_HAL_Driver/Src/stm32f4xx_hal_dma.c **** 
 129              		.loc 1 228 7 view .LVU53
 130 004e 1D68     		ldr	r5, [r3]
 131              	.LVL5:
ARM GAS  C:\Users\kaush\AppData\Local\Temp\cctTu4Fa.s 			page 8


 231:Drivers/STM32F4xx_HAL_Driver/Src/stm32f4xx_hal_dma.c ****                       DMA_SxCR_PL    | DMA_SxCR_MSIZE  | DMA_SxCR_PSIZE  | \
 132              		.loc 1 231 3 is_stmt 1 view .LVU54
 133              		.loc 1 239 42 is_stmt 0 view .LVU55
 134 0050 0243     		orrs	r2, r2, r0
 135              		.loc 1 239 72 view .LVU56
 136 0052 0A43     		orrs	r2, r2, r1
 231:Drivers/STM32F4xx_HAL_Driver/Src/stm32f4xx_hal_dma.c ****                       DMA_SxCR_PL    | DMA_SxCR_MSIZE  | DMA_SxCR_PSIZE  | \
 137              		.loc 1 231 7 view .LVU57
 138 0054 3149     		ldr	r1, .L41
 139 0056 2940     		ands	r1, r1, r5
 140              	.LVL6:
 237:Drivers/STM32F4xx_HAL_Driver/Src/stm32f4xx_hal_dma.c ****           hdma->Init.PeriphInc           | hdma->Init.MemInc           |
 141              		.loc 1 237 3 is_stmt 1 view .LVU58
 240:Drivers/STM32F4xx_HAL_Driver/Src/stm32f4xx_hal_dma.c ****           hdma->Init.Mode                | hdma->Init.Priority;
 142              		.loc 1 240 42 is_stmt 0 view .LVU59
 143 0058 256A     		ldr	r5, [r4, #32]
 144 005a 2A43     		orrs	r2, r2, r5
 237:Drivers/STM32F4xx_HAL_Driver/Src/stm32f4xx_hal_dma.c ****           hdma->Init.PeriphInc           | hdma->Init.MemInc           |
 145              		.loc 1 237 7 view .LVU60
 146 005c 0A43     		orrs	r2, r2, r1
 147              	.LVL7:
 241:Drivers/STM32F4xx_HAL_Driver/Src/stm32f4xx_hal_dma.c **** 
 242:Drivers/STM32F4xx_HAL_Driver/Src/stm32f4xx_hal_dma.c ****   /* the Memory burst and peripheral burst are not used when the FIFO is disabled */
 243:Drivers/STM32F4xx_HAL_Driver/Src/stm32f4xx_hal_dma.c ****   if(hdma->Init.FIFOMode == DMA_FIFOMODE_ENABLE)
 148              		.loc 1 243 3 is_stmt 1 view .LVU61
 149              		.loc 1 243 16 is_stmt 0 view .LVU62
 150 005e 616A     		ldr	r1, [r4, #36]
 151              		.loc 1 243 5 view .LVU63
 152 0060 0429     		cmp	r1, #4
 153 0062 24D0     		beq	.L7
 244:Drivers/STM32F4xx_HAL_Driver/Src/stm32f4xx_hal_dma.c ****   {
 245:Drivers/STM32F4xx_HAL_Driver/Src/stm32f4xx_hal_dma.c ****     /* Get memory burst and peripheral burst */
 246:Drivers/STM32F4xx_HAL_Driver/Src/stm32f4xx_hal_dma.c ****     tmp |=  hdma->Init.MemBurst | hdma->Init.PeriphBurst;
 247:Drivers/STM32F4xx_HAL_Driver/Src/stm32f4xx_hal_dma.c ****   }
 248:Drivers/STM32F4xx_HAL_Driver/Src/stm32f4xx_hal_dma.c ****   
 249:Drivers/STM32F4xx_HAL_Driver/Src/stm32f4xx_hal_dma.c ****   /* Write to DMA Stream CR register */
 250:Drivers/STM32F4xx_HAL_Driver/Src/stm32f4xx_hal_dma.c ****   hdma->Instance->CR = tmp;  
 154              		.loc 1 250 3 is_stmt 1 view .LVU64
 155              		.loc 1 250 22 is_stmt 0 view .LVU65
 156 0064 1A60     		str	r2, [r3]
 251:Drivers/STM32F4xx_HAL_Driver/Src/stm32f4xx_hal_dma.c **** 
 252:Drivers/STM32F4xx_HAL_Driver/Src/stm32f4xx_hal_dma.c ****   /* Get the FCR register value */
 253:Drivers/STM32F4xx_HAL_Driver/Src/stm32f4xx_hal_dma.c ****   tmp = hdma->Instance->FCR;
 157              		.loc 1 253 3 is_stmt 1 view .LVU66
 158              		.loc 1 253 7 is_stmt 0 view .LVU67
 159 0066 5A69     		ldr	r2, [r3, #20]
 160              	.LVL8:
 254:Drivers/STM32F4xx_HAL_Driver/Src/stm32f4xx_hal_dma.c **** 
 255:Drivers/STM32F4xx_HAL_Driver/Src/stm32f4xx_hal_dma.c ****   /* Clear Direct mode and FIFO threshold bits */
 256:Drivers/STM32F4xx_HAL_Driver/Src/stm32f4xx_hal_dma.c ****   tmp &= (uint32_t)~(DMA_SxFCR_DMDIS | DMA_SxFCR_FTH);
 161              		.loc 1 256 3 is_stmt 1 view .LVU68
 162              		.loc 1 256 7 is_stmt 0 view .LVU69
 163 0068 22F00702 		bic	r2, r2, #7
 164              	.LVL9:
 257:Drivers/STM32F4xx_HAL_Driver/Src/stm32f4xx_hal_dma.c **** 
 258:Drivers/STM32F4xx_HAL_Driver/Src/stm32f4xx_hal_dma.c ****   /* Prepare the DMA Stream FIFO configuration */
 259:Drivers/STM32F4xx_HAL_Driver/Src/stm32f4xx_hal_dma.c ****   tmp |= hdma->Init.FIFOMode;
ARM GAS  C:\Users\kaush\AppData\Local\Temp\cctTu4Fa.s 			page 9


 165              		.loc 1 259 3 is_stmt 1 view .LVU70
 166              		.loc 1 259 7 is_stmt 0 view .LVU71
 167 006c 1143     		orrs	r1, r1, r2
 168              	.LVL10:
 260:Drivers/STM32F4xx_HAL_Driver/Src/stm32f4xx_hal_dma.c **** 
 261:Drivers/STM32F4xx_HAL_Driver/Src/stm32f4xx_hal_dma.c ****   /* The FIFO threshold is not used when the FIFO mode is disabled */
 262:Drivers/STM32F4xx_HAL_Driver/Src/stm32f4xx_hal_dma.c ****   if(hdma->Init.FIFOMode == DMA_FIFOMODE_ENABLE)
 169              		.loc 1 262 3 is_stmt 1 view .LVU72
 170              	.L8:
 263:Drivers/STM32F4xx_HAL_Driver/Src/stm32f4xx_hal_dma.c ****   {
 264:Drivers/STM32F4xx_HAL_Driver/Src/stm32f4xx_hal_dma.c ****     /* Get the FIFO threshold */
 265:Drivers/STM32F4xx_HAL_Driver/Src/stm32f4xx_hal_dma.c ****     tmp |= hdma->Init.FIFOThreshold;
 266:Drivers/STM32F4xx_HAL_Driver/Src/stm32f4xx_hal_dma.c ****     
 267:Drivers/STM32F4xx_HAL_Driver/Src/stm32f4xx_hal_dma.c ****     /* Check compatibility between FIFO threshold level and size of the memory burst */
 268:Drivers/STM32F4xx_HAL_Driver/Src/stm32f4xx_hal_dma.c ****     /* for INCR4, INCR8, INCR16 bursts */
 269:Drivers/STM32F4xx_HAL_Driver/Src/stm32f4xx_hal_dma.c ****     if (hdma->Init.MemBurst != DMA_MBURST_SINGLE)
 270:Drivers/STM32F4xx_HAL_Driver/Src/stm32f4xx_hal_dma.c ****     {
 271:Drivers/STM32F4xx_HAL_Driver/Src/stm32f4xx_hal_dma.c ****       if (DMA_CheckFifoParam(hdma) != HAL_OK)
 272:Drivers/STM32F4xx_HAL_Driver/Src/stm32f4xx_hal_dma.c ****       {
 273:Drivers/STM32F4xx_HAL_Driver/Src/stm32f4xx_hal_dma.c ****         /* Update error code */
 274:Drivers/STM32F4xx_HAL_Driver/Src/stm32f4xx_hal_dma.c ****         hdma->ErrorCode = HAL_DMA_ERROR_PARAM;
 275:Drivers/STM32F4xx_HAL_Driver/Src/stm32f4xx_hal_dma.c ****         
 276:Drivers/STM32F4xx_HAL_Driver/Src/stm32f4xx_hal_dma.c ****         /* Change the DMA state */
 277:Drivers/STM32F4xx_HAL_Driver/Src/stm32f4xx_hal_dma.c ****         hdma->State = HAL_DMA_STATE_READY;
 278:Drivers/STM32F4xx_HAL_Driver/Src/stm32f4xx_hal_dma.c ****         
 279:Drivers/STM32F4xx_HAL_Driver/Src/stm32f4xx_hal_dma.c ****         return HAL_ERROR; 
 280:Drivers/STM32F4xx_HAL_Driver/Src/stm32f4xx_hal_dma.c ****       }
 281:Drivers/STM32F4xx_HAL_Driver/Src/stm32f4xx_hal_dma.c ****     }
 282:Drivers/STM32F4xx_HAL_Driver/Src/stm32f4xx_hal_dma.c ****   }
 283:Drivers/STM32F4xx_HAL_Driver/Src/stm32f4xx_hal_dma.c ****   
 284:Drivers/STM32F4xx_HAL_Driver/Src/stm32f4xx_hal_dma.c ****   /* Write to DMA Stream FCR */
 285:Drivers/STM32F4xx_HAL_Driver/Src/stm32f4xx_hal_dma.c ****   hdma->Instance->FCR = tmp;
 171              		.loc 1 285 3 view .LVU73
 172              	.LBB14:
 173              	.LBB15:
 286:Drivers/STM32F4xx_HAL_Driver/Src/stm32f4xx_hal_dma.c **** 
 287:Drivers/STM32F4xx_HAL_Driver/Src/stm32f4xx_hal_dma.c ****   /* Initialize StreamBaseAddress and StreamIndex parameters to be used to calculate
 288:Drivers/STM32F4xx_HAL_Driver/Src/stm32f4xx_hal_dma.c ****      DMA steam Base Address needed by HAL_DMA_IRQHandler() and HAL_DMA_PollForTransfer() */
 289:Drivers/STM32F4xx_HAL_Driver/Src/stm32f4xx_hal_dma.c ****   regs = (DMA_Base_Registers *)DMA_CalcBaseAndBitshift(hdma);
 290:Drivers/STM32F4xx_HAL_Driver/Src/stm32f4xx_hal_dma.c ****   
 291:Drivers/STM32F4xx_HAL_Driver/Src/stm32f4xx_hal_dma.c ****   /* Clear all interrupt flags */
 292:Drivers/STM32F4xx_HAL_Driver/Src/stm32f4xx_hal_dma.c ****   regs->IFCR = 0x3FU << hdma->StreamIndex;
 293:Drivers/STM32F4xx_HAL_Driver/Src/stm32f4xx_hal_dma.c **** 
 294:Drivers/STM32F4xx_HAL_Driver/Src/stm32f4xx_hal_dma.c ****   /* Initialize the error code */
 295:Drivers/STM32F4xx_HAL_Driver/Src/stm32f4xx_hal_dma.c ****   hdma->ErrorCode = HAL_DMA_ERROR_NONE;
 296:Drivers/STM32F4xx_HAL_Driver/Src/stm32f4xx_hal_dma.c ****                                                                                      
 297:Drivers/STM32F4xx_HAL_Driver/Src/stm32f4xx_hal_dma.c ****   /* Initialize the DMA state */
 298:Drivers/STM32F4xx_HAL_Driver/Src/stm32f4xx_hal_dma.c ****   hdma->State = HAL_DMA_STATE_READY;
 299:Drivers/STM32F4xx_HAL_Driver/Src/stm32f4xx_hal_dma.c **** 
 300:Drivers/STM32F4xx_HAL_Driver/Src/stm32f4xx_hal_dma.c ****   return HAL_OK;
 301:Drivers/STM32F4xx_HAL_Driver/Src/stm32f4xx_hal_dma.c **** }
 302:Drivers/STM32F4xx_HAL_Driver/Src/stm32f4xx_hal_dma.c **** 
 303:Drivers/STM32F4xx_HAL_Driver/Src/stm32f4xx_hal_dma.c **** /**
 304:Drivers/STM32F4xx_HAL_Driver/Src/stm32f4xx_hal_dma.c ****   * @brief  DeInitializes the DMA peripheral 
 305:Drivers/STM32F4xx_HAL_Driver/Src/stm32f4xx_hal_dma.c ****   * @param  hdma pointer to a DMA_HandleTypeDef structure that contains
 306:Drivers/STM32F4xx_HAL_Driver/Src/stm32f4xx_hal_dma.c ****   *               the configuration information for the specified DMA Stream.  
 307:Drivers/STM32F4xx_HAL_Driver/Src/stm32f4xx_hal_dma.c ****   * @retval HAL status
ARM GAS  C:\Users\kaush\AppData\Local\Temp\cctTu4Fa.s 			page 10


 308:Drivers/STM32F4xx_HAL_Driver/Src/stm32f4xx_hal_dma.c ****   */
 309:Drivers/STM32F4xx_HAL_Driver/Src/stm32f4xx_hal_dma.c **** HAL_StatusTypeDef HAL_DMA_DeInit(DMA_HandleTypeDef *hdma)
 310:Drivers/STM32F4xx_HAL_Driver/Src/stm32f4xx_hal_dma.c **** {
 311:Drivers/STM32F4xx_HAL_Driver/Src/stm32f4xx_hal_dma.c ****   DMA_Base_Registers *regs;
 312:Drivers/STM32F4xx_HAL_Driver/Src/stm32f4xx_hal_dma.c **** 
 313:Drivers/STM32F4xx_HAL_Driver/Src/stm32f4xx_hal_dma.c ****   /* Check the DMA peripheral state */
 314:Drivers/STM32F4xx_HAL_Driver/Src/stm32f4xx_hal_dma.c ****   if(hdma == NULL)
 315:Drivers/STM32F4xx_HAL_Driver/Src/stm32f4xx_hal_dma.c ****   {
 316:Drivers/STM32F4xx_HAL_Driver/Src/stm32f4xx_hal_dma.c ****     return HAL_ERROR;
 317:Drivers/STM32F4xx_HAL_Driver/Src/stm32f4xx_hal_dma.c ****   }
 318:Drivers/STM32F4xx_HAL_Driver/Src/stm32f4xx_hal_dma.c ****   
 319:Drivers/STM32F4xx_HAL_Driver/Src/stm32f4xx_hal_dma.c ****   /* Check the DMA peripheral state */
 320:Drivers/STM32F4xx_HAL_Driver/Src/stm32f4xx_hal_dma.c ****   if(hdma->State == HAL_DMA_STATE_BUSY)
 321:Drivers/STM32F4xx_HAL_Driver/Src/stm32f4xx_hal_dma.c ****   {
 322:Drivers/STM32F4xx_HAL_Driver/Src/stm32f4xx_hal_dma.c ****     /* Return error status */
 323:Drivers/STM32F4xx_HAL_Driver/Src/stm32f4xx_hal_dma.c ****     return HAL_BUSY;
 324:Drivers/STM32F4xx_HAL_Driver/Src/stm32f4xx_hal_dma.c ****   }
 325:Drivers/STM32F4xx_HAL_Driver/Src/stm32f4xx_hal_dma.c **** 
 326:Drivers/STM32F4xx_HAL_Driver/Src/stm32f4xx_hal_dma.c ****   /* Check the parameters */
 327:Drivers/STM32F4xx_HAL_Driver/Src/stm32f4xx_hal_dma.c ****   assert_param(IS_DMA_STREAM_ALL_INSTANCE(hdma->Instance));
 328:Drivers/STM32F4xx_HAL_Driver/Src/stm32f4xx_hal_dma.c **** 
 329:Drivers/STM32F4xx_HAL_Driver/Src/stm32f4xx_hal_dma.c ****   /* Disable the selected DMA Streamx */
 330:Drivers/STM32F4xx_HAL_Driver/Src/stm32f4xx_hal_dma.c ****   __HAL_DMA_DISABLE(hdma);
 331:Drivers/STM32F4xx_HAL_Driver/Src/stm32f4xx_hal_dma.c **** 
 332:Drivers/STM32F4xx_HAL_Driver/Src/stm32f4xx_hal_dma.c ****   /* Reset DMA Streamx control register */
 333:Drivers/STM32F4xx_HAL_Driver/Src/stm32f4xx_hal_dma.c ****   hdma->Instance->CR   = 0U;
 334:Drivers/STM32F4xx_HAL_Driver/Src/stm32f4xx_hal_dma.c **** 
 335:Drivers/STM32F4xx_HAL_Driver/Src/stm32f4xx_hal_dma.c ****   /* Reset DMA Streamx number of data to transfer register */
 336:Drivers/STM32F4xx_HAL_Driver/Src/stm32f4xx_hal_dma.c ****   hdma->Instance->NDTR = 0U;
 337:Drivers/STM32F4xx_HAL_Driver/Src/stm32f4xx_hal_dma.c **** 
 338:Drivers/STM32F4xx_HAL_Driver/Src/stm32f4xx_hal_dma.c ****   /* Reset DMA Streamx peripheral address register */
 339:Drivers/STM32F4xx_HAL_Driver/Src/stm32f4xx_hal_dma.c ****   hdma->Instance->PAR  = 0U;
 340:Drivers/STM32F4xx_HAL_Driver/Src/stm32f4xx_hal_dma.c **** 
 341:Drivers/STM32F4xx_HAL_Driver/Src/stm32f4xx_hal_dma.c ****   /* Reset DMA Streamx memory 0 address register */
 342:Drivers/STM32F4xx_HAL_Driver/Src/stm32f4xx_hal_dma.c ****   hdma->Instance->M0AR = 0U;
 343:Drivers/STM32F4xx_HAL_Driver/Src/stm32f4xx_hal_dma.c ****   
 344:Drivers/STM32F4xx_HAL_Driver/Src/stm32f4xx_hal_dma.c ****   /* Reset DMA Streamx memory 1 address register */
 345:Drivers/STM32F4xx_HAL_Driver/Src/stm32f4xx_hal_dma.c ****   hdma->Instance->M1AR = 0U;
 346:Drivers/STM32F4xx_HAL_Driver/Src/stm32f4xx_hal_dma.c ****   
 347:Drivers/STM32F4xx_HAL_Driver/Src/stm32f4xx_hal_dma.c ****   /* Reset DMA Streamx FIFO control register */
 348:Drivers/STM32F4xx_HAL_Driver/Src/stm32f4xx_hal_dma.c ****   hdma->Instance->FCR  = 0x00000021U;
 349:Drivers/STM32F4xx_HAL_Driver/Src/stm32f4xx_hal_dma.c ****   
 350:Drivers/STM32F4xx_HAL_Driver/Src/stm32f4xx_hal_dma.c ****   /* Get DMA steam Base Address */  
 351:Drivers/STM32F4xx_HAL_Driver/Src/stm32f4xx_hal_dma.c ****   regs = (DMA_Base_Registers *)DMA_CalcBaseAndBitshift(hdma);
 352:Drivers/STM32F4xx_HAL_Driver/Src/stm32f4xx_hal_dma.c ****   
 353:Drivers/STM32F4xx_HAL_Driver/Src/stm32f4xx_hal_dma.c ****   /* Clean all callbacks */
 354:Drivers/STM32F4xx_HAL_Driver/Src/stm32f4xx_hal_dma.c ****   hdma->XferCpltCallback = NULL;
 355:Drivers/STM32F4xx_HAL_Driver/Src/stm32f4xx_hal_dma.c ****   hdma->XferHalfCpltCallback = NULL;
 356:Drivers/STM32F4xx_HAL_Driver/Src/stm32f4xx_hal_dma.c ****   hdma->XferM1CpltCallback = NULL;
 357:Drivers/STM32F4xx_HAL_Driver/Src/stm32f4xx_hal_dma.c ****   hdma->XferM1HalfCpltCallback = NULL;
 358:Drivers/STM32F4xx_HAL_Driver/Src/stm32f4xx_hal_dma.c ****   hdma->XferErrorCallback = NULL;
 359:Drivers/STM32F4xx_HAL_Driver/Src/stm32f4xx_hal_dma.c ****   hdma->XferAbortCallback = NULL;
 360:Drivers/STM32F4xx_HAL_Driver/Src/stm32f4xx_hal_dma.c **** 
 361:Drivers/STM32F4xx_HAL_Driver/Src/stm32f4xx_hal_dma.c ****   /* Clear all interrupt flags at correct offset within the register */
 362:Drivers/STM32F4xx_HAL_Driver/Src/stm32f4xx_hal_dma.c ****   regs->IFCR = 0x3FU << hdma->StreamIndex;
 363:Drivers/STM32F4xx_HAL_Driver/Src/stm32f4xx_hal_dma.c **** 
 364:Drivers/STM32F4xx_HAL_Driver/Src/stm32f4xx_hal_dma.c ****   /* Reset the error code */
ARM GAS  C:\Users\kaush\AppData\Local\Temp\cctTu4Fa.s 			page 11


 365:Drivers/STM32F4xx_HAL_Driver/Src/stm32f4xx_hal_dma.c ****   hdma->ErrorCode = HAL_DMA_ERROR_NONE;
 366:Drivers/STM32F4xx_HAL_Driver/Src/stm32f4xx_hal_dma.c **** 
 367:Drivers/STM32F4xx_HAL_Driver/Src/stm32f4xx_hal_dma.c ****   /* Reset the DMA state */
 368:Drivers/STM32F4xx_HAL_Driver/Src/stm32f4xx_hal_dma.c ****   hdma->State = HAL_DMA_STATE_RESET;
 369:Drivers/STM32F4xx_HAL_Driver/Src/stm32f4xx_hal_dma.c **** 
 370:Drivers/STM32F4xx_HAL_Driver/Src/stm32f4xx_hal_dma.c ****   /* Release Lock */
 371:Drivers/STM32F4xx_HAL_Driver/Src/stm32f4xx_hal_dma.c ****   __HAL_UNLOCK(hdma);
 372:Drivers/STM32F4xx_HAL_Driver/Src/stm32f4xx_hal_dma.c **** 
 373:Drivers/STM32F4xx_HAL_Driver/Src/stm32f4xx_hal_dma.c ****   return HAL_OK;
 374:Drivers/STM32F4xx_HAL_Driver/Src/stm32f4xx_hal_dma.c **** }
 375:Drivers/STM32F4xx_HAL_Driver/Src/stm32f4xx_hal_dma.c **** 
 376:Drivers/STM32F4xx_HAL_Driver/Src/stm32f4xx_hal_dma.c **** /**
 377:Drivers/STM32F4xx_HAL_Driver/Src/stm32f4xx_hal_dma.c ****   * @}
 378:Drivers/STM32F4xx_HAL_Driver/Src/stm32f4xx_hal_dma.c ****   */
 379:Drivers/STM32F4xx_HAL_Driver/Src/stm32f4xx_hal_dma.c **** 
 380:Drivers/STM32F4xx_HAL_Driver/Src/stm32f4xx_hal_dma.c **** /** @addtogroup DMA_Exported_Functions_Group2
 381:Drivers/STM32F4xx_HAL_Driver/Src/stm32f4xx_hal_dma.c ****   *
 382:Drivers/STM32F4xx_HAL_Driver/Src/stm32f4xx_hal_dma.c **** @verbatim   
 383:Drivers/STM32F4xx_HAL_Driver/Src/stm32f4xx_hal_dma.c ****  ===============================================================================
 384:Drivers/STM32F4xx_HAL_Driver/Src/stm32f4xx_hal_dma.c ****                       #####  IO operation functions  #####
 385:Drivers/STM32F4xx_HAL_Driver/Src/stm32f4xx_hal_dma.c ****  ===============================================================================
 386:Drivers/STM32F4xx_HAL_Driver/Src/stm32f4xx_hal_dma.c ****     [..]  This section provides functions allowing to:
 387:Drivers/STM32F4xx_HAL_Driver/Src/stm32f4xx_hal_dma.c ****       (+) Configure the source, destination address and data length and Start DMA transfer
 388:Drivers/STM32F4xx_HAL_Driver/Src/stm32f4xx_hal_dma.c ****       (+) Configure the source, destination address and data length and 
 389:Drivers/STM32F4xx_HAL_Driver/Src/stm32f4xx_hal_dma.c ****           Start DMA transfer with interrupt
 390:Drivers/STM32F4xx_HAL_Driver/Src/stm32f4xx_hal_dma.c ****       (+) Abort DMA transfer
 391:Drivers/STM32F4xx_HAL_Driver/Src/stm32f4xx_hal_dma.c ****       (+) Poll for transfer complete
 392:Drivers/STM32F4xx_HAL_Driver/Src/stm32f4xx_hal_dma.c ****       (+) Handle DMA interrupt request  
 393:Drivers/STM32F4xx_HAL_Driver/Src/stm32f4xx_hal_dma.c **** 
 394:Drivers/STM32F4xx_HAL_Driver/Src/stm32f4xx_hal_dma.c **** @endverbatim
 395:Drivers/STM32F4xx_HAL_Driver/Src/stm32f4xx_hal_dma.c ****   * @{
 396:Drivers/STM32F4xx_HAL_Driver/Src/stm32f4xx_hal_dma.c ****   */
 397:Drivers/STM32F4xx_HAL_Driver/Src/stm32f4xx_hal_dma.c **** 
 398:Drivers/STM32F4xx_HAL_Driver/Src/stm32f4xx_hal_dma.c **** /**
 399:Drivers/STM32F4xx_HAL_Driver/Src/stm32f4xx_hal_dma.c ****   * @brief  Starts the DMA Transfer.
 400:Drivers/STM32F4xx_HAL_Driver/Src/stm32f4xx_hal_dma.c ****   * @param  hdma       pointer to a DMA_HandleTypeDef structure that contains
 401:Drivers/STM32F4xx_HAL_Driver/Src/stm32f4xx_hal_dma.c ****   *                     the configuration information for the specified DMA Stream.
 402:Drivers/STM32F4xx_HAL_Driver/Src/stm32f4xx_hal_dma.c ****   * @param  SrcAddress The source memory Buffer address
 403:Drivers/STM32F4xx_HAL_Driver/Src/stm32f4xx_hal_dma.c ****   * @param  DstAddress The destination memory Buffer address
 404:Drivers/STM32F4xx_HAL_Driver/Src/stm32f4xx_hal_dma.c ****   * @param  DataLength The length of data to be transferred from source to destination
 405:Drivers/STM32F4xx_HAL_Driver/Src/stm32f4xx_hal_dma.c ****   * @retval HAL status
 406:Drivers/STM32F4xx_HAL_Driver/Src/stm32f4xx_hal_dma.c ****   */
 407:Drivers/STM32F4xx_HAL_Driver/Src/stm32f4xx_hal_dma.c **** HAL_StatusTypeDef HAL_DMA_Start(DMA_HandleTypeDef *hdma, uint32_t SrcAddress, uint32_t DstAddress, 
 408:Drivers/STM32F4xx_HAL_Driver/Src/stm32f4xx_hal_dma.c **** {
 409:Drivers/STM32F4xx_HAL_Driver/Src/stm32f4xx_hal_dma.c ****   HAL_StatusTypeDef status = HAL_OK;
 410:Drivers/STM32F4xx_HAL_Driver/Src/stm32f4xx_hal_dma.c ****   
 411:Drivers/STM32F4xx_HAL_Driver/Src/stm32f4xx_hal_dma.c ****   /* Check the parameters */
 412:Drivers/STM32F4xx_HAL_Driver/Src/stm32f4xx_hal_dma.c ****   assert_param(IS_DMA_BUFFER_SIZE(DataLength));
 413:Drivers/STM32F4xx_HAL_Driver/Src/stm32f4xx_hal_dma.c **** 
 414:Drivers/STM32F4xx_HAL_Driver/Src/stm32f4xx_hal_dma.c ****   /* Process locked */
 415:Drivers/STM32F4xx_HAL_Driver/Src/stm32f4xx_hal_dma.c ****   __HAL_LOCK(hdma);
 416:Drivers/STM32F4xx_HAL_Driver/Src/stm32f4xx_hal_dma.c **** 
 417:Drivers/STM32F4xx_HAL_Driver/Src/stm32f4xx_hal_dma.c ****   if(HAL_DMA_STATE_READY == hdma->State)
 418:Drivers/STM32F4xx_HAL_Driver/Src/stm32f4xx_hal_dma.c ****   {
 419:Drivers/STM32F4xx_HAL_Driver/Src/stm32f4xx_hal_dma.c ****     /* Change DMA peripheral state */
 420:Drivers/STM32F4xx_HAL_Driver/Src/stm32f4xx_hal_dma.c ****     hdma->State = HAL_DMA_STATE_BUSY;
 421:Drivers/STM32F4xx_HAL_Driver/Src/stm32f4xx_hal_dma.c ****     
ARM GAS  C:\Users\kaush\AppData\Local\Temp\cctTu4Fa.s 			page 12


 422:Drivers/STM32F4xx_HAL_Driver/Src/stm32f4xx_hal_dma.c ****     /* Initialize the error code */
 423:Drivers/STM32F4xx_HAL_Driver/Src/stm32f4xx_hal_dma.c ****     hdma->ErrorCode = HAL_DMA_ERROR_NONE;
 424:Drivers/STM32F4xx_HAL_Driver/Src/stm32f4xx_hal_dma.c ****     
 425:Drivers/STM32F4xx_HAL_Driver/Src/stm32f4xx_hal_dma.c ****     /* Configure the source, destination address and the data length */
 426:Drivers/STM32F4xx_HAL_Driver/Src/stm32f4xx_hal_dma.c ****     DMA_SetConfig(hdma, SrcAddress, DstAddress, DataLength);
 427:Drivers/STM32F4xx_HAL_Driver/Src/stm32f4xx_hal_dma.c **** 
 428:Drivers/STM32F4xx_HAL_Driver/Src/stm32f4xx_hal_dma.c ****     /* Enable the Peripheral */
 429:Drivers/STM32F4xx_HAL_Driver/Src/stm32f4xx_hal_dma.c ****     __HAL_DMA_ENABLE(hdma);
 430:Drivers/STM32F4xx_HAL_Driver/Src/stm32f4xx_hal_dma.c ****   }
 431:Drivers/STM32F4xx_HAL_Driver/Src/stm32f4xx_hal_dma.c ****   else
 432:Drivers/STM32F4xx_HAL_Driver/Src/stm32f4xx_hal_dma.c ****   {
 433:Drivers/STM32F4xx_HAL_Driver/Src/stm32f4xx_hal_dma.c ****     /* Process unlocked */
 434:Drivers/STM32F4xx_HAL_Driver/Src/stm32f4xx_hal_dma.c ****     __HAL_UNLOCK(hdma);
 435:Drivers/STM32F4xx_HAL_Driver/Src/stm32f4xx_hal_dma.c ****     
 436:Drivers/STM32F4xx_HAL_Driver/Src/stm32f4xx_hal_dma.c ****     /* Return error status */
 437:Drivers/STM32F4xx_HAL_Driver/Src/stm32f4xx_hal_dma.c ****     status = HAL_BUSY;
 438:Drivers/STM32F4xx_HAL_Driver/Src/stm32f4xx_hal_dma.c ****   } 
 439:Drivers/STM32F4xx_HAL_Driver/Src/stm32f4xx_hal_dma.c ****   return status; 
 440:Drivers/STM32F4xx_HAL_Driver/Src/stm32f4xx_hal_dma.c **** }
 441:Drivers/STM32F4xx_HAL_Driver/Src/stm32f4xx_hal_dma.c **** 
 442:Drivers/STM32F4xx_HAL_Driver/Src/stm32f4xx_hal_dma.c **** /**
 443:Drivers/STM32F4xx_HAL_Driver/Src/stm32f4xx_hal_dma.c ****   * @brief  Start the DMA Transfer with interrupt enabled.
 444:Drivers/STM32F4xx_HAL_Driver/Src/stm32f4xx_hal_dma.c ****   * @param  hdma       pointer to a DMA_HandleTypeDef structure that contains
 445:Drivers/STM32F4xx_HAL_Driver/Src/stm32f4xx_hal_dma.c ****   *                     the configuration information for the specified DMA Stream.  
 446:Drivers/STM32F4xx_HAL_Driver/Src/stm32f4xx_hal_dma.c ****   * @param  SrcAddress The source memory Buffer address
 447:Drivers/STM32F4xx_HAL_Driver/Src/stm32f4xx_hal_dma.c ****   * @param  DstAddress The destination memory Buffer address
 448:Drivers/STM32F4xx_HAL_Driver/Src/stm32f4xx_hal_dma.c ****   * @param  DataLength The length of data to be transferred from source to destination
 449:Drivers/STM32F4xx_HAL_Driver/Src/stm32f4xx_hal_dma.c ****   * @retval HAL status
 450:Drivers/STM32F4xx_HAL_Driver/Src/stm32f4xx_hal_dma.c ****   */
 451:Drivers/STM32F4xx_HAL_Driver/Src/stm32f4xx_hal_dma.c **** HAL_StatusTypeDef HAL_DMA_Start_IT(DMA_HandleTypeDef *hdma, uint32_t SrcAddress, uint32_t DstAddres
 452:Drivers/STM32F4xx_HAL_Driver/Src/stm32f4xx_hal_dma.c **** {
 453:Drivers/STM32F4xx_HAL_Driver/Src/stm32f4xx_hal_dma.c ****   HAL_StatusTypeDef status = HAL_OK;
 454:Drivers/STM32F4xx_HAL_Driver/Src/stm32f4xx_hal_dma.c **** 
 455:Drivers/STM32F4xx_HAL_Driver/Src/stm32f4xx_hal_dma.c ****   /* calculate DMA base and stream number */
 456:Drivers/STM32F4xx_HAL_Driver/Src/stm32f4xx_hal_dma.c ****   DMA_Base_Registers *regs = (DMA_Base_Registers *)hdma->StreamBaseAddress;
 457:Drivers/STM32F4xx_HAL_Driver/Src/stm32f4xx_hal_dma.c ****   
 458:Drivers/STM32F4xx_HAL_Driver/Src/stm32f4xx_hal_dma.c ****   /* Check the parameters */
 459:Drivers/STM32F4xx_HAL_Driver/Src/stm32f4xx_hal_dma.c ****   assert_param(IS_DMA_BUFFER_SIZE(DataLength));
 460:Drivers/STM32F4xx_HAL_Driver/Src/stm32f4xx_hal_dma.c ****  
 461:Drivers/STM32F4xx_HAL_Driver/Src/stm32f4xx_hal_dma.c ****   /* Process locked */
 462:Drivers/STM32F4xx_HAL_Driver/Src/stm32f4xx_hal_dma.c ****   __HAL_LOCK(hdma);
 463:Drivers/STM32F4xx_HAL_Driver/Src/stm32f4xx_hal_dma.c ****   
 464:Drivers/STM32F4xx_HAL_Driver/Src/stm32f4xx_hal_dma.c ****   if(HAL_DMA_STATE_READY == hdma->State)
 465:Drivers/STM32F4xx_HAL_Driver/Src/stm32f4xx_hal_dma.c ****   {
 466:Drivers/STM32F4xx_HAL_Driver/Src/stm32f4xx_hal_dma.c ****     /* Change DMA peripheral state */
 467:Drivers/STM32F4xx_HAL_Driver/Src/stm32f4xx_hal_dma.c ****     hdma->State = HAL_DMA_STATE_BUSY;
 468:Drivers/STM32F4xx_HAL_Driver/Src/stm32f4xx_hal_dma.c ****     
 469:Drivers/STM32F4xx_HAL_Driver/Src/stm32f4xx_hal_dma.c ****     /* Initialize the error code */
 470:Drivers/STM32F4xx_HAL_Driver/Src/stm32f4xx_hal_dma.c ****     hdma->ErrorCode = HAL_DMA_ERROR_NONE;
 471:Drivers/STM32F4xx_HAL_Driver/Src/stm32f4xx_hal_dma.c ****     
 472:Drivers/STM32F4xx_HAL_Driver/Src/stm32f4xx_hal_dma.c ****     /* Configure the source, destination address and the data length */
 473:Drivers/STM32F4xx_HAL_Driver/Src/stm32f4xx_hal_dma.c ****     DMA_SetConfig(hdma, SrcAddress, DstAddress, DataLength);
 474:Drivers/STM32F4xx_HAL_Driver/Src/stm32f4xx_hal_dma.c ****     
 475:Drivers/STM32F4xx_HAL_Driver/Src/stm32f4xx_hal_dma.c ****     /* Clear all interrupt flags at correct offset within the register */
 476:Drivers/STM32F4xx_HAL_Driver/Src/stm32f4xx_hal_dma.c ****     regs->IFCR = 0x3FU << hdma->StreamIndex;
 477:Drivers/STM32F4xx_HAL_Driver/Src/stm32f4xx_hal_dma.c ****     
 478:Drivers/STM32F4xx_HAL_Driver/Src/stm32f4xx_hal_dma.c ****     /* Enable Common interrupts*/
ARM GAS  C:\Users\kaush\AppData\Local\Temp\cctTu4Fa.s 			page 13


 479:Drivers/STM32F4xx_HAL_Driver/Src/stm32f4xx_hal_dma.c ****     hdma->Instance->CR  |= DMA_IT_TC | DMA_IT_TE | DMA_IT_DME;
 480:Drivers/STM32F4xx_HAL_Driver/Src/stm32f4xx_hal_dma.c ****     
 481:Drivers/STM32F4xx_HAL_Driver/Src/stm32f4xx_hal_dma.c ****     if(hdma->XferHalfCpltCallback != NULL)
 482:Drivers/STM32F4xx_HAL_Driver/Src/stm32f4xx_hal_dma.c ****     {
 483:Drivers/STM32F4xx_HAL_Driver/Src/stm32f4xx_hal_dma.c ****       hdma->Instance->CR  |= DMA_IT_HT;
 484:Drivers/STM32F4xx_HAL_Driver/Src/stm32f4xx_hal_dma.c ****     }
 485:Drivers/STM32F4xx_HAL_Driver/Src/stm32f4xx_hal_dma.c ****     
 486:Drivers/STM32F4xx_HAL_Driver/Src/stm32f4xx_hal_dma.c ****     /* Enable the Peripheral */
 487:Drivers/STM32F4xx_HAL_Driver/Src/stm32f4xx_hal_dma.c ****     __HAL_DMA_ENABLE(hdma);
 488:Drivers/STM32F4xx_HAL_Driver/Src/stm32f4xx_hal_dma.c ****   }
 489:Drivers/STM32F4xx_HAL_Driver/Src/stm32f4xx_hal_dma.c ****   else
 490:Drivers/STM32F4xx_HAL_Driver/Src/stm32f4xx_hal_dma.c ****   {
 491:Drivers/STM32F4xx_HAL_Driver/Src/stm32f4xx_hal_dma.c ****     /* Process unlocked */
 492:Drivers/STM32F4xx_HAL_Driver/Src/stm32f4xx_hal_dma.c ****     __HAL_UNLOCK(hdma);	  
 493:Drivers/STM32F4xx_HAL_Driver/Src/stm32f4xx_hal_dma.c ****     
 494:Drivers/STM32F4xx_HAL_Driver/Src/stm32f4xx_hal_dma.c ****     /* Return error status */
 495:Drivers/STM32F4xx_HAL_Driver/Src/stm32f4xx_hal_dma.c ****     status = HAL_BUSY;
 496:Drivers/STM32F4xx_HAL_Driver/Src/stm32f4xx_hal_dma.c ****   }
 497:Drivers/STM32F4xx_HAL_Driver/Src/stm32f4xx_hal_dma.c ****   
 498:Drivers/STM32F4xx_HAL_Driver/Src/stm32f4xx_hal_dma.c ****   return status;
 499:Drivers/STM32F4xx_HAL_Driver/Src/stm32f4xx_hal_dma.c **** }
 500:Drivers/STM32F4xx_HAL_Driver/Src/stm32f4xx_hal_dma.c **** 
 501:Drivers/STM32F4xx_HAL_Driver/Src/stm32f4xx_hal_dma.c **** /**
 502:Drivers/STM32F4xx_HAL_Driver/Src/stm32f4xx_hal_dma.c ****   * @brief  Aborts the DMA Transfer.
 503:Drivers/STM32F4xx_HAL_Driver/Src/stm32f4xx_hal_dma.c ****   * @param  hdma   pointer to a DMA_HandleTypeDef structure that contains
 504:Drivers/STM32F4xx_HAL_Driver/Src/stm32f4xx_hal_dma.c ****   *                 the configuration information for the specified DMA Stream.
 505:Drivers/STM32F4xx_HAL_Driver/Src/stm32f4xx_hal_dma.c ****   *                   
 506:Drivers/STM32F4xx_HAL_Driver/Src/stm32f4xx_hal_dma.c ****   * @note  After disabling a DMA Stream, a check for wait until the DMA Stream is 
 507:Drivers/STM32F4xx_HAL_Driver/Src/stm32f4xx_hal_dma.c ****   *        effectively disabled is added. If a Stream is disabled 
 508:Drivers/STM32F4xx_HAL_Driver/Src/stm32f4xx_hal_dma.c ****   *        while a data transfer is ongoing, the current data will be transferred
 509:Drivers/STM32F4xx_HAL_Driver/Src/stm32f4xx_hal_dma.c ****   *        and the Stream will be effectively disabled only after the transfer of
 510:Drivers/STM32F4xx_HAL_Driver/Src/stm32f4xx_hal_dma.c ****   *        this single data is finished.  
 511:Drivers/STM32F4xx_HAL_Driver/Src/stm32f4xx_hal_dma.c ****   * @retval HAL status
 512:Drivers/STM32F4xx_HAL_Driver/Src/stm32f4xx_hal_dma.c ****   */
 513:Drivers/STM32F4xx_HAL_Driver/Src/stm32f4xx_hal_dma.c **** HAL_StatusTypeDef HAL_DMA_Abort(DMA_HandleTypeDef *hdma)
 514:Drivers/STM32F4xx_HAL_Driver/Src/stm32f4xx_hal_dma.c **** {
 515:Drivers/STM32F4xx_HAL_Driver/Src/stm32f4xx_hal_dma.c ****   /* calculate DMA base and stream number */
 516:Drivers/STM32F4xx_HAL_Driver/Src/stm32f4xx_hal_dma.c ****   DMA_Base_Registers *regs = (DMA_Base_Registers *)hdma->StreamBaseAddress;
 517:Drivers/STM32F4xx_HAL_Driver/Src/stm32f4xx_hal_dma.c ****   
 518:Drivers/STM32F4xx_HAL_Driver/Src/stm32f4xx_hal_dma.c ****   uint32_t tickstart = HAL_GetTick();
 519:Drivers/STM32F4xx_HAL_Driver/Src/stm32f4xx_hal_dma.c ****   
 520:Drivers/STM32F4xx_HAL_Driver/Src/stm32f4xx_hal_dma.c ****   if(hdma->State != HAL_DMA_STATE_BUSY)
 521:Drivers/STM32F4xx_HAL_Driver/Src/stm32f4xx_hal_dma.c ****   {
 522:Drivers/STM32F4xx_HAL_Driver/Src/stm32f4xx_hal_dma.c ****     hdma->ErrorCode = HAL_DMA_ERROR_NO_XFER;
 523:Drivers/STM32F4xx_HAL_Driver/Src/stm32f4xx_hal_dma.c ****     
 524:Drivers/STM32F4xx_HAL_Driver/Src/stm32f4xx_hal_dma.c ****     /* Process Unlocked */
 525:Drivers/STM32F4xx_HAL_Driver/Src/stm32f4xx_hal_dma.c ****     __HAL_UNLOCK(hdma);
 526:Drivers/STM32F4xx_HAL_Driver/Src/stm32f4xx_hal_dma.c ****     
 527:Drivers/STM32F4xx_HAL_Driver/Src/stm32f4xx_hal_dma.c ****     return HAL_ERROR;
 528:Drivers/STM32F4xx_HAL_Driver/Src/stm32f4xx_hal_dma.c ****   }
 529:Drivers/STM32F4xx_HAL_Driver/Src/stm32f4xx_hal_dma.c ****   else
 530:Drivers/STM32F4xx_HAL_Driver/Src/stm32f4xx_hal_dma.c ****   {
 531:Drivers/STM32F4xx_HAL_Driver/Src/stm32f4xx_hal_dma.c ****     /* Disable all the transfer interrupts */
 532:Drivers/STM32F4xx_HAL_Driver/Src/stm32f4xx_hal_dma.c ****     hdma->Instance->CR  &= ~(DMA_IT_TC | DMA_IT_TE | DMA_IT_DME);
 533:Drivers/STM32F4xx_HAL_Driver/Src/stm32f4xx_hal_dma.c ****     hdma->Instance->FCR &= ~(DMA_IT_FE);
 534:Drivers/STM32F4xx_HAL_Driver/Src/stm32f4xx_hal_dma.c ****     
 535:Drivers/STM32F4xx_HAL_Driver/Src/stm32f4xx_hal_dma.c ****     if((hdma->XferHalfCpltCallback != NULL) || (hdma->XferM1HalfCpltCallback != NULL))
ARM GAS  C:\Users\kaush\AppData\Local\Temp\cctTu4Fa.s 			page 14


 536:Drivers/STM32F4xx_HAL_Driver/Src/stm32f4xx_hal_dma.c ****     {
 537:Drivers/STM32F4xx_HAL_Driver/Src/stm32f4xx_hal_dma.c ****       hdma->Instance->CR  &= ~(DMA_IT_HT);
 538:Drivers/STM32F4xx_HAL_Driver/Src/stm32f4xx_hal_dma.c ****     }
 539:Drivers/STM32F4xx_HAL_Driver/Src/stm32f4xx_hal_dma.c ****     
 540:Drivers/STM32F4xx_HAL_Driver/Src/stm32f4xx_hal_dma.c ****     /* Disable the stream */
 541:Drivers/STM32F4xx_HAL_Driver/Src/stm32f4xx_hal_dma.c ****     __HAL_DMA_DISABLE(hdma);
 542:Drivers/STM32F4xx_HAL_Driver/Src/stm32f4xx_hal_dma.c ****     
 543:Drivers/STM32F4xx_HAL_Driver/Src/stm32f4xx_hal_dma.c ****     /* Check if the DMA Stream is effectively disabled */
 544:Drivers/STM32F4xx_HAL_Driver/Src/stm32f4xx_hal_dma.c ****     while((hdma->Instance->CR & DMA_SxCR_EN) != RESET)
 545:Drivers/STM32F4xx_HAL_Driver/Src/stm32f4xx_hal_dma.c ****     {
 546:Drivers/STM32F4xx_HAL_Driver/Src/stm32f4xx_hal_dma.c ****       /* Check for the Timeout */
 547:Drivers/STM32F4xx_HAL_Driver/Src/stm32f4xx_hal_dma.c ****       if((HAL_GetTick() - tickstart ) > HAL_TIMEOUT_DMA_ABORT)
 548:Drivers/STM32F4xx_HAL_Driver/Src/stm32f4xx_hal_dma.c ****       {
 549:Drivers/STM32F4xx_HAL_Driver/Src/stm32f4xx_hal_dma.c ****         /* Update error code */
 550:Drivers/STM32F4xx_HAL_Driver/Src/stm32f4xx_hal_dma.c ****         hdma->ErrorCode = HAL_DMA_ERROR_TIMEOUT;
 551:Drivers/STM32F4xx_HAL_Driver/Src/stm32f4xx_hal_dma.c ****         
 552:Drivers/STM32F4xx_HAL_Driver/Src/stm32f4xx_hal_dma.c ****         /* Change the DMA state */
 553:Drivers/STM32F4xx_HAL_Driver/Src/stm32f4xx_hal_dma.c ****         hdma->State = HAL_DMA_STATE_TIMEOUT;
 554:Drivers/STM32F4xx_HAL_Driver/Src/stm32f4xx_hal_dma.c ****         
 555:Drivers/STM32F4xx_HAL_Driver/Src/stm32f4xx_hal_dma.c ****         /* Process Unlocked */
 556:Drivers/STM32F4xx_HAL_Driver/Src/stm32f4xx_hal_dma.c ****         __HAL_UNLOCK(hdma);
 557:Drivers/STM32F4xx_HAL_Driver/Src/stm32f4xx_hal_dma.c ****         
 558:Drivers/STM32F4xx_HAL_Driver/Src/stm32f4xx_hal_dma.c ****         return HAL_TIMEOUT;
 559:Drivers/STM32F4xx_HAL_Driver/Src/stm32f4xx_hal_dma.c ****       }
 560:Drivers/STM32F4xx_HAL_Driver/Src/stm32f4xx_hal_dma.c ****     }
 561:Drivers/STM32F4xx_HAL_Driver/Src/stm32f4xx_hal_dma.c ****     
 562:Drivers/STM32F4xx_HAL_Driver/Src/stm32f4xx_hal_dma.c ****     /* Clear all interrupt flags at correct offset within the register */
 563:Drivers/STM32F4xx_HAL_Driver/Src/stm32f4xx_hal_dma.c ****     regs->IFCR = 0x3FU << hdma->StreamIndex;
 564:Drivers/STM32F4xx_HAL_Driver/Src/stm32f4xx_hal_dma.c ****     
 565:Drivers/STM32F4xx_HAL_Driver/Src/stm32f4xx_hal_dma.c ****     /* Change the DMA state*/
 566:Drivers/STM32F4xx_HAL_Driver/Src/stm32f4xx_hal_dma.c ****     hdma->State = HAL_DMA_STATE_READY;
 567:Drivers/STM32F4xx_HAL_Driver/Src/stm32f4xx_hal_dma.c ****     
 568:Drivers/STM32F4xx_HAL_Driver/Src/stm32f4xx_hal_dma.c ****     /* Process Unlocked */
 569:Drivers/STM32F4xx_HAL_Driver/Src/stm32f4xx_hal_dma.c ****     __HAL_UNLOCK(hdma);
 570:Drivers/STM32F4xx_HAL_Driver/Src/stm32f4xx_hal_dma.c ****   }
 571:Drivers/STM32F4xx_HAL_Driver/Src/stm32f4xx_hal_dma.c ****   return HAL_OK;
 572:Drivers/STM32F4xx_HAL_Driver/Src/stm32f4xx_hal_dma.c **** }
 573:Drivers/STM32F4xx_HAL_Driver/Src/stm32f4xx_hal_dma.c **** 
 574:Drivers/STM32F4xx_HAL_Driver/Src/stm32f4xx_hal_dma.c **** /**
 575:Drivers/STM32F4xx_HAL_Driver/Src/stm32f4xx_hal_dma.c ****   * @brief  Aborts the DMA Transfer in Interrupt mode.
 576:Drivers/STM32F4xx_HAL_Driver/Src/stm32f4xx_hal_dma.c ****   * @param  hdma   pointer to a DMA_HandleTypeDef structure that contains
 577:Drivers/STM32F4xx_HAL_Driver/Src/stm32f4xx_hal_dma.c ****   *                 the configuration information for the specified DMA Stream.
 578:Drivers/STM32F4xx_HAL_Driver/Src/stm32f4xx_hal_dma.c ****   * @retval HAL status
 579:Drivers/STM32F4xx_HAL_Driver/Src/stm32f4xx_hal_dma.c ****   */
 580:Drivers/STM32F4xx_HAL_Driver/Src/stm32f4xx_hal_dma.c **** HAL_StatusTypeDef HAL_DMA_Abort_IT(DMA_HandleTypeDef *hdma)
 581:Drivers/STM32F4xx_HAL_Driver/Src/stm32f4xx_hal_dma.c **** {
 582:Drivers/STM32F4xx_HAL_Driver/Src/stm32f4xx_hal_dma.c ****   if(hdma->State != HAL_DMA_STATE_BUSY)
 583:Drivers/STM32F4xx_HAL_Driver/Src/stm32f4xx_hal_dma.c ****   {
 584:Drivers/STM32F4xx_HAL_Driver/Src/stm32f4xx_hal_dma.c ****     hdma->ErrorCode = HAL_DMA_ERROR_NO_XFER;
 585:Drivers/STM32F4xx_HAL_Driver/Src/stm32f4xx_hal_dma.c ****     return HAL_ERROR;
 586:Drivers/STM32F4xx_HAL_Driver/Src/stm32f4xx_hal_dma.c ****   }
 587:Drivers/STM32F4xx_HAL_Driver/Src/stm32f4xx_hal_dma.c ****   else
 588:Drivers/STM32F4xx_HAL_Driver/Src/stm32f4xx_hal_dma.c ****   {
 589:Drivers/STM32F4xx_HAL_Driver/Src/stm32f4xx_hal_dma.c ****     /* Set Abort State  */
 590:Drivers/STM32F4xx_HAL_Driver/Src/stm32f4xx_hal_dma.c ****     hdma->State = HAL_DMA_STATE_ABORT;
 591:Drivers/STM32F4xx_HAL_Driver/Src/stm32f4xx_hal_dma.c ****     
 592:Drivers/STM32F4xx_HAL_Driver/Src/stm32f4xx_hal_dma.c ****     /* Disable the stream */
ARM GAS  C:\Users\kaush\AppData\Local\Temp\cctTu4Fa.s 			page 15


 593:Drivers/STM32F4xx_HAL_Driver/Src/stm32f4xx_hal_dma.c ****     __HAL_DMA_DISABLE(hdma);
 594:Drivers/STM32F4xx_HAL_Driver/Src/stm32f4xx_hal_dma.c ****   }
 595:Drivers/STM32F4xx_HAL_Driver/Src/stm32f4xx_hal_dma.c **** 
 596:Drivers/STM32F4xx_HAL_Driver/Src/stm32f4xx_hal_dma.c ****   return HAL_OK;
 597:Drivers/STM32F4xx_HAL_Driver/Src/stm32f4xx_hal_dma.c **** }
 598:Drivers/STM32F4xx_HAL_Driver/Src/stm32f4xx_hal_dma.c **** 
 599:Drivers/STM32F4xx_HAL_Driver/Src/stm32f4xx_hal_dma.c **** /**
 600:Drivers/STM32F4xx_HAL_Driver/Src/stm32f4xx_hal_dma.c ****   * @brief  Polling for transfer complete.
 601:Drivers/STM32F4xx_HAL_Driver/Src/stm32f4xx_hal_dma.c ****   * @param  hdma          pointer to a DMA_HandleTypeDef structure that contains
 602:Drivers/STM32F4xx_HAL_Driver/Src/stm32f4xx_hal_dma.c ****   *                        the configuration information for the specified DMA Stream.
 603:Drivers/STM32F4xx_HAL_Driver/Src/stm32f4xx_hal_dma.c ****   * @param  CompleteLevel Specifies the DMA level complete.
 604:Drivers/STM32F4xx_HAL_Driver/Src/stm32f4xx_hal_dma.c ****   * @note   The polling mode is kept in this version for legacy. it is recommended to use the IT mo
 605:Drivers/STM32F4xx_HAL_Driver/Src/stm32f4xx_hal_dma.c ****   *         This model could be used for debug purpose.
 606:Drivers/STM32F4xx_HAL_Driver/Src/stm32f4xx_hal_dma.c ****   * @note   The HAL_DMA_PollForTransfer API cannot be used in circular and double buffering mode (a
 607:Drivers/STM32F4xx_HAL_Driver/Src/stm32f4xx_hal_dma.c ****   * @param  Timeout       Timeout duration.
 608:Drivers/STM32F4xx_HAL_Driver/Src/stm32f4xx_hal_dma.c ****   * @retval HAL status
 609:Drivers/STM32F4xx_HAL_Driver/Src/stm32f4xx_hal_dma.c ****   */
 610:Drivers/STM32F4xx_HAL_Driver/Src/stm32f4xx_hal_dma.c **** HAL_StatusTypeDef HAL_DMA_PollForTransfer(DMA_HandleTypeDef *hdma, HAL_DMA_LevelCompleteTypeDef Com
 611:Drivers/STM32F4xx_HAL_Driver/Src/stm32f4xx_hal_dma.c **** {
 612:Drivers/STM32F4xx_HAL_Driver/Src/stm32f4xx_hal_dma.c ****   HAL_StatusTypeDef status = HAL_OK; 
 613:Drivers/STM32F4xx_HAL_Driver/Src/stm32f4xx_hal_dma.c ****   uint32_t mask_cpltlevel;
 614:Drivers/STM32F4xx_HAL_Driver/Src/stm32f4xx_hal_dma.c ****   uint32_t tickstart = HAL_GetTick(); 
 615:Drivers/STM32F4xx_HAL_Driver/Src/stm32f4xx_hal_dma.c ****   uint32_t tmpisr;
 616:Drivers/STM32F4xx_HAL_Driver/Src/stm32f4xx_hal_dma.c ****   
 617:Drivers/STM32F4xx_HAL_Driver/Src/stm32f4xx_hal_dma.c ****   /* calculate DMA base and stream number */
 618:Drivers/STM32F4xx_HAL_Driver/Src/stm32f4xx_hal_dma.c ****   DMA_Base_Registers *regs;
 619:Drivers/STM32F4xx_HAL_Driver/Src/stm32f4xx_hal_dma.c **** 
 620:Drivers/STM32F4xx_HAL_Driver/Src/stm32f4xx_hal_dma.c ****   if(HAL_DMA_STATE_BUSY != hdma->State)
 621:Drivers/STM32F4xx_HAL_Driver/Src/stm32f4xx_hal_dma.c ****   {
 622:Drivers/STM32F4xx_HAL_Driver/Src/stm32f4xx_hal_dma.c ****     /* No transfer ongoing */
 623:Drivers/STM32F4xx_HAL_Driver/Src/stm32f4xx_hal_dma.c ****     hdma->ErrorCode = HAL_DMA_ERROR_NO_XFER;
 624:Drivers/STM32F4xx_HAL_Driver/Src/stm32f4xx_hal_dma.c ****     __HAL_UNLOCK(hdma);
 625:Drivers/STM32F4xx_HAL_Driver/Src/stm32f4xx_hal_dma.c ****     return HAL_ERROR;
 626:Drivers/STM32F4xx_HAL_Driver/Src/stm32f4xx_hal_dma.c ****   }
 627:Drivers/STM32F4xx_HAL_Driver/Src/stm32f4xx_hal_dma.c **** 
 628:Drivers/STM32F4xx_HAL_Driver/Src/stm32f4xx_hal_dma.c ****   /* Polling mode not supported in circular mode and double buffering mode */
 629:Drivers/STM32F4xx_HAL_Driver/Src/stm32f4xx_hal_dma.c ****   if ((hdma->Instance->CR & DMA_SxCR_CIRC) != RESET)
 630:Drivers/STM32F4xx_HAL_Driver/Src/stm32f4xx_hal_dma.c ****   {
 631:Drivers/STM32F4xx_HAL_Driver/Src/stm32f4xx_hal_dma.c ****     hdma->ErrorCode = HAL_DMA_ERROR_NOT_SUPPORTED;
 632:Drivers/STM32F4xx_HAL_Driver/Src/stm32f4xx_hal_dma.c ****     return HAL_ERROR;
 633:Drivers/STM32F4xx_HAL_Driver/Src/stm32f4xx_hal_dma.c ****   }
 634:Drivers/STM32F4xx_HAL_Driver/Src/stm32f4xx_hal_dma.c ****   
 635:Drivers/STM32F4xx_HAL_Driver/Src/stm32f4xx_hal_dma.c ****   /* Get the level transfer complete flag */
 636:Drivers/STM32F4xx_HAL_Driver/Src/stm32f4xx_hal_dma.c ****   if(CompleteLevel == HAL_DMA_FULL_TRANSFER)
 637:Drivers/STM32F4xx_HAL_Driver/Src/stm32f4xx_hal_dma.c ****   {
 638:Drivers/STM32F4xx_HAL_Driver/Src/stm32f4xx_hal_dma.c ****     /* Transfer Complete flag */
 639:Drivers/STM32F4xx_HAL_Driver/Src/stm32f4xx_hal_dma.c ****     mask_cpltlevel = DMA_FLAG_TCIF0_4 << hdma->StreamIndex;
 640:Drivers/STM32F4xx_HAL_Driver/Src/stm32f4xx_hal_dma.c ****   }
 641:Drivers/STM32F4xx_HAL_Driver/Src/stm32f4xx_hal_dma.c ****   else
 642:Drivers/STM32F4xx_HAL_Driver/Src/stm32f4xx_hal_dma.c ****   {
 643:Drivers/STM32F4xx_HAL_Driver/Src/stm32f4xx_hal_dma.c ****     /* Half Transfer Complete flag */
 644:Drivers/STM32F4xx_HAL_Driver/Src/stm32f4xx_hal_dma.c ****     mask_cpltlevel = DMA_FLAG_HTIF0_4 << hdma->StreamIndex;
 645:Drivers/STM32F4xx_HAL_Driver/Src/stm32f4xx_hal_dma.c ****   }
 646:Drivers/STM32F4xx_HAL_Driver/Src/stm32f4xx_hal_dma.c ****   
 647:Drivers/STM32F4xx_HAL_Driver/Src/stm32f4xx_hal_dma.c ****   regs = (DMA_Base_Registers *)hdma->StreamBaseAddress;
 648:Drivers/STM32F4xx_HAL_Driver/Src/stm32f4xx_hal_dma.c ****   tmpisr = regs->ISR;
 649:Drivers/STM32F4xx_HAL_Driver/Src/stm32f4xx_hal_dma.c ****   
ARM GAS  C:\Users\kaush\AppData\Local\Temp\cctTu4Fa.s 			page 16


 650:Drivers/STM32F4xx_HAL_Driver/Src/stm32f4xx_hal_dma.c ****   while(((tmpisr & mask_cpltlevel) == RESET) && ((hdma->ErrorCode & HAL_DMA_ERROR_TE) == RESET))
 651:Drivers/STM32F4xx_HAL_Driver/Src/stm32f4xx_hal_dma.c ****   {
 652:Drivers/STM32F4xx_HAL_Driver/Src/stm32f4xx_hal_dma.c ****     /* Check for the Timeout (Not applicable in circular mode)*/
 653:Drivers/STM32F4xx_HAL_Driver/Src/stm32f4xx_hal_dma.c ****     if(Timeout != HAL_MAX_DELAY)
 654:Drivers/STM32F4xx_HAL_Driver/Src/stm32f4xx_hal_dma.c ****     {
 655:Drivers/STM32F4xx_HAL_Driver/Src/stm32f4xx_hal_dma.c ****       if((Timeout == 0U)||((HAL_GetTick() - tickstart ) > Timeout))
 656:Drivers/STM32F4xx_HAL_Driver/Src/stm32f4xx_hal_dma.c ****       {
 657:Drivers/STM32F4xx_HAL_Driver/Src/stm32f4xx_hal_dma.c ****         /* Update error code */
 658:Drivers/STM32F4xx_HAL_Driver/Src/stm32f4xx_hal_dma.c ****         hdma->ErrorCode = HAL_DMA_ERROR_TIMEOUT;
 659:Drivers/STM32F4xx_HAL_Driver/Src/stm32f4xx_hal_dma.c ****         
 660:Drivers/STM32F4xx_HAL_Driver/Src/stm32f4xx_hal_dma.c ****         /* Change the DMA state */
 661:Drivers/STM32F4xx_HAL_Driver/Src/stm32f4xx_hal_dma.c ****         hdma->State = HAL_DMA_STATE_READY;
 662:Drivers/STM32F4xx_HAL_Driver/Src/stm32f4xx_hal_dma.c ****         
 663:Drivers/STM32F4xx_HAL_Driver/Src/stm32f4xx_hal_dma.c ****         /* Process Unlocked */
 664:Drivers/STM32F4xx_HAL_Driver/Src/stm32f4xx_hal_dma.c ****         __HAL_UNLOCK(hdma);
 665:Drivers/STM32F4xx_HAL_Driver/Src/stm32f4xx_hal_dma.c ****         
 666:Drivers/STM32F4xx_HAL_Driver/Src/stm32f4xx_hal_dma.c ****         return HAL_TIMEOUT;
 667:Drivers/STM32F4xx_HAL_Driver/Src/stm32f4xx_hal_dma.c ****       }
 668:Drivers/STM32F4xx_HAL_Driver/Src/stm32f4xx_hal_dma.c ****     }
 669:Drivers/STM32F4xx_HAL_Driver/Src/stm32f4xx_hal_dma.c **** 
 670:Drivers/STM32F4xx_HAL_Driver/Src/stm32f4xx_hal_dma.c ****     /* Get the ISR register value */
 671:Drivers/STM32F4xx_HAL_Driver/Src/stm32f4xx_hal_dma.c ****     tmpisr = regs->ISR;
 672:Drivers/STM32F4xx_HAL_Driver/Src/stm32f4xx_hal_dma.c **** 
 673:Drivers/STM32F4xx_HAL_Driver/Src/stm32f4xx_hal_dma.c ****     if((tmpisr & (DMA_FLAG_TEIF0_4 << hdma->StreamIndex)) != RESET)
 674:Drivers/STM32F4xx_HAL_Driver/Src/stm32f4xx_hal_dma.c ****     {
 675:Drivers/STM32F4xx_HAL_Driver/Src/stm32f4xx_hal_dma.c ****       /* Update error code */
 676:Drivers/STM32F4xx_HAL_Driver/Src/stm32f4xx_hal_dma.c ****       hdma->ErrorCode |= HAL_DMA_ERROR_TE;
 677:Drivers/STM32F4xx_HAL_Driver/Src/stm32f4xx_hal_dma.c ****       
 678:Drivers/STM32F4xx_HAL_Driver/Src/stm32f4xx_hal_dma.c ****       /* Clear the transfer error flag */
 679:Drivers/STM32F4xx_HAL_Driver/Src/stm32f4xx_hal_dma.c ****       regs->IFCR = DMA_FLAG_TEIF0_4 << hdma->StreamIndex;
 680:Drivers/STM32F4xx_HAL_Driver/Src/stm32f4xx_hal_dma.c ****     }
 681:Drivers/STM32F4xx_HAL_Driver/Src/stm32f4xx_hal_dma.c ****     
 682:Drivers/STM32F4xx_HAL_Driver/Src/stm32f4xx_hal_dma.c ****     if((tmpisr & (DMA_FLAG_FEIF0_4 << hdma->StreamIndex)) != RESET)
 683:Drivers/STM32F4xx_HAL_Driver/Src/stm32f4xx_hal_dma.c ****     {
 684:Drivers/STM32F4xx_HAL_Driver/Src/stm32f4xx_hal_dma.c ****       /* Update error code */
 685:Drivers/STM32F4xx_HAL_Driver/Src/stm32f4xx_hal_dma.c ****       hdma->ErrorCode |= HAL_DMA_ERROR_FE;
 686:Drivers/STM32F4xx_HAL_Driver/Src/stm32f4xx_hal_dma.c ****       
 687:Drivers/STM32F4xx_HAL_Driver/Src/stm32f4xx_hal_dma.c ****       /* Clear the FIFO error flag */
 688:Drivers/STM32F4xx_HAL_Driver/Src/stm32f4xx_hal_dma.c ****       regs->IFCR = DMA_FLAG_FEIF0_4 << hdma->StreamIndex;
 689:Drivers/STM32F4xx_HAL_Driver/Src/stm32f4xx_hal_dma.c ****     }
 690:Drivers/STM32F4xx_HAL_Driver/Src/stm32f4xx_hal_dma.c ****     
 691:Drivers/STM32F4xx_HAL_Driver/Src/stm32f4xx_hal_dma.c ****     if((tmpisr & (DMA_FLAG_DMEIF0_4 << hdma->StreamIndex)) != RESET)
 692:Drivers/STM32F4xx_HAL_Driver/Src/stm32f4xx_hal_dma.c ****     {
 693:Drivers/STM32F4xx_HAL_Driver/Src/stm32f4xx_hal_dma.c ****       /* Update error code */
 694:Drivers/STM32F4xx_HAL_Driver/Src/stm32f4xx_hal_dma.c ****       hdma->ErrorCode |= HAL_DMA_ERROR_DME;
 695:Drivers/STM32F4xx_HAL_Driver/Src/stm32f4xx_hal_dma.c ****       
 696:Drivers/STM32F4xx_HAL_Driver/Src/stm32f4xx_hal_dma.c ****       /* Clear the Direct Mode error flag */
 697:Drivers/STM32F4xx_HAL_Driver/Src/stm32f4xx_hal_dma.c ****       regs->IFCR = DMA_FLAG_DMEIF0_4 << hdma->StreamIndex;
 698:Drivers/STM32F4xx_HAL_Driver/Src/stm32f4xx_hal_dma.c ****     }
 699:Drivers/STM32F4xx_HAL_Driver/Src/stm32f4xx_hal_dma.c ****   }
 700:Drivers/STM32F4xx_HAL_Driver/Src/stm32f4xx_hal_dma.c ****   
 701:Drivers/STM32F4xx_HAL_Driver/Src/stm32f4xx_hal_dma.c ****   if(hdma->ErrorCode != HAL_DMA_ERROR_NONE)
 702:Drivers/STM32F4xx_HAL_Driver/Src/stm32f4xx_hal_dma.c ****   {
 703:Drivers/STM32F4xx_HAL_Driver/Src/stm32f4xx_hal_dma.c ****     if((hdma->ErrorCode & HAL_DMA_ERROR_TE) != RESET)
 704:Drivers/STM32F4xx_HAL_Driver/Src/stm32f4xx_hal_dma.c ****     {
 705:Drivers/STM32F4xx_HAL_Driver/Src/stm32f4xx_hal_dma.c ****       HAL_DMA_Abort(hdma);
 706:Drivers/STM32F4xx_HAL_Driver/Src/stm32f4xx_hal_dma.c ****     
ARM GAS  C:\Users\kaush\AppData\Local\Temp\cctTu4Fa.s 			page 17


 707:Drivers/STM32F4xx_HAL_Driver/Src/stm32f4xx_hal_dma.c ****       /* Clear the half transfer and transfer complete flags */
 708:Drivers/STM32F4xx_HAL_Driver/Src/stm32f4xx_hal_dma.c ****       regs->IFCR = (DMA_FLAG_HTIF0_4 | DMA_FLAG_TCIF0_4) << hdma->StreamIndex;
 709:Drivers/STM32F4xx_HAL_Driver/Src/stm32f4xx_hal_dma.c ****     
 710:Drivers/STM32F4xx_HAL_Driver/Src/stm32f4xx_hal_dma.c ****       /* Change the DMA state */
 711:Drivers/STM32F4xx_HAL_Driver/Src/stm32f4xx_hal_dma.c ****       hdma->State= HAL_DMA_STATE_READY;
 712:Drivers/STM32F4xx_HAL_Driver/Src/stm32f4xx_hal_dma.c **** 
 713:Drivers/STM32F4xx_HAL_Driver/Src/stm32f4xx_hal_dma.c ****       /* Process Unlocked */
 714:Drivers/STM32F4xx_HAL_Driver/Src/stm32f4xx_hal_dma.c ****       __HAL_UNLOCK(hdma);
 715:Drivers/STM32F4xx_HAL_Driver/Src/stm32f4xx_hal_dma.c **** 
 716:Drivers/STM32F4xx_HAL_Driver/Src/stm32f4xx_hal_dma.c ****       return HAL_ERROR;
 717:Drivers/STM32F4xx_HAL_Driver/Src/stm32f4xx_hal_dma.c ****    }
 718:Drivers/STM32F4xx_HAL_Driver/Src/stm32f4xx_hal_dma.c ****   }
 719:Drivers/STM32F4xx_HAL_Driver/Src/stm32f4xx_hal_dma.c ****   
 720:Drivers/STM32F4xx_HAL_Driver/Src/stm32f4xx_hal_dma.c ****   /* Get the level transfer complete flag */
 721:Drivers/STM32F4xx_HAL_Driver/Src/stm32f4xx_hal_dma.c ****   if(CompleteLevel == HAL_DMA_FULL_TRANSFER)
 722:Drivers/STM32F4xx_HAL_Driver/Src/stm32f4xx_hal_dma.c ****   {
 723:Drivers/STM32F4xx_HAL_Driver/Src/stm32f4xx_hal_dma.c ****     /* Clear the half transfer and transfer complete flags */
 724:Drivers/STM32F4xx_HAL_Driver/Src/stm32f4xx_hal_dma.c ****     regs->IFCR = (DMA_FLAG_HTIF0_4 | DMA_FLAG_TCIF0_4) << hdma->StreamIndex;
 725:Drivers/STM32F4xx_HAL_Driver/Src/stm32f4xx_hal_dma.c ****     
 726:Drivers/STM32F4xx_HAL_Driver/Src/stm32f4xx_hal_dma.c ****     hdma->State = HAL_DMA_STATE_READY;
 727:Drivers/STM32F4xx_HAL_Driver/Src/stm32f4xx_hal_dma.c ****     
 728:Drivers/STM32F4xx_HAL_Driver/Src/stm32f4xx_hal_dma.c ****     /* Process Unlocked */
 729:Drivers/STM32F4xx_HAL_Driver/Src/stm32f4xx_hal_dma.c ****     __HAL_UNLOCK(hdma);
 730:Drivers/STM32F4xx_HAL_Driver/Src/stm32f4xx_hal_dma.c ****   }
 731:Drivers/STM32F4xx_HAL_Driver/Src/stm32f4xx_hal_dma.c ****   else
 732:Drivers/STM32F4xx_HAL_Driver/Src/stm32f4xx_hal_dma.c ****   {
 733:Drivers/STM32F4xx_HAL_Driver/Src/stm32f4xx_hal_dma.c ****     /* Clear the half transfer and transfer complete flags */
 734:Drivers/STM32F4xx_HAL_Driver/Src/stm32f4xx_hal_dma.c ****     regs->IFCR = (DMA_FLAG_HTIF0_4) << hdma->StreamIndex;
 735:Drivers/STM32F4xx_HAL_Driver/Src/stm32f4xx_hal_dma.c ****   }
 736:Drivers/STM32F4xx_HAL_Driver/Src/stm32f4xx_hal_dma.c ****   
 737:Drivers/STM32F4xx_HAL_Driver/Src/stm32f4xx_hal_dma.c ****   return status;
 738:Drivers/STM32F4xx_HAL_Driver/Src/stm32f4xx_hal_dma.c **** }
 739:Drivers/STM32F4xx_HAL_Driver/Src/stm32f4xx_hal_dma.c **** 
 740:Drivers/STM32F4xx_HAL_Driver/Src/stm32f4xx_hal_dma.c **** /**
 741:Drivers/STM32F4xx_HAL_Driver/Src/stm32f4xx_hal_dma.c ****   * @brief  Handles DMA interrupt request.
 742:Drivers/STM32F4xx_HAL_Driver/Src/stm32f4xx_hal_dma.c ****   * @param  hdma pointer to a DMA_HandleTypeDef structure that contains
 743:Drivers/STM32F4xx_HAL_Driver/Src/stm32f4xx_hal_dma.c ****   *               the configuration information for the specified DMA Stream.  
 744:Drivers/STM32F4xx_HAL_Driver/Src/stm32f4xx_hal_dma.c ****   * @retval None
 745:Drivers/STM32F4xx_HAL_Driver/Src/stm32f4xx_hal_dma.c ****   */
 746:Drivers/STM32F4xx_HAL_Driver/Src/stm32f4xx_hal_dma.c **** void HAL_DMA_IRQHandler(DMA_HandleTypeDef *hdma)
 747:Drivers/STM32F4xx_HAL_Driver/Src/stm32f4xx_hal_dma.c **** {
 748:Drivers/STM32F4xx_HAL_Driver/Src/stm32f4xx_hal_dma.c ****   uint32_t tmpisr;
 749:Drivers/STM32F4xx_HAL_Driver/Src/stm32f4xx_hal_dma.c ****   __IO uint32_t count = 0U;
 750:Drivers/STM32F4xx_HAL_Driver/Src/stm32f4xx_hal_dma.c ****   uint32_t timeout = SystemCoreClock / 9600U;
 751:Drivers/STM32F4xx_HAL_Driver/Src/stm32f4xx_hal_dma.c **** 
 752:Drivers/STM32F4xx_HAL_Driver/Src/stm32f4xx_hal_dma.c ****   /* calculate DMA base and stream number */
 753:Drivers/STM32F4xx_HAL_Driver/Src/stm32f4xx_hal_dma.c ****   DMA_Base_Registers *regs = (DMA_Base_Registers *)hdma->StreamBaseAddress;
 754:Drivers/STM32F4xx_HAL_Driver/Src/stm32f4xx_hal_dma.c **** 
 755:Drivers/STM32F4xx_HAL_Driver/Src/stm32f4xx_hal_dma.c ****   tmpisr = regs->ISR;
 756:Drivers/STM32F4xx_HAL_Driver/Src/stm32f4xx_hal_dma.c **** 
 757:Drivers/STM32F4xx_HAL_Driver/Src/stm32f4xx_hal_dma.c ****   /* Transfer Error Interrupt management ***************************************/
 758:Drivers/STM32F4xx_HAL_Driver/Src/stm32f4xx_hal_dma.c ****   if ((tmpisr & (DMA_FLAG_TEIF0_4 << hdma->StreamIndex)) != RESET)
 759:Drivers/STM32F4xx_HAL_Driver/Src/stm32f4xx_hal_dma.c ****   {
 760:Drivers/STM32F4xx_HAL_Driver/Src/stm32f4xx_hal_dma.c ****     if(__HAL_DMA_GET_IT_SOURCE(hdma, DMA_IT_TE) != RESET)
 761:Drivers/STM32F4xx_HAL_Driver/Src/stm32f4xx_hal_dma.c ****     {
 762:Drivers/STM32F4xx_HAL_Driver/Src/stm32f4xx_hal_dma.c ****       /* Disable the transfer error interrupt */
 763:Drivers/STM32F4xx_HAL_Driver/Src/stm32f4xx_hal_dma.c ****       hdma->Instance->CR  &= ~(DMA_IT_TE);
ARM GAS  C:\Users\kaush\AppData\Local\Temp\cctTu4Fa.s 			page 18


 764:Drivers/STM32F4xx_HAL_Driver/Src/stm32f4xx_hal_dma.c ****       
 765:Drivers/STM32F4xx_HAL_Driver/Src/stm32f4xx_hal_dma.c ****       /* Clear the transfer error flag */
 766:Drivers/STM32F4xx_HAL_Driver/Src/stm32f4xx_hal_dma.c ****       regs->IFCR = DMA_FLAG_TEIF0_4 << hdma->StreamIndex;
 767:Drivers/STM32F4xx_HAL_Driver/Src/stm32f4xx_hal_dma.c ****       
 768:Drivers/STM32F4xx_HAL_Driver/Src/stm32f4xx_hal_dma.c ****       /* Update error code */
 769:Drivers/STM32F4xx_HAL_Driver/Src/stm32f4xx_hal_dma.c ****       hdma->ErrorCode |= HAL_DMA_ERROR_TE;
 770:Drivers/STM32F4xx_HAL_Driver/Src/stm32f4xx_hal_dma.c ****     }
 771:Drivers/STM32F4xx_HAL_Driver/Src/stm32f4xx_hal_dma.c ****   }
 772:Drivers/STM32F4xx_HAL_Driver/Src/stm32f4xx_hal_dma.c ****   /* FIFO Error Interrupt management ******************************************/
 773:Drivers/STM32F4xx_HAL_Driver/Src/stm32f4xx_hal_dma.c ****   if ((tmpisr & (DMA_FLAG_FEIF0_4 << hdma->StreamIndex)) != RESET)
 774:Drivers/STM32F4xx_HAL_Driver/Src/stm32f4xx_hal_dma.c ****   {
 775:Drivers/STM32F4xx_HAL_Driver/Src/stm32f4xx_hal_dma.c ****     if(__HAL_DMA_GET_IT_SOURCE(hdma, DMA_IT_FE) != RESET)
 776:Drivers/STM32F4xx_HAL_Driver/Src/stm32f4xx_hal_dma.c ****     {
 777:Drivers/STM32F4xx_HAL_Driver/Src/stm32f4xx_hal_dma.c ****       /* Clear the FIFO error flag */
 778:Drivers/STM32F4xx_HAL_Driver/Src/stm32f4xx_hal_dma.c ****       regs->IFCR = DMA_FLAG_FEIF0_4 << hdma->StreamIndex;
 779:Drivers/STM32F4xx_HAL_Driver/Src/stm32f4xx_hal_dma.c **** 
 780:Drivers/STM32F4xx_HAL_Driver/Src/stm32f4xx_hal_dma.c ****       /* Update error code */
 781:Drivers/STM32F4xx_HAL_Driver/Src/stm32f4xx_hal_dma.c ****       hdma->ErrorCode |= HAL_DMA_ERROR_FE;
 782:Drivers/STM32F4xx_HAL_Driver/Src/stm32f4xx_hal_dma.c ****     }
 783:Drivers/STM32F4xx_HAL_Driver/Src/stm32f4xx_hal_dma.c ****   }
 784:Drivers/STM32F4xx_HAL_Driver/Src/stm32f4xx_hal_dma.c ****   /* Direct Mode Error Interrupt management ***********************************/
 785:Drivers/STM32F4xx_HAL_Driver/Src/stm32f4xx_hal_dma.c ****   if ((tmpisr & (DMA_FLAG_DMEIF0_4 << hdma->StreamIndex)) != RESET)
 786:Drivers/STM32F4xx_HAL_Driver/Src/stm32f4xx_hal_dma.c ****   {
 787:Drivers/STM32F4xx_HAL_Driver/Src/stm32f4xx_hal_dma.c ****     if(__HAL_DMA_GET_IT_SOURCE(hdma, DMA_IT_DME) != RESET)
 788:Drivers/STM32F4xx_HAL_Driver/Src/stm32f4xx_hal_dma.c ****     {
 789:Drivers/STM32F4xx_HAL_Driver/Src/stm32f4xx_hal_dma.c ****       /* Clear the direct mode error flag */
 790:Drivers/STM32F4xx_HAL_Driver/Src/stm32f4xx_hal_dma.c ****       regs->IFCR = DMA_FLAG_DMEIF0_4 << hdma->StreamIndex;
 791:Drivers/STM32F4xx_HAL_Driver/Src/stm32f4xx_hal_dma.c **** 
 792:Drivers/STM32F4xx_HAL_Driver/Src/stm32f4xx_hal_dma.c ****       /* Update error code */
 793:Drivers/STM32F4xx_HAL_Driver/Src/stm32f4xx_hal_dma.c ****       hdma->ErrorCode |= HAL_DMA_ERROR_DME;
 794:Drivers/STM32F4xx_HAL_Driver/Src/stm32f4xx_hal_dma.c ****     }
 795:Drivers/STM32F4xx_HAL_Driver/Src/stm32f4xx_hal_dma.c ****   }
 796:Drivers/STM32F4xx_HAL_Driver/Src/stm32f4xx_hal_dma.c ****   /* Half Transfer Complete Interrupt management ******************************/
 797:Drivers/STM32F4xx_HAL_Driver/Src/stm32f4xx_hal_dma.c ****   if ((tmpisr & (DMA_FLAG_HTIF0_4 << hdma->StreamIndex)) != RESET)
 798:Drivers/STM32F4xx_HAL_Driver/Src/stm32f4xx_hal_dma.c ****   {
 799:Drivers/STM32F4xx_HAL_Driver/Src/stm32f4xx_hal_dma.c ****     if(__HAL_DMA_GET_IT_SOURCE(hdma, DMA_IT_HT) != RESET)
 800:Drivers/STM32F4xx_HAL_Driver/Src/stm32f4xx_hal_dma.c ****     {
 801:Drivers/STM32F4xx_HAL_Driver/Src/stm32f4xx_hal_dma.c ****       /* Clear the half transfer complete flag */
 802:Drivers/STM32F4xx_HAL_Driver/Src/stm32f4xx_hal_dma.c ****       regs->IFCR = DMA_FLAG_HTIF0_4 << hdma->StreamIndex;
 803:Drivers/STM32F4xx_HAL_Driver/Src/stm32f4xx_hal_dma.c ****       
 804:Drivers/STM32F4xx_HAL_Driver/Src/stm32f4xx_hal_dma.c ****       /* Multi_Buffering mode enabled */
 805:Drivers/STM32F4xx_HAL_Driver/Src/stm32f4xx_hal_dma.c ****       if(((hdma->Instance->CR) & (uint32_t)(DMA_SxCR_DBM)) != RESET)
 806:Drivers/STM32F4xx_HAL_Driver/Src/stm32f4xx_hal_dma.c ****       {
 807:Drivers/STM32F4xx_HAL_Driver/Src/stm32f4xx_hal_dma.c ****         /* Current memory buffer used is Memory 0 */
 808:Drivers/STM32F4xx_HAL_Driver/Src/stm32f4xx_hal_dma.c ****         if((hdma->Instance->CR & DMA_SxCR_CT) == RESET)
 809:Drivers/STM32F4xx_HAL_Driver/Src/stm32f4xx_hal_dma.c ****         {
 810:Drivers/STM32F4xx_HAL_Driver/Src/stm32f4xx_hal_dma.c ****           if(hdma->XferHalfCpltCallback != NULL)
 811:Drivers/STM32F4xx_HAL_Driver/Src/stm32f4xx_hal_dma.c ****           {
 812:Drivers/STM32F4xx_HAL_Driver/Src/stm32f4xx_hal_dma.c ****             /* Half transfer callback */
 813:Drivers/STM32F4xx_HAL_Driver/Src/stm32f4xx_hal_dma.c ****             hdma->XferHalfCpltCallback(hdma);
 814:Drivers/STM32F4xx_HAL_Driver/Src/stm32f4xx_hal_dma.c ****           }
 815:Drivers/STM32F4xx_HAL_Driver/Src/stm32f4xx_hal_dma.c ****         }
 816:Drivers/STM32F4xx_HAL_Driver/Src/stm32f4xx_hal_dma.c ****         /* Current memory buffer used is Memory 1 */
 817:Drivers/STM32F4xx_HAL_Driver/Src/stm32f4xx_hal_dma.c ****         else
 818:Drivers/STM32F4xx_HAL_Driver/Src/stm32f4xx_hal_dma.c ****         {
 819:Drivers/STM32F4xx_HAL_Driver/Src/stm32f4xx_hal_dma.c ****           if(hdma->XferM1HalfCpltCallback != NULL)
 820:Drivers/STM32F4xx_HAL_Driver/Src/stm32f4xx_hal_dma.c ****           {
ARM GAS  C:\Users\kaush\AppData\Local\Temp\cctTu4Fa.s 			page 19


 821:Drivers/STM32F4xx_HAL_Driver/Src/stm32f4xx_hal_dma.c ****             /* Half transfer callback */
 822:Drivers/STM32F4xx_HAL_Driver/Src/stm32f4xx_hal_dma.c ****             hdma->XferM1HalfCpltCallback(hdma);
 823:Drivers/STM32F4xx_HAL_Driver/Src/stm32f4xx_hal_dma.c ****           }
 824:Drivers/STM32F4xx_HAL_Driver/Src/stm32f4xx_hal_dma.c ****         }
 825:Drivers/STM32F4xx_HAL_Driver/Src/stm32f4xx_hal_dma.c ****       }
 826:Drivers/STM32F4xx_HAL_Driver/Src/stm32f4xx_hal_dma.c ****       else
 827:Drivers/STM32F4xx_HAL_Driver/Src/stm32f4xx_hal_dma.c ****       {
 828:Drivers/STM32F4xx_HAL_Driver/Src/stm32f4xx_hal_dma.c ****         /* Disable the half transfer interrupt if the DMA mode is not CIRCULAR */
 829:Drivers/STM32F4xx_HAL_Driver/Src/stm32f4xx_hal_dma.c ****         if((hdma->Instance->CR & DMA_SxCR_CIRC) == RESET)
 830:Drivers/STM32F4xx_HAL_Driver/Src/stm32f4xx_hal_dma.c ****         {
 831:Drivers/STM32F4xx_HAL_Driver/Src/stm32f4xx_hal_dma.c ****           /* Disable the half transfer interrupt */
 832:Drivers/STM32F4xx_HAL_Driver/Src/stm32f4xx_hal_dma.c ****           hdma->Instance->CR  &= ~(DMA_IT_HT);
 833:Drivers/STM32F4xx_HAL_Driver/Src/stm32f4xx_hal_dma.c ****         }
 834:Drivers/STM32F4xx_HAL_Driver/Src/stm32f4xx_hal_dma.c ****         
 835:Drivers/STM32F4xx_HAL_Driver/Src/stm32f4xx_hal_dma.c ****         if(hdma->XferHalfCpltCallback != NULL)
 836:Drivers/STM32F4xx_HAL_Driver/Src/stm32f4xx_hal_dma.c ****         {
 837:Drivers/STM32F4xx_HAL_Driver/Src/stm32f4xx_hal_dma.c ****           /* Half transfer callback */
 838:Drivers/STM32F4xx_HAL_Driver/Src/stm32f4xx_hal_dma.c ****           hdma->XferHalfCpltCallback(hdma);
 839:Drivers/STM32F4xx_HAL_Driver/Src/stm32f4xx_hal_dma.c ****         }
 840:Drivers/STM32F4xx_HAL_Driver/Src/stm32f4xx_hal_dma.c ****       }
 841:Drivers/STM32F4xx_HAL_Driver/Src/stm32f4xx_hal_dma.c ****     }
 842:Drivers/STM32F4xx_HAL_Driver/Src/stm32f4xx_hal_dma.c ****   }
 843:Drivers/STM32F4xx_HAL_Driver/Src/stm32f4xx_hal_dma.c ****   /* Transfer Complete Interrupt management ***********************************/
 844:Drivers/STM32F4xx_HAL_Driver/Src/stm32f4xx_hal_dma.c ****   if ((tmpisr & (DMA_FLAG_TCIF0_4 << hdma->StreamIndex)) != RESET)
 845:Drivers/STM32F4xx_HAL_Driver/Src/stm32f4xx_hal_dma.c ****   {
 846:Drivers/STM32F4xx_HAL_Driver/Src/stm32f4xx_hal_dma.c ****     if(__HAL_DMA_GET_IT_SOURCE(hdma, DMA_IT_TC) != RESET)
 847:Drivers/STM32F4xx_HAL_Driver/Src/stm32f4xx_hal_dma.c ****     {
 848:Drivers/STM32F4xx_HAL_Driver/Src/stm32f4xx_hal_dma.c ****       /* Clear the transfer complete flag */
 849:Drivers/STM32F4xx_HAL_Driver/Src/stm32f4xx_hal_dma.c ****       regs->IFCR = DMA_FLAG_TCIF0_4 << hdma->StreamIndex;
 850:Drivers/STM32F4xx_HAL_Driver/Src/stm32f4xx_hal_dma.c ****       
 851:Drivers/STM32F4xx_HAL_Driver/Src/stm32f4xx_hal_dma.c ****       if(HAL_DMA_STATE_ABORT == hdma->State)
 852:Drivers/STM32F4xx_HAL_Driver/Src/stm32f4xx_hal_dma.c ****       {
 853:Drivers/STM32F4xx_HAL_Driver/Src/stm32f4xx_hal_dma.c ****         /* Disable all the transfer interrupts */
 854:Drivers/STM32F4xx_HAL_Driver/Src/stm32f4xx_hal_dma.c ****         hdma->Instance->CR  &= ~(DMA_IT_TC | DMA_IT_TE | DMA_IT_DME);
 855:Drivers/STM32F4xx_HAL_Driver/Src/stm32f4xx_hal_dma.c ****         hdma->Instance->FCR &= ~(DMA_IT_FE);
 856:Drivers/STM32F4xx_HAL_Driver/Src/stm32f4xx_hal_dma.c ****         
 857:Drivers/STM32F4xx_HAL_Driver/Src/stm32f4xx_hal_dma.c ****         if((hdma->XferHalfCpltCallback != NULL) || (hdma->XferM1HalfCpltCallback != NULL))
 858:Drivers/STM32F4xx_HAL_Driver/Src/stm32f4xx_hal_dma.c ****         {
 859:Drivers/STM32F4xx_HAL_Driver/Src/stm32f4xx_hal_dma.c ****           hdma->Instance->CR  &= ~(DMA_IT_HT);
 860:Drivers/STM32F4xx_HAL_Driver/Src/stm32f4xx_hal_dma.c ****         }
 861:Drivers/STM32F4xx_HAL_Driver/Src/stm32f4xx_hal_dma.c **** 
 862:Drivers/STM32F4xx_HAL_Driver/Src/stm32f4xx_hal_dma.c ****         /* Clear all interrupt flags at correct offset within the register */
 863:Drivers/STM32F4xx_HAL_Driver/Src/stm32f4xx_hal_dma.c ****         regs->IFCR = 0x3FU << hdma->StreamIndex;
 864:Drivers/STM32F4xx_HAL_Driver/Src/stm32f4xx_hal_dma.c **** 
 865:Drivers/STM32F4xx_HAL_Driver/Src/stm32f4xx_hal_dma.c ****         /* Change the DMA state */
 866:Drivers/STM32F4xx_HAL_Driver/Src/stm32f4xx_hal_dma.c ****         hdma->State = HAL_DMA_STATE_READY;
 867:Drivers/STM32F4xx_HAL_Driver/Src/stm32f4xx_hal_dma.c **** 
 868:Drivers/STM32F4xx_HAL_Driver/Src/stm32f4xx_hal_dma.c ****         /* Process Unlocked */
 869:Drivers/STM32F4xx_HAL_Driver/Src/stm32f4xx_hal_dma.c ****         __HAL_UNLOCK(hdma);
 870:Drivers/STM32F4xx_HAL_Driver/Src/stm32f4xx_hal_dma.c **** 
 871:Drivers/STM32F4xx_HAL_Driver/Src/stm32f4xx_hal_dma.c ****         if(hdma->XferAbortCallback != NULL)
 872:Drivers/STM32F4xx_HAL_Driver/Src/stm32f4xx_hal_dma.c ****         {
 873:Drivers/STM32F4xx_HAL_Driver/Src/stm32f4xx_hal_dma.c ****           hdma->XferAbortCallback(hdma);
 874:Drivers/STM32F4xx_HAL_Driver/Src/stm32f4xx_hal_dma.c ****         }
 875:Drivers/STM32F4xx_HAL_Driver/Src/stm32f4xx_hal_dma.c ****         return;
 876:Drivers/STM32F4xx_HAL_Driver/Src/stm32f4xx_hal_dma.c ****       }
 877:Drivers/STM32F4xx_HAL_Driver/Src/stm32f4xx_hal_dma.c **** 
ARM GAS  C:\Users\kaush\AppData\Local\Temp\cctTu4Fa.s 			page 20


 878:Drivers/STM32F4xx_HAL_Driver/Src/stm32f4xx_hal_dma.c ****       if(((hdma->Instance->CR) & (uint32_t)(DMA_SxCR_DBM)) != RESET)
 879:Drivers/STM32F4xx_HAL_Driver/Src/stm32f4xx_hal_dma.c ****       {
 880:Drivers/STM32F4xx_HAL_Driver/Src/stm32f4xx_hal_dma.c ****         /* Current memory buffer used is Memory 0 */
 881:Drivers/STM32F4xx_HAL_Driver/Src/stm32f4xx_hal_dma.c ****         if((hdma->Instance->CR & DMA_SxCR_CT) == RESET)
 882:Drivers/STM32F4xx_HAL_Driver/Src/stm32f4xx_hal_dma.c ****         {
 883:Drivers/STM32F4xx_HAL_Driver/Src/stm32f4xx_hal_dma.c ****           if(hdma->XferM1CpltCallback != NULL)
 884:Drivers/STM32F4xx_HAL_Driver/Src/stm32f4xx_hal_dma.c ****           {
 885:Drivers/STM32F4xx_HAL_Driver/Src/stm32f4xx_hal_dma.c ****             /* Transfer complete Callback for memory1 */
 886:Drivers/STM32F4xx_HAL_Driver/Src/stm32f4xx_hal_dma.c ****             hdma->XferM1CpltCallback(hdma);
 887:Drivers/STM32F4xx_HAL_Driver/Src/stm32f4xx_hal_dma.c ****           }
 888:Drivers/STM32F4xx_HAL_Driver/Src/stm32f4xx_hal_dma.c ****         }
 889:Drivers/STM32F4xx_HAL_Driver/Src/stm32f4xx_hal_dma.c ****         /* Current memory buffer used is Memory 1 */
 890:Drivers/STM32F4xx_HAL_Driver/Src/stm32f4xx_hal_dma.c ****         else
 891:Drivers/STM32F4xx_HAL_Driver/Src/stm32f4xx_hal_dma.c ****         {
 892:Drivers/STM32F4xx_HAL_Driver/Src/stm32f4xx_hal_dma.c ****           if(hdma->XferCpltCallback != NULL)
 893:Drivers/STM32F4xx_HAL_Driver/Src/stm32f4xx_hal_dma.c ****           {
 894:Drivers/STM32F4xx_HAL_Driver/Src/stm32f4xx_hal_dma.c ****             /* Transfer complete Callback for memory0 */
 895:Drivers/STM32F4xx_HAL_Driver/Src/stm32f4xx_hal_dma.c ****             hdma->XferCpltCallback(hdma);
 896:Drivers/STM32F4xx_HAL_Driver/Src/stm32f4xx_hal_dma.c ****           }
 897:Drivers/STM32F4xx_HAL_Driver/Src/stm32f4xx_hal_dma.c ****         }
 898:Drivers/STM32F4xx_HAL_Driver/Src/stm32f4xx_hal_dma.c ****       }
 899:Drivers/STM32F4xx_HAL_Driver/Src/stm32f4xx_hal_dma.c ****       /* Disable the transfer complete interrupt if the DMA mode is not CIRCULAR */
 900:Drivers/STM32F4xx_HAL_Driver/Src/stm32f4xx_hal_dma.c ****       else
 901:Drivers/STM32F4xx_HAL_Driver/Src/stm32f4xx_hal_dma.c ****       {
 902:Drivers/STM32F4xx_HAL_Driver/Src/stm32f4xx_hal_dma.c ****         if((hdma->Instance->CR & DMA_SxCR_CIRC) == RESET)
 903:Drivers/STM32F4xx_HAL_Driver/Src/stm32f4xx_hal_dma.c ****         {
 904:Drivers/STM32F4xx_HAL_Driver/Src/stm32f4xx_hal_dma.c ****           /* Disable the transfer complete interrupt */
 905:Drivers/STM32F4xx_HAL_Driver/Src/stm32f4xx_hal_dma.c ****           hdma->Instance->CR  &= ~(DMA_IT_TC);
 906:Drivers/STM32F4xx_HAL_Driver/Src/stm32f4xx_hal_dma.c **** 
 907:Drivers/STM32F4xx_HAL_Driver/Src/stm32f4xx_hal_dma.c ****           /* Change the DMA state */
 908:Drivers/STM32F4xx_HAL_Driver/Src/stm32f4xx_hal_dma.c ****           hdma->State = HAL_DMA_STATE_READY;
 909:Drivers/STM32F4xx_HAL_Driver/Src/stm32f4xx_hal_dma.c **** 
 910:Drivers/STM32F4xx_HAL_Driver/Src/stm32f4xx_hal_dma.c ****           /* Process Unlocked */
 911:Drivers/STM32F4xx_HAL_Driver/Src/stm32f4xx_hal_dma.c ****           __HAL_UNLOCK(hdma);
 912:Drivers/STM32F4xx_HAL_Driver/Src/stm32f4xx_hal_dma.c ****         }
 913:Drivers/STM32F4xx_HAL_Driver/Src/stm32f4xx_hal_dma.c **** 
 914:Drivers/STM32F4xx_HAL_Driver/Src/stm32f4xx_hal_dma.c ****         if(hdma->XferCpltCallback != NULL)
 915:Drivers/STM32F4xx_HAL_Driver/Src/stm32f4xx_hal_dma.c ****         {
 916:Drivers/STM32F4xx_HAL_Driver/Src/stm32f4xx_hal_dma.c ****           /* Transfer complete callback */
 917:Drivers/STM32F4xx_HAL_Driver/Src/stm32f4xx_hal_dma.c ****           hdma->XferCpltCallback(hdma);
 918:Drivers/STM32F4xx_HAL_Driver/Src/stm32f4xx_hal_dma.c ****         }
 919:Drivers/STM32F4xx_HAL_Driver/Src/stm32f4xx_hal_dma.c ****       }
 920:Drivers/STM32F4xx_HAL_Driver/Src/stm32f4xx_hal_dma.c ****     }
 921:Drivers/STM32F4xx_HAL_Driver/Src/stm32f4xx_hal_dma.c ****   }
 922:Drivers/STM32F4xx_HAL_Driver/Src/stm32f4xx_hal_dma.c ****   
 923:Drivers/STM32F4xx_HAL_Driver/Src/stm32f4xx_hal_dma.c ****   /* manage error case */
 924:Drivers/STM32F4xx_HAL_Driver/Src/stm32f4xx_hal_dma.c ****   if(hdma->ErrorCode != HAL_DMA_ERROR_NONE)
 925:Drivers/STM32F4xx_HAL_Driver/Src/stm32f4xx_hal_dma.c ****   {
 926:Drivers/STM32F4xx_HAL_Driver/Src/stm32f4xx_hal_dma.c ****     if((hdma->ErrorCode & HAL_DMA_ERROR_TE) != RESET)
 927:Drivers/STM32F4xx_HAL_Driver/Src/stm32f4xx_hal_dma.c ****     {
 928:Drivers/STM32F4xx_HAL_Driver/Src/stm32f4xx_hal_dma.c ****       hdma->State = HAL_DMA_STATE_ABORT;
 929:Drivers/STM32F4xx_HAL_Driver/Src/stm32f4xx_hal_dma.c **** 
 930:Drivers/STM32F4xx_HAL_Driver/Src/stm32f4xx_hal_dma.c ****       /* Disable the stream */
 931:Drivers/STM32F4xx_HAL_Driver/Src/stm32f4xx_hal_dma.c ****       __HAL_DMA_DISABLE(hdma);
 932:Drivers/STM32F4xx_HAL_Driver/Src/stm32f4xx_hal_dma.c **** 
 933:Drivers/STM32F4xx_HAL_Driver/Src/stm32f4xx_hal_dma.c ****       do
 934:Drivers/STM32F4xx_HAL_Driver/Src/stm32f4xx_hal_dma.c ****       {
ARM GAS  C:\Users\kaush\AppData\Local\Temp\cctTu4Fa.s 			page 21


 935:Drivers/STM32F4xx_HAL_Driver/Src/stm32f4xx_hal_dma.c ****         if (++count > timeout)
 936:Drivers/STM32F4xx_HAL_Driver/Src/stm32f4xx_hal_dma.c ****         {
 937:Drivers/STM32F4xx_HAL_Driver/Src/stm32f4xx_hal_dma.c ****           break;
 938:Drivers/STM32F4xx_HAL_Driver/Src/stm32f4xx_hal_dma.c ****         }
 939:Drivers/STM32F4xx_HAL_Driver/Src/stm32f4xx_hal_dma.c ****       }
 940:Drivers/STM32F4xx_HAL_Driver/Src/stm32f4xx_hal_dma.c ****       while((hdma->Instance->CR & DMA_SxCR_EN) != RESET);
 941:Drivers/STM32F4xx_HAL_Driver/Src/stm32f4xx_hal_dma.c **** 
 942:Drivers/STM32F4xx_HAL_Driver/Src/stm32f4xx_hal_dma.c ****       /* Change the DMA state */
 943:Drivers/STM32F4xx_HAL_Driver/Src/stm32f4xx_hal_dma.c ****       hdma->State = HAL_DMA_STATE_READY;
 944:Drivers/STM32F4xx_HAL_Driver/Src/stm32f4xx_hal_dma.c **** 
 945:Drivers/STM32F4xx_HAL_Driver/Src/stm32f4xx_hal_dma.c ****       /* Process Unlocked */
 946:Drivers/STM32F4xx_HAL_Driver/Src/stm32f4xx_hal_dma.c ****       __HAL_UNLOCK(hdma);
 947:Drivers/STM32F4xx_HAL_Driver/Src/stm32f4xx_hal_dma.c ****     }
 948:Drivers/STM32F4xx_HAL_Driver/Src/stm32f4xx_hal_dma.c **** 
 949:Drivers/STM32F4xx_HAL_Driver/Src/stm32f4xx_hal_dma.c ****     if(hdma->XferErrorCallback != NULL)
 950:Drivers/STM32F4xx_HAL_Driver/Src/stm32f4xx_hal_dma.c ****     {
 951:Drivers/STM32F4xx_HAL_Driver/Src/stm32f4xx_hal_dma.c ****       /* Transfer error callback */
 952:Drivers/STM32F4xx_HAL_Driver/Src/stm32f4xx_hal_dma.c ****       hdma->XferErrorCallback(hdma);
 953:Drivers/STM32F4xx_HAL_Driver/Src/stm32f4xx_hal_dma.c ****     }
 954:Drivers/STM32F4xx_HAL_Driver/Src/stm32f4xx_hal_dma.c ****   }
 955:Drivers/STM32F4xx_HAL_Driver/Src/stm32f4xx_hal_dma.c **** }
 956:Drivers/STM32F4xx_HAL_Driver/Src/stm32f4xx_hal_dma.c **** 
 957:Drivers/STM32F4xx_HAL_Driver/Src/stm32f4xx_hal_dma.c **** /**
 958:Drivers/STM32F4xx_HAL_Driver/Src/stm32f4xx_hal_dma.c ****   * @brief  Register callbacks
 959:Drivers/STM32F4xx_HAL_Driver/Src/stm32f4xx_hal_dma.c ****   * @param  hdma                 pointer to a DMA_HandleTypeDef structure that contains
 960:Drivers/STM32F4xx_HAL_Driver/Src/stm32f4xx_hal_dma.c ****   *                               the configuration information for the specified DMA Stream.
 961:Drivers/STM32F4xx_HAL_Driver/Src/stm32f4xx_hal_dma.c ****   * @param  CallbackID           User Callback identifier
 962:Drivers/STM32F4xx_HAL_Driver/Src/stm32f4xx_hal_dma.c ****   *                               a DMA_HandleTypeDef structure as parameter.
 963:Drivers/STM32F4xx_HAL_Driver/Src/stm32f4xx_hal_dma.c ****   * @param  pCallback            pointer to private callback function which has pointer to 
 964:Drivers/STM32F4xx_HAL_Driver/Src/stm32f4xx_hal_dma.c ****   *                               a DMA_HandleTypeDef structure as parameter.
 965:Drivers/STM32F4xx_HAL_Driver/Src/stm32f4xx_hal_dma.c ****   * @retval HAL status
 966:Drivers/STM32F4xx_HAL_Driver/Src/stm32f4xx_hal_dma.c ****   */                      
 967:Drivers/STM32F4xx_HAL_Driver/Src/stm32f4xx_hal_dma.c **** HAL_StatusTypeDef HAL_DMA_RegisterCallback(DMA_HandleTypeDef *hdma, HAL_DMA_CallbackIDTypeDef Callb
 968:Drivers/STM32F4xx_HAL_Driver/Src/stm32f4xx_hal_dma.c **** {
 969:Drivers/STM32F4xx_HAL_Driver/Src/stm32f4xx_hal_dma.c **** 
 970:Drivers/STM32F4xx_HAL_Driver/Src/stm32f4xx_hal_dma.c ****   HAL_StatusTypeDef status = HAL_OK;
 971:Drivers/STM32F4xx_HAL_Driver/Src/stm32f4xx_hal_dma.c **** 
 972:Drivers/STM32F4xx_HAL_Driver/Src/stm32f4xx_hal_dma.c ****   /* Process locked */
 973:Drivers/STM32F4xx_HAL_Driver/Src/stm32f4xx_hal_dma.c ****   __HAL_LOCK(hdma);
 974:Drivers/STM32F4xx_HAL_Driver/Src/stm32f4xx_hal_dma.c **** 
 975:Drivers/STM32F4xx_HAL_Driver/Src/stm32f4xx_hal_dma.c ****   if(HAL_DMA_STATE_READY == hdma->State)
 976:Drivers/STM32F4xx_HAL_Driver/Src/stm32f4xx_hal_dma.c ****   {
 977:Drivers/STM32F4xx_HAL_Driver/Src/stm32f4xx_hal_dma.c ****     switch (CallbackID)
 978:Drivers/STM32F4xx_HAL_Driver/Src/stm32f4xx_hal_dma.c ****     {
 979:Drivers/STM32F4xx_HAL_Driver/Src/stm32f4xx_hal_dma.c ****     case  HAL_DMA_XFER_CPLT_CB_ID:
 980:Drivers/STM32F4xx_HAL_Driver/Src/stm32f4xx_hal_dma.c ****       hdma->XferCpltCallback = pCallback;
 981:Drivers/STM32F4xx_HAL_Driver/Src/stm32f4xx_hal_dma.c ****       break;
 982:Drivers/STM32F4xx_HAL_Driver/Src/stm32f4xx_hal_dma.c **** 
 983:Drivers/STM32F4xx_HAL_Driver/Src/stm32f4xx_hal_dma.c ****     case  HAL_DMA_XFER_HALFCPLT_CB_ID:
 984:Drivers/STM32F4xx_HAL_Driver/Src/stm32f4xx_hal_dma.c ****       hdma->XferHalfCpltCallback = pCallback;
 985:Drivers/STM32F4xx_HAL_Driver/Src/stm32f4xx_hal_dma.c ****       break;
 986:Drivers/STM32F4xx_HAL_Driver/Src/stm32f4xx_hal_dma.c **** 
 987:Drivers/STM32F4xx_HAL_Driver/Src/stm32f4xx_hal_dma.c ****     case  HAL_DMA_XFER_M1CPLT_CB_ID:
 988:Drivers/STM32F4xx_HAL_Driver/Src/stm32f4xx_hal_dma.c ****       hdma->XferM1CpltCallback = pCallback;
 989:Drivers/STM32F4xx_HAL_Driver/Src/stm32f4xx_hal_dma.c ****       break;
 990:Drivers/STM32F4xx_HAL_Driver/Src/stm32f4xx_hal_dma.c **** 
 991:Drivers/STM32F4xx_HAL_Driver/Src/stm32f4xx_hal_dma.c ****     case  HAL_DMA_XFER_M1HALFCPLT_CB_ID:
ARM GAS  C:\Users\kaush\AppData\Local\Temp\cctTu4Fa.s 			page 22


 992:Drivers/STM32F4xx_HAL_Driver/Src/stm32f4xx_hal_dma.c ****       hdma->XferM1HalfCpltCallback = pCallback;
 993:Drivers/STM32F4xx_HAL_Driver/Src/stm32f4xx_hal_dma.c ****       break;
 994:Drivers/STM32F4xx_HAL_Driver/Src/stm32f4xx_hal_dma.c **** 
 995:Drivers/STM32F4xx_HAL_Driver/Src/stm32f4xx_hal_dma.c ****     case  HAL_DMA_XFER_ERROR_CB_ID:
 996:Drivers/STM32F4xx_HAL_Driver/Src/stm32f4xx_hal_dma.c ****       hdma->XferErrorCallback = pCallback;
 997:Drivers/STM32F4xx_HAL_Driver/Src/stm32f4xx_hal_dma.c ****       break;
 998:Drivers/STM32F4xx_HAL_Driver/Src/stm32f4xx_hal_dma.c **** 
 999:Drivers/STM32F4xx_HAL_Driver/Src/stm32f4xx_hal_dma.c ****     case  HAL_DMA_XFER_ABORT_CB_ID:
1000:Drivers/STM32F4xx_HAL_Driver/Src/stm32f4xx_hal_dma.c ****       hdma->XferAbortCallback = pCallback;
1001:Drivers/STM32F4xx_HAL_Driver/Src/stm32f4xx_hal_dma.c ****       break;
1002:Drivers/STM32F4xx_HAL_Driver/Src/stm32f4xx_hal_dma.c **** 
1003:Drivers/STM32F4xx_HAL_Driver/Src/stm32f4xx_hal_dma.c ****     default:
1004:Drivers/STM32F4xx_HAL_Driver/Src/stm32f4xx_hal_dma.c ****       /* Return error status */
1005:Drivers/STM32F4xx_HAL_Driver/Src/stm32f4xx_hal_dma.c ****       status =  HAL_ERROR;
1006:Drivers/STM32F4xx_HAL_Driver/Src/stm32f4xx_hal_dma.c ****       break;
1007:Drivers/STM32F4xx_HAL_Driver/Src/stm32f4xx_hal_dma.c ****     }
1008:Drivers/STM32F4xx_HAL_Driver/Src/stm32f4xx_hal_dma.c ****   }
1009:Drivers/STM32F4xx_HAL_Driver/Src/stm32f4xx_hal_dma.c ****   else
1010:Drivers/STM32F4xx_HAL_Driver/Src/stm32f4xx_hal_dma.c ****   {
1011:Drivers/STM32F4xx_HAL_Driver/Src/stm32f4xx_hal_dma.c ****     /* Return error status */
1012:Drivers/STM32F4xx_HAL_Driver/Src/stm32f4xx_hal_dma.c ****     status =  HAL_ERROR;
1013:Drivers/STM32F4xx_HAL_Driver/Src/stm32f4xx_hal_dma.c ****   }
1014:Drivers/STM32F4xx_HAL_Driver/Src/stm32f4xx_hal_dma.c **** 
1015:Drivers/STM32F4xx_HAL_Driver/Src/stm32f4xx_hal_dma.c ****   /* Release Lock */
1016:Drivers/STM32F4xx_HAL_Driver/Src/stm32f4xx_hal_dma.c ****   __HAL_UNLOCK(hdma);
1017:Drivers/STM32F4xx_HAL_Driver/Src/stm32f4xx_hal_dma.c ****   
1018:Drivers/STM32F4xx_HAL_Driver/Src/stm32f4xx_hal_dma.c ****   return status;
1019:Drivers/STM32F4xx_HAL_Driver/Src/stm32f4xx_hal_dma.c **** }
1020:Drivers/STM32F4xx_HAL_Driver/Src/stm32f4xx_hal_dma.c **** 
1021:Drivers/STM32F4xx_HAL_Driver/Src/stm32f4xx_hal_dma.c **** /**
1022:Drivers/STM32F4xx_HAL_Driver/Src/stm32f4xx_hal_dma.c ****   * @brief  UnRegister callbacks
1023:Drivers/STM32F4xx_HAL_Driver/Src/stm32f4xx_hal_dma.c ****   * @param  hdma                 pointer to a DMA_HandleTypeDef structure that contains
1024:Drivers/STM32F4xx_HAL_Driver/Src/stm32f4xx_hal_dma.c ****   *                               the configuration information for the specified DMA Stream.
1025:Drivers/STM32F4xx_HAL_Driver/Src/stm32f4xx_hal_dma.c ****   * @param  CallbackID           User Callback identifier
1026:Drivers/STM32F4xx_HAL_Driver/Src/stm32f4xx_hal_dma.c ****   *                               a HAL_DMA_CallbackIDTypeDef ENUM as parameter.
1027:Drivers/STM32F4xx_HAL_Driver/Src/stm32f4xx_hal_dma.c ****   * @retval HAL status
1028:Drivers/STM32F4xx_HAL_Driver/Src/stm32f4xx_hal_dma.c ****   */              
1029:Drivers/STM32F4xx_HAL_Driver/Src/stm32f4xx_hal_dma.c **** HAL_StatusTypeDef HAL_DMA_UnRegisterCallback(DMA_HandleTypeDef *hdma, HAL_DMA_CallbackIDTypeDef Cal
1030:Drivers/STM32F4xx_HAL_Driver/Src/stm32f4xx_hal_dma.c **** {
1031:Drivers/STM32F4xx_HAL_Driver/Src/stm32f4xx_hal_dma.c ****   HAL_StatusTypeDef status = HAL_OK;
1032:Drivers/STM32F4xx_HAL_Driver/Src/stm32f4xx_hal_dma.c ****   
1033:Drivers/STM32F4xx_HAL_Driver/Src/stm32f4xx_hal_dma.c ****   /* Process locked */
1034:Drivers/STM32F4xx_HAL_Driver/Src/stm32f4xx_hal_dma.c ****   __HAL_LOCK(hdma);
1035:Drivers/STM32F4xx_HAL_Driver/Src/stm32f4xx_hal_dma.c ****   
1036:Drivers/STM32F4xx_HAL_Driver/Src/stm32f4xx_hal_dma.c ****   if(HAL_DMA_STATE_READY == hdma->State)
1037:Drivers/STM32F4xx_HAL_Driver/Src/stm32f4xx_hal_dma.c ****   {
1038:Drivers/STM32F4xx_HAL_Driver/Src/stm32f4xx_hal_dma.c ****     switch (CallbackID)
1039:Drivers/STM32F4xx_HAL_Driver/Src/stm32f4xx_hal_dma.c ****     {
1040:Drivers/STM32F4xx_HAL_Driver/Src/stm32f4xx_hal_dma.c ****     case  HAL_DMA_XFER_CPLT_CB_ID:
1041:Drivers/STM32F4xx_HAL_Driver/Src/stm32f4xx_hal_dma.c ****       hdma->XferCpltCallback = NULL;
1042:Drivers/STM32F4xx_HAL_Driver/Src/stm32f4xx_hal_dma.c ****       break;
1043:Drivers/STM32F4xx_HAL_Driver/Src/stm32f4xx_hal_dma.c ****       
1044:Drivers/STM32F4xx_HAL_Driver/Src/stm32f4xx_hal_dma.c ****     case  HAL_DMA_XFER_HALFCPLT_CB_ID:
1045:Drivers/STM32F4xx_HAL_Driver/Src/stm32f4xx_hal_dma.c ****       hdma->XferHalfCpltCallback = NULL;
1046:Drivers/STM32F4xx_HAL_Driver/Src/stm32f4xx_hal_dma.c ****       break;
1047:Drivers/STM32F4xx_HAL_Driver/Src/stm32f4xx_hal_dma.c ****       
1048:Drivers/STM32F4xx_HAL_Driver/Src/stm32f4xx_hal_dma.c ****     case  HAL_DMA_XFER_M1CPLT_CB_ID:
ARM GAS  C:\Users\kaush\AppData\Local\Temp\cctTu4Fa.s 			page 23


1049:Drivers/STM32F4xx_HAL_Driver/Src/stm32f4xx_hal_dma.c ****       hdma->XferM1CpltCallback = NULL;
1050:Drivers/STM32F4xx_HAL_Driver/Src/stm32f4xx_hal_dma.c ****       break;
1051:Drivers/STM32F4xx_HAL_Driver/Src/stm32f4xx_hal_dma.c ****       
1052:Drivers/STM32F4xx_HAL_Driver/Src/stm32f4xx_hal_dma.c ****     case  HAL_DMA_XFER_M1HALFCPLT_CB_ID:
1053:Drivers/STM32F4xx_HAL_Driver/Src/stm32f4xx_hal_dma.c ****       hdma->XferM1HalfCpltCallback = NULL;
1054:Drivers/STM32F4xx_HAL_Driver/Src/stm32f4xx_hal_dma.c ****       break;
1055:Drivers/STM32F4xx_HAL_Driver/Src/stm32f4xx_hal_dma.c ****       
1056:Drivers/STM32F4xx_HAL_Driver/Src/stm32f4xx_hal_dma.c ****     case  HAL_DMA_XFER_ERROR_CB_ID:
1057:Drivers/STM32F4xx_HAL_Driver/Src/stm32f4xx_hal_dma.c ****       hdma->XferErrorCallback = NULL;
1058:Drivers/STM32F4xx_HAL_Driver/Src/stm32f4xx_hal_dma.c ****       break;
1059:Drivers/STM32F4xx_HAL_Driver/Src/stm32f4xx_hal_dma.c ****       
1060:Drivers/STM32F4xx_HAL_Driver/Src/stm32f4xx_hal_dma.c ****     case  HAL_DMA_XFER_ABORT_CB_ID:
1061:Drivers/STM32F4xx_HAL_Driver/Src/stm32f4xx_hal_dma.c ****       hdma->XferAbortCallback = NULL;
1062:Drivers/STM32F4xx_HAL_Driver/Src/stm32f4xx_hal_dma.c ****       break; 
1063:Drivers/STM32F4xx_HAL_Driver/Src/stm32f4xx_hal_dma.c ****       
1064:Drivers/STM32F4xx_HAL_Driver/Src/stm32f4xx_hal_dma.c ****     case   HAL_DMA_XFER_ALL_CB_ID:
1065:Drivers/STM32F4xx_HAL_Driver/Src/stm32f4xx_hal_dma.c ****       hdma->XferCpltCallback = NULL;
1066:Drivers/STM32F4xx_HAL_Driver/Src/stm32f4xx_hal_dma.c ****       hdma->XferHalfCpltCallback = NULL;
1067:Drivers/STM32F4xx_HAL_Driver/Src/stm32f4xx_hal_dma.c ****       hdma->XferM1CpltCallback = NULL;
1068:Drivers/STM32F4xx_HAL_Driver/Src/stm32f4xx_hal_dma.c ****       hdma->XferM1HalfCpltCallback = NULL;
1069:Drivers/STM32F4xx_HAL_Driver/Src/stm32f4xx_hal_dma.c ****       hdma->XferErrorCallback = NULL;
1070:Drivers/STM32F4xx_HAL_Driver/Src/stm32f4xx_hal_dma.c ****       hdma->XferAbortCallback = NULL;
1071:Drivers/STM32F4xx_HAL_Driver/Src/stm32f4xx_hal_dma.c ****       break; 
1072:Drivers/STM32F4xx_HAL_Driver/Src/stm32f4xx_hal_dma.c ****       
1073:Drivers/STM32F4xx_HAL_Driver/Src/stm32f4xx_hal_dma.c ****     default:
1074:Drivers/STM32F4xx_HAL_Driver/Src/stm32f4xx_hal_dma.c ****       status = HAL_ERROR;
1075:Drivers/STM32F4xx_HAL_Driver/Src/stm32f4xx_hal_dma.c ****       break;
1076:Drivers/STM32F4xx_HAL_Driver/Src/stm32f4xx_hal_dma.c ****     }
1077:Drivers/STM32F4xx_HAL_Driver/Src/stm32f4xx_hal_dma.c ****   }
1078:Drivers/STM32F4xx_HAL_Driver/Src/stm32f4xx_hal_dma.c ****   else
1079:Drivers/STM32F4xx_HAL_Driver/Src/stm32f4xx_hal_dma.c ****   {
1080:Drivers/STM32F4xx_HAL_Driver/Src/stm32f4xx_hal_dma.c ****     status = HAL_ERROR;
1081:Drivers/STM32F4xx_HAL_Driver/Src/stm32f4xx_hal_dma.c ****   }
1082:Drivers/STM32F4xx_HAL_Driver/Src/stm32f4xx_hal_dma.c ****   
1083:Drivers/STM32F4xx_HAL_Driver/Src/stm32f4xx_hal_dma.c ****   /* Release Lock */
1084:Drivers/STM32F4xx_HAL_Driver/Src/stm32f4xx_hal_dma.c ****   __HAL_UNLOCK(hdma);
1085:Drivers/STM32F4xx_HAL_Driver/Src/stm32f4xx_hal_dma.c ****   
1086:Drivers/STM32F4xx_HAL_Driver/Src/stm32f4xx_hal_dma.c ****   return status;
1087:Drivers/STM32F4xx_HAL_Driver/Src/stm32f4xx_hal_dma.c **** }
1088:Drivers/STM32F4xx_HAL_Driver/Src/stm32f4xx_hal_dma.c **** 
1089:Drivers/STM32F4xx_HAL_Driver/Src/stm32f4xx_hal_dma.c **** /**
1090:Drivers/STM32F4xx_HAL_Driver/Src/stm32f4xx_hal_dma.c ****   * @}
1091:Drivers/STM32F4xx_HAL_Driver/Src/stm32f4xx_hal_dma.c ****   */
1092:Drivers/STM32F4xx_HAL_Driver/Src/stm32f4xx_hal_dma.c **** 
1093:Drivers/STM32F4xx_HAL_Driver/Src/stm32f4xx_hal_dma.c **** /** @addtogroup DMA_Exported_Functions_Group3
1094:Drivers/STM32F4xx_HAL_Driver/Src/stm32f4xx_hal_dma.c ****   *
1095:Drivers/STM32F4xx_HAL_Driver/Src/stm32f4xx_hal_dma.c **** @verbatim
1096:Drivers/STM32F4xx_HAL_Driver/Src/stm32f4xx_hal_dma.c ****  ===============================================================================
1097:Drivers/STM32F4xx_HAL_Driver/Src/stm32f4xx_hal_dma.c ****                     ##### State and Errors functions #####
1098:Drivers/STM32F4xx_HAL_Driver/Src/stm32f4xx_hal_dma.c ****  ===============================================================================
1099:Drivers/STM32F4xx_HAL_Driver/Src/stm32f4xx_hal_dma.c ****     [..]
1100:Drivers/STM32F4xx_HAL_Driver/Src/stm32f4xx_hal_dma.c ****     This subsection provides functions allowing to
1101:Drivers/STM32F4xx_HAL_Driver/Src/stm32f4xx_hal_dma.c ****       (+) Check the DMA state
1102:Drivers/STM32F4xx_HAL_Driver/Src/stm32f4xx_hal_dma.c ****       (+) Get error code
1103:Drivers/STM32F4xx_HAL_Driver/Src/stm32f4xx_hal_dma.c **** 
1104:Drivers/STM32F4xx_HAL_Driver/Src/stm32f4xx_hal_dma.c **** @endverbatim
1105:Drivers/STM32F4xx_HAL_Driver/Src/stm32f4xx_hal_dma.c ****   * @{
ARM GAS  C:\Users\kaush\AppData\Local\Temp\cctTu4Fa.s 			page 24


1106:Drivers/STM32F4xx_HAL_Driver/Src/stm32f4xx_hal_dma.c ****   */
1107:Drivers/STM32F4xx_HAL_Driver/Src/stm32f4xx_hal_dma.c **** 
1108:Drivers/STM32F4xx_HAL_Driver/Src/stm32f4xx_hal_dma.c **** /**
1109:Drivers/STM32F4xx_HAL_Driver/Src/stm32f4xx_hal_dma.c ****   * @brief  Returns the DMA state.
1110:Drivers/STM32F4xx_HAL_Driver/Src/stm32f4xx_hal_dma.c ****   * @param  hdma pointer to a DMA_HandleTypeDef structure that contains
1111:Drivers/STM32F4xx_HAL_Driver/Src/stm32f4xx_hal_dma.c ****   *               the configuration information for the specified DMA Stream.
1112:Drivers/STM32F4xx_HAL_Driver/Src/stm32f4xx_hal_dma.c ****   * @retval HAL state
1113:Drivers/STM32F4xx_HAL_Driver/Src/stm32f4xx_hal_dma.c ****   */
1114:Drivers/STM32F4xx_HAL_Driver/Src/stm32f4xx_hal_dma.c **** HAL_DMA_StateTypeDef HAL_DMA_GetState(DMA_HandleTypeDef *hdma)
1115:Drivers/STM32F4xx_HAL_Driver/Src/stm32f4xx_hal_dma.c **** {
1116:Drivers/STM32F4xx_HAL_Driver/Src/stm32f4xx_hal_dma.c ****   return hdma->State;
1117:Drivers/STM32F4xx_HAL_Driver/Src/stm32f4xx_hal_dma.c **** }
1118:Drivers/STM32F4xx_HAL_Driver/Src/stm32f4xx_hal_dma.c **** 
1119:Drivers/STM32F4xx_HAL_Driver/Src/stm32f4xx_hal_dma.c **** /**
1120:Drivers/STM32F4xx_HAL_Driver/Src/stm32f4xx_hal_dma.c ****   * @brief  Return the DMA error code
1121:Drivers/STM32F4xx_HAL_Driver/Src/stm32f4xx_hal_dma.c ****   * @param  hdma  pointer to a DMA_HandleTypeDef structure that contains
1122:Drivers/STM32F4xx_HAL_Driver/Src/stm32f4xx_hal_dma.c ****   *              the configuration information for the specified DMA Stream.
1123:Drivers/STM32F4xx_HAL_Driver/Src/stm32f4xx_hal_dma.c ****   * @retval DMA Error Code
1124:Drivers/STM32F4xx_HAL_Driver/Src/stm32f4xx_hal_dma.c ****   */
1125:Drivers/STM32F4xx_HAL_Driver/Src/stm32f4xx_hal_dma.c **** uint32_t HAL_DMA_GetError(DMA_HandleTypeDef *hdma)
1126:Drivers/STM32F4xx_HAL_Driver/Src/stm32f4xx_hal_dma.c **** {
1127:Drivers/STM32F4xx_HAL_Driver/Src/stm32f4xx_hal_dma.c ****   return hdma->ErrorCode;
1128:Drivers/STM32F4xx_HAL_Driver/Src/stm32f4xx_hal_dma.c **** }
1129:Drivers/STM32F4xx_HAL_Driver/Src/stm32f4xx_hal_dma.c **** 
1130:Drivers/STM32F4xx_HAL_Driver/Src/stm32f4xx_hal_dma.c **** /**
1131:Drivers/STM32F4xx_HAL_Driver/Src/stm32f4xx_hal_dma.c ****   * @}
1132:Drivers/STM32F4xx_HAL_Driver/Src/stm32f4xx_hal_dma.c ****   */
1133:Drivers/STM32F4xx_HAL_Driver/Src/stm32f4xx_hal_dma.c **** 
1134:Drivers/STM32F4xx_HAL_Driver/Src/stm32f4xx_hal_dma.c **** /**
1135:Drivers/STM32F4xx_HAL_Driver/Src/stm32f4xx_hal_dma.c ****   * @}
1136:Drivers/STM32F4xx_HAL_Driver/Src/stm32f4xx_hal_dma.c ****   */
1137:Drivers/STM32F4xx_HAL_Driver/Src/stm32f4xx_hal_dma.c **** 
1138:Drivers/STM32F4xx_HAL_Driver/Src/stm32f4xx_hal_dma.c **** /** @addtogroup DMA_Private_Functions
1139:Drivers/STM32F4xx_HAL_Driver/Src/stm32f4xx_hal_dma.c ****   * @{
1140:Drivers/STM32F4xx_HAL_Driver/Src/stm32f4xx_hal_dma.c ****   */
1141:Drivers/STM32F4xx_HAL_Driver/Src/stm32f4xx_hal_dma.c **** 
1142:Drivers/STM32F4xx_HAL_Driver/Src/stm32f4xx_hal_dma.c **** /**
1143:Drivers/STM32F4xx_HAL_Driver/Src/stm32f4xx_hal_dma.c ****   * @brief  Sets the DMA Transfer parameter.
1144:Drivers/STM32F4xx_HAL_Driver/Src/stm32f4xx_hal_dma.c ****   * @param  hdma       pointer to a DMA_HandleTypeDef structure that contains
1145:Drivers/STM32F4xx_HAL_Driver/Src/stm32f4xx_hal_dma.c ****   *                     the configuration information for the specified DMA Stream.
1146:Drivers/STM32F4xx_HAL_Driver/Src/stm32f4xx_hal_dma.c ****   * @param  SrcAddress The source memory Buffer address
1147:Drivers/STM32F4xx_HAL_Driver/Src/stm32f4xx_hal_dma.c ****   * @param  DstAddress The destination memory Buffer address
1148:Drivers/STM32F4xx_HAL_Driver/Src/stm32f4xx_hal_dma.c ****   * @param  DataLength The length of data to be transferred from source to destination
1149:Drivers/STM32F4xx_HAL_Driver/Src/stm32f4xx_hal_dma.c ****   * @retval HAL status
1150:Drivers/STM32F4xx_HAL_Driver/Src/stm32f4xx_hal_dma.c ****   */
1151:Drivers/STM32F4xx_HAL_Driver/Src/stm32f4xx_hal_dma.c **** static void DMA_SetConfig(DMA_HandleTypeDef *hdma, uint32_t SrcAddress, uint32_t DstAddress, uint32
1152:Drivers/STM32F4xx_HAL_Driver/Src/stm32f4xx_hal_dma.c **** {
1153:Drivers/STM32F4xx_HAL_Driver/Src/stm32f4xx_hal_dma.c ****   /* Clear DBM bit */
1154:Drivers/STM32F4xx_HAL_Driver/Src/stm32f4xx_hal_dma.c ****   hdma->Instance->CR &= (uint32_t)(~DMA_SxCR_DBM);
1155:Drivers/STM32F4xx_HAL_Driver/Src/stm32f4xx_hal_dma.c **** 
1156:Drivers/STM32F4xx_HAL_Driver/Src/stm32f4xx_hal_dma.c ****   /* Configure DMA Stream data length */
1157:Drivers/STM32F4xx_HAL_Driver/Src/stm32f4xx_hal_dma.c ****   hdma->Instance->NDTR = DataLength;
1158:Drivers/STM32F4xx_HAL_Driver/Src/stm32f4xx_hal_dma.c **** 
1159:Drivers/STM32F4xx_HAL_Driver/Src/stm32f4xx_hal_dma.c ****   /* Memory to Peripheral */
1160:Drivers/STM32F4xx_HAL_Driver/Src/stm32f4xx_hal_dma.c ****   if((hdma->Init.Direction) == DMA_MEMORY_TO_PERIPH)
1161:Drivers/STM32F4xx_HAL_Driver/Src/stm32f4xx_hal_dma.c ****   {
1162:Drivers/STM32F4xx_HAL_Driver/Src/stm32f4xx_hal_dma.c ****     /* Configure DMA Stream destination address */
ARM GAS  C:\Users\kaush\AppData\Local\Temp\cctTu4Fa.s 			page 25


1163:Drivers/STM32F4xx_HAL_Driver/Src/stm32f4xx_hal_dma.c ****     hdma->Instance->PAR = DstAddress;
1164:Drivers/STM32F4xx_HAL_Driver/Src/stm32f4xx_hal_dma.c **** 
1165:Drivers/STM32F4xx_HAL_Driver/Src/stm32f4xx_hal_dma.c ****     /* Configure DMA Stream source address */
1166:Drivers/STM32F4xx_HAL_Driver/Src/stm32f4xx_hal_dma.c ****     hdma->Instance->M0AR = SrcAddress;
1167:Drivers/STM32F4xx_HAL_Driver/Src/stm32f4xx_hal_dma.c ****   }
1168:Drivers/STM32F4xx_HAL_Driver/Src/stm32f4xx_hal_dma.c ****   /* Peripheral to Memory */
1169:Drivers/STM32F4xx_HAL_Driver/Src/stm32f4xx_hal_dma.c ****   else
1170:Drivers/STM32F4xx_HAL_Driver/Src/stm32f4xx_hal_dma.c ****   {
1171:Drivers/STM32F4xx_HAL_Driver/Src/stm32f4xx_hal_dma.c ****     /* Configure DMA Stream source address */
1172:Drivers/STM32F4xx_HAL_Driver/Src/stm32f4xx_hal_dma.c ****     hdma->Instance->PAR = SrcAddress;
1173:Drivers/STM32F4xx_HAL_Driver/Src/stm32f4xx_hal_dma.c **** 
1174:Drivers/STM32F4xx_HAL_Driver/Src/stm32f4xx_hal_dma.c ****     /* Configure DMA Stream destination address */
1175:Drivers/STM32F4xx_HAL_Driver/Src/stm32f4xx_hal_dma.c ****     hdma->Instance->M0AR = DstAddress;
1176:Drivers/STM32F4xx_HAL_Driver/Src/stm32f4xx_hal_dma.c ****   }
1177:Drivers/STM32F4xx_HAL_Driver/Src/stm32f4xx_hal_dma.c **** }
1178:Drivers/STM32F4xx_HAL_Driver/Src/stm32f4xx_hal_dma.c **** 
1179:Drivers/STM32F4xx_HAL_Driver/Src/stm32f4xx_hal_dma.c **** /**
1180:Drivers/STM32F4xx_HAL_Driver/Src/stm32f4xx_hal_dma.c ****   * @brief  Returns the DMA Stream base address depending on stream number
1181:Drivers/STM32F4xx_HAL_Driver/Src/stm32f4xx_hal_dma.c ****   * @param  hdma       pointer to a DMA_HandleTypeDef structure that contains
1182:Drivers/STM32F4xx_HAL_Driver/Src/stm32f4xx_hal_dma.c ****   *                     the configuration information for the specified DMA Stream. 
1183:Drivers/STM32F4xx_HAL_Driver/Src/stm32f4xx_hal_dma.c ****   * @retval Stream base address
1184:Drivers/STM32F4xx_HAL_Driver/Src/stm32f4xx_hal_dma.c ****   */
1185:Drivers/STM32F4xx_HAL_Driver/Src/stm32f4xx_hal_dma.c **** static uint32_t DMA_CalcBaseAndBitshift(DMA_HandleTypeDef *hdma)
1186:Drivers/STM32F4xx_HAL_Driver/Src/stm32f4xx_hal_dma.c **** {
1187:Drivers/STM32F4xx_HAL_Driver/Src/stm32f4xx_hal_dma.c ****   uint32_t stream_number = (((uint32_t)hdma->Instance & 0xFFU) - 16U) / 24U;
 174              		.loc 1 1187 55 is_stmt 0 view .LVU74
 175 006e D8B2     		uxtb	r0, r3
 176              		.loc 1 1187 12 view .LVU75
 177 0070 2B4A     		ldr	r2, .L41+4
 178              	.LBE15:
 179              	.LBE14:
 285:Drivers/STM32F4xx_HAL_Driver/Src/stm32f4xx_hal_dma.c **** 
 180              		.loc 1 285 23 view .LVU76
 181 0072 5961     		str	r1, [r3, #20]
 289:Drivers/STM32F4xx_HAL_Driver/Src/stm32f4xx_hal_dma.c ****   
 182              		.loc 1 289 3 is_stmt 1 view .LVU77
 183              	.LVL11:
 184              	.LBB18:
 185              	.LBI14:
1185:Drivers/STM32F4xx_HAL_Driver/Src/stm32f4xx_hal_dma.c **** {
 186              		.loc 1 1185 17 view .LVU78
 187              	.LBB16:
 188              		.loc 1 1187 3 view .LVU79
 189              		.loc 1 1187 64 is_stmt 0 view .LVU80
 190 0074 1038     		subs	r0, r0, #16
 191              	.LVL12:
1188:Drivers/STM32F4xx_HAL_Driver/Src/stm32f4xx_hal_dma.c ****   
1189:Drivers/STM32F4xx_HAL_Driver/Src/stm32f4xx_hal_dma.c ****   /* lookup table for necessary bitshift of flags within status registers */
1190:Drivers/STM32F4xx_HAL_Driver/Src/stm32f4xx_hal_dma.c ****   static const uint8_t flagBitshiftOffset[8U] = {0U, 6U, 16U, 22U, 0U, 6U, 16U, 22U};
 192              		.loc 1 1190 3 is_stmt 1 view .LVU81
1191:Drivers/STM32F4xx_HAL_Driver/Src/stm32f4xx_hal_dma.c ****   hdma->StreamIndex = flagBitshiftOffset[stream_number];
 193              		.loc 1 1191 3 view .LVU82
1187:Drivers/STM32F4xx_HAL_Driver/Src/stm32f4xx_hal_dma.c ****   
 194              		.loc 1 1187 12 is_stmt 0 view .LVU83
 195 0076 A2FB0052 		umull	r5, r2, r2, r0
 196 007a 1209     		lsrs	r2, r2, #4
 197              		.loc 1 1191 41 view .LVU84
ARM GAS  C:\Users\kaush\AppData\Local\Temp\cctTu4Fa.s 			page 26


 198 007c 2949     		ldr	r1, .L41+8
 199              	.LVL13:
1192:Drivers/STM32F4xx_HAL_Driver/Src/stm32f4xx_hal_dma.c ****   
1193:Drivers/STM32F4xx_HAL_Driver/Src/stm32f4xx_hal_dma.c ****   if (stream_number > 3U)
1194:Drivers/STM32F4xx_HAL_Driver/Src/stm32f4xx_hal_dma.c ****   {
1195:Drivers/STM32F4xx_HAL_Driver/Src/stm32f4xx_hal_dma.c ****     /* return pointer to HISR and HIFCR */
1196:Drivers/STM32F4xx_HAL_Driver/Src/stm32f4xx_hal_dma.c ****     hdma->StreamBaseAddress = (((uint32_t)hdma->Instance & (uint32_t)(~0x3FFU)) + 4U);
 200              		.loc 1 1196 58 view .LVU85
 201 007e 6FF30903 		bfc	r3, #0, #10
 202              	.LVL14:
1191:Drivers/STM32F4xx_HAL_Driver/Src/stm32f4xx_hal_dma.c ****   
 203              		.loc 1 1191 41 view .LVU86
 204 0082 895C     		ldrb	r1, [r1, r2]	@ zero_extendqisi2
1191:Drivers/STM32F4xx_HAL_Driver/Src/stm32f4xx_hal_dma.c ****   
 205              		.loc 1 1191 21 view .LVU87
 206 0084 E165     		str	r1, [r4, #92]
1193:Drivers/STM32F4xx_HAL_Driver/Src/stm32f4xx_hal_dma.c ****   {
 207              		.loc 1 1193 3 is_stmt 1 view .LVU88
1193:Drivers/STM32F4xx_HAL_Driver/Src/stm32f4xx_hal_dma.c ****   {
 208              		.loc 1 1193 6 is_stmt 0 view .LVU89
 209 0086 5F28     		cmp	r0, #95
 210              		.loc 1 1196 5 is_stmt 1 view .LVU90
 211              		.loc 1 1196 81 is_stmt 0 view .LVU91
 212 0088 88BF     		it	hi
 213 008a 0433     		addhi	r3, r3, #4
 214              	.LBE16:
 215              	.LBE18:
 292:Drivers/STM32F4xx_HAL_Driver/Src/stm32f4xx_hal_dma.c **** 
 216              		.loc 1 292 22 view .LVU92
 217 008c 3F22     		movs	r2, #63
 218 008e 8A40     		lsls	r2, r2, r1
 219 0090 A365     		str	r3, [r4, #88]
 220              	.LBB19:
 221              	.LBB17:
1197:Drivers/STM32F4xx_HAL_Driver/Src/stm32f4xx_hal_dma.c ****   }
1198:Drivers/STM32F4xx_HAL_Driver/Src/stm32f4xx_hal_dma.c ****   else
1199:Drivers/STM32F4xx_HAL_Driver/Src/stm32f4xx_hal_dma.c ****   {
1200:Drivers/STM32F4xx_HAL_Driver/Src/stm32f4xx_hal_dma.c ****     /* return pointer to LISR and LIFCR */
1201:Drivers/STM32F4xx_HAL_Driver/Src/stm32f4xx_hal_dma.c ****     hdma->StreamBaseAddress = ((uint32_t)hdma->Instance & (uint32_t)(~0x3FFU));
1202:Drivers/STM32F4xx_HAL_Driver/Src/stm32f4xx_hal_dma.c ****   }
1203:Drivers/STM32F4xx_HAL_Driver/Src/stm32f4xx_hal_dma.c ****   
1204:Drivers/STM32F4xx_HAL_Driver/Src/stm32f4xx_hal_dma.c ****   return hdma->StreamBaseAddress;
 222              		.loc 1 1204 3 is_stmt 1 view .LVU93
 223              	.LVL15:
 224              		.loc 1 1204 3 is_stmt 0 view .LVU94
 225              	.LBE17:
 226              	.LBE19:
 292:Drivers/STM32F4xx_HAL_Driver/Src/stm32f4xx_hal_dma.c **** 
 227              		.loc 1 292 3 is_stmt 1 view .LVU95
 295:Drivers/STM32F4xx_HAL_Driver/Src/stm32f4xx_hal_dma.c ****                                                                                      
 228              		.loc 1 295 19 is_stmt 0 view .LVU96
 229 0092 0020     		movs	r0, #0
 292:Drivers/STM32F4xx_HAL_Driver/Src/stm32f4xx_hal_dma.c **** 
 230              		.loc 1 292 14 view .LVU97
 231 0094 9A60     		str	r2, [r3, #8]
 295:Drivers/STM32F4xx_HAL_Driver/Src/stm32f4xx_hal_dma.c ****                                                                                      
 232              		.loc 1 295 3 is_stmt 1 view .LVU98
ARM GAS  C:\Users\kaush\AppData\Local\Temp\cctTu4Fa.s 			page 27


 298:Drivers/STM32F4xx_HAL_Driver/Src/stm32f4xx_hal_dma.c **** 
 233              		.loc 1 298 15 is_stmt 0 view .LVU99
 234 0096 0123     		movs	r3, #1
 235              	.LVL16:
 295:Drivers/STM32F4xx_HAL_Driver/Src/stm32f4xx_hal_dma.c ****                                                                                      
 236              		.loc 1 295 19 view .LVU100
 237 0098 6065     		str	r0, [r4, #84]
 298:Drivers/STM32F4xx_HAL_Driver/Src/stm32f4xx_hal_dma.c **** 
 238              		.loc 1 298 3 is_stmt 1 view .LVU101
 298:Drivers/STM32F4xx_HAL_Driver/Src/stm32f4xx_hal_dma.c **** 
 239              		.loc 1 298 15 is_stmt 0 view .LVU102
 240 009a 84F83530 		strb	r3, [r4, #53]
 300:Drivers/STM32F4xx_HAL_Driver/Src/stm32f4xx_hal_dma.c **** }
 241              		.loc 1 300 3 is_stmt 1 view .LVU103
 301:Drivers/STM32F4xx_HAL_Driver/Src/stm32f4xx_hal_dma.c **** 
 242              		.loc 1 301 1 is_stmt 0 view .LVU104
 243 009e 38BD     		pop	{r3, r4, r5, pc}
 244              	.LVL17:
 245              	.L38:
 218:Drivers/STM32F4xx_HAL_Driver/Src/stm32f4xx_hal_dma.c ****       
 246              		.loc 1 218 7 is_stmt 1 view .LVU105
 221:Drivers/STM32F4xx_HAL_Driver/Src/stm32f4xx_hal_dma.c ****       
 247              		.loc 1 221 19 is_stmt 0 view .LVU106
 248 00a0 0323     		movs	r3, #3
 218:Drivers/STM32F4xx_HAL_Driver/Src/stm32f4xx_hal_dma.c ****       
 249              		.loc 1 218 23 view .LVU107
 250 00a2 2022     		movs	r2, #32
 251 00a4 6265     		str	r2, [r4, #84]
 221:Drivers/STM32F4xx_HAL_Driver/Src/stm32f4xx_hal_dma.c ****       
 252              		.loc 1 221 7 is_stmt 1 view .LVU108
 221:Drivers/STM32F4xx_HAL_Driver/Src/stm32f4xx_hal_dma.c ****       
 253              		.loc 1 221 19 is_stmt 0 view .LVU109
 254 00a6 84F83530 		strb	r3, [r4, #53]
 223:Drivers/STM32F4xx_HAL_Driver/Src/stm32f4xx_hal_dma.c ****     }
 255              		.loc 1 223 7 is_stmt 1 view .LVU110
 223:Drivers/STM32F4xx_HAL_Driver/Src/stm32f4xx_hal_dma.c ****     }
 256              		.loc 1 223 14 is_stmt 0 view .LVU111
 257 00aa 1846     		mov	r0, r3
 301:Drivers/STM32F4xx_HAL_Driver/Src/stm32f4xx_hal_dma.c **** 
 258              		.loc 1 301 1 view .LVU112
 259 00ac 38BD     		pop	{r3, r4, r5, pc}
 260              	.LVL18:
 261              	.L7:
 246:Drivers/STM32F4xx_HAL_Driver/Src/stm32f4xx_hal_dma.c ****   }
 262              		.loc 1 246 5 is_stmt 1 view .LVU113
 246:Drivers/STM32F4xx_HAL_Driver/Src/stm32f4xx_hal_dma.c ****   }
 263              		.loc 1 246 33 is_stmt 0 view .LVU114
 264 00ae D4E90B51 		ldrd	r5, r1, [r4, #44]
 265 00b2 2943     		orrs	r1, r1, r5
 246:Drivers/STM32F4xx_HAL_Driver/Src/stm32f4xx_hal_dma.c ****   }
 266              		.loc 1 246 9 view .LVU115
 267 00b4 1143     		orrs	r1, r1, r2
 268              	.LVL19:
 250:Drivers/STM32F4xx_HAL_Driver/Src/stm32f4xx_hal_dma.c **** 
 269              		.loc 1 250 3 is_stmt 1 view .LVU116
 250:Drivers/STM32F4xx_HAL_Driver/Src/stm32f4xx_hal_dma.c **** 
 270              		.loc 1 250 22 is_stmt 0 view .LVU117
ARM GAS  C:\Users\kaush\AppData\Local\Temp\cctTu4Fa.s 			page 28


 271 00b6 1960     		str	r1, [r3]
 253:Drivers/STM32F4xx_HAL_Driver/Src/stm32f4xx_hal_dma.c **** 
 272              		.loc 1 253 3 is_stmt 1 view .LVU118
 253:Drivers/STM32F4xx_HAL_Driver/Src/stm32f4xx_hal_dma.c **** 
 273              		.loc 1 253 7 is_stmt 0 view .LVU119
 274 00b8 5969     		ldr	r1, [r3, #20]
 275              	.LVL20:
 256:Drivers/STM32F4xx_HAL_Driver/Src/stm32f4xx_hal_dma.c **** 
 276              		.loc 1 256 3 is_stmt 1 view .LVU120
 259:Drivers/STM32F4xx_HAL_Driver/Src/stm32f4xx_hal_dma.c **** 
 277              		.loc 1 259 3 view .LVU121
 262:Drivers/STM32F4xx_HAL_Driver/Src/stm32f4xx_hal_dma.c ****   {
 278              		.loc 1 262 3 view .LVU122
 265:Drivers/STM32F4xx_HAL_Driver/Src/stm32f4xx_hal_dma.c ****     
 279              		.loc 1 265 5 view .LVU123
 265:Drivers/STM32F4xx_HAL_Driver/Src/stm32f4xx_hal_dma.c ****     
 280              		.loc 1 265 22 is_stmt 0 view .LVU124
 281 00ba A26A     		ldr	r2, [r4, #40]
 256:Drivers/STM32F4xx_HAL_Driver/Src/stm32f4xx_hal_dma.c **** 
 282              		.loc 1 256 7 view .LVU125
 283 00bc 21F00701 		bic	r1, r1, #7
 284              	.LVL21:
 256:Drivers/STM32F4xx_HAL_Driver/Src/stm32f4xx_hal_dma.c **** 
 285              		.loc 1 256 7 view .LVU126
 286 00c0 1143     		orrs	r1, r1, r2
 265:Drivers/STM32F4xx_HAL_Driver/Src/stm32f4xx_hal_dma.c ****     
 287              		.loc 1 265 9 view .LVU127
 288 00c2 41F00401 		orr	r1, r1, #4
 289              	.LVL22:
 269:Drivers/STM32F4xx_HAL_Driver/Src/stm32f4xx_hal_dma.c ****     {
 290              		.loc 1 269 5 is_stmt 1 view .LVU128
 269:Drivers/STM32F4xx_HAL_Driver/Src/stm32f4xx_hal_dma.c ****     {
 291              		.loc 1 269 8 is_stmt 0 view .LVU129
 292 00c6 002D     		cmp	r5, #0
 293 00c8 D1D0     		beq	.L8
 271:Drivers/STM32F4xx_HAL_Driver/Src/stm32f4xx_hal_dma.c ****       {
 294              		.loc 1 271 7 is_stmt 1 view .LVU130
 295              	.LVL23:
 296              	.LBB20:
 297              	.LBI20:
1205:Drivers/STM32F4xx_HAL_Driver/Src/stm32f4xx_hal_dma.c **** }
1206:Drivers/STM32F4xx_HAL_Driver/Src/stm32f4xx_hal_dma.c **** 
1207:Drivers/STM32F4xx_HAL_Driver/Src/stm32f4xx_hal_dma.c **** /**
1208:Drivers/STM32F4xx_HAL_Driver/Src/stm32f4xx_hal_dma.c ****   * @brief  Check compatibility between FIFO threshold level and size of the memory burst
1209:Drivers/STM32F4xx_HAL_Driver/Src/stm32f4xx_hal_dma.c ****   * @param  hdma       pointer to a DMA_HandleTypeDef structure that contains
1210:Drivers/STM32F4xx_HAL_Driver/Src/stm32f4xx_hal_dma.c ****   *                     the configuration information for the specified DMA Stream. 
1211:Drivers/STM32F4xx_HAL_Driver/Src/stm32f4xx_hal_dma.c ****   * @retval HAL status
1212:Drivers/STM32F4xx_HAL_Driver/Src/stm32f4xx_hal_dma.c ****   */
1213:Drivers/STM32F4xx_HAL_Driver/Src/stm32f4xx_hal_dma.c **** static HAL_StatusTypeDef DMA_CheckFifoParam(DMA_HandleTypeDef *hdma)
 298              		.loc 1 1213 26 view .LVU131
 299              	.LBB21:
1214:Drivers/STM32F4xx_HAL_Driver/Src/stm32f4xx_hal_dma.c **** {
1215:Drivers/STM32F4xx_HAL_Driver/Src/stm32f4xx_hal_dma.c ****   HAL_StatusTypeDef status = HAL_OK;
 300              		.loc 1 1215 3 view .LVU132
1216:Drivers/STM32F4xx_HAL_Driver/Src/stm32f4xx_hal_dma.c ****   uint32_t tmp = hdma->Init.FIFOThreshold;
 301              		.loc 1 1216 3 view .LVU133
1217:Drivers/STM32F4xx_HAL_Driver/Src/stm32f4xx_hal_dma.c ****   
ARM GAS  C:\Users\kaush\AppData\Local\Temp\cctTu4Fa.s 			page 29


1218:Drivers/STM32F4xx_HAL_Driver/Src/stm32f4xx_hal_dma.c ****   /* Memory Data size equal to Byte */
1219:Drivers/STM32F4xx_HAL_Driver/Src/stm32f4xx_hal_dma.c ****   if(hdma->Init.MemDataAlignment == DMA_MDATAALIGN_BYTE)
 302              		.loc 1 1219 3 view .LVU134
 303              		.loc 1 1219 5 is_stmt 0 view .LVU135
 304 00ca 78B1     		cbz	r0, .L39
1220:Drivers/STM32F4xx_HAL_Driver/Src/stm32f4xx_hal_dma.c ****   {
1221:Drivers/STM32F4xx_HAL_Driver/Src/stm32f4xx_hal_dma.c ****     switch (tmp)
1222:Drivers/STM32F4xx_HAL_Driver/Src/stm32f4xx_hal_dma.c ****     {
1223:Drivers/STM32F4xx_HAL_Driver/Src/stm32f4xx_hal_dma.c ****     case DMA_FIFO_THRESHOLD_1QUARTERFULL:
1224:Drivers/STM32F4xx_HAL_Driver/Src/stm32f4xx_hal_dma.c ****     case DMA_FIFO_THRESHOLD_3QUARTERSFULL:
1225:Drivers/STM32F4xx_HAL_Driver/Src/stm32f4xx_hal_dma.c ****       if ((hdma->Init.MemBurst & DMA_SxCR_MBURST_1) == DMA_SxCR_MBURST_1)
1226:Drivers/STM32F4xx_HAL_Driver/Src/stm32f4xx_hal_dma.c ****       {
1227:Drivers/STM32F4xx_HAL_Driver/Src/stm32f4xx_hal_dma.c ****         status = HAL_ERROR;
1228:Drivers/STM32F4xx_HAL_Driver/Src/stm32f4xx_hal_dma.c ****       }
1229:Drivers/STM32F4xx_HAL_Driver/Src/stm32f4xx_hal_dma.c ****       break;
1230:Drivers/STM32F4xx_HAL_Driver/Src/stm32f4xx_hal_dma.c ****     case DMA_FIFO_THRESHOLD_HALFFULL:
1231:Drivers/STM32F4xx_HAL_Driver/Src/stm32f4xx_hal_dma.c ****       if (hdma->Init.MemBurst == DMA_MBURST_INC16)
1232:Drivers/STM32F4xx_HAL_Driver/Src/stm32f4xx_hal_dma.c ****       {
1233:Drivers/STM32F4xx_HAL_Driver/Src/stm32f4xx_hal_dma.c ****         status = HAL_ERROR;
1234:Drivers/STM32F4xx_HAL_Driver/Src/stm32f4xx_hal_dma.c ****       }
1235:Drivers/STM32F4xx_HAL_Driver/Src/stm32f4xx_hal_dma.c ****       break;
1236:Drivers/STM32F4xx_HAL_Driver/Src/stm32f4xx_hal_dma.c ****     case DMA_FIFO_THRESHOLD_FULL:
1237:Drivers/STM32F4xx_HAL_Driver/Src/stm32f4xx_hal_dma.c ****       break;
1238:Drivers/STM32F4xx_HAL_Driver/Src/stm32f4xx_hal_dma.c ****     default:
1239:Drivers/STM32F4xx_HAL_Driver/Src/stm32f4xx_hal_dma.c ****       break;
1240:Drivers/STM32F4xx_HAL_Driver/Src/stm32f4xx_hal_dma.c ****     }
1241:Drivers/STM32F4xx_HAL_Driver/Src/stm32f4xx_hal_dma.c ****   }
1242:Drivers/STM32F4xx_HAL_Driver/Src/stm32f4xx_hal_dma.c ****   
1243:Drivers/STM32F4xx_HAL_Driver/Src/stm32f4xx_hal_dma.c ****   /* Memory Data size equal to Half-Word */
1244:Drivers/STM32F4xx_HAL_Driver/Src/stm32f4xx_hal_dma.c ****   else if (hdma->Init.MemDataAlignment == DMA_MDATAALIGN_HALFWORD)
 305              		.loc 1 1244 8 is_stmt 1 view .LVU136
 306              		.loc 1 1244 11 is_stmt 0 view .LVU137
 307 00cc B0F5005F 		cmp	r0, #8192
 308 00d0 16D0     		beq	.L40
1245:Drivers/STM32F4xx_HAL_Driver/Src/stm32f4xx_hal_dma.c ****   {
1246:Drivers/STM32F4xx_HAL_Driver/Src/stm32f4xx_hal_dma.c ****     switch (tmp)
1247:Drivers/STM32F4xx_HAL_Driver/Src/stm32f4xx_hal_dma.c ****     {
1248:Drivers/STM32F4xx_HAL_Driver/Src/stm32f4xx_hal_dma.c ****     case DMA_FIFO_THRESHOLD_1QUARTERFULL:
1249:Drivers/STM32F4xx_HAL_Driver/Src/stm32f4xx_hal_dma.c ****     case DMA_FIFO_THRESHOLD_3QUARTERSFULL:
1250:Drivers/STM32F4xx_HAL_Driver/Src/stm32f4xx_hal_dma.c ****       status = HAL_ERROR;
1251:Drivers/STM32F4xx_HAL_Driver/Src/stm32f4xx_hal_dma.c ****       break;
1252:Drivers/STM32F4xx_HAL_Driver/Src/stm32f4xx_hal_dma.c ****     case DMA_FIFO_THRESHOLD_HALFFULL:
1253:Drivers/STM32F4xx_HAL_Driver/Src/stm32f4xx_hal_dma.c ****       if ((hdma->Init.MemBurst & DMA_SxCR_MBURST_1) == DMA_SxCR_MBURST_1)
1254:Drivers/STM32F4xx_HAL_Driver/Src/stm32f4xx_hal_dma.c ****       {
1255:Drivers/STM32F4xx_HAL_Driver/Src/stm32f4xx_hal_dma.c ****         status = HAL_ERROR;
1256:Drivers/STM32F4xx_HAL_Driver/Src/stm32f4xx_hal_dma.c ****       }
1257:Drivers/STM32F4xx_HAL_Driver/Src/stm32f4xx_hal_dma.c ****       break;
1258:Drivers/STM32F4xx_HAL_Driver/Src/stm32f4xx_hal_dma.c ****     case DMA_FIFO_THRESHOLD_FULL:
1259:Drivers/STM32F4xx_HAL_Driver/Src/stm32f4xx_hal_dma.c ****       if (hdma->Init.MemBurst == DMA_MBURST_INC16)
1260:Drivers/STM32F4xx_HAL_Driver/Src/stm32f4xx_hal_dma.c ****       {
1261:Drivers/STM32F4xx_HAL_Driver/Src/stm32f4xx_hal_dma.c ****         status = HAL_ERROR;
1262:Drivers/STM32F4xx_HAL_Driver/Src/stm32f4xx_hal_dma.c ****       }
1263:Drivers/STM32F4xx_HAL_Driver/Src/stm32f4xx_hal_dma.c ****       break;   
1264:Drivers/STM32F4xx_HAL_Driver/Src/stm32f4xx_hal_dma.c ****     default:
1265:Drivers/STM32F4xx_HAL_Driver/Src/stm32f4xx_hal_dma.c ****       break;
1266:Drivers/STM32F4xx_HAL_Driver/Src/stm32f4xx_hal_dma.c ****     }
1267:Drivers/STM32F4xx_HAL_Driver/Src/stm32f4xx_hal_dma.c ****   }
ARM GAS  C:\Users\kaush\AppData\Local\Temp\cctTu4Fa.s 			page 30


1268:Drivers/STM32F4xx_HAL_Driver/Src/stm32f4xx_hal_dma.c ****   
1269:Drivers/STM32F4xx_HAL_Driver/Src/stm32f4xx_hal_dma.c ****   /* Memory Data size equal to Word */
1270:Drivers/STM32F4xx_HAL_Driver/Src/stm32f4xx_hal_dma.c ****   else
1271:Drivers/STM32F4xx_HAL_Driver/Src/stm32f4xx_hal_dma.c ****   {
1272:Drivers/STM32F4xx_HAL_Driver/Src/stm32f4xx_hal_dma.c ****     switch (tmp)
 309              		.loc 1 1272 5 is_stmt 1 view .LVU138
 310 00d2 022A     		cmp	r2, #2
 311 00d4 03D9     		bls	.L11
 312 00d6 032A     		cmp	r2, #3
 313 00d8 C9D1     		bne	.L8
 314              	.LVL24:
 315              	.L35:
1273:Drivers/STM32F4xx_HAL_Driver/Src/stm32f4xx_hal_dma.c ****     {
1274:Drivers/STM32F4xx_HAL_Driver/Src/stm32f4xx_hal_dma.c ****     case DMA_FIFO_THRESHOLD_1QUARTERFULL:
1275:Drivers/STM32F4xx_HAL_Driver/Src/stm32f4xx_hal_dma.c ****     case DMA_FIFO_THRESHOLD_HALFFULL:
1276:Drivers/STM32F4xx_HAL_Driver/Src/stm32f4xx_hal_dma.c ****     case DMA_FIFO_THRESHOLD_3QUARTERSFULL:
1277:Drivers/STM32F4xx_HAL_Driver/Src/stm32f4xx_hal_dma.c ****       status = HAL_ERROR;
1278:Drivers/STM32F4xx_HAL_Driver/Src/stm32f4xx_hal_dma.c ****       break;
1279:Drivers/STM32F4xx_HAL_Driver/Src/stm32f4xx_hal_dma.c ****     case DMA_FIFO_THRESHOLD_FULL:
1280:Drivers/STM32F4xx_HAL_Driver/Src/stm32f4xx_hal_dma.c ****       if ((hdma->Init.MemBurst & DMA_SxCR_MBURST_1) == DMA_SxCR_MBURST_1)
 316              		.loc 1 1280 7 view .LVU139
 317              		.loc 1 1280 10 is_stmt 0 view .LVU140
 318 00da EA01     		lsls	r2, r5, #7
 319 00dc C7D5     		bpl	.L8
 320              	.L11:
 321              	.LVL25:
1281:Drivers/STM32F4xx_HAL_Driver/Src/stm32f4xx_hal_dma.c ****       {
1282:Drivers/STM32F4xx_HAL_Driver/Src/stm32f4xx_hal_dma.c ****         status = HAL_ERROR;
1283:Drivers/STM32F4xx_HAL_Driver/Src/stm32f4xx_hal_dma.c ****       }
1284:Drivers/STM32F4xx_HAL_Driver/Src/stm32f4xx_hal_dma.c ****       break;
1285:Drivers/STM32F4xx_HAL_Driver/Src/stm32f4xx_hal_dma.c ****     default:
1286:Drivers/STM32F4xx_HAL_Driver/Src/stm32f4xx_hal_dma.c ****       break;
1287:Drivers/STM32F4xx_HAL_Driver/Src/stm32f4xx_hal_dma.c ****     }
1288:Drivers/STM32F4xx_HAL_Driver/Src/stm32f4xx_hal_dma.c ****   } 
1289:Drivers/STM32F4xx_HAL_Driver/Src/stm32f4xx_hal_dma.c ****   
1290:Drivers/STM32F4xx_HAL_Driver/Src/stm32f4xx_hal_dma.c ****   return status; 
 322              		.loc 1 1290 3 is_stmt 1 view .LVU141
 323              		.loc 1 1290 3 is_stmt 0 view .LVU142
 324              	.LBE21:
 325              	.LBE20:
 274:Drivers/STM32F4xx_HAL_Driver/Src/stm32f4xx_hal_dma.c ****         
 326              		.loc 1 274 9 is_stmt 1 view .LVU143
 274:Drivers/STM32F4xx_HAL_Driver/Src/stm32f4xx_hal_dma.c ****         
 327              		.loc 1 274 25 is_stmt 0 view .LVU144
 328 00de 4022     		movs	r2, #64
 277:Drivers/STM32F4xx_HAL_Driver/Src/stm32f4xx_hal_dma.c ****         
 329              		.loc 1 277 21 view .LVU145
 330 00e0 0123     		movs	r3, #1
 274:Drivers/STM32F4xx_HAL_Driver/Src/stm32f4xx_hal_dma.c ****         
 331              		.loc 1 274 25 view .LVU146
 332 00e2 6265     		str	r2, [r4, #84]
 277:Drivers/STM32F4xx_HAL_Driver/Src/stm32f4xx_hal_dma.c ****         
 333              		.loc 1 277 9 is_stmt 1 view .LVU147
 277:Drivers/STM32F4xx_HAL_Driver/Src/stm32f4xx_hal_dma.c ****         
 334              		.loc 1 277 21 is_stmt 0 view .LVU148
 335 00e4 84F83530 		strb	r3, [r4, #53]
 279:Drivers/STM32F4xx_HAL_Driver/Src/stm32f4xx_hal_dma.c ****       }
ARM GAS  C:\Users\kaush\AppData\Local\Temp\cctTu4Fa.s 			page 31


 336              		.loc 1 279 9 is_stmt 1 view .LVU149
 337              	.LVL26:
 338              	.L2:
 179:Drivers/STM32F4xx_HAL_Driver/Src/stm32f4xx_hal_dma.c ****   }
 339              		.loc 1 179 12 is_stmt 0 view .LVU150
 340 00e8 0120     		movs	r0, #1
 301:Drivers/STM32F4xx_HAL_Driver/Src/stm32f4xx_hal_dma.c **** 
 341              		.loc 1 301 1 view .LVU151
 342 00ea 38BD     		pop	{r3, r4, r5, pc}
 343              	.LVL27:
 344              	.L39:
 345              	.LBB23:
 346              	.LBB22:
1221:Drivers/STM32F4xx_HAL_Driver/Src/stm32f4xx_hal_dma.c ****     {
 347              		.loc 1 1221 5 is_stmt 1 view .LVU152
 348 00ec 012A     		cmp	r2, #1
 349 00ee 03D0     		beq	.L13
 350 00f0 32F00202 		bics	r2, r2, #2
 351              	.LVL28:
1221:Drivers/STM32F4xx_HAL_Driver/Src/stm32f4xx_hal_dma.c ****     {
 352              		.loc 1 1221 5 is_stmt 0 view .LVU153
 353 00f4 BBD1     		bne	.L8
 354 00f6 F0E7     		b	.L35
 355              	.LVL29:
 356              	.L13:
1259:Drivers/STM32F4xx_HAL_Driver/Src/stm32f4xx_hal_dma.c ****       {
 357              		.loc 1 1259 7 is_stmt 1 view .LVU154
1259:Drivers/STM32F4xx_HAL_Driver/Src/stm32f4xx_hal_dma.c ****       {
 358              		.loc 1 1259 10 is_stmt 0 view .LVU155
 359 00f8 B5F1C07F 		cmp	r5, #25165824
 360 00fc B7D1     		bne	.L8
 361 00fe EEE7     		b	.L11
 362              	.L40:
1246:Drivers/STM32F4xx_HAL_Driver/Src/stm32f4xx_hal_dma.c ****     {
 363              		.loc 1 1246 5 is_stmt 1 view .LVU156
 364 0100 032A     		cmp	r2, #3
 365 0102 B4D8     		bhi	.L8
 366 0104 01A0     		adr	r0, .L14
 367 0106 50F822F0 		ldr	pc, [r0, r2, lsl #2]
 368 010a 00BF     		.p2align 2
 369              	.L14:
 370 010c DF000000 		.word	.L11+1
 371 0110 DB000000 		.word	.L35+1
 372 0114 DF000000 		.word	.L11+1
 373 0118 F9000000 		.word	.L13+1
 374              		.p2align 1
 375              	.L42:
 376              		.align	2
 377              	.L41:
 378 011c 3F8010F0 		.word	-267354049
 379 0120 ABAAAAAA 		.word	-1431655765
 380 0124 00000000 		.word	flagBitshiftOffset.0
 381              	.LBE22:
 382              	.LBE23:
 383              		.cfi_endproc
 384              	.LFE134:
 386              		.section	.text.HAL_DMA_DeInit,"ax",%progbits
ARM GAS  C:\Users\kaush\AppData\Local\Temp\cctTu4Fa.s 			page 32


 387              		.align	1
 388              		.p2align 2,,3
 389              		.global	HAL_DMA_DeInit
 390              		.syntax unified
 391              		.thumb
 392              		.thumb_func
 394              	HAL_DMA_DeInit:
 395              	.LVL30:
 396              	.LFB135:
 310:Drivers/STM32F4xx_HAL_Driver/Src/stm32f4xx_hal_dma.c ****   DMA_Base_Registers *regs;
 397              		.loc 1 310 1 view -0
 398              		.cfi_startproc
 399              		@ args = 0, pretend = 0, frame = 0
 400              		@ frame_needed = 0, uses_anonymous_args = 0
 401              		@ link register save eliminated.
 311:Drivers/STM32F4xx_HAL_Driver/Src/stm32f4xx_hal_dma.c **** 
 402              		.loc 1 311 3 view .LVU158
 314:Drivers/STM32F4xx_HAL_Driver/Src/stm32f4xx_hal_dma.c ****   {
 403              		.loc 1 314 3 view .LVU159
 314:Drivers/STM32F4xx_HAL_Driver/Src/stm32f4xx_hal_dma.c ****   {
 404              		.loc 1 314 5 is_stmt 0 view .LVU160
 405 0000 0028     		cmp	r0, #0
 406 0002 34D0     		beq	.L46
 320:Drivers/STM32F4xx_HAL_Driver/Src/stm32f4xx_hal_dma.c ****   {
 407              		.loc 1 320 10 view .LVU161
 408 0004 90F83520 		ldrb	r2, [r0, #53]	@ zero_extendqisi2
 320:Drivers/STM32F4xx_HAL_Driver/Src/stm32f4xx_hal_dma.c ****   {
 409              		.loc 1 320 5 view .LVU162
 410 0008 022A     		cmp	r2, #2
 411 000a 0346     		mov	r3, r0
 320:Drivers/STM32F4xx_HAL_Driver/Src/stm32f4xx_hal_dma.c ****   {
 412              		.loc 1 320 3 is_stmt 1 view .LVU163
 320:Drivers/STM32F4xx_HAL_Driver/Src/stm32f4xx_hal_dma.c ****   {
 413              		.loc 1 320 10 is_stmt 0 view .LVU164
 414 000c D0B2     		uxtb	r0, r2
 415              	.LVL31:
 320:Drivers/STM32F4xx_HAL_Driver/Src/stm32f4xx_hal_dma.c ****   {
 416              		.loc 1 320 5 view .LVU165
 417 000e 30D0     		beq	.L51
 327:Drivers/STM32F4xx_HAL_Driver/Src/stm32f4xx_hal_dma.c **** 
 418              		.loc 1 327 3 is_stmt 1 view .LVU166
 330:Drivers/STM32F4xx_HAL_Driver/Src/stm32f4xx_hal_dma.c **** 
 419              		.loc 1 330 3 view .LVU167
 420 0010 1A68     		ldr	r2, [r3]
 421              	.LBB24:
 422              	.LBB25:
1187:Drivers/STM32F4xx_HAL_Driver/Src/stm32f4xx_hal_dma.c ****   
 423              		.loc 1 1187 12 is_stmt 0 view .LVU168
 424 0012 1849     		ldr	r1, .L54
1187:Drivers/STM32F4xx_HAL_Driver/Src/stm32f4xx_hal_dma.c ****   
 425              		.loc 1 1187 55 view .LVU169
 426 0014 D0B2     		uxtb	r0, r2
1187:Drivers/STM32F4xx_HAL_Driver/Src/stm32f4xx_hal_dma.c ****   
 427              		.loc 1 1187 64 view .LVU170
 428 0016 1038     		subs	r0, r0, #16
 429              	.LBE25:
 430              	.LBE24:
ARM GAS  C:\Users\kaush\AppData\Local\Temp\cctTu4Fa.s 			page 33


 310:Drivers/STM32F4xx_HAL_Driver/Src/stm32f4xx_hal_dma.c ****   DMA_Base_Registers *regs;
 431              		.loc 1 310 1 view .LVU171
 432 0018 30B4     		push	{r4, r5}
 433              	.LCFI1:
 434              		.cfi_def_cfa_offset 8
 435              		.cfi_offset 4, -8
 436              		.cfi_offset 5, -4
 437              	.LBB32:
 438              	.LBB26:
1187:Drivers/STM32F4xx_HAL_Driver/Src/stm32f4xx_hal_dma.c ****   
 439              		.loc 1 1187 12 view .LVU172
 440 001a A1FB0041 		umull	r4, r1, r1, r0
 441 001e 0909     		lsrs	r1, r1, #4
 442              	.LBE26:
 443              	.LBE32:
 330:Drivers/STM32F4xx_HAL_Driver/Src/stm32f4xx_hal_dma.c **** 
 444              		.loc 1 330 3 view .LVU173
 445 0020 1468     		ldr	r4, [r2]
 446              	.LBB33:
 447              	.LBB27:
1191:Drivers/STM32F4xx_HAL_Driver/Src/stm32f4xx_hal_dma.c ****   
 448              		.loc 1 1191 41 view .LVU174
 449 0022 154D     		ldr	r5, .L54+4
 450              	.LBE27:
 451              	.LBE33:
 330:Drivers/STM32F4xx_HAL_Driver/Src/stm32f4xx_hal_dma.c **** 
 452              		.loc 1 330 3 view .LVU175
 453 0024 24F00104 		bic	r4, r4, #1
 454              	.LBB34:
 455              	.LBB28:
1191:Drivers/STM32F4xx_HAL_Driver/Src/stm32f4xx_hal_dma.c ****   
 456              		.loc 1 1191 41 view .LVU176
 457 0028 6D5C     		ldrb	r5, [r5, r1]	@ zero_extendqisi2
 458              	.LBE28:
 459              	.LBE34:
 330:Drivers/STM32F4xx_HAL_Driver/Src/stm32f4xx_hal_dma.c **** 
 460              		.loc 1 330 3 view .LVU177
 461 002a 1460     		str	r4, [r2]
 333:Drivers/STM32F4xx_HAL_Driver/Src/stm32f4xx_hal_dma.c **** 
 462              		.loc 1 333 3 is_stmt 1 view .LVU178
 333:Drivers/STM32F4xx_HAL_Driver/Src/stm32f4xx_hal_dma.c **** 
 463              		.loc 1 333 24 is_stmt 0 view .LVU179
 464 002c 0021     		movs	r1, #0
 465 002e 1160     		str	r1, [r2]
 336:Drivers/STM32F4xx_HAL_Driver/Src/stm32f4xx_hal_dma.c **** 
 466              		.loc 1 336 3 is_stmt 1 view .LVU180
 336:Drivers/STM32F4xx_HAL_Driver/Src/stm32f4xx_hal_dma.c **** 
 467              		.loc 1 336 24 is_stmt 0 view .LVU181
 468 0030 5160     		str	r1, [r2, #4]
 339:Drivers/STM32F4xx_HAL_Driver/Src/stm32f4xx_hal_dma.c **** 
 469              		.loc 1 339 3 is_stmt 1 view .LVU182
 339:Drivers/STM32F4xx_HAL_Driver/Src/stm32f4xx_hal_dma.c **** 
 470              		.loc 1 339 24 is_stmt 0 view .LVU183
 471 0032 9160     		str	r1, [r2, #8]
 342:Drivers/STM32F4xx_HAL_Driver/Src/stm32f4xx_hal_dma.c ****   
 472              		.loc 1 342 3 is_stmt 1 view .LVU184
 342:Drivers/STM32F4xx_HAL_Driver/Src/stm32f4xx_hal_dma.c ****   
ARM GAS  C:\Users\kaush\AppData\Local\Temp\cctTu4Fa.s 			page 34


 473              		.loc 1 342 24 is_stmt 0 view .LVU185
 474 0034 D160     		str	r1, [r2, #12]
 345:Drivers/STM32F4xx_HAL_Driver/Src/stm32f4xx_hal_dma.c ****   
 475              		.loc 1 345 3 is_stmt 1 view .LVU186
 345:Drivers/STM32F4xx_HAL_Driver/Src/stm32f4xx_hal_dma.c ****   
 476              		.loc 1 345 24 is_stmt 0 view .LVU187
 477 0036 1161     		str	r1, [r2, #16]
 348:Drivers/STM32F4xx_HAL_Driver/Src/stm32f4xx_hal_dma.c ****   
 478              		.loc 1 348 3 is_stmt 1 view .LVU188
 348:Drivers/STM32F4xx_HAL_Driver/Src/stm32f4xx_hal_dma.c ****   
 479              		.loc 1 348 24 is_stmt 0 view .LVU189
 480 0038 2121     		movs	r1, #33
 481 003a 5161     		str	r1, [r2, #20]
 351:Drivers/STM32F4xx_HAL_Driver/Src/stm32f4xx_hal_dma.c ****   
 482              		.loc 1 351 3 is_stmt 1 view .LVU190
 483              	.LVL32:
 484              	.LBB35:
 485              	.LBI24:
1185:Drivers/STM32F4xx_HAL_Driver/Src/stm32f4xx_hal_dma.c **** {
 486              		.loc 1 1185 17 view .LVU191
 487              	.LBB29:
1187:Drivers/STM32F4xx_HAL_Driver/Src/stm32f4xx_hal_dma.c ****   
 488              		.loc 1 1187 3 view .LVU192
1190:Drivers/STM32F4xx_HAL_Driver/Src/stm32f4xx_hal_dma.c ****   hdma->StreamIndex = flagBitshiftOffset[stream_number];
 489              		.loc 1 1190 3 view .LVU193
1191:Drivers/STM32F4xx_HAL_Driver/Src/stm32f4xx_hal_dma.c ****   
 490              		.loc 1 1191 3 view .LVU194
1193:Drivers/STM32F4xx_HAL_Driver/Src/stm32f4xx_hal_dma.c ****   {
 491              		.loc 1 1193 6 is_stmt 0 view .LVU195
 492 003c 5F28     		cmp	r0, #95
1196:Drivers/STM32F4xx_HAL_Driver/Src/stm32f4xx_hal_dma.c ****   }
 493              		.loc 1 1196 58 view .LVU196
 494 003e 6FF30902 		bfc	r2, #0, #10
1196:Drivers/STM32F4xx_HAL_Driver/Src/stm32f4xx_hal_dma.c ****   }
 495              		.loc 1 1196 81 view .LVU197
 496 0042 88BF     		it	hi
 497 0044 0432     		addhi	r2, r2, #4
 498              	.LBE29:
 499              	.LBE35:
 362:Drivers/STM32F4xx_HAL_Driver/Src/stm32f4xx_hal_dma.c **** 
 500              		.loc 1 362 22 view .LVU198
 501 0046 3F24     		movs	r4, #63
 354:Drivers/STM32F4xx_HAL_Driver/Src/stm32f4xx_hal_dma.c ****   hdma->XferHalfCpltCallback = NULL;
 502              		.loc 1 354 26 view .LVU199
 503 0048 0021     		movs	r1, #0
 362:Drivers/STM32F4xx_HAL_Driver/Src/stm32f4xx_hal_dma.c **** 
 504              		.loc 1 362 22 view .LVU200
 505 004a AC40     		lsls	r4, r4, r5
 506              	.LBB36:
 507              	.LBB30:
1191:Drivers/STM32F4xx_HAL_Driver/Src/stm32f4xx_hal_dma.c ****   
 508              		.loc 1 1191 21 view .LVU201
 509 004c DD65     		str	r5, [r3, #92]
1193:Drivers/STM32F4xx_HAL_Driver/Src/stm32f4xx_hal_dma.c ****   {
 510              		.loc 1 1193 3 is_stmt 1 view .LVU202
1196:Drivers/STM32F4xx_HAL_Driver/Src/stm32f4xx_hal_dma.c ****   }
 511              		.loc 1 1196 5 view .LVU203
ARM GAS  C:\Users\kaush\AppData\Local\Temp\cctTu4Fa.s 			page 35


 512              	.LBE30:
 513              	.LBE36:
 355:Drivers/STM32F4xx_HAL_Driver/Src/stm32f4xx_hal_dma.c ****   hdma->XferM1CpltCallback = NULL;
 514              		.loc 1 355 30 is_stmt 0 view .LVU204
 515 004e C3E90F11 		strd	r1, r1, [r3, #60]
 357:Drivers/STM32F4xx_HAL_Driver/Src/stm32f4xx_hal_dma.c ****   hdma->XferErrorCallback = NULL;
 516              		.loc 1 357 32 view .LVU205
 517 0052 C3E91111 		strd	r1, r1, [r3, #68]
 358:Drivers/STM32F4xx_HAL_Driver/Src/stm32f4xx_hal_dma.c ****   hdma->XferAbortCallback = NULL;
 518              		.loc 1 358 27 view .LVU206
 519 0056 C3E91311 		strd	r1, r1, [r3, #76]
 520 005a 9A65     		str	r2, [r3, #88]
 521              	.LBB37:
 522              	.LBB31:
1204:Drivers/STM32F4xx_HAL_Driver/Src/stm32f4xx_hal_dma.c **** }
 523              		.loc 1 1204 3 is_stmt 1 view .LVU207
 524              	.LVL33:
1204:Drivers/STM32F4xx_HAL_Driver/Src/stm32f4xx_hal_dma.c **** }
 525              		.loc 1 1204 3 is_stmt 0 view .LVU208
 526              	.LBE31:
 527              	.LBE37:
 354:Drivers/STM32F4xx_HAL_Driver/Src/stm32f4xx_hal_dma.c ****   hdma->XferHalfCpltCallback = NULL;
 528              		.loc 1 354 3 is_stmt 1 view .LVU209
 356:Drivers/STM32F4xx_HAL_Driver/Src/stm32f4xx_hal_dma.c ****   hdma->XferM1HalfCpltCallback = NULL;
 529              		.loc 1 356 3 view .LVU210
 358:Drivers/STM32F4xx_HAL_Driver/Src/stm32f4xx_hal_dma.c ****   hdma->XferAbortCallback = NULL;
 530              		.loc 1 358 3 view .LVU211
 359:Drivers/STM32F4xx_HAL_Driver/Src/stm32f4xx_hal_dma.c **** 
 531              		.loc 1 359 3 view .LVU212
 362:Drivers/STM32F4xx_HAL_Driver/Src/stm32f4xx_hal_dma.c **** 
 532              		.loc 1 362 3 view .LVU213
 362:Drivers/STM32F4xx_HAL_Driver/Src/stm32f4xx_hal_dma.c **** 
 533              		.loc 1 362 14 is_stmt 0 view .LVU214
 534 005c 9460     		str	r4, [r2, #8]
 365:Drivers/STM32F4xx_HAL_Driver/Src/stm32f4xx_hal_dma.c **** 
 535              		.loc 1 365 3 is_stmt 1 view .LVU215
 365:Drivers/STM32F4xx_HAL_Driver/Src/stm32f4xx_hal_dma.c **** 
 536              		.loc 1 365 19 is_stmt 0 view .LVU216
 537 005e 5965     		str	r1, [r3, #84]
 368:Drivers/STM32F4xx_HAL_Driver/Src/stm32f4xx_hal_dma.c **** 
 538              		.loc 1 368 3 is_stmt 1 view .LVU217
 371:Drivers/STM32F4xx_HAL_Driver/Src/stm32f4xx_hal_dma.c **** 
 539              		.loc 1 371 3 is_stmt 0 view .LVU218
 540 0060 83F83410 		strb	r1, [r3, #52]
 368:Drivers/STM32F4xx_HAL_Driver/Src/stm32f4xx_hal_dma.c **** 
 541              		.loc 1 368 15 view .LVU219
 542 0064 83F83510 		strb	r1, [r3, #53]
 371:Drivers/STM32F4xx_HAL_Driver/Src/stm32f4xx_hal_dma.c **** 
 543              		.loc 1 371 3 is_stmt 1 view .LVU220
 371:Drivers/STM32F4xx_HAL_Driver/Src/stm32f4xx_hal_dma.c **** 
 544              		.loc 1 371 3 view .LVU221
 371:Drivers/STM32F4xx_HAL_Driver/Src/stm32f4xx_hal_dma.c **** 
 545              		.loc 1 371 3 view .LVU222
 373:Drivers/STM32F4xx_HAL_Driver/Src/stm32f4xx_hal_dma.c **** }
 546              		.loc 1 373 3 view .LVU223
 373:Drivers/STM32F4xx_HAL_Driver/Src/stm32f4xx_hal_dma.c **** }
 547              		.loc 1 373 10 is_stmt 0 view .LVU224
ARM GAS  C:\Users\kaush\AppData\Local\Temp\cctTu4Fa.s 			page 36


 548 0068 0846     		mov	r0, r1
 374:Drivers/STM32F4xx_HAL_Driver/Src/stm32f4xx_hal_dma.c **** 
 549              		.loc 1 374 1 view .LVU225
 550 006a 30BC     		pop	{r4, r5}
 551              	.LCFI2:
 552              		.cfi_restore 5
 553              		.cfi_restore 4
 554              		.cfi_def_cfa_offset 0
 555 006c 7047     		bx	lr
 556              	.LVL34:
 557              	.L46:
 316:Drivers/STM32F4xx_HAL_Driver/Src/stm32f4xx_hal_dma.c ****   }
 558              		.loc 1 316 12 view .LVU226
 559 006e 0120     		movs	r0, #1
 560              	.LVL35:
 316:Drivers/STM32F4xx_HAL_Driver/Src/stm32f4xx_hal_dma.c ****   }
 561              		.loc 1 316 12 view .LVU227
 562 0070 7047     		bx	lr
 563              	.LVL36:
 564              	.L51:
 374:Drivers/STM32F4xx_HAL_Driver/Src/stm32f4xx_hal_dma.c **** 
 565              		.loc 1 374 1 view .LVU228
 566 0072 7047     		bx	lr
 567              	.L55:
 568              		.align	2
 569              	.L54:
 570 0074 ABAAAAAA 		.word	-1431655765
 571 0078 00000000 		.word	flagBitshiftOffset.0
 572              		.cfi_endproc
 573              	.LFE135:
 575              		.section	.text.HAL_DMA_Start,"ax",%progbits
 576              		.align	1
 577              		.p2align 2,,3
 578              		.global	HAL_DMA_Start
 579              		.syntax unified
 580              		.thumb
 581              		.thumb_func
 583              	HAL_DMA_Start:
 584              	.LVL37:
 585              	.LFB136:
 408:Drivers/STM32F4xx_HAL_Driver/Src/stm32f4xx_hal_dma.c ****   HAL_StatusTypeDef status = HAL_OK;
 586              		.loc 1 408 1 is_stmt 1 view -0
 587              		.cfi_startproc
 588              		@ args = 0, pretend = 0, frame = 0
 589              		@ frame_needed = 0, uses_anonymous_args = 0
 590              		@ link register save eliminated.
 409:Drivers/STM32F4xx_HAL_Driver/Src/stm32f4xx_hal_dma.c ****   
 591              		.loc 1 409 3 view .LVU230
 412:Drivers/STM32F4xx_HAL_Driver/Src/stm32f4xx_hal_dma.c **** 
 592              		.loc 1 412 3 view .LVU231
 415:Drivers/STM32F4xx_HAL_Driver/Src/stm32f4xx_hal_dma.c **** 
 593              		.loc 1 415 3 view .LVU232
 415:Drivers/STM32F4xx_HAL_Driver/Src/stm32f4xx_hal_dma.c **** 
 594              		.loc 1 415 3 view .LVU233
 408:Drivers/STM32F4xx_HAL_Driver/Src/stm32f4xx_hal_dma.c ****   HAL_StatusTypeDef status = HAL_OK;
 595              		.loc 1 408 1 is_stmt 0 view .LVU234
 596 0000 30B4     		push	{r4, r5}
ARM GAS  C:\Users\kaush\AppData\Local\Temp\cctTu4Fa.s 			page 37


 597              	.LCFI3:
 598              		.cfi_def_cfa_offset 8
 599              		.cfi_offset 4, -8
 600              		.cfi_offset 5, -4
 415:Drivers/STM32F4xx_HAL_Driver/Src/stm32f4xx_hal_dma.c **** 
 601              		.loc 1 415 3 view .LVU235
 602 0002 90F83440 		ldrb	r4, [r0, #52]	@ zero_extendqisi2
 603 0006 012C     		cmp	r4, #1
 604 0008 09D0     		beq	.L57
 415:Drivers/STM32F4xx_HAL_Driver/Src/stm32f4xx_hal_dma.c **** 
 605              		.loc 1 415 3 is_stmt 1 discriminator 2 view .LVU236
 606 000a 0124     		movs	r4, #1
 607 000c 80F83440 		strb	r4, [r0, #52]
 415:Drivers/STM32F4xx_HAL_Driver/Src/stm32f4xx_hal_dma.c **** 
 608              		.loc 1 415 3 discriminator 2 view .LVU237
 417:Drivers/STM32F4xx_HAL_Driver/Src/stm32f4xx_hal_dma.c ****   {
 609              		.loc 1 417 3 view .LVU238
 417:Drivers/STM32F4xx_HAL_Driver/Src/stm32f4xx_hal_dma.c ****   {
 610              		.loc 1 417 33 is_stmt 0 view .LVU239
 611 0010 90F83540 		ldrb	r4, [r0, #53]	@ zero_extendqisi2
 417:Drivers/STM32F4xx_HAL_Driver/Src/stm32f4xx_hal_dma.c ****   {
 612              		.loc 1 417 5 view .LVU240
 613 0014 012C     		cmp	r4, #1
 614 0016 05D0     		beq	.L66
 434:Drivers/STM32F4xx_HAL_Driver/Src/stm32f4xx_hal_dma.c ****     
 615              		.loc 1 434 5 is_stmt 1 view .LVU241
 434:Drivers/STM32F4xx_HAL_Driver/Src/stm32f4xx_hal_dma.c ****     
 616              		.loc 1 434 5 view .LVU242
 617 0018 0023     		movs	r3, #0
 618              	.LVL38:
 434:Drivers/STM32F4xx_HAL_Driver/Src/stm32f4xx_hal_dma.c ****     
 619              		.loc 1 434 5 is_stmt 0 view .LVU243
 620 001a 80F83430 		strb	r3, [r0, #52]
 434:Drivers/STM32F4xx_HAL_Driver/Src/stm32f4xx_hal_dma.c ****     
 621              		.loc 1 434 5 is_stmt 1 view .LVU244
 437:Drivers/STM32F4xx_HAL_Driver/Src/stm32f4xx_hal_dma.c ****   } 
 622              		.loc 1 437 5 view .LVU245
 623              	.LVL39:
 624              	.L57:
 415:Drivers/STM32F4xx_HAL_Driver/Src/stm32f4xx_hal_dma.c **** 
 625              		.loc 1 415 3 is_stmt 0 discriminator 1 view .LVU246
 626 001e 0220     		movs	r0, #2
 627              	.LVL40:
 440:Drivers/STM32F4xx_HAL_Driver/Src/stm32f4xx_hal_dma.c **** 
 628              		.loc 1 440 1 view .LVU247
 629 0020 30BC     		pop	{r4, r5}
 630              	.LCFI4:
 631              		.cfi_remember_state
 632              		.cfi_restore 5
 633              		.cfi_restore 4
 634              		.cfi_def_cfa_offset 0
 635 0022 7047     		bx	lr
 636              	.LVL41:
 637              	.L66:
 638              	.LCFI5:
 639              		.cfi_restore_state
 420:Drivers/STM32F4xx_HAL_Driver/Src/stm32f4xx_hal_dma.c ****     
ARM GAS  C:\Users\kaush\AppData\Local\Temp\cctTu4Fa.s 			page 38


 640              		.loc 1 420 5 is_stmt 1 view .LVU248
 420:Drivers/STM32F4xx_HAL_Driver/Src/stm32f4xx_hal_dma.c ****     
 641              		.loc 1 420 17 is_stmt 0 view .LVU249
 642 0024 0224     		movs	r4, #2
 643 0026 80F83540 		strb	r4, [r0, #53]
 423:Drivers/STM32F4xx_HAL_Driver/Src/stm32f4xx_hal_dma.c ****     
 644              		.loc 1 423 5 is_stmt 1 view .LVU250
 423:Drivers/STM32F4xx_HAL_Driver/Src/stm32f4xx_hal_dma.c ****     
 645              		.loc 1 423 21 is_stmt 0 view .LVU251
 646 002a 0024     		movs	r4, #0
 647 002c 4465     		str	r4, [r0, #84]
 426:Drivers/STM32F4xx_HAL_Driver/Src/stm32f4xx_hal_dma.c **** 
 648              		.loc 1 426 5 is_stmt 1 view .LVU252
 649              	.LVL42:
 650              	.LBB38:
 651              	.LBI38:
1151:Drivers/STM32F4xx_HAL_Driver/Src/stm32f4xx_hal_dma.c **** {
 652              		.loc 1 1151 13 view .LVU253
 653              	.LBB39:
1154:Drivers/STM32F4xx_HAL_Driver/Src/stm32f4xx_hal_dma.c **** 
 654              		.loc 1 1154 3 view .LVU254
1154:Drivers/STM32F4xx_HAL_Driver/Src/stm32f4xx_hal_dma.c **** 
 655              		.loc 1 1154 7 is_stmt 0 view .LVU255
 656 002e 0468     		ldr	r4, [r0]
1160:Drivers/STM32F4xx_HAL_Driver/Src/stm32f4xx_hal_dma.c ****   {
 657              		.loc 1 1160 5 view .LVU256
 658 0030 8568     		ldr	r5, [r0, #8]
1154:Drivers/STM32F4xx_HAL_Driver/Src/stm32f4xx_hal_dma.c **** 
 659              		.loc 1 1154 17 view .LVU257
 660 0032 2068     		ldr	r0, [r4]
 661              	.LVL43:
1160:Drivers/STM32F4xx_HAL_Driver/Src/stm32f4xx_hal_dma.c ****   {
 662              		.loc 1 1160 5 view .LVU258
 663 0034 402D     		cmp	r5, #64
1154:Drivers/STM32F4xx_HAL_Driver/Src/stm32f4xx_hal_dma.c **** 
 664              		.loc 1 1154 22 view .LVU259
 665 0036 20F48020 		bic	r0, r0, #262144
 666 003a 2060     		str	r0, [r4]
1157:Drivers/STM32F4xx_HAL_Driver/Src/stm32f4xx_hal_dma.c **** 
 667              		.loc 1 1157 3 is_stmt 1 view .LVU260
1157:Drivers/STM32F4xx_HAL_Driver/Src/stm32f4xx_hal_dma.c **** 
 668              		.loc 1 1157 24 is_stmt 0 view .LVU261
 669 003c 6360     		str	r3, [r4, #4]
1160:Drivers/STM32F4xx_HAL_Driver/Src/stm32f4xx_hal_dma.c ****   {
 670              		.loc 1 1160 3 is_stmt 1 view .LVU262
1163:Drivers/STM32F4xx_HAL_Driver/Src/stm32f4xx_hal_dma.c **** 
 671              		.loc 1 1163 5 view .LVU263
1163:Drivers/STM32F4xx_HAL_Driver/Src/stm32f4xx_hal_dma.c **** 
 672              		.loc 1 1163 25 is_stmt 0 view .LVU264
 673 003e 0BBF     		itete	eq
 674 0040 A260     		streq	r2, [r4, #8]
1166:Drivers/STM32F4xx_HAL_Driver/Src/stm32f4xx_hal_dma.c ****   }
 675              		.loc 1 1166 5 is_stmt 1 view .LVU265
1172:Drivers/STM32F4xx_HAL_Driver/Src/stm32f4xx_hal_dma.c **** 
 676              		.loc 1 1172 25 is_stmt 0 view .LVU266
 677 0042 A160     		strne	r1, [r4, #8]
1166:Drivers/STM32F4xx_HAL_Driver/Src/stm32f4xx_hal_dma.c ****   }
ARM GAS  C:\Users\kaush\AppData\Local\Temp\cctTu4Fa.s 			page 39


 678              		.loc 1 1166 26 view .LVU267
 679 0044 E160     		streq	r1, [r4, #12]
1172:Drivers/STM32F4xx_HAL_Driver/Src/stm32f4xx_hal_dma.c **** 
 680              		.loc 1 1172 5 is_stmt 1 view .LVU268
1175:Drivers/STM32F4xx_HAL_Driver/Src/stm32f4xx_hal_dma.c ****   }
 681              		.loc 1 1175 5 view .LVU269
1175:Drivers/STM32F4xx_HAL_Driver/Src/stm32f4xx_hal_dma.c ****   }
 682              		.loc 1 1175 26 is_stmt 0 view .LVU270
 683 0046 E260     		strne	r2, [r4, #12]
 684              	.LVL44:
1175:Drivers/STM32F4xx_HAL_Driver/Src/stm32f4xx_hal_dma.c ****   }
 685              		.loc 1 1175 26 view .LVU271
 686              	.LBE39:
 687              	.LBE38:
 429:Drivers/STM32F4xx_HAL_Driver/Src/stm32f4xx_hal_dma.c ****   }
 688              		.loc 1 429 5 is_stmt 1 view .LVU272
 689 0048 2368     		ldr	r3, [r4]
 690              	.LVL45:
 429:Drivers/STM32F4xx_HAL_Driver/Src/stm32f4xx_hal_dma.c ****   }
 691              		.loc 1 429 5 is_stmt 0 view .LVU273
 692 004a 43F00103 		orr	r3, r3, #1
 409:Drivers/STM32F4xx_HAL_Driver/Src/stm32f4xx_hal_dma.c ****   
 693              		.loc 1 409 21 view .LVU274
 694 004e 0020     		movs	r0, #0
 429:Drivers/STM32F4xx_HAL_Driver/Src/stm32f4xx_hal_dma.c ****   }
 695              		.loc 1 429 5 view .LVU275
 696 0050 2360     		str	r3, [r4]
 697              	.LVL46:
 440:Drivers/STM32F4xx_HAL_Driver/Src/stm32f4xx_hal_dma.c **** 
 698              		.loc 1 440 1 view .LVU276
 699 0052 30BC     		pop	{r4, r5}
 700              	.LCFI6:
 701              		.cfi_restore 5
 702              		.cfi_restore 4
 703              		.cfi_def_cfa_offset 0
 704 0054 7047     		bx	lr
 705              		.cfi_endproc
 706              	.LFE136:
 708 0056 00BF     		.section	.text.HAL_DMA_Start_IT,"ax",%progbits
 709              		.align	1
 710              		.p2align 2,,3
 711              		.global	HAL_DMA_Start_IT
 712              		.syntax unified
 713              		.thumb
 714              		.thumb_func
 716              	HAL_DMA_Start_IT:
 717              	.LVL47:
 718              	.LFB137:
 452:Drivers/STM32F4xx_HAL_Driver/Src/stm32f4xx_hal_dma.c ****   HAL_StatusTypeDef status = HAL_OK;
 719              		.loc 1 452 1 is_stmt 1 view -0
 720              		.cfi_startproc
 721              		@ args = 0, pretend = 0, frame = 0
 722              		@ frame_needed = 0, uses_anonymous_args = 0
 723              		@ link register save eliminated.
 453:Drivers/STM32F4xx_HAL_Driver/Src/stm32f4xx_hal_dma.c **** 
 724              		.loc 1 453 3 view .LVU278
 456:Drivers/STM32F4xx_HAL_Driver/Src/stm32f4xx_hal_dma.c ****   
ARM GAS  C:\Users\kaush\AppData\Local\Temp\cctTu4Fa.s 			page 40


 725              		.loc 1 456 3 view .LVU279
 452:Drivers/STM32F4xx_HAL_Driver/Src/stm32f4xx_hal_dma.c ****   HAL_StatusTypeDef status = HAL_OK;
 726              		.loc 1 452 1 is_stmt 0 view .LVU280
 727 0000 70B4     		push	{r4, r5, r6}
 728              	.LCFI7:
 729              		.cfi_def_cfa_offset 12
 730              		.cfi_offset 4, -12
 731              		.cfi_offset 5, -8
 732              		.cfi_offset 6, -4
 462:Drivers/STM32F4xx_HAL_Driver/Src/stm32f4xx_hal_dma.c ****   
 733              		.loc 1 462 3 view .LVU281
 734 0002 90F83440 		ldrb	r4, [r0, #52]	@ zero_extendqisi2
 456:Drivers/STM32F4xx_HAL_Driver/Src/stm32f4xx_hal_dma.c ****   
 735              		.loc 1 456 56 view .LVU282
 736 0006 856D     		ldr	r5, [r0, #88]
 737              	.LVL48:
 459:Drivers/STM32F4xx_HAL_Driver/Src/stm32f4xx_hal_dma.c ****  
 738              		.loc 1 459 3 is_stmt 1 view .LVU283
 462:Drivers/STM32F4xx_HAL_Driver/Src/stm32f4xx_hal_dma.c ****   
 739              		.loc 1 462 3 view .LVU284
 462:Drivers/STM32F4xx_HAL_Driver/Src/stm32f4xx_hal_dma.c ****   
 740              		.loc 1 462 3 view .LVU285
 741 0008 012C     		cmp	r4, #1
 742 000a 0AD0     		beq	.L68
 462:Drivers/STM32F4xx_HAL_Driver/Src/stm32f4xx_hal_dma.c ****   
 743              		.loc 1 462 3 discriminator 2 view .LVU286
 464:Drivers/STM32F4xx_HAL_Driver/Src/stm32f4xx_hal_dma.c ****   {
 744              		.loc 1 464 33 is_stmt 0 view .LVU287
 745 000c 90F83540 		ldrb	r4, [r0, #53]	@ zero_extendqisi2
 462:Drivers/STM32F4xx_HAL_Driver/Src/stm32f4xx_hal_dma.c ****   
 746              		.loc 1 462 3 discriminator 2 view .LVU288
 747 0010 4FF0010C 		mov	ip, #1
 464:Drivers/STM32F4xx_HAL_Driver/Src/stm32f4xx_hal_dma.c ****   {
 748              		.loc 1 464 5 view .LVU289
 749 0014 6445     		cmp	r4, ip
 462:Drivers/STM32F4xx_HAL_Driver/Src/stm32f4xx_hal_dma.c ****   
 750              		.loc 1 462 3 discriminator 2 view .LVU290
 751 0016 80F834C0 		strb	ip, [r0, #52]
 462:Drivers/STM32F4xx_HAL_Driver/Src/stm32f4xx_hal_dma.c ****   
 752              		.loc 1 462 3 is_stmt 1 discriminator 2 view .LVU291
 464:Drivers/STM32F4xx_HAL_Driver/Src/stm32f4xx_hal_dma.c ****   {
 753              		.loc 1 464 3 view .LVU292
 464:Drivers/STM32F4xx_HAL_Driver/Src/stm32f4xx_hal_dma.c ****   {
 754              		.loc 1 464 5 is_stmt 0 view .LVU293
 755 001a 05D0     		beq	.L81
 492:Drivers/STM32F4xx_HAL_Driver/Src/stm32f4xx_hal_dma.c ****     
 756              		.loc 1 492 5 is_stmt 1 view .LVU294
 492:Drivers/STM32F4xx_HAL_Driver/Src/stm32f4xx_hal_dma.c ****     
 757              		.loc 1 492 5 view .LVU295
 758 001c 0023     		movs	r3, #0
 759              	.LVL49:
 492:Drivers/STM32F4xx_HAL_Driver/Src/stm32f4xx_hal_dma.c ****     
 760              		.loc 1 492 5 is_stmt 0 view .LVU296
 761 001e 80F83430 		strb	r3, [r0, #52]
 492:Drivers/STM32F4xx_HAL_Driver/Src/stm32f4xx_hal_dma.c ****     
 762              		.loc 1 492 5 is_stmt 1 view .LVU297
 495:Drivers/STM32F4xx_HAL_Driver/Src/stm32f4xx_hal_dma.c ****   }
ARM GAS  C:\Users\kaush\AppData\Local\Temp\cctTu4Fa.s 			page 41


 763              		.loc 1 495 5 view .LVU298
 764              	.LVL50:
 765              	.L68:
 462:Drivers/STM32F4xx_HAL_Driver/Src/stm32f4xx_hal_dma.c ****   
 766              		.loc 1 462 3 is_stmt 0 discriminator 1 view .LVU299
 767 0022 0220     		movs	r0, #2
 768              	.LVL51:
 499:Drivers/STM32F4xx_HAL_Driver/Src/stm32f4xx_hal_dma.c **** 
 769              		.loc 1 499 1 view .LVU300
 770 0024 70BC     		pop	{r4, r5, r6}
 771              	.LCFI8:
 772              		.cfi_remember_state
 773              		.cfi_restore 6
 774              		.cfi_restore 5
 775              		.cfi_restore 4
 776              		.cfi_def_cfa_offset 0
 777              	.LVL52:
 499:Drivers/STM32F4xx_HAL_Driver/Src/stm32f4xx_hal_dma.c **** 
 778              		.loc 1 499 1 view .LVU301
 779 0026 7047     		bx	lr
 780              	.LVL53:
 781              	.L81:
 782              	.LCFI9:
 783              		.cfi_restore_state
 467:Drivers/STM32F4xx_HAL_Driver/Src/stm32f4xx_hal_dma.c ****     
 784              		.loc 1 467 5 is_stmt 1 view .LVU302
 467:Drivers/STM32F4xx_HAL_Driver/Src/stm32f4xx_hal_dma.c ****     
 785              		.loc 1 467 17 is_stmt 0 view .LVU303
 786 0028 0226     		movs	r6, #2
 787 002a 80F83560 		strb	r6, [r0, #53]
 470:Drivers/STM32F4xx_HAL_Driver/Src/stm32f4xx_hal_dma.c ****     
 788              		.loc 1 470 5 is_stmt 1 view .LVU304
 789              	.LBB40:
 790              	.LBB41:
1154:Drivers/STM32F4xx_HAL_Driver/Src/stm32f4xx_hal_dma.c **** 
 791              		.loc 1 1154 7 is_stmt 0 view .LVU305
 792 002e 0468     		ldr	r4, [r0]
 793              	.LBE41:
 794              	.LBE40:
 470:Drivers/STM32F4xx_HAL_Driver/Src/stm32f4xx_hal_dma.c ****     
 795              		.loc 1 470 21 view .LVU306
 796 0030 0026     		movs	r6, #0
 797 0032 4665     		str	r6, [r0, #84]
 473:Drivers/STM32F4xx_HAL_Driver/Src/stm32f4xx_hal_dma.c ****     
 798              		.loc 1 473 5 is_stmt 1 view .LVU307
 799              	.LVL54:
 800              	.LBB44:
 801              	.LBI40:
1151:Drivers/STM32F4xx_HAL_Driver/Src/stm32f4xx_hal_dma.c **** {
 802              		.loc 1 1151 13 view .LVU308
 803              	.LBB42:
1154:Drivers/STM32F4xx_HAL_Driver/Src/stm32f4xx_hal_dma.c **** 
 804              		.loc 1 1154 3 view .LVU309
1154:Drivers/STM32F4xx_HAL_Driver/Src/stm32f4xx_hal_dma.c **** 
 805              		.loc 1 1154 17 is_stmt 0 view .LVU310
 806 0034 2668     		ldr	r6, [r4]
1154:Drivers/STM32F4xx_HAL_Driver/Src/stm32f4xx_hal_dma.c **** 
ARM GAS  C:\Users\kaush\AppData\Local\Temp\cctTu4Fa.s 			page 42


 807              		.loc 1 1154 22 view .LVU311
 808 0036 26F48026 		bic	r6, r6, #262144
 809 003a 2660     		str	r6, [r4]
1157:Drivers/STM32F4xx_HAL_Driver/Src/stm32f4xx_hal_dma.c **** 
 810              		.loc 1 1157 3 is_stmt 1 view .LVU312
1157:Drivers/STM32F4xx_HAL_Driver/Src/stm32f4xx_hal_dma.c **** 
 811              		.loc 1 1157 24 is_stmt 0 view .LVU313
 812 003c 6360     		str	r3, [r4, #4]
1160:Drivers/STM32F4xx_HAL_Driver/Src/stm32f4xx_hal_dma.c ****   {
 813              		.loc 1 1160 3 is_stmt 1 view .LVU314
1160:Drivers/STM32F4xx_HAL_Driver/Src/stm32f4xx_hal_dma.c ****   {
 814              		.loc 1 1160 5 is_stmt 0 view .LVU315
 815 003e 8368     		ldr	r3, [r0, #8]
 816              	.LVL55:
1160:Drivers/STM32F4xx_HAL_Driver/Src/stm32f4xx_hal_dma.c ****   {
 817              		.loc 1 1160 5 view .LVU316
 818 0040 402B     		cmp	r3, #64
1163:Drivers/STM32F4xx_HAL_Driver/Src/stm32f4xx_hal_dma.c **** 
 819              		.loc 1 1163 5 is_stmt 1 view .LVU317
1163:Drivers/STM32F4xx_HAL_Driver/Src/stm32f4xx_hal_dma.c **** 
 820              		.loc 1 1163 25 is_stmt 0 view .LVU318
 821 0042 0EBF     		itee	eq
 822 0044 A260     		streq	r2, [r4, #8]
1166:Drivers/STM32F4xx_HAL_Driver/Src/stm32f4xx_hal_dma.c ****   }
 823              		.loc 1 1166 5 is_stmt 1 view .LVU319
1172:Drivers/STM32F4xx_HAL_Driver/Src/stm32f4xx_hal_dma.c **** 
 824              		.loc 1 1172 25 is_stmt 0 view .LVU320
 825 0046 A160     		strne	r1, [r4, #8]
1175:Drivers/STM32F4xx_HAL_Driver/Src/stm32f4xx_hal_dma.c ****   }
 826              		.loc 1 1175 26 view .LVU321
 827 0048 E260     		strne	r2, [r4, #12]
 828              	.LBE42:
 829              	.LBE44:
 476:Drivers/STM32F4xx_HAL_Driver/Src/stm32f4xx_hal_dma.c ****     
 830              		.loc 1 476 24 view .LVU322
 831 004a C26D     		ldr	r2, [r0, #92]
 832              	.LVL56:
 833              	.LBB45:
 834              	.LBB43:
1166:Drivers/STM32F4xx_HAL_Driver/Src/stm32f4xx_hal_dma.c ****   }
 835              		.loc 1 1166 26 view .LVU323
 836 004c 08BF     		it	eq
 837 004e E160     		streq	r1, [r4, #12]
1172:Drivers/STM32F4xx_HAL_Driver/Src/stm32f4xx_hal_dma.c **** 
 838              		.loc 1 1172 5 is_stmt 1 view .LVU324
1175:Drivers/STM32F4xx_HAL_Driver/Src/stm32f4xx_hal_dma.c ****   }
 839              		.loc 1 1175 5 view .LVU325
 840              	.LVL57:
1175:Drivers/STM32F4xx_HAL_Driver/Src/stm32f4xx_hal_dma.c ****   }
 841              		.loc 1 1175 5 is_stmt 0 view .LVU326
 842              	.LBE43:
 843              	.LBE45:
 476:Drivers/STM32F4xx_HAL_Driver/Src/stm32f4xx_hal_dma.c ****     
 844              		.loc 1 476 5 is_stmt 1 view .LVU327
 476:Drivers/STM32F4xx_HAL_Driver/Src/stm32f4xx_hal_dma.c ****     
 845              		.loc 1 476 24 is_stmt 0 view .LVU328
 846 0050 3F23     		movs	r3, #63
ARM GAS  C:\Users\kaush\AppData\Local\Temp\cctTu4Fa.s 			page 43


 847 0052 9340     		lsls	r3, r3, r2
 476:Drivers/STM32F4xx_HAL_Driver/Src/stm32f4xx_hal_dma.c ****     
 848              		.loc 1 476 16 view .LVU329
 849 0054 AB60     		str	r3, [r5, #8]
 850              	.LVL58:
 479:Drivers/STM32F4xx_HAL_Driver/Src/stm32f4xx_hal_dma.c ****     
 851              		.loc 1 479 5 is_stmt 1 view .LVU330
 479:Drivers/STM32F4xx_HAL_Driver/Src/stm32f4xx_hal_dma.c ****     
 852              		.loc 1 479 19 is_stmt 0 view .LVU331
 853 0056 2368     		ldr	r3, [r4]
 481:Drivers/STM32F4xx_HAL_Driver/Src/stm32f4xx_hal_dma.c ****     {
 854              		.loc 1 481 7 view .LVU332
 855 0058 026C     		ldr	r2, [r0, #64]
 479:Drivers/STM32F4xx_HAL_Driver/Src/stm32f4xx_hal_dma.c ****     
 856              		.loc 1 479 25 view .LVU333
 857 005a 43F01603 		orr	r3, r3, #22
 858 005e 2360     		str	r3, [r4]
 481:Drivers/STM32F4xx_HAL_Driver/Src/stm32f4xx_hal_dma.c ****     {
 859              		.loc 1 481 5 is_stmt 1 view .LVU334
 481:Drivers/STM32F4xx_HAL_Driver/Src/stm32f4xx_hal_dma.c ****     {
 860              		.loc 1 481 7 is_stmt 0 view .LVU335
 861 0060 1AB1     		cbz	r2, .L72
 483:Drivers/STM32F4xx_HAL_Driver/Src/stm32f4xx_hal_dma.c ****     }
 862              		.loc 1 483 7 is_stmt 1 view .LVU336
 483:Drivers/STM32F4xx_HAL_Driver/Src/stm32f4xx_hal_dma.c ****     }
 863              		.loc 1 483 21 is_stmt 0 view .LVU337
 864 0062 2368     		ldr	r3, [r4]
 483:Drivers/STM32F4xx_HAL_Driver/Src/stm32f4xx_hal_dma.c ****     }
 865              		.loc 1 483 27 view .LVU338
 866 0064 43F00803 		orr	r3, r3, #8
 867 0068 2360     		str	r3, [r4]
 868              	.L72:
 487:Drivers/STM32F4xx_HAL_Driver/Src/stm32f4xx_hal_dma.c ****   }
 869              		.loc 1 487 5 is_stmt 1 view .LVU339
 870 006a 2368     		ldr	r3, [r4]
 871 006c 43F00103 		orr	r3, r3, #1
 453:Drivers/STM32F4xx_HAL_Driver/Src/stm32f4xx_hal_dma.c **** 
 872              		.loc 1 453 21 is_stmt 0 view .LVU340
 873 0070 0020     		movs	r0, #0
 874              	.LVL59:
 487:Drivers/STM32F4xx_HAL_Driver/Src/stm32f4xx_hal_dma.c ****   }
 875              		.loc 1 487 5 view .LVU341
 876 0072 2360     		str	r3, [r4]
 877              	.LVL60:
 499:Drivers/STM32F4xx_HAL_Driver/Src/stm32f4xx_hal_dma.c **** 
 878              		.loc 1 499 1 view .LVU342
 879 0074 70BC     		pop	{r4, r5, r6}
 880              	.LCFI10:
 881              		.cfi_restore 6
 882              		.cfi_restore 5
 883              		.cfi_restore 4
 884              		.cfi_def_cfa_offset 0
 885              	.LVL61:
 499:Drivers/STM32F4xx_HAL_Driver/Src/stm32f4xx_hal_dma.c **** 
 886              		.loc 1 499 1 view .LVU343
 887 0076 7047     		bx	lr
 888              		.cfi_endproc
ARM GAS  C:\Users\kaush\AppData\Local\Temp\cctTu4Fa.s 			page 44


 889              	.LFE137:
 891              		.section	.text.HAL_DMA_Abort,"ax",%progbits
 892              		.align	1
 893              		.p2align 2,,3
 894              		.global	HAL_DMA_Abort
 895              		.syntax unified
 896              		.thumb
 897              		.thumb_func
 899              	HAL_DMA_Abort:
 900              	.LVL62:
 901              	.LFB138:
 514:Drivers/STM32F4xx_HAL_Driver/Src/stm32f4xx_hal_dma.c ****   /* calculate DMA base and stream number */
 902              		.loc 1 514 1 is_stmt 1 view -0
 903              		.cfi_startproc
 904              		@ args = 0, pretend = 0, frame = 0
 905              		@ frame_needed = 0, uses_anonymous_args = 0
 516:Drivers/STM32F4xx_HAL_Driver/Src/stm32f4xx_hal_dma.c ****   
 906              		.loc 1 516 3 view .LVU345
 514:Drivers/STM32F4xx_HAL_Driver/Src/stm32f4xx_hal_dma.c ****   /* calculate DMA base and stream number */
 907              		.loc 1 514 1 is_stmt 0 view .LVU346
 908 0000 70B5     		push	{r4, r5, r6, lr}
 909              	.LCFI11:
 910              		.cfi_def_cfa_offset 16
 911              		.cfi_offset 4, -16
 912              		.cfi_offset 5, -12
 913              		.cfi_offset 6, -8
 914              		.cfi_offset 14, -4
 514:Drivers/STM32F4xx_HAL_Driver/Src/stm32f4xx_hal_dma.c ****   /* calculate DMA base and stream number */
 915              		.loc 1 514 1 view .LVU347
 916 0002 0446     		mov	r4, r0
 516:Drivers/STM32F4xx_HAL_Driver/Src/stm32f4xx_hal_dma.c ****   
 917              		.loc 1 516 56 view .LVU348
 918 0004 866D     		ldr	r6, [r0, #88]
 919              	.LVL63:
 518:Drivers/STM32F4xx_HAL_Driver/Src/stm32f4xx_hal_dma.c ****   
 920              		.loc 1 518 3 is_stmt 1 view .LVU349
 518:Drivers/STM32F4xx_HAL_Driver/Src/stm32f4xx_hal_dma.c ****   
 921              		.loc 1 518 24 is_stmt 0 view .LVU350
 922 0006 FFF7FEFF 		bl	HAL_GetTick
 923              	.LVL64:
 520:Drivers/STM32F4xx_HAL_Driver/Src/stm32f4xx_hal_dma.c ****   {
 924              		.loc 1 520 3 is_stmt 1 view .LVU351
 520:Drivers/STM32F4xx_HAL_Driver/Src/stm32f4xx_hal_dma.c ****   {
 925              		.loc 1 520 10 is_stmt 0 view .LVU352
 926 000a 94F83530 		ldrb	r3, [r4, #53]	@ zero_extendqisi2
 520:Drivers/STM32F4xx_HAL_Driver/Src/stm32f4xx_hal_dma.c ****   {
 927              		.loc 1 520 5 view .LVU353
 928 000e 022B     		cmp	r3, #2
 929 0010 06D0     		beq	.L83
 522:Drivers/STM32F4xx_HAL_Driver/Src/stm32f4xx_hal_dma.c ****     
 930              		.loc 1 522 5 is_stmt 1 view .LVU354
 522:Drivers/STM32F4xx_HAL_Driver/Src/stm32f4xx_hal_dma.c ****     
 931              		.loc 1 522 21 is_stmt 0 view .LVU355
 932 0012 8023     		movs	r3, #128
 933 0014 6365     		str	r3, [r4, #84]
 525:Drivers/STM32F4xx_HAL_Driver/Src/stm32f4xx_hal_dma.c ****     
 934              		.loc 1 525 5 is_stmt 1 view .LVU356
ARM GAS  C:\Users\kaush\AppData\Local\Temp\cctTu4Fa.s 			page 45


 525:Drivers/STM32F4xx_HAL_Driver/Src/stm32f4xx_hal_dma.c ****     
 935              		.loc 1 525 5 view .LVU357
 525:Drivers/STM32F4xx_HAL_Driver/Src/stm32f4xx_hal_dma.c ****     
 936              		.loc 1 525 5 view .LVU358
 527:Drivers/STM32F4xx_HAL_Driver/Src/stm32f4xx_hal_dma.c ****   }
 937              		.loc 1 527 5 view .LVU359
 525:Drivers/STM32F4xx_HAL_Driver/Src/stm32f4xx_hal_dma.c ****     
 938              		.loc 1 525 5 is_stmt 0 view .LVU360
 939 0016 0023     		movs	r3, #0
 940 0018 84F83430 		strb	r3, [r4, #52]
 527:Drivers/STM32F4xx_HAL_Driver/Src/stm32f4xx_hal_dma.c ****   }
 941              		.loc 1 527 12 view .LVU361
 942 001c 0120     		movs	r0, #1
 943              	.LVL65:
 572:Drivers/STM32F4xx_HAL_Driver/Src/stm32f4xx_hal_dma.c **** 
 944              		.loc 1 572 1 view .LVU362
 945 001e 70BD     		pop	{r4, r5, r6, pc}
 946              	.LVL66:
 947              	.L83:
 532:Drivers/STM32F4xx_HAL_Driver/Src/stm32f4xx_hal_dma.c ****     hdma->Instance->FCR &= ~(DMA_IT_FE);
 948              		.loc 1 532 5 is_stmt 1 view .LVU363
 532:Drivers/STM32F4xx_HAL_Driver/Src/stm32f4xx_hal_dma.c ****     hdma->Instance->FCR &= ~(DMA_IT_FE);
 949              		.loc 1 532 9 is_stmt 0 view .LVU364
 950 0020 2368     		ldr	r3, [r4]
 532:Drivers/STM32F4xx_HAL_Driver/Src/stm32f4xx_hal_dma.c ****     hdma->Instance->FCR &= ~(DMA_IT_FE);
 951              		.loc 1 532 19 view .LVU365
 952 0022 1A68     		ldr	r2, [r3]
 532:Drivers/STM32F4xx_HAL_Driver/Src/stm32f4xx_hal_dma.c ****     hdma->Instance->FCR &= ~(DMA_IT_FE);
 953              		.loc 1 532 25 view .LVU366
 954 0024 22F01602 		bic	r2, r2, #22
 955 0028 1A60     		str	r2, [r3]
 533:Drivers/STM32F4xx_HAL_Driver/Src/stm32f4xx_hal_dma.c ****     
 956              		.loc 1 533 5 is_stmt 1 view .LVU367
 533:Drivers/STM32F4xx_HAL_Driver/Src/stm32f4xx_hal_dma.c ****     
 957              		.loc 1 533 19 is_stmt 0 view .LVU368
 958 002a 5A69     		ldr	r2, [r3, #20]
 533:Drivers/STM32F4xx_HAL_Driver/Src/stm32f4xx_hal_dma.c ****     
 959              		.loc 1 533 25 view .LVU369
 960 002c 22F08002 		bic	r2, r2, #128
 961 0030 5A61     		str	r2, [r3, #20]
 535:Drivers/STM32F4xx_HAL_Driver/Src/stm32f4xx_hal_dma.c ****     {
 962              		.loc 1 535 5 is_stmt 1 view .LVU370
 535:Drivers/STM32F4xx_HAL_Driver/Src/stm32f4xx_hal_dma.c ****     {
 963              		.loc 1 535 7 is_stmt 0 view .LVU371
 964 0032 226C     		ldr	r2, [r4, #64]
 965 0034 0546     		mov	r5, r0
 966 0036 42B3     		cbz	r2, .L94
 967              	.L85:
 537:Drivers/STM32F4xx_HAL_Driver/Src/stm32f4xx_hal_dma.c ****     }
 968              		.loc 1 537 7 is_stmt 1 view .LVU372
 537:Drivers/STM32F4xx_HAL_Driver/Src/stm32f4xx_hal_dma.c ****     }
 969              		.loc 1 537 21 is_stmt 0 view .LVU373
 970 0038 1A68     		ldr	r2, [r3]
 537:Drivers/STM32F4xx_HAL_Driver/Src/stm32f4xx_hal_dma.c ****     }
 971              		.loc 1 537 27 view .LVU374
 972 003a 22F00802 		bic	r2, r2, #8
 973 003e 1A60     		str	r2, [r3]
ARM GAS  C:\Users\kaush\AppData\Local\Temp\cctTu4Fa.s 			page 46


 974              	.L86:
 541:Drivers/STM32F4xx_HAL_Driver/Src/stm32f4xx_hal_dma.c ****     
 975              		.loc 1 541 5 is_stmt 1 view .LVU375
 976 0040 1A68     		ldr	r2, [r3]
 977 0042 22F00102 		bic	r2, r2, #1
 978 0046 1A60     		str	r2, [r3]
 544:Drivers/STM32F4xx_HAL_Driver/Src/stm32f4xx_hal_dma.c ****     {
 979              		.loc 1 544 5 view .LVU376
 544:Drivers/STM32F4xx_HAL_Driver/Src/stm32f4xx_hal_dma.c ****     {
 980              		.loc 1 544 10 is_stmt 0 view .LVU377
 981 0048 05E0     		b	.L87
 982              	.LVL67:
 983              	.L89:
 547:Drivers/STM32F4xx_HAL_Driver/Src/stm32f4xx_hal_dma.c ****       {
 984              		.loc 1 547 11 view .LVU378
 985 004a FFF7FEFF 		bl	HAL_GetTick
 986              	.LVL68:
 547:Drivers/STM32F4xx_HAL_Driver/Src/stm32f4xx_hal_dma.c ****       {
 987              		.loc 1 547 25 discriminator 1 view .LVU379
 988 004e 431B     		subs	r3, r0, r5
 547:Drivers/STM32F4xx_HAL_Driver/Src/stm32f4xx_hal_dma.c ****       {
 989              		.loc 1 547 9 discriminator 1 view .LVU380
 990 0050 052B     		cmp	r3, #5
 991 0052 10D8     		bhi	.L95
 544:Drivers/STM32F4xx_HAL_Driver/Src/stm32f4xx_hal_dma.c ****     {
 992              		.loc 1 544 16 view .LVU381
 993 0054 2368     		ldr	r3, [r4]
 994              	.L87:
 547:Drivers/STM32F4xx_HAL_Driver/Src/stm32f4xx_hal_dma.c ****       {
 995              		.loc 1 547 7 is_stmt 1 view .LVU382
 544:Drivers/STM32F4xx_HAL_Driver/Src/stm32f4xx_hal_dma.c ****     {
 996              		.loc 1 544 46 view .LVU383
 544:Drivers/STM32F4xx_HAL_Driver/Src/stm32f4xx_hal_dma.c ****     {
 997              		.loc 1 544 26 is_stmt 0 view .LVU384
 998 0056 1B68     		ldr	r3, [r3]
 544:Drivers/STM32F4xx_HAL_Driver/Src/stm32f4xx_hal_dma.c ****     {
 999              		.loc 1 544 46 view .LVU385
 1000 0058 13F00103 		ands	r3, r3, #1
 1001 005c F5D1     		bne	.L89
 563:Drivers/STM32F4xx_HAL_Driver/Src/stm32f4xx_hal_dma.c ****     
 1002              		.loc 1 563 5 is_stmt 1 view .LVU386
 563:Drivers/STM32F4xx_HAL_Driver/Src/stm32f4xx_hal_dma.c ****     
 1003              		.loc 1 563 24 is_stmt 0 view .LVU387
 1004 005e E16D     		ldr	r1, [r4, #92]
 1005 0060 3F22     		movs	r2, #63
 1006 0062 8A40     		lsls	r2, r2, r1
 571:Drivers/STM32F4xx_HAL_Driver/Src/stm32f4xx_hal_dma.c **** }
 1007              		.loc 1 571 10 view .LVU388
 1008 0064 1846     		mov	r0, r3
 566:Drivers/STM32F4xx_HAL_Driver/Src/stm32f4xx_hal_dma.c ****     
 1009              		.loc 1 566 17 view .LVU389
 1010 0066 0121     		movs	r1, #1
 525:Drivers/STM32F4xx_HAL_Driver/Src/stm32f4xx_hal_dma.c ****     
 1011              		.loc 1 525 5 view .LVU390
 1012 0068 0023     		movs	r3, #0
 563:Drivers/STM32F4xx_HAL_Driver/Src/stm32f4xx_hal_dma.c ****     
 1013              		.loc 1 563 16 view .LVU391
ARM GAS  C:\Users\kaush\AppData\Local\Temp\cctTu4Fa.s 			page 47


 1014 006a B260     		str	r2, [r6, #8]
 566:Drivers/STM32F4xx_HAL_Driver/Src/stm32f4xx_hal_dma.c ****     
 1015              		.loc 1 566 5 is_stmt 1 view .LVU392
 566:Drivers/STM32F4xx_HAL_Driver/Src/stm32f4xx_hal_dma.c ****     
 1016              		.loc 1 566 17 is_stmt 0 view .LVU393
 1017 006c 84F83510 		strb	r1, [r4, #53]
 569:Drivers/STM32F4xx_HAL_Driver/Src/stm32f4xx_hal_dma.c ****   }
 1018              		.loc 1 569 5 is_stmt 1 view .LVU394
 569:Drivers/STM32F4xx_HAL_Driver/Src/stm32f4xx_hal_dma.c ****   }
 1019              		.loc 1 569 5 view .LVU395
 569:Drivers/STM32F4xx_HAL_Driver/Src/stm32f4xx_hal_dma.c ****   }
 1020              		.loc 1 569 5 view .LVU396
 571:Drivers/STM32F4xx_HAL_Driver/Src/stm32f4xx_hal_dma.c **** }
 1021              		.loc 1 571 3 view .LVU397
 525:Drivers/STM32F4xx_HAL_Driver/Src/stm32f4xx_hal_dma.c ****     
 1022              		.loc 1 525 5 is_stmt 0 view .LVU398
 1023 0070 84F83430 		strb	r3, [r4, #52]
 572:Drivers/STM32F4xx_HAL_Driver/Src/stm32f4xx_hal_dma.c **** 
 1024              		.loc 1 572 1 view .LVU399
 1025 0074 70BD     		pop	{r4, r5, r6, pc}
 1026              	.LVL69:
 1027              	.L95:
 550:Drivers/STM32F4xx_HAL_Driver/Src/stm32f4xx_hal_dma.c ****         
 1028              		.loc 1 550 9 is_stmt 1 view .LVU400
 553:Drivers/STM32F4xx_HAL_Driver/Src/stm32f4xx_hal_dma.c ****         
 1029              		.loc 1 553 21 is_stmt 0 view .LVU401
 1030 0076 0323     		movs	r3, #3
 550:Drivers/STM32F4xx_HAL_Driver/Src/stm32f4xx_hal_dma.c ****         
 1031              		.loc 1 550 25 view .LVU402
 1032 0078 2022     		movs	r2, #32
 1033 007a 6265     		str	r2, [r4, #84]
 553:Drivers/STM32F4xx_HAL_Driver/Src/stm32f4xx_hal_dma.c ****         
 1034              		.loc 1 553 9 is_stmt 1 view .LVU403
 558:Drivers/STM32F4xx_HAL_Driver/Src/stm32f4xx_hal_dma.c ****       }
 1035              		.loc 1 558 16 is_stmt 0 view .LVU404
 1036 007c 1846     		mov	r0, r3
 553:Drivers/STM32F4xx_HAL_Driver/Src/stm32f4xx_hal_dma.c ****         
 1037              		.loc 1 553 21 view .LVU405
 1038 007e 84F83530 		strb	r3, [r4, #53]
 556:Drivers/STM32F4xx_HAL_Driver/Src/stm32f4xx_hal_dma.c ****         
 1039              		.loc 1 556 9 is_stmt 1 view .LVU406
 556:Drivers/STM32F4xx_HAL_Driver/Src/stm32f4xx_hal_dma.c ****         
 1040              		.loc 1 556 9 view .LVU407
 556:Drivers/STM32F4xx_HAL_Driver/Src/stm32f4xx_hal_dma.c ****         
 1041              		.loc 1 556 9 view .LVU408
 558:Drivers/STM32F4xx_HAL_Driver/Src/stm32f4xx_hal_dma.c ****       }
 1042              		.loc 1 558 9 view .LVU409
 525:Drivers/STM32F4xx_HAL_Driver/Src/stm32f4xx_hal_dma.c ****     
 1043              		.loc 1 525 5 is_stmt 0 view .LVU410
 1044 0082 0023     		movs	r3, #0
 1045 0084 84F83430 		strb	r3, [r4, #52]
 572:Drivers/STM32F4xx_HAL_Driver/Src/stm32f4xx_hal_dma.c **** 
 1046              		.loc 1 572 1 view .LVU411
 1047 0088 70BD     		pop	{r4, r5, r6, pc}
 1048              	.LVL70:
 1049              	.L94:
 535:Drivers/STM32F4xx_HAL_Driver/Src/stm32f4xx_hal_dma.c ****     {
ARM GAS  C:\Users\kaush\AppData\Local\Temp\cctTu4Fa.s 			page 48


 1050              		.loc 1 535 45 discriminator 1 view .LVU412
 1051 008a A26C     		ldr	r2, [r4, #72]
 1052 008c 002A     		cmp	r2, #0
 1053 008e D3D1     		bne	.L85
 1054 0090 D6E7     		b	.L86
 1055              		.cfi_endproc
 1056              	.LFE138:
 1058 0092 00BF     		.section	.text.HAL_DMA_Abort_IT,"ax",%progbits
 1059              		.align	1
 1060              		.p2align 2,,3
 1061              		.global	HAL_DMA_Abort_IT
 1062              		.syntax unified
 1063              		.thumb
 1064              		.thumb_func
 1066              	HAL_DMA_Abort_IT:
 1067              	.LVL71:
 1068              	.LFB139:
 581:Drivers/STM32F4xx_HAL_Driver/Src/stm32f4xx_hal_dma.c ****   if(hdma->State != HAL_DMA_STATE_BUSY)
 1069              		.loc 1 581 1 is_stmt 1 view -0
 1070              		.cfi_startproc
 1071              		@ args = 0, pretend = 0, frame = 0
 1072              		@ frame_needed = 0, uses_anonymous_args = 0
 1073              		@ link register save eliminated.
 582:Drivers/STM32F4xx_HAL_Driver/Src/stm32f4xx_hal_dma.c ****   {
 1074              		.loc 1 582 3 view .LVU414
 582:Drivers/STM32F4xx_HAL_Driver/Src/stm32f4xx_hal_dma.c ****   {
 1075              		.loc 1 582 10 is_stmt 0 view .LVU415
 1076 0000 90F83530 		ldrb	r3, [r0, #53]	@ zero_extendqisi2
 582:Drivers/STM32F4xx_HAL_Driver/Src/stm32f4xx_hal_dma.c ****   {
 1077              		.loc 1 582 5 view .LVU416
 1078 0004 022B     		cmp	r3, #2
 1079 0006 03D0     		beq	.L97
 584:Drivers/STM32F4xx_HAL_Driver/Src/stm32f4xx_hal_dma.c ****     return HAL_ERROR;
 1080              		.loc 1 584 5 is_stmt 1 view .LVU417
 584:Drivers/STM32F4xx_HAL_Driver/Src/stm32f4xx_hal_dma.c ****     return HAL_ERROR;
 1081              		.loc 1 584 21 is_stmt 0 view .LVU418
 1082 0008 8023     		movs	r3, #128
 1083 000a 4365     		str	r3, [r0, #84]
 585:Drivers/STM32F4xx_HAL_Driver/Src/stm32f4xx_hal_dma.c ****   }
 1084              		.loc 1 585 5 is_stmt 1 view .LVU419
 585:Drivers/STM32F4xx_HAL_Driver/Src/stm32f4xx_hal_dma.c ****   }
 1085              		.loc 1 585 12 is_stmt 0 view .LVU420
 1086 000c 0120     		movs	r0, #1
 1087              	.LVL72:
 585:Drivers/STM32F4xx_HAL_Driver/Src/stm32f4xx_hal_dma.c ****   }
 1088              		.loc 1 585 12 view .LVU421
 1089 000e 7047     		bx	lr
 1090              	.LVL73:
 1091              	.L97:
 590:Drivers/STM32F4xx_HAL_Driver/Src/stm32f4xx_hal_dma.c ****     
 1092              		.loc 1 590 5 is_stmt 1 view .LVU422
 593:Drivers/STM32F4xx_HAL_Driver/Src/stm32f4xx_hal_dma.c ****   }
 1093              		.loc 1 593 5 is_stmt 0 view .LVU423
 1094 0010 0268     		ldr	r2, [r0]
 590:Drivers/STM32F4xx_HAL_Driver/Src/stm32f4xx_hal_dma.c ****     
 1095              		.loc 1 590 17 view .LVU424
 1096 0012 0523     		movs	r3, #5
ARM GAS  C:\Users\kaush\AppData\Local\Temp\cctTu4Fa.s 			page 49


 1097 0014 80F83530 		strb	r3, [r0, #53]
 593:Drivers/STM32F4xx_HAL_Driver/Src/stm32f4xx_hal_dma.c ****   }
 1098              		.loc 1 593 5 is_stmt 1 view .LVU425
 1099 0018 1368     		ldr	r3, [r2]
 1100 001a 23F00103 		bic	r3, r3, #1
 596:Drivers/STM32F4xx_HAL_Driver/Src/stm32f4xx_hal_dma.c **** }
 1101              		.loc 1 596 10 is_stmt 0 view .LVU426
 1102 001e 0020     		movs	r0, #0
 1103              	.LVL74:
 593:Drivers/STM32F4xx_HAL_Driver/Src/stm32f4xx_hal_dma.c ****   }
 1104              		.loc 1 593 5 view .LVU427
 1105 0020 1360     		str	r3, [r2]
 596:Drivers/STM32F4xx_HAL_Driver/Src/stm32f4xx_hal_dma.c **** }
 1106              		.loc 1 596 3 is_stmt 1 view .LVU428
 597:Drivers/STM32F4xx_HAL_Driver/Src/stm32f4xx_hal_dma.c **** 
 1107              		.loc 1 597 1 is_stmt 0 view .LVU429
 1108 0022 7047     		bx	lr
 1109              		.cfi_endproc
 1110              	.LFE139:
 1112              		.section	.text.HAL_DMA_PollForTransfer,"ax",%progbits
 1113              		.align	1
 1114              		.p2align 2,,3
 1115              		.global	HAL_DMA_PollForTransfer
 1116              		.syntax unified
 1117              		.thumb
 1118              		.thumb_func
 1120              	HAL_DMA_PollForTransfer:
 1121              	.LVL75:
 1122              	.LFB140:
 611:Drivers/STM32F4xx_HAL_Driver/Src/stm32f4xx_hal_dma.c ****   HAL_StatusTypeDef status = HAL_OK; 
 1123              		.loc 1 611 1 is_stmt 1 view -0
 1124              		.cfi_startproc
 1125              		@ args = 0, pretend = 0, frame = 8
 1126              		@ frame_needed = 0, uses_anonymous_args = 0
 612:Drivers/STM32F4xx_HAL_Driver/Src/stm32f4xx_hal_dma.c ****   uint32_t mask_cpltlevel;
 1127              		.loc 1 612 3 view .LVU431
 613:Drivers/STM32F4xx_HAL_Driver/Src/stm32f4xx_hal_dma.c ****   uint32_t tickstart = HAL_GetTick(); 
 1128              		.loc 1 613 3 view .LVU432
 614:Drivers/STM32F4xx_HAL_Driver/Src/stm32f4xx_hal_dma.c ****   uint32_t tmpisr;
 1129              		.loc 1 614 3 view .LVU433
 611:Drivers/STM32F4xx_HAL_Driver/Src/stm32f4xx_hal_dma.c ****   HAL_StatusTypeDef status = HAL_OK; 
 1130              		.loc 1 611 1 is_stmt 0 view .LVU434
 1131 0000 2DE9F04F 		push	{r4, r5, r6, r7, r8, r9, r10, fp, lr}
 1132              	.LCFI12:
 1133              		.cfi_def_cfa_offset 36
 1134              		.cfi_offset 4, -36
 1135              		.cfi_offset 5, -32
 1136              		.cfi_offset 6, -28
 1137              		.cfi_offset 7, -24
 1138              		.cfi_offset 8, -20
 1139              		.cfi_offset 9, -16
 1140              		.cfi_offset 10, -12
 1141              		.cfi_offset 11, -8
 1142              		.cfi_offset 14, -4
 1143 0004 0446     		mov	r4, r0
 1144 0006 83B0     		sub	sp, sp, #12
 1145              	.LCFI13:
ARM GAS  C:\Users\kaush\AppData\Local\Temp\cctTu4Fa.s 			page 50


 1146              		.cfi_def_cfa_offset 48
 611:Drivers/STM32F4xx_HAL_Driver/Src/stm32f4xx_hal_dma.c ****   HAL_StatusTypeDef status = HAL_OK; 
 1147              		.loc 1 611 1 view .LVU435
 1148 0008 1646     		mov	r6, r2
 1149 000a 0191     		str	r1, [sp, #4]
 614:Drivers/STM32F4xx_HAL_Driver/Src/stm32f4xx_hal_dma.c ****   uint32_t tmpisr;
 1150              		.loc 1 614 24 view .LVU436
 1151 000c FFF7FEFF 		bl	HAL_GetTick
 1152              	.LVL76:
 615:Drivers/STM32F4xx_HAL_Driver/Src/stm32f4xx_hal_dma.c ****   
 1153              		.loc 1 615 3 is_stmt 1 view .LVU437
 618:Drivers/STM32F4xx_HAL_Driver/Src/stm32f4xx_hal_dma.c **** 
 1154              		.loc 1 618 3 view .LVU438
 620:Drivers/STM32F4xx_HAL_Driver/Src/stm32f4xx_hal_dma.c ****   {
 1155              		.loc 1 620 3 view .LVU439
 620:Drivers/STM32F4xx_HAL_Driver/Src/stm32f4xx_hal_dma.c ****   {
 1156              		.loc 1 620 32 is_stmt 0 view .LVU440
 1157 0010 94F83530 		ldrb	r3, [r4, #53]	@ zero_extendqisi2
 620:Drivers/STM32F4xx_HAL_Driver/Src/stm32f4xx_hal_dma.c ****   {
 1158              		.loc 1 620 5 view .LVU441
 1159 0014 022B     		cmp	r3, #2
 1160 0016 08D0     		beq	.L100
 623:Drivers/STM32F4xx_HAL_Driver/Src/stm32f4xx_hal_dma.c ****     __HAL_UNLOCK(hdma);
 1161              		.loc 1 623 5 is_stmt 1 view .LVU442
 623:Drivers/STM32F4xx_HAL_Driver/Src/stm32f4xx_hal_dma.c ****     __HAL_UNLOCK(hdma);
 1162              		.loc 1 623 21 is_stmt 0 view .LVU443
 1163 0018 8022     		movs	r2, #128
 624:Drivers/STM32F4xx_HAL_Driver/Src/stm32f4xx_hal_dma.c ****     return HAL_ERROR;
 1164              		.loc 1 624 5 view .LVU444
 1165 001a 0023     		movs	r3, #0
 623:Drivers/STM32F4xx_HAL_Driver/Src/stm32f4xx_hal_dma.c ****     __HAL_UNLOCK(hdma);
 1166              		.loc 1 623 21 view .LVU445
 1167 001c 6265     		str	r2, [r4, #84]
 624:Drivers/STM32F4xx_HAL_Driver/Src/stm32f4xx_hal_dma.c ****     return HAL_ERROR;
 1168              		.loc 1 624 5 is_stmt 1 view .LVU446
 624:Drivers/STM32F4xx_HAL_Driver/Src/stm32f4xx_hal_dma.c ****     return HAL_ERROR;
 1169              		.loc 1 624 5 view .LVU447
 1170 001e 84F83430 		strb	r3, [r4, #52]
 624:Drivers/STM32F4xx_HAL_Driver/Src/stm32f4xx_hal_dma.c ****     return HAL_ERROR;
 1171              		.loc 1 624 5 view .LVU448
 625:Drivers/STM32F4xx_HAL_Driver/Src/stm32f4xx_hal_dma.c ****   }
 1172              		.loc 1 625 5 view .LVU449
 1173              	.LVL77:
 1174              	.L101:
 625:Drivers/STM32F4xx_HAL_Driver/Src/stm32f4xx_hal_dma.c ****   }
 1175              		.loc 1 625 12 is_stmt 0 view .LVU450
 1176 0022 0120     		movs	r0, #1
 1177              	.L120:
 738:Drivers/STM32F4xx_HAL_Driver/Src/stm32f4xx_hal_dma.c **** 
 1178              		.loc 1 738 1 view .LVU451
 1179 0024 03B0     		add	sp, sp, #12
 1180              	.LCFI14:
 1181              		.cfi_remember_state
 1182              		.cfi_def_cfa_offset 36
 1183              		@ sp needed
 1184 0026 BDE8F08F 		pop	{r4, r5, r6, r7, r8, r9, r10, fp, pc}
 1185              	.LVL78:
ARM GAS  C:\Users\kaush\AppData\Local\Temp\cctTu4Fa.s 			page 51


 1186              	.L100:
 1187              	.LCFI15:
 1188              		.cfi_restore_state
 629:Drivers/STM32F4xx_HAL_Driver/Src/stm32f4xx_hal_dma.c ****   {
 1189              		.loc 1 629 3 is_stmt 1 view .LVU452
 629:Drivers/STM32F4xx_HAL_Driver/Src/stm32f4xx_hal_dma.c ****   {
 1190              		.loc 1 629 12 is_stmt 0 view .LVU453
 1191 002a 2368     		ldr	r3, [r4]
 629:Drivers/STM32F4xx_HAL_Driver/Src/stm32f4xx_hal_dma.c ****   {
 1192              		.loc 1 629 22 view .LVU454
 1193 002c 1B68     		ldr	r3, [r3]
 629:Drivers/STM32F4xx_HAL_Driver/Src/stm32f4xx_hal_dma.c ****   {
 1194              		.loc 1 629 6 view .LVU455
 1195 002e DD05     		lsls	r5, r3, #23
 1196 0030 58D4     		bmi	.L157
 636:Drivers/STM32F4xx_HAL_Driver/Src/stm32f4xx_hal_dma.c ****   {
 1197              		.loc 1 636 3 is_stmt 1 view .LVU456
 636:Drivers/STM32F4xx_HAL_Driver/Src/stm32f4xx_hal_dma.c ****   {
 1198              		.loc 1 636 5 is_stmt 0 view .LVU457
 1199 0032 019B     		ldr	r3, [sp, #4]
 639:Drivers/STM32F4xx_HAL_Driver/Src/stm32f4xx_hal_dma.c ****   }
 1200              		.loc 1 639 46 view .LVU458
 1201 0034 E16D     		ldr	r1, [r4, #92]
 1202 0036 8346     		mov	fp, r0
 636:Drivers/STM32F4xx_HAL_Driver/Src/stm32f4xx_hal_dma.c ****   {
 1203              		.loc 1 636 5 view .LVU459
 1204 0038 002B     		cmp	r3, #0
 1205 003a 57D0     		beq	.L158
 644:Drivers/STM32F4xx_HAL_Driver/Src/stm32f4xx_hal_dma.c ****   }
 1206              		.loc 1 644 5 is_stmt 1 view .LVU460
 644:Drivers/STM32F4xx_HAL_Driver/Src/stm32f4xx_hal_dma.c ****   }
 1207              		.loc 1 644 20 is_stmt 0 view .LVU461
 1208 003c 4FF0100A 		mov	r10, #16
 1209 0040 0AFA01FA 		lsl	r10, r10, r1
 1210              	.LVL79:
 1211              	.L104:
 647:Drivers/STM32F4xx_HAL_Driver/Src/stm32f4xx_hal_dma.c ****   tmpisr = regs->ISR;
 1212              		.loc 1 647 3 is_stmt 1 view .LVU462
 647:Drivers/STM32F4xx_HAL_Driver/Src/stm32f4xx_hal_dma.c ****   tmpisr = regs->ISR;
 1213              		.loc 1 647 8 is_stmt 0 view .LVU463
 1214 0044 A56D     		ldr	r5, [r4, #88]
 1215              	.LVL80:
 648:Drivers/STM32F4xx_HAL_Driver/Src/stm32f4xx_hal_dma.c ****   
 1216              		.loc 1 648 3 is_stmt 1 view .LVU464
 648:Drivers/STM32F4xx_HAL_Driver/Src/stm32f4xx_hal_dma.c ****   
 1217              		.loc 1 648 10 is_stmt 0 view .LVU465
 1218 0046 2B68     		ldr	r3, [r5]
 1219              	.LVL81:
 650:Drivers/STM32F4xx_HAL_Driver/Src/stm32f4xx_hal_dma.c ****   {
 1220              		.loc 1 650 3 is_stmt 1 view .LVU466
 650:Drivers/STM32F4xx_HAL_Driver/Src/stm32f4xx_hal_dma.c ****   {
 1221              		.loc 1 650 46 view .LVU467
 1222 0048 1AEA030F 		tst	r10, r3
 1223 004c 38D1     		bne	.L105
 650:Drivers/STM32F4xx_HAL_Driver/Src/stm32f4xx_hal_dma.c ****   {
 1224              		.loc 1 650 46 is_stmt 0 view .LVU468
 1225 004e 701C     		adds	r0, r6, #1
ARM GAS  C:\Users\kaush\AppData\Local\Temp\cctTu4Fa.s 			page 52


 1226              	.LVL82:
 650:Drivers/STM32F4xx_HAL_Driver/Src/stm32f4xx_hal_dma.c ****   {
 1227              		.loc 1 650 46 view .LVU469
 1228 0050 60D0     		beq	.L159
 1229 0052 002E     		cmp	r6, #0
 1230 0054 4FD0     		beq	.L107
 673:Drivers/STM32F4xx_HAL_Driver/Src/stm32f4xx_hal_dma.c ****     {
 1231              		.loc 1 673 36 view .LVU470
 1232 0056 4FF00809 		mov	r9, #8
 682:Drivers/STM32F4xx_HAL_Driver/Src/stm32f4xx_hal_dma.c ****     {
 1233              		.loc 1 682 36 view .LVU471
 1234 005a 4FF00108 		mov	r8, #1
 691:Drivers/STM32F4xx_HAL_Driver/Src/stm32f4xx_hal_dma.c ****     {
 1235              		.loc 1 691 37 view .LVU472
 1236 005e 0427     		movs	r7, #4
 1237 0060 2BE0     		b	.L113
 1238              	.L160:
 655:Drivers/STM32F4xx_HAL_Driver/Src/stm32f4xx_hal_dma.c ****       {
 1239              		.loc 1 655 29 discriminator 1 view .LVU473
 1240 0062 FFF7FEFF 		bl	HAL_GetTick
 1241              	.LVL83:
 671:Drivers/STM32F4xx_HAL_Driver/Src/stm32f4xx_hal_dma.c **** 
 1242              		.loc 1 671 5 is_stmt 1 view .LVU474
 676:Drivers/STM32F4xx_HAL_Driver/Src/stm32f4xx_hal_dma.c ****       
 1243              		.loc 1 676 7 view .LVU475
 682:Drivers/STM32F4xx_HAL_Driver/Src/stm32f4xx_hal_dma.c ****     {
 1244              		.loc 1 682 5 view .LVU476
 685:Drivers/STM32F4xx_HAL_Driver/Src/stm32f4xx_hal_dma.c ****       
 1245              		.loc 1 685 7 view .LVU477
 691:Drivers/STM32F4xx_HAL_Driver/Src/stm32f4xx_hal_dma.c ****     {
 1246              		.loc 1 691 5 view .LVU478
 694:Drivers/STM32F4xx_HAL_Driver/Src/stm32f4xx_hal_dma.c ****       
 1247              		.loc 1 694 7 view .LVU479
 655:Drivers/STM32F4xx_HAL_Driver/Src/stm32f4xx_hal_dma.c ****       {
 1248              		.loc 1 655 43 is_stmt 0 discriminator 1 view .LVU480
 1249 0066 A0EB0B00 		sub	r0, r0, fp
 655:Drivers/STM32F4xx_HAL_Driver/Src/stm32f4xx_hal_dma.c ****       {
 1250              		.loc 1 655 25 discriminator 1 view .LVU481
 1251 006a 8642     		cmp	r6, r0
 1252 006c 46D3     		bcc	.L109
 673:Drivers/STM32F4xx_HAL_Driver/Src/stm32f4xx_hal_dma.c ****     {
 1253              		.loc 1 673 43 view .LVU482
 1254 006e E16D     		ldr	r1, [r4, #92]
 671:Drivers/STM32F4xx_HAL_Driver/Src/stm32f4xx_hal_dma.c **** 
 1255              		.loc 1 671 12 view .LVU483
 1256 0070 2B68     		ldr	r3, [r5]
 1257              	.LVL84:
 673:Drivers/STM32F4xx_HAL_Driver/Src/stm32f4xx_hal_dma.c ****     {
 1258              		.loc 1 673 5 is_stmt 1 view .LVU484
 650:Drivers/STM32F4xx_HAL_Driver/Src/stm32f4xx_hal_dma.c ****   {
 1259              		.loc 1 650 46 view .LVU485
 673:Drivers/STM32F4xx_HAL_Driver/Src/stm32f4xx_hal_dma.c ****     {
 1260              		.loc 1 673 36 is_stmt 0 view .LVU486
 1261 0072 09FA01FC 		lsl	ip, r9, r1
 673:Drivers/STM32F4xx_HAL_Driver/Src/stm32f4xx_hal_dma.c ****     {
 1262              		.loc 1 673 7 view .LVU487
 1263 0076 13EA0C0F 		tst	r3, ip
ARM GAS  C:\Users\kaush\AppData\Local\Temp\cctTu4Fa.s 			page 53


 682:Drivers/STM32F4xx_HAL_Driver/Src/stm32f4xx_hal_dma.c ****     {
 1264              		.loc 1 682 36 view .LVU488
 1265 007a 08FA01F0 		lsl	r0, r8, r1
 691:Drivers/STM32F4xx_HAL_Driver/Src/stm32f4xx_hal_dma.c ****     {
 1266              		.loc 1 691 37 view .LVU489
 1267 007e 07FA01F2 		lsl	r2, r7, r1
 673:Drivers/STM32F4xx_HAL_Driver/Src/stm32f4xx_hal_dma.c ****     {
 1268              		.loc 1 673 7 view .LVU490
 1269 0082 07D0     		beq	.L110
 676:Drivers/STM32F4xx_HAL_Driver/Src/stm32f4xx_hal_dma.c ****       
 1270              		.loc 1 676 11 view .LVU491
 1271 0084 D4F854E0 		ldr	lr, [r4, #84]
 676:Drivers/STM32F4xx_HAL_Driver/Src/stm32f4xx_hal_dma.c ****       
 1272              		.loc 1 676 23 view .LVU492
 1273 0088 4EF0010E 		orr	lr, lr, #1
 1274 008c C4F854E0 		str	lr, [r4, #84]
 679:Drivers/STM32F4xx_HAL_Driver/Src/stm32f4xx_hal_dma.c ****     }
 1275              		.loc 1 679 7 is_stmt 1 view .LVU493
 679:Drivers/STM32F4xx_HAL_Driver/Src/stm32f4xx_hal_dma.c ****     }
 1276              		.loc 1 679 18 is_stmt 0 view .LVU494
 1277 0090 C5F808C0 		str	ip, [r5, #8]
 1278              	.L110:
 682:Drivers/STM32F4xx_HAL_Driver/Src/stm32f4xx_hal_dma.c ****     {
 1279              		.loc 1 682 7 view .LVU495
 1280 0094 0342     		tst	r3, r0
 1281 0096 06D0     		beq	.L111
 685:Drivers/STM32F4xx_HAL_Driver/Src/stm32f4xx_hal_dma.c ****       
 1282              		.loc 1 685 11 view .LVU496
 1283 0098 D4F854C0 		ldr	ip, [r4, #84]
 685:Drivers/STM32F4xx_HAL_Driver/Src/stm32f4xx_hal_dma.c ****       
 1284              		.loc 1 685 23 view .LVU497
 1285 009c 4CF0020C 		orr	ip, ip, #2
 1286 00a0 C4F854C0 		str	ip, [r4, #84]
 688:Drivers/STM32F4xx_HAL_Driver/Src/stm32f4xx_hal_dma.c ****     }
 1287              		.loc 1 688 7 is_stmt 1 view .LVU498
 688:Drivers/STM32F4xx_HAL_Driver/Src/stm32f4xx_hal_dma.c ****     }
 1288              		.loc 1 688 18 is_stmt 0 view .LVU499
 1289 00a4 A860     		str	r0, [r5, #8]
 1290              	.L111:
 691:Drivers/STM32F4xx_HAL_Driver/Src/stm32f4xx_hal_dma.c ****     {
 1291              		.loc 1 691 7 view .LVU500
 1292 00a6 1342     		tst	r3, r2
 1293 00a8 04D0     		beq	.L112
 694:Drivers/STM32F4xx_HAL_Driver/Src/stm32f4xx_hal_dma.c ****       
 1294              		.loc 1 694 11 view .LVU501
 1295 00aa 606D     		ldr	r0, [r4, #84]
 694:Drivers/STM32F4xx_HAL_Driver/Src/stm32f4xx_hal_dma.c ****       
 1296              		.loc 1 694 23 view .LVU502
 1297 00ac 40F00400 		orr	r0, r0, #4
 1298 00b0 6065     		str	r0, [r4, #84]
 697:Drivers/STM32F4xx_HAL_Driver/Src/stm32f4xx_hal_dma.c ****     }
 1299              		.loc 1 697 7 is_stmt 1 view .LVU503
 697:Drivers/STM32F4xx_HAL_Driver/Src/stm32f4xx_hal_dma.c ****     }
 1300              		.loc 1 697 18 is_stmt 0 view .LVU504
 1301 00b2 AA60     		str	r2, [r5, #8]
 1302              	.L112:
 650:Drivers/STM32F4xx_HAL_Driver/Src/stm32f4xx_hal_dma.c ****   {
ARM GAS  C:\Users\kaush\AppData\Local\Temp\cctTu4Fa.s 			page 54


 1303              		.loc 1 650 46 view .LVU505
 1304 00b4 1AEA030F 		tst	r10, r3
 1305 00b8 02D1     		bne	.L105
 1306              	.LVL85:
 1307              	.L113:
 653:Drivers/STM32F4xx_HAL_Driver/Src/stm32f4xx_hal_dma.c ****     {
 1308              		.loc 1 653 5 is_stmt 1 view .LVU506
 655:Drivers/STM32F4xx_HAL_Driver/Src/stm32f4xx_hal_dma.c ****       {
 1309              		.loc 1 655 7 view .LVU507
 650:Drivers/STM32F4xx_HAL_Driver/Src/stm32f4xx_hal_dma.c ****   {
 1310              		.loc 1 650 55 is_stmt 0 discriminator 1 view .LVU508
 1311 00ba 636D     		ldr	r3, [r4, #84]
 650:Drivers/STM32F4xx_HAL_Driver/Src/stm32f4xx_hal_dma.c ****   {
 1312              		.loc 1 650 46 discriminator 1 view .LVU509
 1313 00bc DA07     		lsls	r2, r3, #31
 1314 00be D0D5     		bpl	.L160
 1315              	.LVL86:
 1316              	.L105:
 701:Drivers/STM32F4xx_HAL_Driver/Src/stm32f4xx_hal_dma.c ****   {
 1317              		.loc 1 701 3 is_stmt 1 view .LVU510
 701:Drivers/STM32F4xx_HAL_Driver/Src/stm32f4xx_hal_dma.c ****   {
 1318              		.loc 1 701 10 is_stmt 0 view .LVU511
 1319 00c0 636D     		ldr	r3, [r4, #84]
 701:Drivers/STM32F4xx_HAL_Driver/Src/stm32f4xx_hal_dma.c ****   {
 1320              		.loc 1 701 5 view .LVU512
 1321 00c2 13B1     		cbz	r3, .L119
 703:Drivers/STM32F4xx_HAL_Driver/Src/stm32f4xx_hal_dma.c ****     {
 1322              		.loc 1 703 5 is_stmt 1 view .LVU513
 703:Drivers/STM32F4xx_HAL_Driver/Src/stm32f4xx_hal_dma.c ****     {
 1323              		.loc 1 703 13 is_stmt 0 view .LVU514
 1324 00c4 636D     		ldr	r3, [r4, #84]
 703:Drivers/STM32F4xx_HAL_Driver/Src/stm32f4xx_hal_dma.c ****     {
 1325              		.loc 1 703 7 view .LVU515
 1326 00c6 DB07     		lsls	r3, r3, #31
 1327 00c8 4CD4     		bmi	.L161
 1328              	.L119:
 721:Drivers/STM32F4xx_HAL_Driver/Src/stm32f4xx_hal_dma.c ****   {
 1329              		.loc 1 721 3 is_stmt 1 view .LVU516
 721:Drivers/STM32F4xx_HAL_Driver/Src/stm32f4xx_hal_dma.c ****   {
 1330              		.loc 1 721 5 is_stmt 0 view .LVU517
 1331 00ca 0198     		ldr	r0, [sp, #4]
 1332 00cc 0028     		cmp	r0, #0
 1333 00ce 45D1     		bne	.L121
 724:Drivers/STM32F4xx_HAL_Driver/Src/stm32f4xx_hal_dma.c ****     
 1334              		.loc 1 724 5 is_stmt 1 view .LVU518
 724:Drivers/STM32F4xx_HAL_Driver/Src/stm32f4xx_hal_dma.c ****     
 1335              		.loc 1 724 56 is_stmt 0 view .LVU519
 1336 00d0 3023     		movs	r3, #48
 1337 00d2 8B40     		lsls	r3, r3, r1
 726:Drivers/STM32F4xx_HAL_Driver/Src/stm32f4xx_hal_dma.c ****     
 1338              		.loc 1 726 17 view .LVU520
 1339 00d4 0122     		movs	r2, #1
 724:Drivers/STM32F4xx_HAL_Driver/Src/stm32f4xx_hal_dma.c ****     
 1340              		.loc 1 724 16 view .LVU521
 1341 00d6 AB60     		str	r3, [r5, #8]
 726:Drivers/STM32F4xx_HAL_Driver/Src/stm32f4xx_hal_dma.c ****     
 1342              		.loc 1 726 5 is_stmt 1 view .LVU522
ARM GAS  C:\Users\kaush\AppData\Local\Temp\cctTu4Fa.s 			page 55


 726:Drivers/STM32F4xx_HAL_Driver/Src/stm32f4xx_hal_dma.c ****     
 1343              		.loc 1 726 17 is_stmt 0 view .LVU523
 1344 00d8 84F83520 		strb	r2, [r4, #53]
 729:Drivers/STM32F4xx_HAL_Driver/Src/stm32f4xx_hal_dma.c ****   }
 1345              		.loc 1 729 5 is_stmt 1 view .LVU524
 729:Drivers/STM32F4xx_HAL_Driver/Src/stm32f4xx_hal_dma.c ****   }
 1346              		.loc 1 729 5 view .LVU525
 1347 00dc 84F83400 		strb	r0, [r4, #52]
 729:Drivers/STM32F4xx_HAL_Driver/Src/stm32f4xx_hal_dma.c ****   }
 1348              		.loc 1 729 5 view .LVU526
 1349              	.L122:
 737:Drivers/STM32F4xx_HAL_Driver/Src/stm32f4xx_hal_dma.c **** }
 1350              		.loc 1 737 10 is_stmt 0 view .LVU527
 1351 00e0 0020     		movs	r0, #0
 1352 00e2 9FE7     		b	.L120
 1353              	.LVL87:
 1354              	.L157:
 631:Drivers/STM32F4xx_HAL_Driver/Src/stm32f4xx_hal_dma.c ****     return HAL_ERROR;
 1355              		.loc 1 631 5 is_stmt 1 view .LVU528
 631:Drivers/STM32F4xx_HAL_Driver/Src/stm32f4xx_hal_dma.c ****     return HAL_ERROR;
 1356              		.loc 1 631 21 is_stmt 0 view .LVU529
 1357 00e4 4FF48073 		mov	r3, #256
 1358 00e8 6365     		str	r3, [r4, #84]
 632:Drivers/STM32F4xx_HAL_Driver/Src/stm32f4xx_hal_dma.c ****   }
 1359              		.loc 1 632 5 is_stmt 1 view .LVU530
 632:Drivers/STM32F4xx_HAL_Driver/Src/stm32f4xx_hal_dma.c ****   }
 1360              		.loc 1 632 12 is_stmt 0 view .LVU531
 1361 00ea 9AE7     		b	.L101
 1362              	.L158:
 639:Drivers/STM32F4xx_HAL_Driver/Src/stm32f4xx_hal_dma.c ****   }
 1363              		.loc 1 639 5 is_stmt 1 view .LVU532
 639:Drivers/STM32F4xx_HAL_Driver/Src/stm32f4xx_hal_dma.c ****   }
 1364              		.loc 1 639 20 is_stmt 0 view .LVU533
 1365 00ec 4FF0200A 		mov	r10, #32
 1366 00f0 0AFA01FA 		lsl	r10, r10, r1
 1367              	.LVL88:
 639:Drivers/STM32F4xx_HAL_Driver/Src/stm32f4xx_hal_dma.c ****   }
 1368              		.loc 1 639 20 view .LVU534
 1369 00f4 A6E7     		b	.L104
 1370              	.LVL89:
 1371              	.L107:
 650:Drivers/STM32F4xx_HAL_Driver/Src/stm32f4xx_hal_dma.c ****   {
 1372              		.loc 1 650 55 discriminator 1 view .LVU535
 1373 00f6 636D     		ldr	r3, [r4, #84]
 650:Drivers/STM32F4xx_HAL_Driver/Src/stm32f4xx_hal_dma.c ****   {
 1374              		.loc 1 650 46 discriminator 1 view .LVU536
 1375 00f8 DA07     		lsls	r2, r3, #31
 1376 00fa E1D4     		bmi	.L105
 1377              	.L109:
 658:Drivers/STM32F4xx_HAL_Driver/Src/stm32f4xx_hal_dma.c ****         
 1378              		.loc 1 658 9 is_stmt 1 view .LVU537
 658:Drivers/STM32F4xx_HAL_Driver/Src/stm32f4xx_hal_dma.c ****         
 1379              		.loc 1 658 25 is_stmt 0 view .LVU538
 1380 00fc 2021     		movs	r1, #32
 661:Drivers/STM32F4xx_HAL_Driver/Src/stm32f4xx_hal_dma.c ****         
 1381              		.loc 1 661 21 view .LVU539
 1382 00fe 0123     		movs	r3, #1
ARM GAS  C:\Users\kaush\AppData\Local\Temp\cctTu4Fa.s 			page 56


 664:Drivers/STM32F4xx_HAL_Driver/Src/stm32f4xx_hal_dma.c ****         
 1383              		.loc 1 664 9 view .LVU540
 1384 0100 0022     		movs	r2, #0
 666:Drivers/STM32F4xx_HAL_Driver/Src/stm32f4xx_hal_dma.c ****       }
 1385              		.loc 1 666 16 view .LVU541
 1386 0102 0320     		movs	r0, #3
 658:Drivers/STM32F4xx_HAL_Driver/Src/stm32f4xx_hal_dma.c ****         
 1387              		.loc 1 658 25 view .LVU542
 1388 0104 6165     		str	r1, [r4, #84]
 661:Drivers/STM32F4xx_HAL_Driver/Src/stm32f4xx_hal_dma.c ****         
 1389              		.loc 1 661 9 is_stmt 1 view .LVU543
 664:Drivers/STM32F4xx_HAL_Driver/Src/stm32f4xx_hal_dma.c ****         
 1390              		.loc 1 664 9 is_stmt 0 view .LVU544
 1391 0106 84F83420 		strb	r2, [r4, #52]
 661:Drivers/STM32F4xx_HAL_Driver/Src/stm32f4xx_hal_dma.c ****         
 1392              		.loc 1 661 21 view .LVU545
 1393 010a 84F83530 		strb	r3, [r4, #53]
 664:Drivers/STM32F4xx_HAL_Driver/Src/stm32f4xx_hal_dma.c ****         
 1394              		.loc 1 664 9 is_stmt 1 view .LVU546
 664:Drivers/STM32F4xx_HAL_Driver/Src/stm32f4xx_hal_dma.c ****         
 1395              		.loc 1 664 9 view .LVU547
 664:Drivers/STM32F4xx_HAL_Driver/Src/stm32f4xx_hal_dma.c ****         
 1396              		.loc 1 664 9 view .LVU548
 666:Drivers/STM32F4xx_HAL_Driver/Src/stm32f4xx_hal_dma.c ****       }
 1397              		.loc 1 666 9 view .LVU549
 738:Drivers/STM32F4xx_HAL_Driver/Src/stm32f4xx_hal_dma.c **** 
 1398              		.loc 1 738 1 is_stmt 0 view .LVU550
 1399 010e 03B0     		add	sp, sp, #12
 1400              	.LCFI16:
 1401              		.cfi_remember_state
 1402              		.cfi_def_cfa_offset 36
 1403              		@ sp needed
 1404 0110 BDE8F08F 		pop	{r4, r5, r6, r7, r8, r9, r10, fp, pc}
 1405              	.LVL90:
 1406              	.L159:
 1407              	.LCFI17:
 1408              		.cfi_restore_state
 673:Drivers/STM32F4xx_HAL_Driver/Src/stm32f4xx_hal_dma.c ****     {
 1409              		.loc 1 673 36 view .LVU551
 1410 0114 0827     		movs	r7, #8
 682:Drivers/STM32F4xx_HAL_Driver/Src/stm32f4xx_hal_dma.c ****     {
 1411              		.loc 1 682 36 view .LVU552
 1412 0116 0126     		movs	r6, #1
 1413              	.LVL91:
 691:Drivers/STM32F4xx_HAL_Driver/Src/stm32f4xx_hal_dma.c ****     {
 1414              		.loc 1 691 37 view .LVU553
 1415 0118 0420     		movs	r0, #4
 1416              	.LVL92:
 673:Drivers/STM32F4xx_HAL_Driver/Src/stm32f4xx_hal_dma.c ****     {
 1417              		.loc 1 673 36 view .LVU554
 1418 011a 8F40     		lsls	r7, r7, r1
 682:Drivers/STM32F4xx_HAL_Driver/Src/stm32f4xx_hal_dma.c ****     {
 1419              		.loc 1 682 36 view .LVU555
 1420 011c 8E40     		lsls	r6, r6, r1
 691:Drivers/STM32F4xx_HAL_Driver/Src/stm32f4xx_hal_dma.c ****     {
 1421              		.loc 1 691 37 view .LVU556
 1422 011e 8840     		lsls	r0, r0, r1
ARM GAS  C:\Users\kaush\AppData\Local\Temp\cctTu4Fa.s 			page 57


 1423 0120 18E0     		b	.L106
 1424              	.L162:
 671:Drivers/STM32F4xx_HAL_Driver/Src/stm32f4xx_hal_dma.c **** 
 1425              		.loc 1 671 12 view .LVU557
 1426 0122 2B68     		ldr	r3, [r5]
 1427              	.LVL93:
 673:Drivers/STM32F4xx_HAL_Driver/Src/stm32f4xx_hal_dma.c ****     {
 1428              		.loc 1 673 5 is_stmt 1 view .LVU558
 650:Drivers/STM32F4xx_HAL_Driver/Src/stm32f4xx_hal_dma.c ****   {
 1429              		.loc 1 650 46 view .LVU559
 673:Drivers/STM32F4xx_HAL_Driver/Src/stm32f4xx_hal_dma.c ****     {
 1430              		.loc 1 673 7 is_stmt 0 view .LVU560
 1431 0124 1F42     		tst	r7, r3
 1432 0126 04D0     		beq	.L115
 676:Drivers/STM32F4xx_HAL_Driver/Src/stm32f4xx_hal_dma.c ****       
 1433              		.loc 1 676 11 view .LVU561
 1434 0128 626D     		ldr	r2, [r4, #84]
 676:Drivers/STM32F4xx_HAL_Driver/Src/stm32f4xx_hal_dma.c ****       
 1435              		.loc 1 676 23 view .LVU562
 1436 012a 42F00102 		orr	r2, r2, #1
 1437 012e 6265     		str	r2, [r4, #84]
 679:Drivers/STM32F4xx_HAL_Driver/Src/stm32f4xx_hal_dma.c ****     }
 1438              		.loc 1 679 7 is_stmt 1 view .LVU563
 679:Drivers/STM32F4xx_HAL_Driver/Src/stm32f4xx_hal_dma.c ****     }
 1439              		.loc 1 679 18 is_stmt 0 view .LVU564
 1440 0130 AF60     		str	r7, [r5, #8]
 1441              	.L115:
 682:Drivers/STM32F4xx_HAL_Driver/Src/stm32f4xx_hal_dma.c ****     {
 1442              		.loc 1 682 7 view .LVU565
 1443 0132 3342     		tst	r3, r6
 1444 0134 04D0     		beq	.L116
 685:Drivers/STM32F4xx_HAL_Driver/Src/stm32f4xx_hal_dma.c ****       
 1445              		.loc 1 685 11 view .LVU566
 1446 0136 626D     		ldr	r2, [r4, #84]
 685:Drivers/STM32F4xx_HAL_Driver/Src/stm32f4xx_hal_dma.c ****       
 1447              		.loc 1 685 23 view .LVU567
 1448 0138 42F00202 		orr	r2, r2, #2
 1449 013c 6265     		str	r2, [r4, #84]
 688:Drivers/STM32F4xx_HAL_Driver/Src/stm32f4xx_hal_dma.c ****     }
 1450              		.loc 1 688 7 is_stmt 1 view .LVU568
 688:Drivers/STM32F4xx_HAL_Driver/Src/stm32f4xx_hal_dma.c ****     }
 1451              		.loc 1 688 18 is_stmt 0 view .LVU569
 1452 013e AE60     		str	r6, [r5, #8]
 1453              	.L116:
 691:Drivers/STM32F4xx_HAL_Driver/Src/stm32f4xx_hal_dma.c ****     {
 1454              		.loc 1 691 7 view .LVU570
 1455 0140 0342     		tst	r3, r0
 1456 0142 04D0     		beq	.L117
 694:Drivers/STM32F4xx_HAL_Driver/Src/stm32f4xx_hal_dma.c ****       
 1457              		.loc 1 694 11 view .LVU571
 1458 0144 626D     		ldr	r2, [r4, #84]
 694:Drivers/STM32F4xx_HAL_Driver/Src/stm32f4xx_hal_dma.c ****       
 1459              		.loc 1 694 23 view .LVU572
 1460 0146 42F00402 		orr	r2, r2, #4
 1461 014a 6265     		str	r2, [r4, #84]
 697:Drivers/STM32F4xx_HAL_Driver/Src/stm32f4xx_hal_dma.c ****     }
 1462              		.loc 1 697 7 is_stmt 1 view .LVU573
ARM GAS  C:\Users\kaush\AppData\Local\Temp\cctTu4Fa.s 			page 58


 697:Drivers/STM32F4xx_HAL_Driver/Src/stm32f4xx_hal_dma.c ****     }
 1463              		.loc 1 697 18 is_stmt 0 view .LVU574
 1464 014c A860     		str	r0, [r5, #8]
 1465              	.L117:
 650:Drivers/STM32F4xx_HAL_Driver/Src/stm32f4xx_hal_dma.c ****   {
 1466              		.loc 1 650 46 view .LVU575
 1467 014e 13EA0A0F 		tst	r3, r10
 1468 0152 B5D1     		bne	.L105
 1469              	.LVL94:
 1470              	.L106:
 653:Drivers/STM32F4xx_HAL_Driver/Src/stm32f4xx_hal_dma.c ****     {
 1471              		.loc 1 653 5 is_stmt 1 view .LVU576
 671:Drivers/STM32F4xx_HAL_Driver/Src/stm32f4xx_hal_dma.c **** 
 1472              		.loc 1 671 5 view .LVU577
 676:Drivers/STM32F4xx_HAL_Driver/Src/stm32f4xx_hal_dma.c ****       
 1473              		.loc 1 676 7 view .LVU578
 682:Drivers/STM32F4xx_HAL_Driver/Src/stm32f4xx_hal_dma.c ****     {
 1474              		.loc 1 682 5 view .LVU579
 685:Drivers/STM32F4xx_HAL_Driver/Src/stm32f4xx_hal_dma.c ****       
 1475              		.loc 1 685 7 view .LVU580
 691:Drivers/STM32F4xx_HAL_Driver/Src/stm32f4xx_hal_dma.c ****     {
 1476              		.loc 1 691 5 view .LVU581
 694:Drivers/STM32F4xx_HAL_Driver/Src/stm32f4xx_hal_dma.c ****       
 1477              		.loc 1 694 7 view .LVU582
 650:Drivers/STM32F4xx_HAL_Driver/Src/stm32f4xx_hal_dma.c ****   {
 1478              		.loc 1 650 55 is_stmt 0 discriminator 1 view .LVU583
 1479 0154 636D     		ldr	r3, [r4, #84]
 650:Drivers/STM32F4xx_HAL_Driver/Src/stm32f4xx_hal_dma.c ****   {
 1480              		.loc 1 650 46 discriminator 1 view .LVU584
 1481 0156 DB07     		lsls	r3, r3, #31
 1482 0158 B2D4     		bmi	.L105
 1483 015a E2E7     		b	.L162
 1484              	.LVL95:
 1485              	.L121:
 734:Drivers/STM32F4xx_HAL_Driver/Src/stm32f4xx_hal_dma.c ****   }
 1486              		.loc 1 734 5 is_stmt 1 view .LVU585
 734:Drivers/STM32F4xx_HAL_Driver/Src/stm32f4xx_hal_dma.c ****   }
 1487              		.loc 1 734 37 is_stmt 0 view .LVU586
 1488 015c 1023     		movs	r3, #16
 1489 015e 8B40     		lsls	r3, r3, r1
 734:Drivers/STM32F4xx_HAL_Driver/Src/stm32f4xx_hal_dma.c ****   }
 1490              		.loc 1 734 16 view .LVU587
 1491 0160 AB60     		str	r3, [r5, #8]
 1492 0162 BDE7     		b	.L122
 1493              	.L161:
 705:Drivers/STM32F4xx_HAL_Driver/Src/stm32f4xx_hal_dma.c ****     
 1494              		.loc 1 705 7 is_stmt 1 view .LVU588
 1495 0164 2046     		mov	r0, r4
 1496 0166 FFF7FEFF 		bl	HAL_DMA_Abort
 1497              	.LVL96:
 708:Drivers/STM32F4xx_HAL_Driver/Src/stm32f4xx_hal_dma.c ****     
 1498              		.loc 1 708 7 view .LVU589
 708:Drivers/STM32F4xx_HAL_Driver/Src/stm32f4xx_hal_dma.c ****     
 1499              		.loc 1 708 58 is_stmt 0 view .LVU590
 1500 016a E26D     		ldr	r2, [r4, #92]
 1501 016c 3023     		movs	r3, #48
 1502 016e 9340     		lsls	r3, r3, r2
ARM GAS  C:\Users\kaush\AppData\Local\Temp\cctTu4Fa.s 			page 59


 711:Drivers/STM32F4xx_HAL_Driver/Src/stm32f4xx_hal_dma.c **** 
 1503              		.loc 1 711 18 view .LVU591
 1504 0170 0121     		movs	r1, #1
 714:Drivers/STM32F4xx_HAL_Driver/Src/stm32f4xx_hal_dma.c **** 
 1505              		.loc 1 714 7 view .LVU592
 1506 0172 0022     		movs	r2, #0
 708:Drivers/STM32F4xx_HAL_Driver/Src/stm32f4xx_hal_dma.c ****     
 1507              		.loc 1 708 18 view .LVU593
 1508 0174 AB60     		str	r3, [r5, #8]
 711:Drivers/STM32F4xx_HAL_Driver/Src/stm32f4xx_hal_dma.c **** 
 1509              		.loc 1 711 7 is_stmt 1 view .LVU594
 711:Drivers/STM32F4xx_HAL_Driver/Src/stm32f4xx_hal_dma.c **** 
 1510              		.loc 1 711 18 is_stmt 0 view .LVU595
 1511 0176 84F83510 		strb	r1, [r4, #53]
 714:Drivers/STM32F4xx_HAL_Driver/Src/stm32f4xx_hal_dma.c **** 
 1512              		.loc 1 714 7 is_stmt 1 view .LVU596
 714:Drivers/STM32F4xx_HAL_Driver/Src/stm32f4xx_hal_dma.c **** 
 1513              		.loc 1 714 7 view .LVU597
 1514 017a 84F83420 		strb	r2, [r4, #52]
 714:Drivers/STM32F4xx_HAL_Driver/Src/stm32f4xx_hal_dma.c **** 
 1515              		.loc 1 714 7 view .LVU598
 716:Drivers/STM32F4xx_HAL_Driver/Src/stm32f4xx_hal_dma.c ****    }
 1516              		.loc 1 716 7 view .LVU599
 716:Drivers/STM32F4xx_HAL_Driver/Src/stm32f4xx_hal_dma.c ****    }
 1517              		.loc 1 716 14 is_stmt 0 view .LVU600
 1518 017e 50E7     		b	.L101
 1519              		.cfi_endproc
 1520              	.LFE140:
 1522              		.section	.text.HAL_DMA_IRQHandler,"ax",%progbits
 1523              		.align	1
 1524              		.p2align 2,,3
 1525              		.global	HAL_DMA_IRQHandler
 1526              		.syntax unified
 1527              		.thumb
 1528              		.thumb_func
 1530              	HAL_DMA_IRQHandler:
 1531              	.LVL97:
 1532              	.LFB141:
 747:Drivers/STM32F4xx_HAL_Driver/Src/stm32f4xx_hal_dma.c ****   uint32_t tmpisr;
 1533              		.loc 1 747 1 is_stmt 1 view -0
 1534              		.cfi_startproc
 1535              		@ args = 0, pretend = 0, frame = 8
 1536              		@ frame_needed = 0, uses_anonymous_args = 0
 748:Drivers/STM32F4xx_HAL_Driver/Src/stm32f4xx_hal_dma.c ****   __IO uint32_t count = 0U;
 1537              		.loc 1 748 3 view .LVU602
 749:Drivers/STM32F4xx_HAL_Driver/Src/stm32f4xx_hal_dma.c ****   uint32_t timeout = SystemCoreClock / 9600U;
 1538              		.loc 1 749 3 view .LVU603
 747:Drivers/STM32F4xx_HAL_Driver/Src/stm32f4xx_hal_dma.c ****   uint32_t tmpisr;
 1539              		.loc 1 747 1 is_stmt 0 view .LVU604
 1540 0000 F0B5     		push	{r4, r5, r6, r7, lr}
 1541              	.LCFI18:
 1542              		.cfi_def_cfa_offset 20
 1543              		.cfi_offset 4, -20
 1544              		.cfi_offset 5, -16
 1545              		.cfi_offset 6, -12
 1546              		.cfi_offset 7, -8
 1547              		.cfi_offset 14, -4
ARM GAS  C:\Users\kaush\AppData\Local\Temp\cctTu4Fa.s 			page 60


 1548 0002 83B0     		sub	sp, sp, #12
 1549              	.LCFI19:
 1550              		.cfi_def_cfa_offset 32
 750:Drivers/STM32F4xx_HAL_Driver/Src/stm32f4xx_hal_dma.c **** 
 1551              		.loc 1 750 38 view .LVU605
 1552 0004 674A     		ldr	r2, .L257
 753:Drivers/STM32F4xx_HAL_Driver/Src/stm32f4xx_hal_dma.c **** 
 1553              		.loc 1 753 23 view .LVU606
 1554 0006 876D     		ldr	r7, [r0, #88]
 750:Drivers/STM32F4xx_HAL_Driver/Src/stm32f4xx_hal_dma.c **** 
 1555              		.loc 1 750 38 view .LVU607
 1556 0008 1668     		ldr	r6, [r2]
 749:Drivers/STM32F4xx_HAL_Driver/Src/stm32f4xx_hal_dma.c ****   uint32_t timeout = SystemCoreClock / 9600U;
 1557              		.loc 1 749 17 view .LVU608
 1558 000a 0023     		movs	r3, #0
 1559 000c 0193     		str	r3, [sp, #4]
 750:Drivers/STM32F4xx_HAL_Driver/Src/stm32f4xx_hal_dma.c **** 
 1560              		.loc 1 750 3 is_stmt 1 view .LVU609
 1561              	.LVL98:
 753:Drivers/STM32F4xx_HAL_Driver/Src/stm32f4xx_hal_dma.c **** 
 1562              		.loc 1 753 3 view .LVU610
 755:Drivers/STM32F4xx_HAL_Driver/Src/stm32f4xx_hal_dma.c **** 
 1563              		.loc 1 755 3 view .LVU611
 758:Drivers/STM32F4xx_HAL_Driver/Src/stm32f4xx_hal_dma.c ****   {
 1564              		.loc 1 758 42 is_stmt 0 view .LVU612
 1565 000e C36D     		ldr	r3, [r0, #92]
 755:Drivers/STM32F4xx_HAL_Driver/Src/stm32f4xx_hal_dma.c **** 
 1566              		.loc 1 755 10 view .LVU613
 1567 0010 3D68     		ldr	r5, [r7]
 1568              	.LVL99:
 758:Drivers/STM32F4xx_HAL_Driver/Src/stm32f4xx_hal_dma.c ****   {
 1569              		.loc 1 758 3 is_stmt 1 view .LVU614
 758:Drivers/STM32F4xx_HAL_Driver/Src/stm32f4xx_hal_dma.c ****   {
 1570              		.loc 1 758 35 is_stmt 0 view .LVU615
 1571 0012 0822     		movs	r2, #8
 1572 0014 9A40     		lsls	r2, r2, r3
 758:Drivers/STM32F4xx_HAL_Driver/Src/stm32f4xx_hal_dma.c ****   {
 1573              		.loc 1 758 6 view .LVU616
 1574 0016 2A42     		tst	r2, r5
 747:Drivers/STM32F4xx_HAL_Driver/Src/stm32f4xx_hal_dma.c ****   uint32_t tmpisr;
 1575              		.loc 1 747 1 view .LVU617
 1576 0018 0446     		mov	r4, r0
 758:Drivers/STM32F4xx_HAL_Driver/Src/stm32f4xx_hal_dma.c ****   {
 1577              		.loc 1 758 6 view .LVU618
 1578 001a 03D0     		beq	.L164
 760:Drivers/STM32F4xx_HAL_Driver/Src/stm32f4xx_hal_dma.c ****     {
 1579              		.loc 1 760 5 is_stmt 1 view .LVU619
 760:Drivers/STM32F4xx_HAL_Driver/Src/stm32f4xx_hal_dma.c ****     {
 1580              		.loc 1 760 8 is_stmt 0 view .LVU620
 1581 001c 0168     		ldr	r1, [r0]
 1582 001e 0868     		ldr	r0, [r1]
 1583              	.LVL100:
 760:Drivers/STM32F4xx_HAL_Driver/Src/stm32f4xx_hal_dma.c ****     {
 1584              		.loc 1 760 7 view .LVU621
 1585 0020 4007     		lsls	r0, r0, #29
 1586 0022 78D4     		bmi	.L248
 1587              	.L164:
ARM GAS  C:\Users\kaush\AppData\Local\Temp\cctTu4Fa.s 			page 61


 773:Drivers/STM32F4xx_HAL_Driver/Src/stm32f4xx_hal_dma.c ****   {
 1588              		.loc 1 773 3 is_stmt 1 view .LVU622
 773:Drivers/STM32F4xx_HAL_Driver/Src/stm32f4xx_hal_dma.c ****   {
 1589              		.loc 1 773 35 is_stmt 0 view .LVU623
 1590 0024 0122     		movs	r2, #1
 1591 0026 9A40     		lsls	r2, r2, r3
 773:Drivers/STM32F4xx_HAL_Driver/Src/stm32f4xx_hal_dma.c ****   {
 1592              		.loc 1 773 6 view .LVU624
 1593 0028 2A42     		tst	r2, r5
 1594 002a 03D0     		beq	.L165
 775:Drivers/STM32F4xx_HAL_Driver/Src/stm32f4xx_hal_dma.c ****     {
 1595              		.loc 1 775 5 is_stmt 1 view .LVU625
 775:Drivers/STM32F4xx_HAL_Driver/Src/stm32f4xx_hal_dma.c ****     {
 1596              		.loc 1 775 8 is_stmt 0 view .LVU626
 1597 002c 2168     		ldr	r1, [r4]
 1598 002e 4969     		ldr	r1, [r1, #20]
 775:Drivers/STM32F4xx_HAL_Driver/Src/stm32f4xx_hal_dma.c ****     {
 1599              		.loc 1 775 7 view .LVU627
 1600 0030 0806     		lsls	r0, r1, #24
 1601 0032 6AD4     		bmi	.L249
 1602              	.L165:
 785:Drivers/STM32F4xx_HAL_Driver/Src/stm32f4xx_hal_dma.c ****   {
 1603              		.loc 1 785 3 is_stmt 1 view .LVU628
 785:Drivers/STM32F4xx_HAL_Driver/Src/stm32f4xx_hal_dma.c ****   {
 1604              		.loc 1 785 36 is_stmt 0 view .LVU629
 1605 0034 0422     		movs	r2, #4
 1606 0036 9A40     		lsls	r2, r2, r3
 785:Drivers/STM32F4xx_HAL_Driver/Src/stm32f4xx_hal_dma.c ****   {
 1607              		.loc 1 785 6 view .LVU630
 1608 0038 2A42     		tst	r2, r5
 1609 003a 03D0     		beq	.L166
 787:Drivers/STM32F4xx_HAL_Driver/Src/stm32f4xx_hal_dma.c ****     {
 1610              		.loc 1 787 5 is_stmt 1 view .LVU631
 787:Drivers/STM32F4xx_HAL_Driver/Src/stm32f4xx_hal_dma.c ****     {
 1611              		.loc 1 787 8 is_stmt 0 view .LVU632
 1612 003c 2168     		ldr	r1, [r4]
 1613 003e 0968     		ldr	r1, [r1]
 787:Drivers/STM32F4xx_HAL_Driver/Src/stm32f4xx_hal_dma.c ****     {
 1614              		.loc 1 787 7 view .LVU633
 1615 0040 8907     		lsls	r1, r1, #30
 1616 0042 5CD4     		bmi	.L250
 1617              	.L166:
 797:Drivers/STM32F4xx_HAL_Driver/Src/stm32f4xx_hal_dma.c ****   {
 1618              		.loc 1 797 3 is_stmt 1 view .LVU634
 797:Drivers/STM32F4xx_HAL_Driver/Src/stm32f4xx_hal_dma.c ****   {
 1619              		.loc 1 797 35 is_stmt 0 view .LVU635
 1620 0044 1022     		movs	r2, #16
 1621 0046 9A40     		lsls	r2, r2, r3
 797:Drivers/STM32F4xx_HAL_Driver/Src/stm32f4xx_hal_dma.c ****   {
 1622              		.loc 1 797 6 view .LVU636
 1623 0048 2A42     		tst	r2, r5
 1624 004a 03D0     		beq	.L168
 799:Drivers/STM32F4xx_HAL_Driver/Src/stm32f4xx_hal_dma.c ****     {
 1625              		.loc 1 799 5 is_stmt 1 view .LVU637
 799:Drivers/STM32F4xx_HAL_Driver/Src/stm32f4xx_hal_dma.c ****     {
 1626              		.loc 1 799 8 is_stmt 0 view .LVU638
 1627 004c 2168     		ldr	r1, [r4]
ARM GAS  C:\Users\kaush\AppData\Local\Temp\cctTu4Fa.s 			page 62


 1628 004e 0868     		ldr	r0, [r1]
 799:Drivers/STM32F4xx_HAL_Driver/Src/stm32f4xx_hal_dma.c ****     {
 1629              		.loc 1 799 7 view .LVU639
 1630 0050 0007     		lsls	r0, r0, #28
 1631 0052 41D4     		bmi	.L251
 1632              	.L168:
 844:Drivers/STM32F4xx_HAL_Driver/Src/stm32f4xx_hal_dma.c ****   {
 1633              		.loc 1 844 3 is_stmt 1 view .LVU640
 844:Drivers/STM32F4xx_HAL_Driver/Src/stm32f4xx_hal_dma.c ****   {
 1634              		.loc 1 844 35 is_stmt 0 view .LVU641
 1635 0054 2022     		movs	r2, #32
 1636 0056 9A40     		lsls	r2, r2, r3
 844:Drivers/STM32F4xx_HAL_Driver/Src/stm32f4xx_hal_dma.c ****   {
 1637              		.loc 1 844 6 view .LVU642
 1638 0058 2A42     		tst	r2, r5
 1639 005a 14D0     		beq	.L174
 846:Drivers/STM32F4xx_HAL_Driver/Src/stm32f4xx_hal_dma.c ****     {
 1640              		.loc 1 846 5 is_stmt 1 view .LVU643
 846:Drivers/STM32F4xx_HAL_Driver/Src/stm32f4xx_hal_dma.c ****     {
 1641              		.loc 1 846 8 is_stmt 0 view .LVU644
 1642 005c 2168     		ldr	r1, [r4]
 1643 005e 0868     		ldr	r0, [r1]
 846:Drivers/STM32F4xx_HAL_Driver/Src/stm32f4xx_hal_dma.c ****     {
 1644              		.loc 1 846 7 view .LVU645
 1645 0060 C006     		lsls	r0, r0, #27
 1646 0062 10D5     		bpl	.L174
 849:Drivers/STM32F4xx_HAL_Driver/Src/stm32f4xx_hal_dma.c ****       
 1647              		.loc 1 849 7 is_stmt 1 view .LVU646
 849:Drivers/STM32F4xx_HAL_Driver/Src/stm32f4xx_hal_dma.c ****       
 1648              		.loc 1 849 18 is_stmt 0 view .LVU647
 1649 0064 BA60     		str	r2, [r7, #8]
 851:Drivers/STM32F4xx_HAL_Driver/Src/stm32f4xx_hal_dma.c ****       {
 1650              		.loc 1 851 7 is_stmt 1 view .LVU648
 851:Drivers/STM32F4xx_HAL_Driver/Src/stm32f4xx_hal_dma.c ****       {
 1651              		.loc 1 851 37 is_stmt 0 view .LVU649
 1652 0066 94F83520 		ldrb	r2, [r4, #53]	@ zero_extendqisi2
 851:Drivers/STM32F4xx_HAL_Driver/Src/stm32f4xx_hal_dma.c ****       {
 1653              		.loc 1 851 9 view .LVU650
 1654 006a 052A     		cmp	r2, #5
 1655 006c 63D0     		beq	.L252
 878:Drivers/STM32F4xx_HAL_Driver/Src/stm32f4xx_hal_dma.c ****       {
 1656              		.loc 1 878 7 is_stmt 1 view .LVU651
 878:Drivers/STM32F4xx_HAL_Driver/Src/stm32f4xx_hal_dma.c ****       {
 1657              		.loc 1 878 26 is_stmt 0 view .LVU652
 1658 006e 0B68     		ldr	r3, [r1]
 878:Drivers/STM32F4xx_HAL_Driver/Src/stm32f4xx_hal_dma.c ****       {
 1659              		.loc 1 878 9 view .LVU653
 1660 0070 13F4802F 		tst	r3, #262144
 881:Drivers/STM32F4xx_HAL_Driver/Src/stm32f4xx_hal_dma.c ****         {
 1661              		.loc 1 881 27 view .LVU654
 1662 0074 0B68     		ldr	r3, [r1]
 878:Drivers/STM32F4xx_HAL_Driver/Src/stm32f4xx_hal_dma.c ****       {
 1663              		.loc 1 878 9 view .LVU655
 1664 0076 7ED0     		beq	.L181
 881:Drivers/STM32F4xx_HAL_Driver/Src/stm32f4xx_hal_dma.c ****         {
 1665              		.loc 1 881 9 is_stmt 1 view .LVU656
 881:Drivers/STM32F4xx_HAL_Driver/Src/stm32f4xx_hal_dma.c ****         {
ARM GAS  C:\Users\kaush\AppData\Local\Temp\cctTu4Fa.s 			page 63


 1666              		.loc 1 881 11 is_stmt 0 view .LVU657
 1667 0078 1903     		lsls	r1, r3, #12
 1668 007a 40F18980 		bpl	.L253
 1669              	.L183:
 911:Drivers/STM32F4xx_HAL_Driver/Src/stm32f4xx_hal_dma.c ****         }
 1670              		.loc 1 911 11 is_stmt 1 discriminator 1 view .LVU658
 914:Drivers/STM32F4xx_HAL_Driver/Src/stm32f4xx_hal_dma.c ****         {
 1671              		.loc 1 914 9 view .LVU659
 914:Drivers/STM32F4xx_HAL_Driver/Src/stm32f4xx_hal_dma.c ****         {
 1672              		.loc 1 914 16 is_stmt 0 view .LVU660
 1673 007e E36B     		ldr	r3, [r4, #60]
 914:Drivers/STM32F4xx_HAL_Driver/Src/stm32f4xx_hal_dma.c ****         {
 1674              		.loc 1 914 11 view .LVU661
 1675 0080 0BB1     		cbz	r3, .L174
 1676              	.L245:
 917:Drivers/STM32F4xx_HAL_Driver/Src/stm32f4xx_hal_dma.c ****         }
 1677              		.loc 1 917 11 is_stmt 1 view .LVU662
 1678 0082 2046     		mov	r0, r4
 1679 0084 9847     		blx	r3
 1680              	.LVL101:
 1681              	.L174:
 924:Drivers/STM32F4xx_HAL_Driver/Src/stm32f4xx_hal_dma.c ****   {
 1682              		.loc 1 924 3 view .LVU663
 924:Drivers/STM32F4xx_HAL_Driver/Src/stm32f4xx_hal_dma.c ****   {
 1683              		.loc 1 924 10 is_stmt 0 view .LVU664
 1684 0086 636D     		ldr	r3, [r4, #84]
 924:Drivers/STM32F4xx_HAL_Driver/Src/stm32f4xx_hal_dma.c ****   {
 1685              		.loc 1 924 5 view .LVU665
 1686 0088 23B3     		cbz	r3, .L163
 926:Drivers/STM32F4xx_HAL_Driver/Src/stm32f4xx_hal_dma.c ****     {
 1687              		.loc 1 926 5 is_stmt 1 view .LVU666
 926:Drivers/STM32F4xx_HAL_Driver/Src/stm32f4xx_hal_dma.c ****     {
 1688              		.loc 1 926 13 is_stmt 0 view .LVU667
 1689 008a 636D     		ldr	r3, [r4, #84]
 926:Drivers/STM32F4xx_HAL_Driver/Src/stm32f4xx_hal_dma.c ****     {
 1690              		.loc 1 926 7 view .LVU668
 1691 008c DA07     		lsls	r2, r3, #31
 1692 008e 1AD5     		bpl	.L185
 931:Drivers/STM32F4xx_HAL_Driver/Src/stm32f4xx_hal_dma.c **** 
 1693              		.loc 1 931 7 view .LVU669
 1694 0090 2268     		ldr	r2, [r4]
 750:Drivers/STM32F4xx_HAL_Driver/Src/stm32f4xx_hal_dma.c **** 
 1695              		.loc 1 750 12 view .LVU670
 1696 0092 4549     		ldr	r1, .L257+4
 928:Drivers/STM32F4xx_HAL_Driver/Src/stm32f4xx_hal_dma.c **** 
 1697              		.loc 1 928 19 view .LVU671
 1698 0094 0523     		movs	r3, #5
 1699 0096 84F83530 		strb	r3, [r4, #53]
 931:Drivers/STM32F4xx_HAL_Driver/Src/stm32f4xx_hal_dma.c **** 
 1700              		.loc 1 931 7 view .LVU672
 1701 009a 1368     		ldr	r3, [r2]
 750:Drivers/STM32F4xx_HAL_Driver/Src/stm32f4xx_hal_dma.c **** 
 1702              		.loc 1 750 12 view .LVU673
 1703 009c A1FB0616 		umull	r1, r6, r1, r6
 1704              	.LVL102:
 931:Drivers/STM32F4xx_HAL_Driver/Src/stm32f4xx_hal_dma.c **** 
 1705              		.loc 1 931 7 view .LVU674
ARM GAS  C:\Users\kaush\AppData\Local\Temp\cctTu4Fa.s 			page 64


 1706 00a0 23F00103 		bic	r3, r3, #1
 750:Drivers/STM32F4xx_HAL_Driver/Src/stm32f4xx_hal_dma.c **** 
 1707              		.loc 1 750 12 view .LVU675
 1708 00a4 B60A     		lsrs	r6, r6, #10
 928:Drivers/STM32F4xx_HAL_Driver/Src/stm32f4xx_hal_dma.c **** 
 1709              		.loc 1 928 7 is_stmt 1 view .LVU676
 931:Drivers/STM32F4xx_HAL_Driver/Src/stm32f4xx_hal_dma.c **** 
 1710              		.loc 1 931 7 view .LVU677
 1711 00a6 1360     		str	r3, [r2]
 1712 00a8 02E0     		b	.L187
 1713              	.L254:
 940:Drivers/STM32F4xx_HAL_Driver/Src/stm32f4xx_hal_dma.c **** 
 1714              		.loc 1 940 28 is_stmt 0 view .LVU678
 1715 00aa 1368     		ldr	r3, [r2]
 940:Drivers/STM32F4xx_HAL_Driver/Src/stm32f4xx_hal_dma.c **** 
 1716              		.loc 1 940 48 view .LVU679
 1717 00ac DB07     		lsls	r3, r3, #31
 1718 00ae 04D5     		bpl	.L186
 1719              	.L187:
 933:Drivers/STM32F4xx_HAL_Driver/Src/stm32f4xx_hal_dma.c ****       {
 1720              		.loc 1 933 7 is_stmt 1 view .LVU680
 935:Drivers/STM32F4xx_HAL_Driver/Src/stm32f4xx_hal_dma.c ****         {
 1721              		.loc 1 935 9 view .LVU681
 940:Drivers/STM32F4xx_HAL_Driver/Src/stm32f4xx_hal_dma.c **** 
 1722              		.loc 1 940 48 view .LVU682
 935:Drivers/STM32F4xx_HAL_Driver/Src/stm32f4xx_hal_dma.c ****         {
 1723              		.loc 1 935 13 is_stmt 0 view .LVU683
 1724 00b0 019B     		ldr	r3, [sp, #4]
 1725 00b2 0133     		adds	r3, r3, #1
 935:Drivers/STM32F4xx_HAL_Driver/Src/stm32f4xx_hal_dma.c ****         {
 1726              		.loc 1 935 12 view .LVU684
 1727 00b4 B342     		cmp	r3, r6
 1728 00b6 0193     		str	r3, [sp, #4]
 1729 00b8 F7D9     		bls	.L254
 1730              	.L186:
 943:Drivers/STM32F4xx_HAL_Driver/Src/stm32f4xx_hal_dma.c **** 
 1731              		.loc 1 943 7 is_stmt 1 view .LVU685
 943:Drivers/STM32F4xx_HAL_Driver/Src/stm32f4xx_hal_dma.c **** 
 1732              		.loc 1 943 19 is_stmt 0 view .LVU686
 1733 00ba 0122     		movs	r2, #1
 946:Drivers/STM32F4xx_HAL_Driver/Src/stm32f4xx_hal_dma.c ****     }
 1734              		.loc 1 946 7 view .LVU687
 1735 00bc 0023     		movs	r3, #0
 943:Drivers/STM32F4xx_HAL_Driver/Src/stm32f4xx_hal_dma.c **** 
 1736              		.loc 1 943 19 view .LVU688
 1737 00be 84F83520 		strb	r2, [r4, #53]
 946:Drivers/STM32F4xx_HAL_Driver/Src/stm32f4xx_hal_dma.c ****     }
 1738              		.loc 1 946 7 is_stmt 1 view .LVU689
 946:Drivers/STM32F4xx_HAL_Driver/Src/stm32f4xx_hal_dma.c ****     }
 1739              		.loc 1 946 7 view .LVU690
 1740 00c2 84F83430 		strb	r3, [r4, #52]
 1741              	.L185:
 946:Drivers/STM32F4xx_HAL_Driver/Src/stm32f4xx_hal_dma.c ****     }
 1742              		.loc 1 946 7 discriminator 1 view .LVU691
 949:Drivers/STM32F4xx_HAL_Driver/Src/stm32f4xx_hal_dma.c ****     {
 1743              		.loc 1 949 5 view .LVU692
 949:Drivers/STM32F4xx_HAL_Driver/Src/stm32f4xx_hal_dma.c ****     {
ARM GAS  C:\Users\kaush\AppData\Local\Temp\cctTu4Fa.s 			page 65


 1744              		.loc 1 949 12 is_stmt 0 view .LVU693
 1745 00c6 E36C     		ldr	r3, [r4, #76]
 949:Drivers/STM32F4xx_HAL_Driver/Src/stm32f4xx_hal_dma.c ****     {
 1746              		.loc 1 949 7 view .LVU694
 1747 00c8 23B1     		cbz	r3, .L163
 952:Drivers/STM32F4xx_HAL_Driver/Src/stm32f4xx_hal_dma.c ****     }
 1748              		.loc 1 952 7 is_stmt 1 view .LVU695
 1749 00ca 2046     		mov	r0, r4
 955:Drivers/STM32F4xx_HAL_Driver/Src/stm32f4xx_hal_dma.c **** 
 1750              		.loc 1 955 1 is_stmt 0 view .LVU696
 1751 00cc 03B0     		add	sp, sp, #12
 1752              	.LCFI20:
 1753              		.cfi_remember_state
 1754              		.cfi_def_cfa_offset 20
 1755              		@ sp needed
 1756 00ce BDE8F040 		pop	{r4, r5, r6, r7, lr}
 1757              	.LCFI21:
 1758              		.cfi_restore 14
 1759              		.cfi_restore 7
 1760              		.cfi_restore 6
 1761              		.cfi_restore 5
 1762              		.cfi_restore 4
 1763              		.cfi_def_cfa_offset 0
 1764              	.LVL103:
 952:Drivers/STM32F4xx_HAL_Driver/Src/stm32f4xx_hal_dma.c ****     }
 1765              		.loc 1 952 7 view .LVU697
 1766 00d2 1847     		bx	r3	@ indirect register sibling call
 1767              	.LVL104:
 1768              	.L163:
 1769              	.LCFI22:
 1770              		.cfi_restore_state
 955:Drivers/STM32F4xx_HAL_Driver/Src/stm32f4xx_hal_dma.c **** 
 1771              		.loc 1 955 1 view .LVU698
 1772 00d4 03B0     		add	sp, sp, #12
 1773              	.LCFI23:
 1774              		.cfi_remember_state
 1775              		.cfi_def_cfa_offset 20
 1776              		@ sp needed
 1777 00d6 F0BD     		pop	{r4, r5, r6, r7, pc}
 1778              	.LVL105:
 1779              	.L251:
 1780              	.LCFI24:
 1781              		.cfi_restore_state
 802:Drivers/STM32F4xx_HAL_Driver/Src/stm32f4xx_hal_dma.c ****       
 1782              		.loc 1 802 7 is_stmt 1 view .LVU699
 802:Drivers/STM32F4xx_HAL_Driver/Src/stm32f4xx_hal_dma.c ****       
 1783              		.loc 1 802 18 is_stmt 0 view .LVU700
 1784 00d8 BA60     		str	r2, [r7, #8]
 805:Drivers/STM32F4xx_HAL_Driver/Src/stm32f4xx_hal_dma.c ****       {
 1785              		.loc 1 805 7 is_stmt 1 view .LVU701
 805:Drivers/STM32F4xx_HAL_Driver/Src/stm32f4xx_hal_dma.c ****       {
 1786              		.loc 1 805 26 is_stmt 0 view .LVU702
 1787 00da 0A68     		ldr	r2, [r1]
 805:Drivers/STM32F4xx_HAL_Driver/Src/stm32f4xx_hal_dma.c ****       {
 1788              		.loc 1 805 9 view .LVU703
 1789 00dc 12F4802F 		tst	r2, #262144
 808:Drivers/STM32F4xx_HAL_Driver/Src/stm32f4xx_hal_dma.c ****         {
ARM GAS  C:\Users\kaush\AppData\Local\Temp\cctTu4Fa.s 			page 66


 1790              		.loc 1 808 27 view .LVU704
 1791 00e0 0A68     		ldr	r2, [r1]
 805:Drivers/STM32F4xx_HAL_Driver/Src/stm32f4xx_hal_dma.c ****       {
 1792              		.loc 1 805 9 view .LVU705
 1793 00e2 22D1     		bne	.L255
 829:Drivers/STM32F4xx_HAL_Driver/Src/stm32f4xx_hal_dma.c ****         {
 1794              		.loc 1 829 9 is_stmt 1 view .LVU706
 829:Drivers/STM32F4xx_HAL_Driver/Src/stm32f4xx_hal_dma.c ****         {
 1795              		.loc 1 829 11 is_stmt 0 view .LVU707
 1796 00e4 D205     		lsls	r2, r2, #23
 1797 00e6 03D4     		bmi	.L172
 832:Drivers/STM32F4xx_HAL_Driver/Src/stm32f4xx_hal_dma.c ****         }
 1798              		.loc 1 832 11 is_stmt 1 view .LVU708
 832:Drivers/STM32F4xx_HAL_Driver/Src/stm32f4xx_hal_dma.c ****         }
 1799              		.loc 1 832 25 is_stmt 0 view .LVU709
 1800 00e8 0A68     		ldr	r2, [r1]
 832:Drivers/STM32F4xx_HAL_Driver/Src/stm32f4xx_hal_dma.c ****         }
 1801              		.loc 1 832 31 view .LVU710
 1802 00ea 22F00802 		bic	r2, r2, #8
 1803 00ee 0A60     		str	r2, [r1]
 1804              	.L172:
 835:Drivers/STM32F4xx_HAL_Driver/Src/stm32f4xx_hal_dma.c ****         {
 1805              		.loc 1 835 9 is_stmt 1 view .LVU711
 835:Drivers/STM32F4xx_HAL_Driver/Src/stm32f4xx_hal_dma.c ****         {
 1806              		.loc 1 835 16 is_stmt 0 view .LVU712
 1807 00f0 226C     		ldr	r2, [r4, #64]
 835:Drivers/STM32F4xx_HAL_Driver/Src/stm32f4xx_hal_dma.c ****         {
 1808              		.loc 1 835 11 view .LVU713
 1809 00f2 002A     		cmp	r2, #0
 1810 00f4 AED0     		beq	.L168
 1811              	.L244:
 838:Drivers/STM32F4xx_HAL_Driver/Src/stm32f4xx_hal_dma.c ****         }
 1812              		.loc 1 838 11 is_stmt 1 view .LVU714
 1813 00f6 2046     		mov	r0, r4
 1814 00f8 9047     		blx	r2
 1815              	.LVL106:
 844:Drivers/STM32F4xx_HAL_Driver/Src/stm32f4xx_hal_dma.c ****   {
 1816              		.loc 1 844 42 is_stmt 0 view .LVU715
 1817 00fa E36D     		ldr	r3, [r4, #92]
 1818 00fc AAE7     		b	.L168
 1819              	.L250:
 790:Drivers/STM32F4xx_HAL_Driver/Src/stm32f4xx_hal_dma.c **** 
 1820              		.loc 1 790 7 is_stmt 1 view .LVU716
 790:Drivers/STM32F4xx_HAL_Driver/Src/stm32f4xx_hal_dma.c **** 
 1821              		.loc 1 790 18 is_stmt 0 view .LVU717
 1822 00fe BA60     		str	r2, [r7, #8]
 793:Drivers/STM32F4xx_HAL_Driver/Src/stm32f4xx_hal_dma.c ****     }
 1823              		.loc 1 793 7 is_stmt 1 view .LVU718
 793:Drivers/STM32F4xx_HAL_Driver/Src/stm32f4xx_hal_dma.c ****     }
 1824              		.loc 1 793 11 is_stmt 0 view .LVU719
 1825 0100 626D     		ldr	r2, [r4, #84]
 793:Drivers/STM32F4xx_HAL_Driver/Src/stm32f4xx_hal_dma.c ****     }
 1826              		.loc 1 793 23 view .LVU720
 1827 0102 42F00402 		orr	r2, r2, #4
 1828 0106 6265     		str	r2, [r4, #84]
 1829 0108 9CE7     		b	.L166
 1830              	.L249:
ARM GAS  C:\Users\kaush\AppData\Local\Temp\cctTu4Fa.s 			page 67


 778:Drivers/STM32F4xx_HAL_Driver/Src/stm32f4xx_hal_dma.c **** 
 1831              		.loc 1 778 7 is_stmt 1 view .LVU721
 778:Drivers/STM32F4xx_HAL_Driver/Src/stm32f4xx_hal_dma.c **** 
 1832              		.loc 1 778 18 is_stmt 0 view .LVU722
 1833 010a BA60     		str	r2, [r7, #8]
 781:Drivers/STM32F4xx_HAL_Driver/Src/stm32f4xx_hal_dma.c ****     }
 1834              		.loc 1 781 7 is_stmt 1 view .LVU723
 781:Drivers/STM32F4xx_HAL_Driver/Src/stm32f4xx_hal_dma.c ****     }
 1835              		.loc 1 781 11 is_stmt 0 view .LVU724
 1836 010c 626D     		ldr	r2, [r4, #84]
 781:Drivers/STM32F4xx_HAL_Driver/Src/stm32f4xx_hal_dma.c ****     }
 1837              		.loc 1 781 23 view .LVU725
 1838 010e 42F00202 		orr	r2, r2, #2
 1839 0112 6265     		str	r2, [r4, #84]
 1840 0114 8EE7     		b	.L165
 1841              	.L248:
 763:Drivers/STM32F4xx_HAL_Driver/Src/stm32f4xx_hal_dma.c ****       
 1842              		.loc 1 763 7 is_stmt 1 view .LVU726
 763:Drivers/STM32F4xx_HAL_Driver/Src/stm32f4xx_hal_dma.c ****       
 1843              		.loc 1 763 21 is_stmt 0 view .LVU727
 1844 0116 0868     		ldr	r0, [r1]
 763:Drivers/STM32F4xx_HAL_Driver/Src/stm32f4xx_hal_dma.c ****       
 1845              		.loc 1 763 27 view .LVU728
 1846 0118 20F00400 		bic	r0, r0, #4
 1847 011c 0860     		str	r0, [r1]
 766:Drivers/STM32F4xx_HAL_Driver/Src/stm32f4xx_hal_dma.c ****       
 1848              		.loc 1 766 7 is_stmt 1 view .LVU729
 766:Drivers/STM32F4xx_HAL_Driver/Src/stm32f4xx_hal_dma.c ****       
 1849              		.loc 1 766 18 is_stmt 0 view .LVU730
 1850 011e BA60     		str	r2, [r7, #8]
 769:Drivers/STM32F4xx_HAL_Driver/Src/stm32f4xx_hal_dma.c ****     }
 1851              		.loc 1 769 7 is_stmt 1 view .LVU731
 769:Drivers/STM32F4xx_HAL_Driver/Src/stm32f4xx_hal_dma.c ****     }
 1852              		.loc 1 769 11 is_stmt 0 view .LVU732
 1853 0120 626D     		ldr	r2, [r4, #84]
 769:Drivers/STM32F4xx_HAL_Driver/Src/stm32f4xx_hal_dma.c ****     }
 1854              		.loc 1 769 23 view .LVU733
 1855 0122 42F00102 		orr	r2, r2, #1
 1856 0126 6265     		str	r2, [r4, #84]
 1857 0128 7CE7     		b	.L164
 1858              	.L255:
 808:Drivers/STM32F4xx_HAL_Driver/Src/stm32f4xx_hal_dma.c ****         {
 1859              		.loc 1 808 9 is_stmt 1 view .LVU734
 808:Drivers/STM32F4xx_HAL_Driver/Src/stm32f4xx_hal_dma.c ****         {
 1860              		.loc 1 808 11 is_stmt 0 view .LVU735
 1861 012a 1103     		lsls	r1, r2, #12
 1862 012c E0D5     		bpl	.L172
 819:Drivers/STM32F4xx_HAL_Driver/Src/stm32f4xx_hal_dma.c ****           {
 1863              		.loc 1 819 11 is_stmt 1 view .LVU736
 819:Drivers/STM32F4xx_HAL_Driver/Src/stm32f4xx_hal_dma.c ****           {
 1864              		.loc 1 819 18 is_stmt 0 view .LVU737
 1865 012e A26C     		ldr	r2, [r4, #72]
 819:Drivers/STM32F4xx_HAL_Driver/Src/stm32f4xx_hal_dma.c ****           {
 1866              		.loc 1 819 13 view .LVU738
 1867 0130 002A     		cmp	r2, #0
 1868 0132 E0D1     		bne	.L244
 1869 0134 8EE7     		b	.L168
ARM GAS  C:\Users\kaush\AppData\Local\Temp\cctTu4Fa.s 			page 68


 1870              	.L252:
 854:Drivers/STM32F4xx_HAL_Driver/Src/stm32f4xx_hal_dma.c ****         hdma->Instance->FCR &= ~(DMA_IT_FE);
 1871              		.loc 1 854 9 is_stmt 1 view .LVU739
 854:Drivers/STM32F4xx_HAL_Driver/Src/stm32f4xx_hal_dma.c ****         hdma->Instance->FCR &= ~(DMA_IT_FE);
 1872              		.loc 1 854 23 is_stmt 0 view .LVU740
 1873 0136 0A68     		ldr	r2, [r1]
 854:Drivers/STM32F4xx_HAL_Driver/Src/stm32f4xx_hal_dma.c ****         hdma->Instance->FCR &= ~(DMA_IT_FE);
 1874              		.loc 1 854 29 view .LVU741
 1875 0138 22F01602 		bic	r2, r2, #22
 1876 013c 0A60     		str	r2, [r1]
 855:Drivers/STM32F4xx_HAL_Driver/Src/stm32f4xx_hal_dma.c ****         
 1877              		.loc 1 855 9 is_stmt 1 view .LVU742
 855:Drivers/STM32F4xx_HAL_Driver/Src/stm32f4xx_hal_dma.c ****         
 1878              		.loc 1 855 23 is_stmt 0 view .LVU743
 1879 013e 4A69     		ldr	r2, [r1, #20]
 855:Drivers/STM32F4xx_HAL_Driver/Src/stm32f4xx_hal_dma.c ****         
 1880              		.loc 1 855 29 view .LVU744
 1881 0140 22F08002 		bic	r2, r2, #128
 1882 0144 4A61     		str	r2, [r1, #20]
 857:Drivers/STM32F4xx_HAL_Driver/Src/stm32f4xx_hal_dma.c ****         {
 1883              		.loc 1 857 9 is_stmt 1 view .LVU745
 857:Drivers/STM32F4xx_HAL_Driver/Src/stm32f4xx_hal_dma.c ****         {
 1884              		.loc 1 857 11 is_stmt 0 view .LVU746
 1885 0146 226C     		ldr	r2, [r4, #64]
 1886 0148 3AB3     		cbz	r2, .L256
 1887              	.L177:
 859:Drivers/STM32F4xx_HAL_Driver/Src/stm32f4xx_hal_dma.c ****         }
 1888              		.loc 1 859 11 is_stmt 1 view .LVU747
 859:Drivers/STM32F4xx_HAL_Driver/Src/stm32f4xx_hal_dma.c ****         }
 1889              		.loc 1 859 25 is_stmt 0 view .LVU748
 1890 014a 0A68     		ldr	r2, [r1]
 859:Drivers/STM32F4xx_HAL_Driver/Src/stm32f4xx_hal_dma.c ****         }
 1891              		.loc 1 859 31 view .LVU749
 1892 014c 22F00802 		bic	r2, r2, #8
 1893 0150 0A60     		str	r2, [r1]
 1894              	.L178:
 863:Drivers/STM32F4xx_HAL_Driver/Src/stm32f4xx_hal_dma.c **** 
 1895              		.loc 1 863 9 is_stmt 1 view .LVU750
 863:Drivers/STM32F4xx_HAL_Driver/Src/stm32f4xx_hal_dma.c **** 
 1896              		.loc 1 863 28 is_stmt 0 view .LVU751
 1897 0152 3F22     		movs	r2, #63
 1898 0154 02FA03F3 		lsl	r3, r2, r3
 871:Drivers/STM32F4xx_HAL_Driver/Src/stm32f4xx_hal_dma.c ****         {
 1899              		.loc 1 871 16 view .LVU752
 1900 0158 216D     		ldr	r1, [r4, #80]
 863:Drivers/STM32F4xx_HAL_Driver/Src/stm32f4xx_hal_dma.c **** 
 1901              		.loc 1 863 20 view .LVU753
 1902 015a BB60     		str	r3, [r7, #8]
 866:Drivers/STM32F4xx_HAL_Driver/Src/stm32f4xx_hal_dma.c **** 
 1903              		.loc 1 866 9 is_stmt 1 view .LVU754
 866:Drivers/STM32F4xx_HAL_Driver/Src/stm32f4xx_hal_dma.c **** 
 1904              		.loc 1 866 21 is_stmt 0 view .LVU755
 1905 015c 0122     		movs	r2, #1
 869:Drivers/STM32F4xx_HAL_Driver/Src/stm32f4xx_hal_dma.c **** 
 1906              		.loc 1 869 9 view .LVU756
 1907 015e 0023     		movs	r3, #0
 866:Drivers/STM32F4xx_HAL_Driver/Src/stm32f4xx_hal_dma.c **** 
ARM GAS  C:\Users\kaush\AppData\Local\Temp\cctTu4Fa.s 			page 69


 1908              		.loc 1 866 21 view .LVU757
 1909 0160 84F83520 		strb	r2, [r4, #53]
 869:Drivers/STM32F4xx_HAL_Driver/Src/stm32f4xx_hal_dma.c **** 
 1910              		.loc 1 869 9 is_stmt 1 view .LVU758
 869:Drivers/STM32F4xx_HAL_Driver/Src/stm32f4xx_hal_dma.c **** 
 1911              		.loc 1 869 9 view .LVU759
 1912 0164 84F83430 		strb	r3, [r4, #52]
 869:Drivers/STM32F4xx_HAL_Driver/Src/stm32f4xx_hal_dma.c **** 
 1913              		.loc 1 869 9 view .LVU760
 871:Drivers/STM32F4xx_HAL_Driver/Src/stm32f4xx_hal_dma.c ****         {
 1914              		.loc 1 871 9 view .LVU761
 871:Drivers/STM32F4xx_HAL_Driver/Src/stm32f4xx_hal_dma.c ****         {
 1915              		.loc 1 871 11 is_stmt 0 view .LVU762
 1916 0168 0029     		cmp	r1, #0
 1917 016a B3D0     		beq	.L163
 873:Drivers/STM32F4xx_HAL_Driver/Src/stm32f4xx_hal_dma.c ****         }
 1918              		.loc 1 873 11 is_stmt 1 view .LVU763
 1919 016c 2046     		mov	r0, r4
 955:Drivers/STM32F4xx_HAL_Driver/Src/stm32f4xx_hal_dma.c **** 
 1920              		.loc 1 955 1 is_stmt 0 view .LVU764
 1921 016e 03B0     		add	sp, sp, #12
 1922              	.LCFI25:
 1923              		.cfi_remember_state
 1924              		.cfi_def_cfa_offset 20
 1925              		@ sp needed
 1926 0170 BDE8F040 		pop	{r4, r5, r6, r7, lr}
 1927              	.LCFI26:
 1928              		.cfi_restore 14
 1929              		.cfi_restore 7
 1930              		.cfi_restore 6
 1931              		.cfi_restore 5
 1932              		.cfi_restore 4
 1933              		.cfi_def_cfa_offset 0
 1934              	.LVL107:
 873:Drivers/STM32F4xx_HAL_Driver/Src/stm32f4xx_hal_dma.c ****         }
 1935              		.loc 1 873 11 view .LVU765
 1936 0174 0847     		bx	r1	@ indirect register sibling call
 1937              	.LVL108:
 1938              	.L181:
 1939              	.LCFI27:
 1940              		.cfi_restore_state
 902:Drivers/STM32F4xx_HAL_Driver/Src/stm32f4xx_hal_dma.c ****         {
 1941              		.loc 1 902 9 is_stmt 1 view .LVU766
 902:Drivers/STM32F4xx_HAL_Driver/Src/stm32f4xx_hal_dma.c ****         {
 1942              		.loc 1 902 11 is_stmt 0 view .LVU767
 1943 0176 13F48073 		ands	r3, r3, #256
 1944 017a 80D1     		bne	.L183
 905:Drivers/STM32F4xx_HAL_Driver/Src/stm32f4xx_hal_dma.c **** 
 1945              		.loc 1 905 11 is_stmt 1 view .LVU768
 905:Drivers/STM32F4xx_HAL_Driver/Src/stm32f4xx_hal_dma.c **** 
 1946              		.loc 1 905 25 is_stmt 0 view .LVU769
 1947 017c 0A68     		ldr	r2, [r1]
 905:Drivers/STM32F4xx_HAL_Driver/Src/stm32f4xx_hal_dma.c **** 
 1948              		.loc 1 905 31 view .LVU770
 1949 017e 22F01002 		bic	r2, r2, #16
 1950 0182 0A60     		str	r2, [r1]
 908:Drivers/STM32F4xx_HAL_Driver/Src/stm32f4xx_hal_dma.c **** 
ARM GAS  C:\Users\kaush\AppData\Local\Temp\cctTu4Fa.s 			page 70


 1951              		.loc 1 908 11 is_stmt 1 view .LVU771
 908:Drivers/STM32F4xx_HAL_Driver/Src/stm32f4xx_hal_dma.c **** 
 1952              		.loc 1 908 23 is_stmt 0 view .LVU772
 1953 0184 0122     		movs	r2, #1
 1954 0186 84F83520 		strb	r2, [r4, #53]
 911:Drivers/STM32F4xx_HAL_Driver/Src/stm32f4xx_hal_dma.c ****         }
 1955              		.loc 1 911 11 is_stmt 1 view .LVU773
 911:Drivers/STM32F4xx_HAL_Driver/Src/stm32f4xx_hal_dma.c ****         }
 1956              		.loc 1 911 11 view .LVU774
 1957 018a 84F83430 		strb	r3, [r4, #52]
 1958 018e 76E7     		b	.L183
 1959              	.L253:
 883:Drivers/STM32F4xx_HAL_Driver/Src/stm32f4xx_hal_dma.c ****           {
 1960              		.loc 1 883 11 view .LVU775
 883:Drivers/STM32F4xx_HAL_Driver/Src/stm32f4xx_hal_dma.c ****           {
 1961              		.loc 1 883 18 is_stmt 0 view .LVU776
 1962 0190 636C     		ldr	r3, [r4, #68]
 883:Drivers/STM32F4xx_HAL_Driver/Src/stm32f4xx_hal_dma.c ****           {
 1963              		.loc 1 883 13 view .LVU777
 1964 0192 002B     		cmp	r3, #0
 1965 0194 7FF475AF 		bne	.L245
 1966 0198 75E7     		b	.L174
 1967              	.L256:
 857:Drivers/STM32F4xx_HAL_Driver/Src/stm32f4xx_hal_dma.c ****         {
 1968              		.loc 1 857 49 discriminator 1 view .LVU778
 1969 019a A26C     		ldr	r2, [r4, #72]
 1970 019c 002A     		cmp	r2, #0
 1971 019e D4D1     		bne	.L177
 1972 01a0 D7E7     		b	.L178
 1973              	.L258:
 1974 01a2 00BF     		.align	2
 1975              	.L257:
 1976 01a4 00000000 		.word	SystemCoreClock
 1977 01a8 B5814E1B 		.word	458129845
 1978              		.cfi_endproc
 1979              	.LFE141:
 1981              		.section	.text.HAL_DMA_RegisterCallback,"ax",%progbits
 1982              		.align	1
 1983              		.p2align 2,,3
 1984              		.global	HAL_DMA_RegisterCallback
 1985              		.syntax unified
 1986              		.thumb
 1987              		.thumb_func
 1989              	HAL_DMA_RegisterCallback:
 1990              	.LVL109:
 1991              	.LFB142:
 968:Drivers/STM32F4xx_HAL_Driver/Src/stm32f4xx_hal_dma.c **** 
 1992              		.loc 1 968 1 is_stmt 1 view -0
 1993              		.cfi_startproc
 1994              		@ args = 0, pretend = 0, frame = 0
 1995              		@ frame_needed = 0, uses_anonymous_args = 0
 1996              		@ link register save eliminated.
 970:Drivers/STM32F4xx_HAL_Driver/Src/stm32f4xx_hal_dma.c **** 
 1997              		.loc 1 970 3 view .LVU780
 973:Drivers/STM32F4xx_HAL_Driver/Src/stm32f4xx_hal_dma.c **** 
 1998              		.loc 1 973 3 view .LVU781
 973:Drivers/STM32F4xx_HAL_Driver/Src/stm32f4xx_hal_dma.c **** 
ARM GAS  C:\Users\kaush\AppData\Local\Temp\cctTu4Fa.s 			page 71


 1999              		.loc 1 973 3 view .LVU782
 968:Drivers/STM32F4xx_HAL_Driver/Src/stm32f4xx_hal_dma.c **** 
 2000              		.loc 1 968 1 is_stmt 0 view .LVU783
 2001 0000 0346     		mov	r3, r0
 973:Drivers/STM32F4xx_HAL_Driver/Src/stm32f4xx_hal_dma.c **** 
 2002              		.loc 1 973 3 view .LVU784
 2003 0002 90F83400 		ldrb	r0, [r0, #52]	@ zero_extendqisi2
 2004              	.LVL110:
 973:Drivers/STM32F4xx_HAL_Driver/Src/stm32f4xx_hal_dma.c **** 
 2005              		.loc 1 973 3 view .LVU785
 2006 0006 0128     		cmp	r0, #1
 2007 0008 12D0     		beq	.L270
 973:Drivers/STM32F4xx_HAL_Driver/Src/stm32f4xx_hal_dma.c **** 
 2008              		.loc 1 973 3 is_stmt 1 discriminator 2 view .LVU786
 973:Drivers/STM32F4xx_HAL_Driver/Src/stm32f4xx_hal_dma.c **** 
 2009              		.loc 1 973 3 discriminator 2 view .LVU787
 975:Drivers/STM32F4xx_HAL_Driver/Src/stm32f4xx_hal_dma.c ****   {
 2010              		.loc 1 975 3 view .LVU788
 975:Drivers/STM32F4xx_HAL_Driver/Src/stm32f4xx_hal_dma.c ****   {
 2011              		.loc 1 975 33 is_stmt 0 view .LVU789
 2012 000a 93F835C0 		ldrb	ip, [r3, #53]	@ zero_extendqisi2
 975:Drivers/STM32F4xx_HAL_Driver/Src/stm32f4xx_hal_dma.c ****   {
 2013              		.loc 1 975 5 view .LVU790
 2014 000e BCF1010F 		cmp	ip, #1
 975:Drivers/STM32F4xx_HAL_Driver/Src/stm32f4xx_hal_dma.c ****   {
 2015              		.loc 1 975 33 view .LVU791
 2016 0012 5FFA8CF0 		uxtb	r0, ip
 975:Drivers/STM32F4xx_HAL_Driver/Src/stm32f4xx_hal_dma.c ****   {
 2017              		.loc 1 975 5 view .LVU792
 2018 0016 04D0     		beq	.L273
 2019 0018 0120     		movs	r0, #1
 2020              	.L261:
 2021              	.LVL111:
1016:Drivers/STM32F4xx_HAL_Driver/Src/stm32f4xx_hal_dma.c ****   
 2022              		.loc 1 1016 3 is_stmt 1 view .LVU793
1016:Drivers/STM32F4xx_HAL_Driver/Src/stm32f4xx_hal_dma.c ****   
 2023              		.loc 1 1016 3 view .LVU794
 2024 001a 0022     		movs	r2, #0
 2025              	.LVL112:
1016:Drivers/STM32F4xx_HAL_Driver/Src/stm32f4xx_hal_dma.c ****   
 2026              		.loc 1 1016 3 is_stmt 0 view .LVU795
 2027 001c 83F83420 		strb	r2, [r3, #52]
1016:Drivers/STM32F4xx_HAL_Driver/Src/stm32f4xx_hal_dma.c ****   
 2028              		.loc 1 1016 3 is_stmt 1 view .LVU796
1018:Drivers/STM32F4xx_HAL_Driver/Src/stm32f4xx_hal_dma.c **** }
 2029              		.loc 1 1018 3 view .LVU797
1018:Drivers/STM32F4xx_HAL_Driver/Src/stm32f4xx_hal_dma.c **** }
 2030              		.loc 1 1018 10 is_stmt 0 view .LVU798
 2031 0020 7047     		bx	lr
 2032              	.LVL113:
 2033              	.L273:
 977:Drivers/STM32F4xx_HAL_Driver/Src/stm32f4xx_hal_dma.c ****     {
 2034              		.loc 1 977 5 is_stmt 1 view .LVU799
 2035 0022 0529     		cmp	r1, #5
 2036 0024 F9D8     		bhi	.L261
 2037 0026 DFE801F0 		tbb	[pc, r1]
 2038              	.L263:
ARM GAS  C:\Users\kaush\AppData\Local\Temp\cctTu4Fa.s 			page 72


 2039 002a 08       		.byte	(.L268-.L263)/2
 2040 002b 0A       		.byte	(.L267-.L263)/2
 2041 002c 0C       		.byte	(.L266-.L263)/2
 2042 002d 0E       		.byte	(.L265-.L263)/2
 2043 002e 10       		.byte	(.L264-.L263)/2
 2044 002f 05       		.byte	(.L262-.L263)/2
 2045              		.p2align 1
 2046              	.L270:
 973:Drivers/STM32F4xx_HAL_Driver/Src/stm32f4xx_hal_dma.c **** 
 2047              		.loc 1 973 3 is_stmt 0 discriminator 1 view .LVU800
 2048 0030 0220     		movs	r0, #2
1019:Drivers/STM32F4xx_HAL_Driver/Src/stm32f4xx_hal_dma.c **** 
 2049              		.loc 1 1019 1 view .LVU801
 2050 0032 7047     		bx	lr
 2051              	.L262:
1000:Drivers/STM32F4xx_HAL_Driver/Src/stm32f4xx_hal_dma.c ****       break;
 2052              		.loc 1 1000 7 is_stmt 1 view .LVU802
1000:Drivers/STM32F4xx_HAL_Driver/Src/stm32f4xx_hal_dma.c ****       break;
 2053              		.loc 1 1000 31 is_stmt 0 view .LVU803
 2054 0034 1A65     		str	r2, [r3, #80]
1001:Drivers/STM32F4xx_HAL_Driver/Src/stm32f4xx_hal_dma.c **** 
 2055              		.loc 1 1001 7 is_stmt 1 view .LVU804
 2056              	.L269:
 970:Drivers/STM32F4xx_HAL_Driver/Src/stm32f4xx_hal_dma.c **** 
 2057              		.loc 1 970 21 is_stmt 0 view .LVU805
 2058 0036 0020     		movs	r0, #0
 2059 0038 EFE7     		b	.L261
 2060              	.L268:
 980:Drivers/STM32F4xx_HAL_Driver/Src/stm32f4xx_hal_dma.c ****       break;
 2061              		.loc 1 980 7 is_stmt 1 view .LVU806
 980:Drivers/STM32F4xx_HAL_Driver/Src/stm32f4xx_hal_dma.c ****       break;
 2062              		.loc 1 980 30 is_stmt 0 view .LVU807
 2063 003a DA63     		str	r2, [r3, #60]
 981:Drivers/STM32F4xx_HAL_Driver/Src/stm32f4xx_hal_dma.c **** 
 2064              		.loc 1 981 7 is_stmt 1 view .LVU808
 2065 003c FBE7     		b	.L269
 2066              	.L267:
 984:Drivers/STM32F4xx_HAL_Driver/Src/stm32f4xx_hal_dma.c ****       break;
 2067              		.loc 1 984 7 view .LVU809
 984:Drivers/STM32F4xx_HAL_Driver/Src/stm32f4xx_hal_dma.c ****       break;
 2068              		.loc 1 984 34 is_stmt 0 view .LVU810
 2069 003e 1A64     		str	r2, [r3, #64]
 985:Drivers/STM32F4xx_HAL_Driver/Src/stm32f4xx_hal_dma.c **** 
 2070              		.loc 1 985 7 is_stmt 1 view .LVU811
 2071 0040 F9E7     		b	.L269
 2072              	.L266:
 988:Drivers/STM32F4xx_HAL_Driver/Src/stm32f4xx_hal_dma.c ****       break;
 2073              		.loc 1 988 7 view .LVU812
 988:Drivers/STM32F4xx_HAL_Driver/Src/stm32f4xx_hal_dma.c ****       break;
 2074              		.loc 1 988 32 is_stmt 0 view .LVU813
 2075 0042 5A64     		str	r2, [r3, #68]
 989:Drivers/STM32F4xx_HAL_Driver/Src/stm32f4xx_hal_dma.c **** 
 2076              		.loc 1 989 7 is_stmt 1 view .LVU814
 2077 0044 F7E7     		b	.L269
 2078              	.L265:
 992:Drivers/STM32F4xx_HAL_Driver/Src/stm32f4xx_hal_dma.c ****       break;
 2079              		.loc 1 992 7 view .LVU815
ARM GAS  C:\Users\kaush\AppData\Local\Temp\cctTu4Fa.s 			page 73


 992:Drivers/STM32F4xx_HAL_Driver/Src/stm32f4xx_hal_dma.c ****       break;
 2080              		.loc 1 992 36 is_stmt 0 view .LVU816
 2081 0046 9A64     		str	r2, [r3, #72]
 993:Drivers/STM32F4xx_HAL_Driver/Src/stm32f4xx_hal_dma.c **** 
 2082              		.loc 1 993 7 is_stmt 1 view .LVU817
 2083 0048 F5E7     		b	.L269
 2084              	.L264:
 996:Drivers/STM32F4xx_HAL_Driver/Src/stm32f4xx_hal_dma.c ****       break;
 2085              		.loc 1 996 7 view .LVU818
 996:Drivers/STM32F4xx_HAL_Driver/Src/stm32f4xx_hal_dma.c ****       break;
 2086              		.loc 1 996 31 is_stmt 0 view .LVU819
 2087 004a DA64     		str	r2, [r3, #76]
 997:Drivers/STM32F4xx_HAL_Driver/Src/stm32f4xx_hal_dma.c **** 
 2088              		.loc 1 997 7 is_stmt 1 view .LVU820
 2089 004c F3E7     		b	.L269
 2090              		.cfi_endproc
 2091              	.LFE142:
 2093 004e 00BF     		.section	.text.HAL_DMA_UnRegisterCallback,"ax",%progbits
 2094              		.align	1
 2095              		.p2align 2,,3
 2096              		.global	HAL_DMA_UnRegisterCallback
 2097              		.syntax unified
 2098              		.thumb
 2099              		.thumb_func
 2101              	HAL_DMA_UnRegisterCallback:
 2102              	.LVL114:
 2103              	.LFB143:
1030:Drivers/STM32F4xx_HAL_Driver/Src/stm32f4xx_hal_dma.c ****   HAL_StatusTypeDef status = HAL_OK;
 2104              		.loc 1 1030 1 view -0
 2105              		.cfi_startproc
 2106              		@ args = 0, pretend = 0, frame = 0
 2107              		@ frame_needed = 0, uses_anonymous_args = 0
 2108              		@ link register save eliminated.
1031:Drivers/STM32F4xx_HAL_Driver/Src/stm32f4xx_hal_dma.c ****   
 2109              		.loc 1 1031 3 view .LVU822
1034:Drivers/STM32F4xx_HAL_Driver/Src/stm32f4xx_hal_dma.c ****   
 2110              		.loc 1 1034 3 view .LVU823
1034:Drivers/STM32F4xx_HAL_Driver/Src/stm32f4xx_hal_dma.c ****   
 2111              		.loc 1 1034 3 view .LVU824
 2112 0000 90F83420 		ldrb	r2, [r0, #52]	@ zero_extendqisi2
 2113 0004 012A     		cmp	r2, #1
1030:Drivers/STM32F4xx_HAL_Driver/Src/stm32f4xx_hal_dma.c ****   HAL_StatusTypeDef status = HAL_OK;
 2114              		.loc 1 1030 1 is_stmt 0 view .LVU825
 2115 0006 0346     		mov	r3, r0
1034:Drivers/STM32F4xx_HAL_Driver/Src/stm32f4xx_hal_dma.c ****   
 2116              		.loc 1 1034 3 view .LVU826
 2117 0008 15D0     		beq	.L286
1034:Drivers/STM32F4xx_HAL_Driver/Src/stm32f4xx_hal_dma.c ****   
 2118              		.loc 1 1034 3 is_stmt 1 discriminator 2 view .LVU827
1036:Drivers/STM32F4xx_HAL_Driver/Src/stm32f4xx_hal_dma.c ****   {
 2119              		.loc 1 1036 33 is_stmt 0 view .LVU828
 2120 000a 90F83520 		ldrb	r2, [r0, #53]	@ zero_extendqisi2
1034:Drivers/STM32F4xx_HAL_Driver/Src/stm32f4xx_hal_dma.c ****   
 2121              		.loc 1 1034 3 discriminator 2 view .LVU829
 2122 000e 4FF0010C 		mov	ip, #1
1036:Drivers/STM32F4xx_HAL_Driver/Src/stm32f4xx_hal_dma.c ****   {
 2123              		.loc 1 1036 5 view .LVU830
ARM GAS  C:\Users\kaush\AppData\Local\Temp\cctTu4Fa.s 			page 74


 2124 0012 6245     		cmp	r2, ip
1034:Drivers/STM32F4xx_HAL_Driver/Src/stm32f4xx_hal_dma.c ****   
 2125              		.loc 1 1034 3 discriminator 2 view .LVU831
 2126 0014 80F834C0 		strb	ip, [r0, #52]
1034:Drivers/STM32F4xx_HAL_Driver/Src/stm32f4xx_hal_dma.c ****   
 2127              		.loc 1 1034 3 is_stmt 1 discriminator 2 view .LVU832
1036:Drivers/STM32F4xx_HAL_Driver/Src/stm32f4xx_hal_dma.c ****   {
 2128              		.loc 1 1036 3 view .LVU833
1036:Drivers/STM32F4xx_HAL_Driver/Src/stm32f4xx_hal_dma.c ****   {
 2129              		.loc 1 1036 33 is_stmt 0 view .LVU834
 2130 0018 D0B2     		uxtb	r0, r2
 2131              	.LVL115:
1036:Drivers/STM32F4xx_HAL_Driver/Src/stm32f4xx_hal_dma.c ****   {
 2132              		.loc 1 1036 5 view .LVU835
 2133 001a 04D0     		beq	.L289
 2134 001c 6046     		mov	r0, ip
 2135              	.L276:
 2136              	.LVL116:
1084:Drivers/STM32F4xx_HAL_Driver/Src/stm32f4xx_hal_dma.c ****   
 2137              		.loc 1 1084 3 is_stmt 1 view .LVU836
1084:Drivers/STM32F4xx_HAL_Driver/Src/stm32f4xx_hal_dma.c ****   
 2138              		.loc 1 1084 3 view .LVU837
 2139 001e 0022     		movs	r2, #0
 2140 0020 83F83420 		strb	r2, [r3, #52]
1084:Drivers/STM32F4xx_HAL_Driver/Src/stm32f4xx_hal_dma.c ****   
 2141              		.loc 1 1084 3 view .LVU838
1086:Drivers/STM32F4xx_HAL_Driver/Src/stm32f4xx_hal_dma.c **** }
 2142              		.loc 1 1086 3 view .LVU839
1086:Drivers/STM32F4xx_HAL_Driver/Src/stm32f4xx_hal_dma.c **** }
 2143              		.loc 1 1086 10 is_stmt 0 view .LVU840
 2144 0024 7047     		bx	lr
 2145              	.LVL117:
 2146              	.L289:
1038:Drivers/STM32F4xx_HAL_Driver/Src/stm32f4xx_hal_dma.c ****     {
 2147              		.loc 1 1038 5 is_stmt 1 view .LVU841
 2148 0026 0629     		cmp	r1, #6
 2149 0028 F9D8     		bhi	.L276
 2150 002a DFE801F0 		tbb	[pc, r1]
 2151              	.L278:
 2152 002e 0F       		.byte	(.L284-.L278)/2
 2153 002f 12       		.byte	(.L283-.L278)/2
 2154 0030 15       		.byte	(.L282-.L278)/2
 2155 0031 18       		.byte	(.L281-.L278)/2
 2156 0032 1B       		.byte	(.L280-.L278)/2
 2157 0033 1E       		.byte	(.L279-.L278)/2
 2158 0034 06       		.byte	(.L277-.L278)/2
 2159              	.LVL118:
 2160 0035 00       		.p2align 1
 2161              	.L286:
1034:Drivers/STM32F4xx_HAL_Driver/Src/stm32f4xx_hal_dma.c ****   
 2162              		.loc 1 1034 3 is_stmt 0 discriminator 1 view .LVU842
 2163 0036 0220     		movs	r0, #2
 2164              	.LVL119:
1087:Drivers/STM32F4xx_HAL_Driver/Src/stm32f4xx_hal_dma.c **** 
 2165              		.loc 1 1087 1 view .LVU843
 2166 0038 7047     		bx	lr
 2167              	.L277:
ARM GAS  C:\Users\kaush\AppData\Local\Temp\cctTu4Fa.s 			page 75


1065:Drivers/STM32F4xx_HAL_Driver/Src/stm32f4xx_hal_dma.c ****       hdma->XferHalfCpltCallback = NULL;
 2168              		.loc 1 1065 7 is_stmt 1 view .LVU844
1065:Drivers/STM32F4xx_HAL_Driver/Src/stm32f4xx_hal_dma.c ****       hdma->XferHalfCpltCallback = NULL;
 2169              		.loc 1 1065 30 is_stmt 0 view .LVU845
 2170 003a 0022     		movs	r2, #0
1066:Drivers/STM32F4xx_HAL_Driver/Src/stm32f4xx_hal_dma.c ****       hdma->XferM1CpltCallback = NULL;
 2171              		.loc 1 1066 34 view .LVU846
 2172 003c C3E90F22 		strd	r2, r2, [r3, #60]
1067:Drivers/STM32F4xx_HAL_Driver/Src/stm32f4xx_hal_dma.c ****       hdma->XferM1HalfCpltCallback = NULL;
 2173              		.loc 1 1067 7 is_stmt 1 view .LVU847
1068:Drivers/STM32F4xx_HAL_Driver/Src/stm32f4xx_hal_dma.c ****       hdma->XferErrorCallback = NULL;
 2174              		.loc 1 1068 36 is_stmt 0 view .LVU848
 2175 0040 C3E91122 		strd	r2, r2, [r3, #68]
1069:Drivers/STM32F4xx_HAL_Driver/Src/stm32f4xx_hal_dma.c ****       hdma->XferAbortCallback = NULL;
 2176              		.loc 1 1069 7 is_stmt 1 view .LVU849
1070:Drivers/STM32F4xx_HAL_Driver/Src/stm32f4xx_hal_dma.c ****       break; 
 2177              		.loc 1 1070 7 view .LVU850
1069:Drivers/STM32F4xx_HAL_Driver/Src/stm32f4xx_hal_dma.c ****       hdma->XferAbortCallback = NULL;
 2178              		.loc 1 1069 31 is_stmt 0 view .LVU851
 2179 0044 C3E91322 		strd	r2, r2, [r3, #76]
1071:Drivers/STM32F4xx_HAL_Driver/Src/stm32f4xx_hal_dma.c ****       
 2180              		.loc 1 1071 7 is_stmt 1 view .LVU852
 2181              	.L285:
1031:Drivers/STM32F4xx_HAL_Driver/Src/stm32f4xx_hal_dma.c ****   
 2182              		.loc 1 1031 21 is_stmt 0 view .LVU853
 2183 0048 0020     		movs	r0, #0
 2184 004a E8E7     		b	.L276
 2185              	.L284:
1041:Drivers/STM32F4xx_HAL_Driver/Src/stm32f4xx_hal_dma.c ****       break;
 2186              		.loc 1 1041 7 is_stmt 1 view .LVU854
1041:Drivers/STM32F4xx_HAL_Driver/Src/stm32f4xx_hal_dma.c ****       break;
 2187              		.loc 1 1041 30 is_stmt 0 view .LVU855
 2188 004c 0022     		movs	r2, #0
 2189 004e DA63     		str	r2, [r3, #60]
1042:Drivers/STM32F4xx_HAL_Driver/Src/stm32f4xx_hal_dma.c ****       
 2190              		.loc 1 1042 7 is_stmt 1 view .LVU856
 2191 0050 FAE7     		b	.L285
 2192              	.L283:
1045:Drivers/STM32F4xx_HAL_Driver/Src/stm32f4xx_hal_dma.c ****       break;
 2193              		.loc 1 1045 7 view .LVU857
1045:Drivers/STM32F4xx_HAL_Driver/Src/stm32f4xx_hal_dma.c ****       break;
 2194              		.loc 1 1045 34 is_stmt 0 view .LVU858
 2195 0052 0022     		movs	r2, #0
 2196 0054 1A64     		str	r2, [r3, #64]
1046:Drivers/STM32F4xx_HAL_Driver/Src/stm32f4xx_hal_dma.c ****       
 2197              		.loc 1 1046 7 is_stmt 1 view .LVU859
 2198 0056 F7E7     		b	.L285
 2199              	.L282:
1049:Drivers/STM32F4xx_HAL_Driver/Src/stm32f4xx_hal_dma.c ****       break;
 2200              		.loc 1 1049 7 view .LVU860
1049:Drivers/STM32F4xx_HAL_Driver/Src/stm32f4xx_hal_dma.c ****       break;
 2201              		.loc 1 1049 32 is_stmt 0 view .LVU861
 2202 0058 0022     		movs	r2, #0
 2203 005a 5A64     		str	r2, [r3, #68]
1050:Drivers/STM32F4xx_HAL_Driver/Src/stm32f4xx_hal_dma.c ****       
 2204              		.loc 1 1050 7 is_stmt 1 view .LVU862
 2205 005c F4E7     		b	.L285
ARM GAS  C:\Users\kaush\AppData\Local\Temp\cctTu4Fa.s 			page 76


 2206              	.L281:
1053:Drivers/STM32F4xx_HAL_Driver/Src/stm32f4xx_hal_dma.c ****       break;
 2207              		.loc 1 1053 7 view .LVU863
1053:Drivers/STM32F4xx_HAL_Driver/Src/stm32f4xx_hal_dma.c ****       break;
 2208              		.loc 1 1053 36 is_stmt 0 view .LVU864
 2209 005e 0022     		movs	r2, #0
 2210 0060 9A64     		str	r2, [r3, #72]
1054:Drivers/STM32F4xx_HAL_Driver/Src/stm32f4xx_hal_dma.c ****       
 2211              		.loc 1 1054 7 is_stmt 1 view .LVU865
 2212 0062 F1E7     		b	.L285
 2213              	.L280:
1057:Drivers/STM32F4xx_HAL_Driver/Src/stm32f4xx_hal_dma.c ****       break;
 2214              		.loc 1 1057 7 view .LVU866
1057:Drivers/STM32F4xx_HAL_Driver/Src/stm32f4xx_hal_dma.c ****       break;
 2215              		.loc 1 1057 31 is_stmt 0 view .LVU867
 2216 0064 0022     		movs	r2, #0
 2217 0066 DA64     		str	r2, [r3, #76]
1058:Drivers/STM32F4xx_HAL_Driver/Src/stm32f4xx_hal_dma.c ****       
 2218              		.loc 1 1058 7 is_stmt 1 view .LVU868
 2219 0068 EEE7     		b	.L285
 2220              	.L279:
1061:Drivers/STM32F4xx_HAL_Driver/Src/stm32f4xx_hal_dma.c ****       break; 
 2221              		.loc 1 1061 7 view .LVU869
1061:Drivers/STM32F4xx_HAL_Driver/Src/stm32f4xx_hal_dma.c ****       break; 
 2222              		.loc 1 1061 31 is_stmt 0 view .LVU870
 2223 006a 0022     		movs	r2, #0
 2224 006c 1A65     		str	r2, [r3, #80]
1062:Drivers/STM32F4xx_HAL_Driver/Src/stm32f4xx_hal_dma.c ****       
 2225              		.loc 1 1062 7 is_stmt 1 view .LVU871
 2226 006e EBE7     		b	.L285
 2227              		.cfi_endproc
 2228              	.LFE143:
 2230              		.section	.text.HAL_DMA_GetState,"ax",%progbits
 2231              		.align	1
 2232              		.p2align 2,,3
 2233              		.global	HAL_DMA_GetState
 2234              		.syntax unified
 2235              		.thumb
 2236              		.thumb_func
 2238              	HAL_DMA_GetState:
 2239              	.LVL120:
 2240              	.LFB144:
1115:Drivers/STM32F4xx_HAL_Driver/Src/stm32f4xx_hal_dma.c ****   return hdma->State;
 2241              		.loc 1 1115 1 view -0
 2242              		.cfi_startproc
 2243              		@ args = 0, pretend = 0, frame = 0
 2244              		@ frame_needed = 0, uses_anonymous_args = 0
 2245              		@ link register save eliminated.
1116:Drivers/STM32F4xx_HAL_Driver/Src/stm32f4xx_hal_dma.c **** }
 2246              		.loc 1 1116 3 view .LVU873
1116:Drivers/STM32F4xx_HAL_Driver/Src/stm32f4xx_hal_dma.c **** }
 2247              		.loc 1 1116 14 is_stmt 0 view .LVU874
 2248 0000 90F83500 		ldrb	r0, [r0, #53]	@ zero_extendqisi2
 2249              	.LVL121:
1117:Drivers/STM32F4xx_HAL_Driver/Src/stm32f4xx_hal_dma.c **** 
 2250              		.loc 1 1117 1 view .LVU875
 2251 0004 7047     		bx	lr
ARM GAS  C:\Users\kaush\AppData\Local\Temp\cctTu4Fa.s 			page 77


 2252              		.cfi_endproc
 2253              	.LFE144:
 2255 0006 00BF     		.section	.text.HAL_DMA_GetError,"ax",%progbits
 2256              		.align	1
 2257              		.p2align 2,,3
 2258              		.global	HAL_DMA_GetError
 2259              		.syntax unified
 2260              		.thumb
 2261              		.thumb_func
 2263              	HAL_DMA_GetError:
 2264              	.LVL122:
 2265              	.LFB145:
1126:Drivers/STM32F4xx_HAL_Driver/Src/stm32f4xx_hal_dma.c ****   return hdma->ErrorCode;
 2266              		.loc 1 1126 1 is_stmt 1 view -0
 2267              		.cfi_startproc
 2268              		@ args = 0, pretend = 0, frame = 0
 2269              		@ frame_needed = 0, uses_anonymous_args = 0
 2270              		@ link register save eliminated.
1127:Drivers/STM32F4xx_HAL_Driver/Src/stm32f4xx_hal_dma.c **** }
 2271              		.loc 1 1127 3 view .LVU877
1127:Drivers/STM32F4xx_HAL_Driver/Src/stm32f4xx_hal_dma.c **** }
 2272              		.loc 1 1127 14 is_stmt 0 view .LVU878
 2273 0000 406D     		ldr	r0, [r0, #84]
 2274              	.LVL123:
1128:Drivers/STM32F4xx_HAL_Driver/Src/stm32f4xx_hal_dma.c **** 
 2275              		.loc 1 1128 1 view .LVU879
 2276 0002 7047     		bx	lr
 2277              		.cfi_endproc
 2278              	.LFE145:
 2280              		.section	.rodata.flagBitshiftOffset.0,"a"
 2281              		.align	2
 2284              	flagBitshiftOffset.0:
 2285 0000 00061016 		.ascii	"\000\006\020\026\000\006\020\026"
 2285      00061016 
 2286              		.text
 2287              	.Letext0:
 2288              		.file 2 "C:\\Users\\kaush\\STM32CubeIDE_1.19.0\\STM32CubeIDE\\plugins\\com.st.stm32cube.ide.mcu.ex
 2289              		.file 3 "C:\\Users\\kaush\\STM32CubeIDE_1.19.0\\STM32CubeIDE\\plugins\\com.st.stm32cube.ide.mcu.ex
 2290              		.file 4 "Drivers/CMSIS/Device/ST/STM32F4xx/Include/stm32f446xx.h"
 2291              		.file 5 "Drivers/CMSIS/Device/ST/STM32F4xx/Include/stm32f4xx.h"
 2292              		.file 6 "Drivers/STM32F4xx_HAL_Driver/Inc/stm32f4xx_hal_def.h"
 2293              		.file 7 "Drivers/STM32F4xx_HAL_Driver/Inc/stm32f4xx_hal_dma.h"
 2294              		.file 8 "Drivers/CMSIS/Device/ST/STM32F4xx/Include/system_stm32f4xx.h"
 2295              		.file 9 "Drivers/STM32F4xx_HAL_Driver/Inc/stm32f4xx_hal.h"
ARM GAS  C:\Users\kaush\AppData\Local\Temp\cctTu4Fa.s 			page 78


DEFINED SYMBOLS
                            *ABS*:00000000 stm32f4xx_hal_dma.c
C:\Users\kaush\AppData\Local\Temp\cctTu4Fa.s:19     .text.HAL_DMA_Init:00000000 $t
C:\Users\kaush\AppData\Local\Temp\cctTu4Fa.s:26     .text.HAL_DMA_Init:00000000 HAL_DMA_Init
C:\Users\kaush\AppData\Local\Temp\cctTu4Fa.s:370    .text.HAL_DMA_Init:0000010c $d
C:\Users\kaush\AppData\Local\Temp\cctTu4Fa.s:378    .text.HAL_DMA_Init:0000011c $d
C:\Users\kaush\AppData\Local\Temp\cctTu4Fa.s:2284   .rodata.flagBitshiftOffset.0:00000000 flagBitshiftOffset.0
C:\Users\kaush\AppData\Local\Temp\cctTu4Fa.s:387    .text.HAL_DMA_DeInit:00000000 $t
C:\Users\kaush\AppData\Local\Temp\cctTu4Fa.s:394    .text.HAL_DMA_DeInit:00000000 HAL_DMA_DeInit
C:\Users\kaush\AppData\Local\Temp\cctTu4Fa.s:570    .text.HAL_DMA_DeInit:00000074 $d
C:\Users\kaush\AppData\Local\Temp\cctTu4Fa.s:576    .text.HAL_DMA_Start:00000000 $t
C:\Users\kaush\AppData\Local\Temp\cctTu4Fa.s:583    .text.HAL_DMA_Start:00000000 HAL_DMA_Start
C:\Users\kaush\AppData\Local\Temp\cctTu4Fa.s:709    .text.HAL_DMA_Start_IT:00000000 $t
C:\Users\kaush\AppData\Local\Temp\cctTu4Fa.s:716    .text.HAL_DMA_Start_IT:00000000 HAL_DMA_Start_IT
C:\Users\kaush\AppData\Local\Temp\cctTu4Fa.s:892    .text.HAL_DMA_Abort:00000000 $t
C:\Users\kaush\AppData\Local\Temp\cctTu4Fa.s:899    .text.HAL_DMA_Abort:00000000 HAL_DMA_Abort
C:\Users\kaush\AppData\Local\Temp\cctTu4Fa.s:1059   .text.HAL_DMA_Abort_IT:00000000 $t
C:\Users\kaush\AppData\Local\Temp\cctTu4Fa.s:1066   .text.HAL_DMA_Abort_IT:00000000 HAL_DMA_Abort_IT
C:\Users\kaush\AppData\Local\Temp\cctTu4Fa.s:1113   .text.HAL_DMA_PollForTransfer:00000000 $t
C:\Users\kaush\AppData\Local\Temp\cctTu4Fa.s:1120   .text.HAL_DMA_PollForTransfer:00000000 HAL_DMA_PollForTransfer
C:\Users\kaush\AppData\Local\Temp\cctTu4Fa.s:1523   .text.HAL_DMA_IRQHandler:00000000 $t
C:\Users\kaush\AppData\Local\Temp\cctTu4Fa.s:1530   .text.HAL_DMA_IRQHandler:00000000 HAL_DMA_IRQHandler
C:\Users\kaush\AppData\Local\Temp\cctTu4Fa.s:1976   .text.HAL_DMA_IRQHandler:000001a4 $d
C:\Users\kaush\AppData\Local\Temp\cctTu4Fa.s:1982   .text.HAL_DMA_RegisterCallback:00000000 $t
C:\Users\kaush\AppData\Local\Temp\cctTu4Fa.s:1989   .text.HAL_DMA_RegisterCallback:00000000 HAL_DMA_RegisterCallback
C:\Users\kaush\AppData\Local\Temp\cctTu4Fa.s:2039   .text.HAL_DMA_RegisterCallback:0000002a $d
C:\Users\kaush\AppData\Local\Temp\cctTu4Fa.s:2045   .text.HAL_DMA_RegisterCallback:00000030 $t
C:\Users\kaush\AppData\Local\Temp\cctTu4Fa.s:2094   .text.HAL_DMA_UnRegisterCallback:00000000 $t
C:\Users\kaush\AppData\Local\Temp\cctTu4Fa.s:2101   .text.HAL_DMA_UnRegisterCallback:00000000 HAL_DMA_UnRegisterCallback
C:\Users\kaush\AppData\Local\Temp\cctTu4Fa.s:2152   .text.HAL_DMA_UnRegisterCallback:0000002e $d
C:\Users\kaush\AppData\Local\Temp\cctTu4Fa.s:2231   .text.HAL_DMA_GetState:00000000 $t
C:\Users\kaush\AppData\Local\Temp\cctTu4Fa.s:2238   .text.HAL_DMA_GetState:00000000 HAL_DMA_GetState
C:\Users\kaush\AppData\Local\Temp\cctTu4Fa.s:2256   .text.HAL_DMA_GetError:00000000 $t
C:\Users\kaush\AppData\Local\Temp\cctTu4Fa.s:2263   .text.HAL_DMA_GetError:00000000 HAL_DMA_GetError
C:\Users\kaush\AppData\Local\Temp\cctTu4Fa.s:2281   .rodata.flagBitshiftOffset.0:00000000 $d
C:\Users\kaush\AppData\Local\Temp\cctTu4Fa.s:2160   .text.HAL_DMA_UnRegisterCallback:00000035 $d
C:\Users\kaush\AppData\Local\Temp\cctTu4Fa.s:2160   .text.HAL_DMA_UnRegisterCallback:00000036 $t

UNDEFINED SYMBOLS
HAL_GetTick
SystemCoreClock
