ARM GAS  C:\Users\kaush\AppData\Local\Temp\ccsSLCU1.s 			page 1


   1              		.cpu cortex-m4
   2              		.arch armv7e-m
   3              		.fpu softvfp
   4              		.eabi_attribute 20, 1
   5              		.eabi_attribute 21, 1
   6              		.eabi_attribute 23, 3
   7              		.eabi_attribute 24, 1
   8              		.eabi_attribute 25, 1
   9              		.eabi_attribute 26, 1
  10              		.eabi_attribute 30, 2
  11              		.eabi_attribute 34, 1
  12              		.eabi_attribute 18, 4
  13              		.file	"stm32f4xx_hal_pwr_ex.c"
  14              		.text
  15              	.Ltext0:
  16              		.cfi_sections	.debug_frame
  17              		.file 1 "Drivers/STM32F4xx_HAL_Driver/Src/stm32f4xx_hal_pwr_ex.c"
  18              		.section	.text.HAL_PWREx_EnableBkUpReg,"ax",%progbits
  19              		.align	1
  20              		.p2align 2,,3
  21              		.global	HAL_PWREx_EnableBkUpReg
  22              		.syntax unified
  23              		.thumb
  24              		.thumb_func
  26              	HAL_PWREx_EnableBkUpReg:
  27              	.LFB134:
   1:Drivers/STM32F4xx_HAL_Driver/Src/stm32f4xx_hal_pwr_ex.c **** /**
   2:Drivers/STM32F4xx_HAL_Driver/Src/stm32f4xx_hal_pwr_ex.c ****   ******************************************************************************
   3:Drivers/STM32F4xx_HAL_Driver/Src/stm32f4xx_hal_pwr_ex.c ****   * @file    stm32f4xx_hal_pwr_ex.c
   4:Drivers/STM32F4xx_HAL_Driver/Src/stm32f4xx_hal_pwr_ex.c ****   * @author  MCD Application Team
   5:Drivers/STM32F4xx_HAL_Driver/Src/stm32f4xx_hal_pwr_ex.c ****   * @brief   Extended PWR HAL module driver.
   6:Drivers/STM32F4xx_HAL_Driver/Src/stm32f4xx_hal_pwr_ex.c ****   *          This file provides firmware functions to manage the following 
   7:Drivers/STM32F4xx_HAL_Driver/Src/stm32f4xx_hal_pwr_ex.c ****   *          functionalities of PWR extension peripheral:           
   8:Drivers/STM32F4xx_HAL_Driver/Src/stm32f4xx_hal_pwr_ex.c ****   *           + Peripheral Extended features functions
   9:Drivers/STM32F4xx_HAL_Driver/Src/stm32f4xx_hal_pwr_ex.c ****   *         
  10:Drivers/STM32F4xx_HAL_Driver/Src/stm32f4xx_hal_pwr_ex.c ****   ******************************************************************************
  11:Drivers/STM32F4xx_HAL_Driver/Src/stm32f4xx_hal_pwr_ex.c ****   * @attention
  12:Drivers/STM32F4xx_HAL_Driver/Src/stm32f4xx_hal_pwr_ex.c ****   *
  13:Drivers/STM32F4xx_HAL_Driver/Src/stm32f4xx_hal_pwr_ex.c ****   * Copyright (c) 2017 STMicroelectronics.
  14:Drivers/STM32F4xx_HAL_Driver/Src/stm32f4xx_hal_pwr_ex.c ****   * All rights reserved.
  15:Drivers/STM32F4xx_HAL_Driver/Src/stm32f4xx_hal_pwr_ex.c ****   *
  16:Drivers/STM32F4xx_HAL_Driver/Src/stm32f4xx_hal_pwr_ex.c ****   * This software is licensed under terms that can be found in the LICENSE file in
  17:Drivers/STM32F4xx_HAL_Driver/Src/stm32f4xx_hal_pwr_ex.c ****   * the root directory of this software component.
  18:Drivers/STM32F4xx_HAL_Driver/Src/stm32f4xx_hal_pwr_ex.c ****   * If no LICENSE file comes with this software, it is provided AS-IS.
  19:Drivers/STM32F4xx_HAL_Driver/Src/stm32f4xx_hal_pwr_ex.c ****   ******************************************************************************
  20:Drivers/STM32F4xx_HAL_Driver/Src/stm32f4xx_hal_pwr_ex.c ****   */ 
  21:Drivers/STM32F4xx_HAL_Driver/Src/stm32f4xx_hal_pwr_ex.c **** 
  22:Drivers/STM32F4xx_HAL_Driver/Src/stm32f4xx_hal_pwr_ex.c **** /* Includes ------------------------------------------------------------------*/
  23:Drivers/STM32F4xx_HAL_Driver/Src/stm32f4xx_hal_pwr_ex.c **** #include "stm32f4xx_hal.h"
  24:Drivers/STM32F4xx_HAL_Driver/Src/stm32f4xx_hal_pwr_ex.c **** 
  25:Drivers/STM32F4xx_HAL_Driver/Src/stm32f4xx_hal_pwr_ex.c **** /** @addtogroup STM32F4xx_HAL_Driver
  26:Drivers/STM32F4xx_HAL_Driver/Src/stm32f4xx_hal_pwr_ex.c ****   * @{
  27:Drivers/STM32F4xx_HAL_Driver/Src/stm32f4xx_hal_pwr_ex.c ****   */
  28:Drivers/STM32F4xx_HAL_Driver/Src/stm32f4xx_hal_pwr_ex.c **** 
  29:Drivers/STM32F4xx_HAL_Driver/Src/stm32f4xx_hal_pwr_ex.c **** /** @defgroup PWREx PWREx
  30:Drivers/STM32F4xx_HAL_Driver/Src/stm32f4xx_hal_pwr_ex.c ****   * @brief PWR HAL module driver
  31:Drivers/STM32F4xx_HAL_Driver/Src/stm32f4xx_hal_pwr_ex.c ****   * @{
ARM GAS  C:\Users\kaush\AppData\Local\Temp\ccsSLCU1.s 			page 2


  32:Drivers/STM32F4xx_HAL_Driver/Src/stm32f4xx_hal_pwr_ex.c ****   */
  33:Drivers/STM32F4xx_HAL_Driver/Src/stm32f4xx_hal_pwr_ex.c **** 
  34:Drivers/STM32F4xx_HAL_Driver/Src/stm32f4xx_hal_pwr_ex.c **** #ifdef HAL_PWR_MODULE_ENABLED
  35:Drivers/STM32F4xx_HAL_Driver/Src/stm32f4xx_hal_pwr_ex.c **** 
  36:Drivers/STM32F4xx_HAL_Driver/Src/stm32f4xx_hal_pwr_ex.c **** /* Private typedef -----------------------------------------------------------*/
  37:Drivers/STM32F4xx_HAL_Driver/Src/stm32f4xx_hal_pwr_ex.c **** /* Private define ------------------------------------------------------------*/
  38:Drivers/STM32F4xx_HAL_Driver/Src/stm32f4xx_hal_pwr_ex.c **** /** @addtogroup PWREx_Private_Constants
  39:Drivers/STM32F4xx_HAL_Driver/Src/stm32f4xx_hal_pwr_ex.c ****   * @{
  40:Drivers/STM32F4xx_HAL_Driver/Src/stm32f4xx_hal_pwr_ex.c ****   */    
  41:Drivers/STM32F4xx_HAL_Driver/Src/stm32f4xx_hal_pwr_ex.c **** #define PWR_OVERDRIVE_TIMEOUT_VALUE  1000U
  42:Drivers/STM32F4xx_HAL_Driver/Src/stm32f4xx_hal_pwr_ex.c **** #define PWR_UDERDRIVE_TIMEOUT_VALUE  1000U
  43:Drivers/STM32F4xx_HAL_Driver/Src/stm32f4xx_hal_pwr_ex.c **** #define PWR_BKPREG_TIMEOUT_VALUE     1000U
  44:Drivers/STM32F4xx_HAL_Driver/Src/stm32f4xx_hal_pwr_ex.c **** #define PWR_VOSRDY_TIMEOUT_VALUE     1000U
  45:Drivers/STM32F4xx_HAL_Driver/Src/stm32f4xx_hal_pwr_ex.c **** /**
  46:Drivers/STM32F4xx_HAL_Driver/Src/stm32f4xx_hal_pwr_ex.c ****   * @}
  47:Drivers/STM32F4xx_HAL_Driver/Src/stm32f4xx_hal_pwr_ex.c ****   */
  48:Drivers/STM32F4xx_HAL_Driver/Src/stm32f4xx_hal_pwr_ex.c **** 
  49:Drivers/STM32F4xx_HAL_Driver/Src/stm32f4xx_hal_pwr_ex.c ****    
  50:Drivers/STM32F4xx_HAL_Driver/Src/stm32f4xx_hal_pwr_ex.c **** /* Private macro -------------------------------------------------------------*/
  51:Drivers/STM32F4xx_HAL_Driver/Src/stm32f4xx_hal_pwr_ex.c **** /* Private variables ---------------------------------------------------------*/
  52:Drivers/STM32F4xx_HAL_Driver/Src/stm32f4xx_hal_pwr_ex.c **** /* Private function prototypes -----------------------------------------------*/
  53:Drivers/STM32F4xx_HAL_Driver/Src/stm32f4xx_hal_pwr_ex.c **** /* Private functions ---------------------------------------------------------*/
  54:Drivers/STM32F4xx_HAL_Driver/Src/stm32f4xx_hal_pwr_ex.c **** /** @defgroup PWREx_Exported_Functions PWREx Exported Functions
  55:Drivers/STM32F4xx_HAL_Driver/Src/stm32f4xx_hal_pwr_ex.c ****   *  @{
  56:Drivers/STM32F4xx_HAL_Driver/Src/stm32f4xx_hal_pwr_ex.c ****   */
  57:Drivers/STM32F4xx_HAL_Driver/Src/stm32f4xx_hal_pwr_ex.c **** 
  58:Drivers/STM32F4xx_HAL_Driver/Src/stm32f4xx_hal_pwr_ex.c **** /** @defgroup PWREx_Exported_Functions_Group1 Peripheral Extended features functions 
  59:Drivers/STM32F4xx_HAL_Driver/Src/stm32f4xx_hal_pwr_ex.c ****   *  @brief Peripheral Extended features functions 
  60:Drivers/STM32F4xx_HAL_Driver/Src/stm32f4xx_hal_pwr_ex.c ****   *
  61:Drivers/STM32F4xx_HAL_Driver/Src/stm32f4xx_hal_pwr_ex.c **** @verbatim   
  62:Drivers/STM32F4xx_HAL_Driver/Src/stm32f4xx_hal_pwr_ex.c **** 
  63:Drivers/STM32F4xx_HAL_Driver/Src/stm32f4xx_hal_pwr_ex.c ****  ===============================================================================
  64:Drivers/STM32F4xx_HAL_Driver/Src/stm32f4xx_hal_pwr_ex.c ****                  ##### Peripheral extended features functions #####
  65:Drivers/STM32F4xx_HAL_Driver/Src/stm32f4xx_hal_pwr_ex.c ****  ===============================================================================
  66:Drivers/STM32F4xx_HAL_Driver/Src/stm32f4xx_hal_pwr_ex.c **** 
  67:Drivers/STM32F4xx_HAL_Driver/Src/stm32f4xx_hal_pwr_ex.c ****     *** Main and Backup Regulators configuration ***
  68:Drivers/STM32F4xx_HAL_Driver/Src/stm32f4xx_hal_pwr_ex.c ****     ================================================
  69:Drivers/STM32F4xx_HAL_Driver/Src/stm32f4xx_hal_pwr_ex.c ****     [..] 
  70:Drivers/STM32F4xx_HAL_Driver/Src/stm32f4xx_hal_pwr_ex.c ****       (+) The backup domain includes 4 Kbytes of backup SRAM accessible only from 
  71:Drivers/STM32F4xx_HAL_Driver/Src/stm32f4xx_hal_pwr_ex.c ****           the CPU, and address in 32-bit, 16-bit or 8-bit mode. Its content is 
  72:Drivers/STM32F4xx_HAL_Driver/Src/stm32f4xx_hal_pwr_ex.c ****           retained even in Standby or VBAT mode when the low power backup regulator
  73:Drivers/STM32F4xx_HAL_Driver/Src/stm32f4xx_hal_pwr_ex.c ****           is enabled. It can be considered as an internal EEPROM when VBAT is 
  74:Drivers/STM32F4xx_HAL_Driver/Src/stm32f4xx_hal_pwr_ex.c ****           always present. You can use the HAL_PWREx_EnableBkUpReg() function to 
  75:Drivers/STM32F4xx_HAL_Driver/Src/stm32f4xx_hal_pwr_ex.c ****           enable the low power backup regulator. 
  76:Drivers/STM32F4xx_HAL_Driver/Src/stm32f4xx_hal_pwr_ex.c **** 
  77:Drivers/STM32F4xx_HAL_Driver/Src/stm32f4xx_hal_pwr_ex.c ****       (+) When the backup domain is supplied by VDD (analog switch connected to VDD) 
  78:Drivers/STM32F4xx_HAL_Driver/Src/stm32f4xx_hal_pwr_ex.c ****           the backup SRAM is powered from VDD which replaces the VBAT power supply to 
  79:Drivers/STM32F4xx_HAL_Driver/Src/stm32f4xx_hal_pwr_ex.c ****           save battery life.
  80:Drivers/STM32F4xx_HAL_Driver/Src/stm32f4xx_hal_pwr_ex.c **** 
  81:Drivers/STM32F4xx_HAL_Driver/Src/stm32f4xx_hal_pwr_ex.c ****       (+) The backup SRAM is not mass erased by a tamper event. It is read 
  82:Drivers/STM32F4xx_HAL_Driver/Src/stm32f4xx_hal_pwr_ex.c ****           protected to prevent confidential data, such as cryptographic private 
  83:Drivers/STM32F4xx_HAL_Driver/Src/stm32f4xx_hal_pwr_ex.c ****           key, from being accessed. The backup SRAM can be erased only through 
  84:Drivers/STM32F4xx_HAL_Driver/Src/stm32f4xx_hal_pwr_ex.c ****           the Flash interface when a protection level change from level 1 to 
  85:Drivers/STM32F4xx_HAL_Driver/Src/stm32f4xx_hal_pwr_ex.c ****           level 0 is requested. 
  86:Drivers/STM32F4xx_HAL_Driver/Src/stm32f4xx_hal_pwr_ex.c ****       -@- Refer to the description of Read protection (RDP) in the Flash 
  87:Drivers/STM32F4xx_HAL_Driver/Src/stm32f4xx_hal_pwr_ex.c ****           programming manual.
  88:Drivers/STM32F4xx_HAL_Driver/Src/stm32f4xx_hal_pwr_ex.c **** 
ARM GAS  C:\Users\kaush\AppData\Local\Temp\ccsSLCU1.s 			page 3


  89:Drivers/STM32F4xx_HAL_Driver/Src/stm32f4xx_hal_pwr_ex.c ****       (+) The main internal regulator can be configured to have a tradeoff between 
  90:Drivers/STM32F4xx_HAL_Driver/Src/stm32f4xx_hal_pwr_ex.c ****           performance and power consumption when the device does not operate at 
  91:Drivers/STM32F4xx_HAL_Driver/Src/stm32f4xx_hal_pwr_ex.c ****           the maximum frequency. This is done through __HAL_PWR_MAINREGULATORMODE_CONFIG() 
  92:Drivers/STM32F4xx_HAL_Driver/Src/stm32f4xx_hal_pwr_ex.c ****           macro which configure VOS bit in PWR_CR register
  93:Drivers/STM32F4xx_HAL_Driver/Src/stm32f4xx_hal_pwr_ex.c ****           
  94:Drivers/STM32F4xx_HAL_Driver/Src/stm32f4xx_hal_pwr_ex.c ****         Refer to the product datasheets for more details.
  95:Drivers/STM32F4xx_HAL_Driver/Src/stm32f4xx_hal_pwr_ex.c **** 
  96:Drivers/STM32F4xx_HAL_Driver/Src/stm32f4xx_hal_pwr_ex.c ****     *** FLASH Power Down configuration ****
  97:Drivers/STM32F4xx_HAL_Driver/Src/stm32f4xx_hal_pwr_ex.c ****     =======================================
  98:Drivers/STM32F4xx_HAL_Driver/Src/stm32f4xx_hal_pwr_ex.c ****     [..] 
  99:Drivers/STM32F4xx_HAL_Driver/Src/stm32f4xx_hal_pwr_ex.c ****       (+) By setting the FPDS bit in the PWR_CR register by using the 
 100:Drivers/STM32F4xx_HAL_Driver/Src/stm32f4xx_hal_pwr_ex.c ****           HAL_PWREx_EnableFlashPowerDown() function, the Flash memory also enters power 
 101:Drivers/STM32F4xx_HAL_Driver/Src/stm32f4xx_hal_pwr_ex.c ****           down mode when the device enters Stop mode. When the Flash memory 
 102:Drivers/STM32F4xx_HAL_Driver/Src/stm32f4xx_hal_pwr_ex.c ****           is in power down mode, an additional startup delay is incurred when 
 103:Drivers/STM32F4xx_HAL_Driver/Src/stm32f4xx_hal_pwr_ex.c ****           waking up from Stop mode.
 104:Drivers/STM32F4xx_HAL_Driver/Src/stm32f4xx_hal_pwr_ex.c ****           
 105:Drivers/STM32F4xx_HAL_Driver/Src/stm32f4xx_hal_pwr_ex.c ****            (+) For STM32F42xxx/43xxx/446xx/469xx/479xx Devices, the scale can be modified only when
 106:Drivers/STM32F4xx_HAL_Driver/Src/stm32f4xx_hal_pwr_ex.c ****            is OFF and the HSI or HSE clock source is selected as system clock. 
 107:Drivers/STM32F4xx_HAL_Driver/Src/stm32f4xx_hal_pwr_ex.c ****            The new value programmed is active only when the PLL is ON.
 108:Drivers/STM32F4xx_HAL_Driver/Src/stm32f4xx_hal_pwr_ex.c ****            When the PLL is OFF, the voltage scale 3 is automatically selected. 
 109:Drivers/STM32F4xx_HAL_Driver/Src/stm32f4xx_hal_pwr_ex.c ****         Refer to the datasheets for more details.
 110:Drivers/STM32F4xx_HAL_Driver/Src/stm32f4xx_hal_pwr_ex.c **** 
 111:Drivers/STM32F4xx_HAL_Driver/Src/stm32f4xx_hal_pwr_ex.c ****     *** Over-Drive and Under-Drive configuration ****
 112:Drivers/STM32F4xx_HAL_Driver/Src/stm32f4xx_hal_pwr_ex.c ****     =================================================
 113:Drivers/STM32F4xx_HAL_Driver/Src/stm32f4xx_hal_pwr_ex.c ****     [..]         
 114:Drivers/STM32F4xx_HAL_Driver/Src/stm32f4xx_hal_pwr_ex.c ****        (+) For STM32F42xxx/43xxx/446xx/469xx/479xx Devices, in Run mode: the main regulator has
 115:Drivers/STM32F4xx_HAL_Driver/Src/stm32f4xx_hal_pwr_ex.c ****            2 operating modes available:
 116:Drivers/STM32F4xx_HAL_Driver/Src/stm32f4xx_hal_pwr_ex.c ****         (++) Normal mode: The CPU and core logic operate at maximum frequency at a given 
 117:Drivers/STM32F4xx_HAL_Driver/Src/stm32f4xx_hal_pwr_ex.c ****              voltage scaling (scale 1, scale 2 or scale 3)
 118:Drivers/STM32F4xx_HAL_Driver/Src/stm32f4xx_hal_pwr_ex.c ****         (++) Over-drive mode: This mode allows the CPU and the core logic to operate at a 
 119:Drivers/STM32F4xx_HAL_Driver/Src/stm32f4xx_hal_pwr_ex.c ****             higher frequency than the normal mode for a given voltage scaling (scale 1,  
 120:Drivers/STM32F4xx_HAL_Driver/Src/stm32f4xx_hal_pwr_ex.c ****             scale 2 or scale 3). This mode is enabled through HAL_PWREx_EnableOverDrive() function 
 121:Drivers/STM32F4xx_HAL_Driver/Src/stm32f4xx_hal_pwr_ex.c ****             disabled by HAL_PWREx_DisableOverDrive() function, to enter or exit from Over-drive mod
 122:Drivers/STM32F4xx_HAL_Driver/Src/stm32f4xx_hal_pwr_ex.c ****             the sequence described in Reference manual.
 123:Drivers/STM32F4xx_HAL_Driver/Src/stm32f4xx_hal_pwr_ex.c ****              
 124:Drivers/STM32F4xx_HAL_Driver/Src/stm32f4xx_hal_pwr_ex.c ****        (+) For STM32F42xxx/43xxx/446xx/469xx/479xx Devices, in Stop mode: the main regulator or low
 125:Drivers/STM32F4xx_HAL_Driver/Src/stm32f4xx_hal_pwr_ex.c ****            supplies a low power voltage to the 1.2V domain, thus preserving the content of register
 126:Drivers/STM32F4xx_HAL_Driver/Src/stm32f4xx_hal_pwr_ex.c ****            and internal SRAM. 2 operating modes are available:
 127:Drivers/STM32F4xx_HAL_Driver/Src/stm32f4xx_hal_pwr_ex.c ****          (++) Normal mode: the 1.2V domain is preserved in nominal leakage mode. This mode is only 
 128:Drivers/STM32F4xx_HAL_Driver/Src/stm32f4xx_hal_pwr_ex.c ****               available when the main regulator or the low power regulator is used in Scale 3 or 
 129:Drivers/STM32F4xx_HAL_Driver/Src/stm32f4xx_hal_pwr_ex.c ****               low voltage mode.
 130:Drivers/STM32F4xx_HAL_Driver/Src/stm32f4xx_hal_pwr_ex.c ****          (++) Under-drive mode: the 1.2V domain is preserved in reduced leakage mode. This mode is 
 131:Drivers/STM32F4xx_HAL_Driver/Src/stm32f4xx_hal_pwr_ex.c ****               available when the main regulator or the low power regulator is in low voltage mode.
 132:Drivers/STM32F4xx_HAL_Driver/Src/stm32f4xx_hal_pwr_ex.c **** 
 133:Drivers/STM32F4xx_HAL_Driver/Src/stm32f4xx_hal_pwr_ex.c **** @endverbatim
 134:Drivers/STM32F4xx_HAL_Driver/Src/stm32f4xx_hal_pwr_ex.c ****   * @{
 135:Drivers/STM32F4xx_HAL_Driver/Src/stm32f4xx_hal_pwr_ex.c ****   */
 136:Drivers/STM32F4xx_HAL_Driver/Src/stm32f4xx_hal_pwr_ex.c **** 
 137:Drivers/STM32F4xx_HAL_Driver/Src/stm32f4xx_hal_pwr_ex.c **** /**
 138:Drivers/STM32F4xx_HAL_Driver/Src/stm32f4xx_hal_pwr_ex.c ****   * @brief Enables the Backup Regulator.
 139:Drivers/STM32F4xx_HAL_Driver/Src/stm32f4xx_hal_pwr_ex.c ****   * @retval HAL status
 140:Drivers/STM32F4xx_HAL_Driver/Src/stm32f4xx_hal_pwr_ex.c ****   */
 141:Drivers/STM32F4xx_HAL_Driver/Src/stm32f4xx_hal_pwr_ex.c **** HAL_StatusTypeDef HAL_PWREx_EnableBkUpReg(void)
 142:Drivers/STM32F4xx_HAL_Driver/Src/stm32f4xx_hal_pwr_ex.c **** {
  28              		.loc 1 142 1 view -0
  29              		.cfi_startproc
  30              		@ args = 0, pretend = 0, frame = 0
ARM GAS  C:\Users\kaush\AppData\Local\Temp\ccsSLCU1.s 			page 4


  31              		@ frame_needed = 0, uses_anonymous_args = 0
 143:Drivers/STM32F4xx_HAL_Driver/Src/stm32f4xx_hal_pwr_ex.c ****   uint32_t tickstart = 0U;
  32              		.loc 1 143 3 view .LVU1
  33              	.LVL0:
 144:Drivers/STM32F4xx_HAL_Driver/Src/stm32f4xx_hal_pwr_ex.c **** 
 145:Drivers/STM32F4xx_HAL_Driver/Src/stm32f4xx_hal_pwr_ex.c ****   *(__IO uint32_t *) CSR_BRE_BB = (uint32_t)ENABLE;
  34              		.loc 1 145 3 view .LVU2
 142:Drivers/STM32F4xx_HAL_Driver/Src/stm32f4xx_hal_pwr_ex.c ****   uint32_t tickstart = 0U;
  35              		.loc 1 142 1 is_stmt 0 view .LVU3
  36 0000 38B5     		push	{r3, r4, r5, lr}
  37              	.LCFI0:
  38              		.cfi_def_cfa_offset 16
  39              		.cfi_offset 3, -16
  40              		.cfi_offset 4, -12
  41              		.cfi_offset 5, -8
  42              		.cfi_offset 14, -4
  43              		.loc 1 145 33 view .LVU4
  44 0002 0B4B     		ldr	r3, .L8
 146:Drivers/STM32F4xx_HAL_Driver/Src/stm32f4xx_hal_pwr_ex.c **** 
 147:Drivers/STM32F4xx_HAL_Driver/Src/stm32f4xx_hal_pwr_ex.c ****   /* Get tick */
 148:Drivers/STM32F4xx_HAL_Driver/Src/stm32f4xx_hal_pwr_ex.c ****   tickstart = HAL_GetTick();
 149:Drivers/STM32F4xx_HAL_Driver/Src/stm32f4xx_hal_pwr_ex.c **** 
 150:Drivers/STM32F4xx_HAL_Driver/Src/stm32f4xx_hal_pwr_ex.c ****   /* Wait till Backup regulator ready flag is set */  
 151:Drivers/STM32F4xx_HAL_Driver/Src/stm32f4xx_hal_pwr_ex.c ****   while(__HAL_PWR_GET_FLAG(PWR_FLAG_BRR) == RESET)
  45              		.loc 1 151 9 view .LVU5
  46 0004 0B4D     		ldr	r5, .L8+4
 145:Drivers/STM32F4xx_HAL_Driver/Src/stm32f4xx_hal_pwr_ex.c **** 
  47              		.loc 1 145 33 view .LVU6
  48 0006 0122     		movs	r2, #1
  49 0008 C3F8A420 		str	r2, [r3, #164]
 148:Drivers/STM32F4xx_HAL_Driver/Src/stm32f4xx_hal_pwr_ex.c **** 
  50              		.loc 1 148 3 is_stmt 1 view .LVU7
 148:Drivers/STM32F4xx_HAL_Driver/Src/stm32f4xx_hal_pwr_ex.c **** 
  51              		.loc 1 148 15 is_stmt 0 view .LVU8
  52 000c FFF7FEFF 		bl	HAL_GetTick
  53              	.LVL1:
  54 0010 0446     		mov	r4, r0
  55              	.LVL2:
  56              		.loc 1 151 3 is_stmt 1 view .LVU9
  57              		.loc 1 151 8 is_stmt 0 view .LVU10
  58 0012 05E0     		b	.L2
  59              	.LVL3:
  60              	.L4:
 152:Drivers/STM32F4xx_HAL_Driver/Src/stm32f4xx_hal_pwr_ex.c ****   {
 153:Drivers/STM32F4xx_HAL_Driver/Src/stm32f4xx_hal_pwr_ex.c ****     if((HAL_GetTick() - tickstart ) > PWR_BKPREG_TIMEOUT_VALUE)
  61              		.loc 1 153 9 view .LVU11
  62 0014 FFF7FEFF 		bl	HAL_GetTick
  63              	.LVL4:
  64              		.loc 1 153 23 discriminator 1 view .LVU12
  65 0018 001B     		subs	r0, r0, r4
  66              		.loc 1 153 7 discriminator 1 view .LVU13
  67 001a B0F57A7F 		cmp	r0, #1000
  68 001e 04D8     		bhi	.L5
  69              	.L2:
  70              		.loc 1 153 5 is_stmt 1 view .LVU14
 151:Drivers/STM32F4xx_HAL_Driver/Src/stm32f4xx_hal_pwr_ex.c ****   {
  71              		.loc 1 151 42 view .LVU15
ARM GAS  C:\Users\kaush\AppData\Local\Temp\ccsSLCU1.s 			page 5


 151:Drivers/STM32F4xx_HAL_Driver/Src/stm32f4xx_hal_pwr_ex.c ****   {
  72              		.loc 1 151 9 is_stmt 0 view .LVU16
  73 0020 6B68     		ldr	r3, [r5, #4]
 151:Drivers/STM32F4xx_HAL_Driver/Src/stm32f4xx_hal_pwr_ex.c ****   {
  74              		.loc 1 151 42 view .LVU17
  75 0022 1B07     		lsls	r3, r3, #28
  76 0024 F6D5     		bpl	.L4
 154:Drivers/STM32F4xx_HAL_Driver/Src/stm32f4xx_hal_pwr_ex.c ****     {
 155:Drivers/STM32F4xx_HAL_Driver/Src/stm32f4xx_hal_pwr_ex.c ****       return HAL_TIMEOUT;
 156:Drivers/STM32F4xx_HAL_Driver/Src/stm32f4xx_hal_pwr_ex.c ****     } 
 157:Drivers/STM32F4xx_HAL_Driver/Src/stm32f4xx_hal_pwr_ex.c ****   }
 158:Drivers/STM32F4xx_HAL_Driver/Src/stm32f4xx_hal_pwr_ex.c ****   return HAL_OK;
  77              		.loc 1 158 10 view .LVU18
  78 0026 0020     		movs	r0, #0
 159:Drivers/STM32F4xx_HAL_Driver/Src/stm32f4xx_hal_pwr_ex.c **** }
  79              		.loc 1 159 1 view .LVU19
  80 0028 38BD     		pop	{r3, r4, r5, pc}
  81              	.LVL5:
  82              	.L5:
 155:Drivers/STM32F4xx_HAL_Driver/Src/stm32f4xx_hal_pwr_ex.c ****     } 
  83              		.loc 1 155 14 view .LVU20
  84 002a 0320     		movs	r0, #3
  85              		.loc 1 159 1 view .LVU21
  86 002c 38BD     		pop	{r3, r4, r5, pc}
  87              	.LVL6:
  88              	.L9:
  89              		.loc 1 159 1 view .LVU22
  90 002e 00BF     		.align	2
  91              	.L8:
  92 0030 00000E42 		.word	1108213760
  93 0034 00700040 		.word	1073770496
  94              		.cfi_endproc
  95              	.LFE134:
  97              		.section	.text.HAL_PWREx_DisableBkUpReg,"ax",%progbits
  98              		.align	1
  99              		.p2align 2,,3
 100              		.global	HAL_PWREx_DisableBkUpReg
 101              		.syntax unified
 102              		.thumb
 103              		.thumb_func
 105              	HAL_PWREx_DisableBkUpReg:
 106              	.LFB135:
 160:Drivers/STM32F4xx_HAL_Driver/Src/stm32f4xx_hal_pwr_ex.c **** 
 161:Drivers/STM32F4xx_HAL_Driver/Src/stm32f4xx_hal_pwr_ex.c **** /**
 162:Drivers/STM32F4xx_HAL_Driver/Src/stm32f4xx_hal_pwr_ex.c ****   * @brief Disables the Backup Regulator.
 163:Drivers/STM32F4xx_HAL_Driver/Src/stm32f4xx_hal_pwr_ex.c ****   * @retval HAL status
 164:Drivers/STM32F4xx_HAL_Driver/Src/stm32f4xx_hal_pwr_ex.c ****   */
 165:Drivers/STM32F4xx_HAL_Driver/Src/stm32f4xx_hal_pwr_ex.c **** HAL_StatusTypeDef HAL_PWREx_DisableBkUpReg(void)
 166:Drivers/STM32F4xx_HAL_Driver/Src/stm32f4xx_hal_pwr_ex.c **** {
 107              		.loc 1 166 1 is_stmt 1 view -0
 108              		.cfi_startproc
 109              		@ args = 0, pretend = 0, frame = 0
 110              		@ frame_needed = 0, uses_anonymous_args = 0
 167:Drivers/STM32F4xx_HAL_Driver/Src/stm32f4xx_hal_pwr_ex.c ****   uint32_t tickstart = 0U;
 111              		.loc 1 167 3 view .LVU24
 112              	.LVL7:
 168:Drivers/STM32F4xx_HAL_Driver/Src/stm32f4xx_hal_pwr_ex.c **** 
ARM GAS  C:\Users\kaush\AppData\Local\Temp\ccsSLCU1.s 			page 6


 169:Drivers/STM32F4xx_HAL_Driver/Src/stm32f4xx_hal_pwr_ex.c ****   *(__IO uint32_t *) CSR_BRE_BB = (uint32_t)DISABLE;
 113              		.loc 1 169 3 view .LVU25
 166:Drivers/STM32F4xx_HAL_Driver/Src/stm32f4xx_hal_pwr_ex.c ****   uint32_t tickstart = 0U;
 114              		.loc 1 166 1 is_stmt 0 view .LVU26
 115 0000 38B5     		push	{r3, r4, r5, lr}
 116              	.LCFI1:
 117              		.cfi_def_cfa_offset 16
 118              		.cfi_offset 3, -16
 119              		.cfi_offset 4, -12
 120              		.cfi_offset 5, -8
 121              		.cfi_offset 14, -4
 122              		.loc 1 169 33 view .LVU27
 123 0002 0B4B     		ldr	r3, .L16
 170:Drivers/STM32F4xx_HAL_Driver/Src/stm32f4xx_hal_pwr_ex.c **** 
 171:Drivers/STM32F4xx_HAL_Driver/Src/stm32f4xx_hal_pwr_ex.c ****   /* Get tick */
 172:Drivers/STM32F4xx_HAL_Driver/Src/stm32f4xx_hal_pwr_ex.c ****   tickstart = HAL_GetTick();
 173:Drivers/STM32F4xx_HAL_Driver/Src/stm32f4xx_hal_pwr_ex.c **** 
 174:Drivers/STM32F4xx_HAL_Driver/Src/stm32f4xx_hal_pwr_ex.c ****   /* Wait till Backup regulator ready flag is set */  
 175:Drivers/STM32F4xx_HAL_Driver/Src/stm32f4xx_hal_pwr_ex.c ****   while(__HAL_PWR_GET_FLAG(PWR_FLAG_BRR) != RESET)
 124              		.loc 1 175 9 view .LVU28
 125 0004 0B4D     		ldr	r5, .L16+4
 169:Drivers/STM32F4xx_HAL_Driver/Src/stm32f4xx_hal_pwr_ex.c **** 
 126              		.loc 1 169 33 view .LVU29
 127 0006 0022     		movs	r2, #0
 128 0008 C3F8A420 		str	r2, [r3, #164]
 172:Drivers/STM32F4xx_HAL_Driver/Src/stm32f4xx_hal_pwr_ex.c **** 
 129              		.loc 1 172 3 is_stmt 1 view .LVU30
 172:Drivers/STM32F4xx_HAL_Driver/Src/stm32f4xx_hal_pwr_ex.c **** 
 130              		.loc 1 172 15 is_stmt 0 view .LVU31
 131 000c FFF7FEFF 		bl	HAL_GetTick
 132              	.LVL8:
 133 0010 0446     		mov	r4, r0
 134              	.LVL9:
 135              		.loc 1 175 3 is_stmt 1 view .LVU32
 136              		.loc 1 175 8 is_stmt 0 view .LVU33
 137 0012 05E0     		b	.L11
 138              	.LVL10:
 139              	.L13:
 176:Drivers/STM32F4xx_HAL_Driver/Src/stm32f4xx_hal_pwr_ex.c ****   {
 177:Drivers/STM32F4xx_HAL_Driver/Src/stm32f4xx_hal_pwr_ex.c ****     if((HAL_GetTick() - tickstart ) > PWR_BKPREG_TIMEOUT_VALUE)
 140              		.loc 1 177 9 view .LVU34
 141 0014 FFF7FEFF 		bl	HAL_GetTick
 142              	.LVL11:
 143              		.loc 1 177 23 discriminator 1 view .LVU35
 144 0018 001B     		subs	r0, r0, r4
 145              		.loc 1 177 7 discriminator 1 view .LVU36
 146 001a B0F57A7F 		cmp	r0, #1000
 147 001e 05D8     		bhi	.L14
 148              	.L11:
 149              		.loc 1 177 5 is_stmt 1 view .LVU37
 175:Drivers/STM32F4xx_HAL_Driver/Src/stm32f4xx_hal_pwr_ex.c ****   {
 150              		.loc 1 175 42 view .LVU38
 175:Drivers/STM32F4xx_HAL_Driver/Src/stm32f4xx_hal_pwr_ex.c ****   {
 151              		.loc 1 175 9 is_stmt 0 view .LVU39
 152 0020 6B68     		ldr	r3, [r5, #4]
 175:Drivers/STM32F4xx_HAL_Driver/Src/stm32f4xx_hal_pwr_ex.c ****   {
 153              		.loc 1 175 42 view .LVU40
ARM GAS  C:\Users\kaush\AppData\Local\Temp\ccsSLCU1.s 			page 7


 154 0022 13F00803 		ands	r3, r3, #8
 155 0026 F5D1     		bne	.L13
 178:Drivers/STM32F4xx_HAL_Driver/Src/stm32f4xx_hal_pwr_ex.c ****     {
 179:Drivers/STM32F4xx_HAL_Driver/Src/stm32f4xx_hal_pwr_ex.c ****       return HAL_TIMEOUT;
 180:Drivers/STM32F4xx_HAL_Driver/Src/stm32f4xx_hal_pwr_ex.c ****     } 
 181:Drivers/STM32F4xx_HAL_Driver/Src/stm32f4xx_hal_pwr_ex.c ****   }
 182:Drivers/STM32F4xx_HAL_Driver/Src/stm32f4xx_hal_pwr_ex.c ****   return HAL_OK;
 156              		.loc 1 182 10 view .LVU41
 157 0028 1846     		mov	r0, r3
 183:Drivers/STM32F4xx_HAL_Driver/Src/stm32f4xx_hal_pwr_ex.c **** }
 158              		.loc 1 183 1 view .LVU42
 159 002a 38BD     		pop	{r3, r4, r5, pc}
 160              	.LVL12:
 161              	.L14:
 179:Drivers/STM32F4xx_HAL_Driver/Src/stm32f4xx_hal_pwr_ex.c ****     } 
 162              		.loc 1 179 14 view .LVU43
 163 002c 0320     		movs	r0, #3
 164              		.loc 1 183 1 view .LVU44
 165 002e 38BD     		pop	{r3, r4, r5, pc}
 166              	.LVL13:
 167              	.L17:
 168              		.loc 1 183 1 view .LVU45
 169              		.align	2
 170              	.L16:
 171 0030 00000E42 		.word	1108213760
 172 0034 00700040 		.word	1073770496
 173              		.cfi_endproc
 174              	.LFE135:
 176              		.section	.text.HAL_PWREx_EnableFlashPowerDown,"ax",%progbits
 177              		.align	1
 178              		.p2align 2,,3
 179              		.global	HAL_PWREx_EnableFlashPowerDown
 180              		.syntax unified
 181              		.thumb
 182              		.thumb_func
 184              	HAL_PWREx_EnableFlashPowerDown:
 185              	.LFB136:
 184:Drivers/STM32F4xx_HAL_Driver/Src/stm32f4xx_hal_pwr_ex.c **** 
 185:Drivers/STM32F4xx_HAL_Driver/Src/stm32f4xx_hal_pwr_ex.c **** /**
 186:Drivers/STM32F4xx_HAL_Driver/Src/stm32f4xx_hal_pwr_ex.c ****   * @brief Enables the Flash Power Down in Stop mode.
 187:Drivers/STM32F4xx_HAL_Driver/Src/stm32f4xx_hal_pwr_ex.c ****   * @retval None
 188:Drivers/STM32F4xx_HAL_Driver/Src/stm32f4xx_hal_pwr_ex.c ****   */
 189:Drivers/STM32F4xx_HAL_Driver/Src/stm32f4xx_hal_pwr_ex.c **** void HAL_PWREx_EnableFlashPowerDown(void)
 190:Drivers/STM32F4xx_HAL_Driver/Src/stm32f4xx_hal_pwr_ex.c **** {
 186              		.loc 1 190 1 is_stmt 1 view -0
 187              		.cfi_startproc
 188              		@ args = 0, pretend = 0, frame = 0
 189              		@ frame_needed = 0, uses_anonymous_args = 0
 190              		@ link register save eliminated.
 191:Drivers/STM32F4xx_HAL_Driver/Src/stm32f4xx_hal_pwr_ex.c ****   *(__IO uint32_t *) CR_FPDS_BB = (uint32_t)ENABLE;
 191              		.loc 1 191 3 view .LVU47
 192              		.loc 1 191 33 is_stmt 0 view .LVU48
 193 0000 014B     		ldr	r3, .L19
 194 0002 0122     		movs	r2, #1
 195 0004 5A62     		str	r2, [r3, #36]
 192:Drivers/STM32F4xx_HAL_Driver/Src/stm32f4xx_hal_pwr_ex.c **** }
 196              		.loc 1 192 1 view .LVU49
ARM GAS  C:\Users\kaush\AppData\Local\Temp\ccsSLCU1.s 			page 8


 197 0006 7047     		bx	lr
 198              	.L20:
 199              		.align	2
 200              	.L19:
 201 0008 00000E42 		.word	1108213760
 202              		.cfi_endproc
 203              	.LFE136:
 205              		.section	.text.HAL_PWREx_DisableFlashPowerDown,"ax",%progbits
 206              		.align	1
 207              		.p2align 2,,3
 208              		.global	HAL_PWREx_DisableFlashPowerDown
 209              		.syntax unified
 210              		.thumb
 211              		.thumb_func
 213              	HAL_PWREx_DisableFlashPowerDown:
 214              	.LFB137:
 193:Drivers/STM32F4xx_HAL_Driver/Src/stm32f4xx_hal_pwr_ex.c **** 
 194:Drivers/STM32F4xx_HAL_Driver/Src/stm32f4xx_hal_pwr_ex.c **** /**
 195:Drivers/STM32F4xx_HAL_Driver/Src/stm32f4xx_hal_pwr_ex.c ****   * @brief Disables the Flash Power Down in Stop mode.
 196:Drivers/STM32F4xx_HAL_Driver/Src/stm32f4xx_hal_pwr_ex.c ****   * @retval None
 197:Drivers/STM32F4xx_HAL_Driver/Src/stm32f4xx_hal_pwr_ex.c ****   */
 198:Drivers/STM32F4xx_HAL_Driver/Src/stm32f4xx_hal_pwr_ex.c **** void HAL_PWREx_DisableFlashPowerDown(void)
 199:Drivers/STM32F4xx_HAL_Driver/Src/stm32f4xx_hal_pwr_ex.c **** {
 215              		.loc 1 199 1 is_stmt 1 view -0
 216              		.cfi_startproc
 217              		@ args = 0, pretend = 0, frame = 0
 218              		@ frame_needed = 0, uses_anonymous_args = 0
 219              		@ link register save eliminated.
 200:Drivers/STM32F4xx_HAL_Driver/Src/stm32f4xx_hal_pwr_ex.c ****   *(__IO uint32_t *) CR_FPDS_BB = (uint32_t)DISABLE;
 220              		.loc 1 200 3 view .LVU51
 221              		.loc 1 200 33 is_stmt 0 view .LVU52
 222 0000 014B     		ldr	r3, .L22
 223 0002 0022     		movs	r2, #0
 224 0004 5A62     		str	r2, [r3, #36]
 201:Drivers/STM32F4xx_HAL_Driver/Src/stm32f4xx_hal_pwr_ex.c **** }
 225              		.loc 1 201 1 view .LVU53
 226 0006 7047     		bx	lr
 227              	.L23:
 228              		.align	2
 229              	.L22:
 230 0008 00000E42 		.word	1108213760
 231              		.cfi_endproc
 232              	.LFE137:
 234              		.section	.text.HAL_PWREx_GetVoltageRange,"ax",%progbits
 235              		.align	1
 236              		.p2align 2,,3
 237              		.global	HAL_PWREx_GetVoltageRange
 238              		.syntax unified
 239              		.thumb
 240              		.thumb_func
 242              	HAL_PWREx_GetVoltageRange:
 243              	.LFB138:
 202:Drivers/STM32F4xx_HAL_Driver/Src/stm32f4xx_hal_pwr_ex.c **** 
 203:Drivers/STM32F4xx_HAL_Driver/Src/stm32f4xx_hal_pwr_ex.c **** /**
 204:Drivers/STM32F4xx_HAL_Driver/Src/stm32f4xx_hal_pwr_ex.c ****   * @brief Return Voltage Scaling Range.
 205:Drivers/STM32F4xx_HAL_Driver/Src/stm32f4xx_hal_pwr_ex.c ****   * @retval The configured scale for the regulator voltage(VOS bit field).
 206:Drivers/STM32F4xx_HAL_Driver/Src/stm32f4xx_hal_pwr_ex.c ****   *         The returned value can be one of the following:
ARM GAS  C:\Users\kaush\AppData\Local\Temp\ccsSLCU1.s 			page 9


 207:Drivers/STM32F4xx_HAL_Driver/Src/stm32f4xx_hal_pwr_ex.c ****   *            - @arg PWR_REGULATOR_VOLTAGE_SCALE1: Regulator voltage output Scale 1 mode
 208:Drivers/STM32F4xx_HAL_Driver/Src/stm32f4xx_hal_pwr_ex.c ****   *            - @arg PWR_REGULATOR_VOLTAGE_SCALE2: Regulator voltage output Scale 2 mode
 209:Drivers/STM32F4xx_HAL_Driver/Src/stm32f4xx_hal_pwr_ex.c ****   *            - @arg PWR_REGULATOR_VOLTAGE_SCALE3: Regulator voltage output Scale 3 mode
 210:Drivers/STM32F4xx_HAL_Driver/Src/stm32f4xx_hal_pwr_ex.c ****   */  
 211:Drivers/STM32F4xx_HAL_Driver/Src/stm32f4xx_hal_pwr_ex.c **** uint32_t HAL_PWREx_GetVoltageRange(void)
 212:Drivers/STM32F4xx_HAL_Driver/Src/stm32f4xx_hal_pwr_ex.c **** {
 244              		.loc 1 212 1 is_stmt 1 view -0
 245              		.cfi_startproc
 246              		@ args = 0, pretend = 0, frame = 0
 247              		@ frame_needed = 0, uses_anonymous_args = 0
 248              		@ link register save eliminated.
 213:Drivers/STM32F4xx_HAL_Driver/Src/stm32f4xx_hal_pwr_ex.c ****   return (PWR->CR & PWR_CR_VOS);
 249              		.loc 1 213 3 view .LVU55
 250              		.loc 1 213 14 is_stmt 0 view .LVU56
 251 0000 024B     		ldr	r3, .L25
 252 0002 1868     		ldr	r0, [r3]
 214:Drivers/STM32F4xx_HAL_Driver/Src/stm32f4xx_hal_pwr_ex.c **** }
 253              		.loc 1 214 1 view .LVU57
 254 0004 00F44040 		and	r0, r0, #49152
 255 0008 7047     		bx	lr
 256              	.L26:
 257 000a 00BF     		.align	2
 258              	.L25:
 259 000c 00700040 		.word	1073770496
 260              		.cfi_endproc
 261              	.LFE138:
 263              		.section	.text.HAL_PWREx_ControlVoltageScaling,"ax",%progbits
 264              		.align	1
 265              		.p2align 2,,3
 266              		.global	HAL_PWREx_ControlVoltageScaling
 267              		.syntax unified
 268              		.thumb
 269              		.thumb_func
 271              	HAL_PWREx_ControlVoltageScaling:
 272              	.LVL14:
 273              	.LFB139:
 215:Drivers/STM32F4xx_HAL_Driver/Src/stm32f4xx_hal_pwr_ex.c **** 
 216:Drivers/STM32F4xx_HAL_Driver/Src/stm32f4xx_hal_pwr_ex.c **** #if defined(STM32F405xx) || defined(STM32F415xx) || defined(STM32F407xx) || defined(STM32F417xx)
 217:Drivers/STM32F4xx_HAL_Driver/Src/stm32f4xx_hal_pwr_ex.c **** /**
 218:Drivers/STM32F4xx_HAL_Driver/Src/stm32f4xx_hal_pwr_ex.c ****   * @brief Configures the main internal regulator output voltage.
 219:Drivers/STM32F4xx_HAL_Driver/Src/stm32f4xx_hal_pwr_ex.c ****   * @param  VoltageScaling specifies the regulator output voltage to achieve
 220:Drivers/STM32F4xx_HAL_Driver/Src/stm32f4xx_hal_pwr_ex.c ****   *         a tradeoff between performance and power consumption.
 221:Drivers/STM32F4xx_HAL_Driver/Src/stm32f4xx_hal_pwr_ex.c ****   *          This parameter can be one of the following values:
 222:Drivers/STM32F4xx_HAL_Driver/Src/stm32f4xx_hal_pwr_ex.c ****   *            @arg PWR_REGULATOR_VOLTAGE_SCALE1: Regulator voltage output range 1 mode,
 223:Drivers/STM32F4xx_HAL_Driver/Src/stm32f4xx_hal_pwr_ex.c ****   *                                               the maximum value of fHCLK = 168 MHz.
 224:Drivers/STM32F4xx_HAL_Driver/Src/stm32f4xx_hal_pwr_ex.c ****   *            @arg PWR_REGULATOR_VOLTAGE_SCALE2: Regulator voltage output range 2 mode,
 225:Drivers/STM32F4xx_HAL_Driver/Src/stm32f4xx_hal_pwr_ex.c ****   *                                               the maximum value of fHCLK = 144 MHz.
 226:Drivers/STM32F4xx_HAL_Driver/Src/stm32f4xx_hal_pwr_ex.c ****   * @note  When moving from Range 1 to Range 2, the system frequency must be decreased to
 227:Drivers/STM32F4xx_HAL_Driver/Src/stm32f4xx_hal_pwr_ex.c ****   *        a value below 144 MHz before calling HAL_PWREx_ConfigVoltageScaling() API.
 228:Drivers/STM32F4xx_HAL_Driver/Src/stm32f4xx_hal_pwr_ex.c ****   *        When moving from Range 2 to Range 1, the system frequency can be increased to
 229:Drivers/STM32F4xx_HAL_Driver/Src/stm32f4xx_hal_pwr_ex.c ****   *        a value up to 168 MHz after calling HAL_PWREx_ConfigVoltageScaling() API.
 230:Drivers/STM32F4xx_HAL_Driver/Src/stm32f4xx_hal_pwr_ex.c ****   * @retval HAL Status
 231:Drivers/STM32F4xx_HAL_Driver/Src/stm32f4xx_hal_pwr_ex.c ****   */
 232:Drivers/STM32F4xx_HAL_Driver/Src/stm32f4xx_hal_pwr_ex.c **** HAL_StatusTypeDef HAL_PWREx_ControlVoltageScaling(uint32_t VoltageScaling)
 233:Drivers/STM32F4xx_HAL_Driver/Src/stm32f4xx_hal_pwr_ex.c **** {
 234:Drivers/STM32F4xx_HAL_Driver/Src/stm32f4xx_hal_pwr_ex.c ****   uint32_t tickstart = 0U;
 235:Drivers/STM32F4xx_HAL_Driver/Src/stm32f4xx_hal_pwr_ex.c ****   
ARM GAS  C:\Users\kaush\AppData\Local\Temp\ccsSLCU1.s 			page 10


 236:Drivers/STM32F4xx_HAL_Driver/Src/stm32f4xx_hal_pwr_ex.c ****   assert_param(IS_PWR_VOLTAGE_SCALING_RANGE(VoltageScaling));
 237:Drivers/STM32F4xx_HAL_Driver/Src/stm32f4xx_hal_pwr_ex.c ****   
 238:Drivers/STM32F4xx_HAL_Driver/Src/stm32f4xx_hal_pwr_ex.c ****   /* Enable PWR RCC Clock Peripheral */
 239:Drivers/STM32F4xx_HAL_Driver/Src/stm32f4xx_hal_pwr_ex.c ****   __HAL_RCC_PWR_CLK_ENABLE();
 240:Drivers/STM32F4xx_HAL_Driver/Src/stm32f4xx_hal_pwr_ex.c ****   
 241:Drivers/STM32F4xx_HAL_Driver/Src/stm32f4xx_hal_pwr_ex.c ****   /* Set Range */
 242:Drivers/STM32F4xx_HAL_Driver/Src/stm32f4xx_hal_pwr_ex.c ****   __HAL_PWR_VOLTAGESCALING_CONFIG(VoltageScaling);
 243:Drivers/STM32F4xx_HAL_Driver/Src/stm32f4xx_hal_pwr_ex.c ****   
 244:Drivers/STM32F4xx_HAL_Driver/Src/stm32f4xx_hal_pwr_ex.c ****   /* Get Start Tick*/
 245:Drivers/STM32F4xx_HAL_Driver/Src/stm32f4xx_hal_pwr_ex.c ****   tickstart = HAL_GetTick();
 246:Drivers/STM32F4xx_HAL_Driver/Src/stm32f4xx_hal_pwr_ex.c ****   while((__HAL_PWR_GET_FLAG(PWR_FLAG_VOSRDY) == RESET))
 247:Drivers/STM32F4xx_HAL_Driver/Src/stm32f4xx_hal_pwr_ex.c ****   {
 248:Drivers/STM32F4xx_HAL_Driver/Src/stm32f4xx_hal_pwr_ex.c ****     if((HAL_GetTick() - tickstart ) > PWR_VOSRDY_TIMEOUT_VALUE)
 249:Drivers/STM32F4xx_HAL_Driver/Src/stm32f4xx_hal_pwr_ex.c ****     {
 250:Drivers/STM32F4xx_HAL_Driver/Src/stm32f4xx_hal_pwr_ex.c ****       return HAL_TIMEOUT;
 251:Drivers/STM32F4xx_HAL_Driver/Src/stm32f4xx_hal_pwr_ex.c ****     } 
 252:Drivers/STM32F4xx_HAL_Driver/Src/stm32f4xx_hal_pwr_ex.c ****   }
 253:Drivers/STM32F4xx_HAL_Driver/Src/stm32f4xx_hal_pwr_ex.c **** 
 254:Drivers/STM32F4xx_HAL_Driver/Src/stm32f4xx_hal_pwr_ex.c ****   return HAL_OK;
 255:Drivers/STM32F4xx_HAL_Driver/Src/stm32f4xx_hal_pwr_ex.c **** }
 256:Drivers/STM32F4xx_HAL_Driver/Src/stm32f4xx_hal_pwr_ex.c **** 
 257:Drivers/STM32F4xx_HAL_Driver/Src/stm32f4xx_hal_pwr_ex.c **** #elif defined(STM32F427xx) || defined(STM32F437xx) || defined(STM32F429xx) || defined(STM32F439xx) 
 258:Drivers/STM32F4xx_HAL_Driver/Src/stm32f4xx_hal_pwr_ex.c ****       defined(STM32F401xC) || defined(STM32F401xE) || defined(STM32F410Tx) || defined(STM32F410Cx) 
 259:Drivers/STM32F4xx_HAL_Driver/Src/stm32f4xx_hal_pwr_ex.c ****       defined(STM32F410Rx) || defined(STM32F411xE) || defined(STM32F446xx) || defined(STM32F469xx) 
 260:Drivers/STM32F4xx_HAL_Driver/Src/stm32f4xx_hal_pwr_ex.c ****       defined(STM32F479xx) || defined(STM32F412Zx) || defined(STM32F412Vx) || defined(STM32F412Rx) 
 261:Drivers/STM32F4xx_HAL_Driver/Src/stm32f4xx_hal_pwr_ex.c ****       defined(STM32F412Cx) || defined(STM32F413xx) || defined(STM32F423xx)
 262:Drivers/STM32F4xx_HAL_Driver/Src/stm32f4xx_hal_pwr_ex.c **** /**
 263:Drivers/STM32F4xx_HAL_Driver/Src/stm32f4xx_hal_pwr_ex.c ****   * @brief Configures the main internal regulator output voltage.
 264:Drivers/STM32F4xx_HAL_Driver/Src/stm32f4xx_hal_pwr_ex.c ****   * @param  VoltageScaling specifies the regulator output voltage to achieve
 265:Drivers/STM32F4xx_HAL_Driver/Src/stm32f4xx_hal_pwr_ex.c ****   *         a tradeoff between performance and power consumption.
 266:Drivers/STM32F4xx_HAL_Driver/Src/stm32f4xx_hal_pwr_ex.c ****   *          This parameter can be one of the following values:
 267:Drivers/STM32F4xx_HAL_Driver/Src/stm32f4xx_hal_pwr_ex.c ****   *            @arg PWR_REGULATOR_VOLTAGE_SCALE1: Regulator voltage output range 1 mode,
 268:Drivers/STM32F4xx_HAL_Driver/Src/stm32f4xx_hal_pwr_ex.c ****   *                                               the maximum value of fHCLK is 168 MHz. It can be 
 269:Drivers/STM32F4xx_HAL_Driver/Src/stm32f4xx_hal_pwr_ex.c ****   *                                               180 MHz by activating the over-drive mode.
 270:Drivers/STM32F4xx_HAL_Driver/Src/stm32f4xx_hal_pwr_ex.c ****   *            @arg PWR_REGULATOR_VOLTAGE_SCALE2: Regulator voltage output range 2 mode,
 271:Drivers/STM32F4xx_HAL_Driver/Src/stm32f4xx_hal_pwr_ex.c ****   *                                               the maximum value of fHCLK is 144 MHz. It can be 
 272:Drivers/STM32F4xx_HAL_Driver/Src/stm32f4xx_hal_pwr_ex.c ****   *                                               168 MHz by activating the over-drive mode.
 273:Drivers/STM32F4xx_HAL_Driver/Src/stm32f4xx_hal_pwr_ex.c ****   *            @arg PWR_REGULATOR_VOLTAGE_SCALE3: Regulator voltage output range 3 mode,
 274:Drivers/STM32F4xx_HAL_Driver/Src/stm32f4xx_hal_pwr_ex.c ****   *                                               the maximum value of fHCLK is 120 MHz.
 275:Drivers/STM32F4xx_HAL_Driver/Src/stm32f4xx_hal_pwr_ex.c ****   * @note To update the system clock frequency(SYSCLK):
 276:Drivers/STM32F4xx_HAL_Driver/Src/stm32f4xx_hal_pwr_ex.c ****   *        - Set the HSI or HSE as system clock frequency using the HAL_RCC_ClockConfig().
 277:Drivers/STM32F4xx_HAL_Driver/Src/stm32f4xx_hal_pwr_ex.c ****   *        - Call the HAL_RCC_OscConfig() to configure the PLL.
 278:Drivers/STM32F4xx_HAL_Driver/Src/stm32f4xx_hal_pwr_ex.c ****   *        - Call HAL_PWREx_ConfigVoltageScaling() API to adjust the voltage scale.
 279:Drivers/STM32F4xx_HAL_Driver/Src/stm32f4xx_hal_pwr_ex.c ****   *        - Set the new system clock frequency using the HAL_RCC_ClockConfig().
 280:Drivers/STM32F4xx_HAL_Driver/Src/stm32f4xx_hal_pwr_ex.c ****   * @note The scale can be modified only when the HSI or HSE clock source is selected 
 281:Drivers/STM32F4xx_HAL_Driver/Src/stm32f4xx_hal_pwr_ex.c ****   *        as system clock source, otherwise the API returns HAL_ERROR.  
 282:Drivers/STM32F4xx_HAL_Driver/Src/stm32f4xx_hal_pwr_ex.c ****   * @note When the PLL is OFF, the voltage scale 3 is automatically selected and the VOS bits
 283:Drivers/STM32F4xx_HAL_Driver/Src/stm32f4xx_hal_pwr_ex.c ****   *       value in the PWR_CR1 register are not taken in account.
 284:Drivers/STM32F4xx_HAL_Driver/Src/stm32f4xx_hal_pwr_ex.c ****   * @note This API forces the PLL state ON to allow the possibility to configure the voltage scale 
 285:Drivers/STM32F4xx_HAL_Driver/Src/stm32f4xx_hal_pwr_ex.c ****   * @note The new voltage scale is active only when the PLL is ON.  
 286:Drivers/STM32F4xx_HAL_Driver/Src/stm32f4xx_hal_pwr_ex.c ****   * @retval HAL Status
 287:Drivers/STM32F4xx_HAL_Driver/Src/stm32f4xx_hal_pwr_ex.c ****   */
 288:Drivers/STM32F4xx_HAL_Driver/Src/stm32f4xx_hal_pwr_ex.c **** HAL_StatusTypeDef HAL_PWREx_ControlVoltageScaling(uint32_t VoltageScaling)
 289:Drivers/STM32F4xx_HAL_Driver/Src/stm32f4xx_hal_pwr_ex.c **** {
 274              		.loc 1 289 1 is_stmt 1 view -0
 275              		.cfi_startproc
 276              		@ args = 0, pretend = 0, frame = 8
ARM GAS  C:\Users\kaush\AppData\Local\Temp\ccsSLCU1.s 			page 11


 277              		@ frame_needed = 0, uses_anonymous_args = 0
 290:Drivers/STM32F4xx_HAL_Driver/Src/stm32f4xx_hal_pwr_ex.c ****   uint32_t tickstart = 0U;
 278              		.loc 1 290 3 view .LVU59
 291:Drivers/STM32F4xx_HAL_Driver/Src/stm32f4xx_hal_pwr_ex.c ****   
 292:Drivers/STM32F4xx_HAL_Driver/Src/stm32f4xx_hal_pwr_ex.c ****   assert_param(IS_PWR_VOLTAGE_SCALING_RANGE(VoltageScaling));
 279              		.loc 1 292 3 view .LVU60
 293:Drivers/STM32F4xx_HAL_Driver/Src/stm32f4xx_hal_pwr_ex.c ****   
 294:Drivers/STM32F4xx_HAL_Driver/Src/stm32f4xx_hal_pwr_ex.c ****   /* Enable PWR RCC Clock Peripheral */
 295:Drivers/STM32F4xx_HAL_Driver/Src/stm32f4xx_hal_pwr_ex.c ****   __HAL_RCC_PWR_CLK_ENABLE();
 280              		.loc 1 295 3 view .LVU61
 281              	.LBB2:
 282              		.loc 1 295 3 view .LVU62
 283              	.LBE2:
 289:Drivers/STM32F4xx_HAL_Driver/Src/stm32f4xx_hal_pwr_ex.c ****   uint32_t tickstart = 0U;
 284              		.loc 1 289 1 is_stmt 0 view .LVU63
 285 0000 70B5     		push	{r4, r5, r6, lr}
 286              	.LCFI2:
 287              		.cfi_def_cfa_offset 16
 288              		.cfi_offset 4, -16
 289              		.cfi_offset 5, -12
 290              		.cfi_offset 6, -8
 291              		.cfi_offset 14, -4
 292 0002 82B0     		sub	sp, sp, #8
 293              	.LCFI3:
 294              		.cfi_def_cfa_offset 24
 295              	.LBB3:
 296              		.loc 1 295 3 view .LVU64
 297 0004 294C     		ldr	r4, .L39
 298 0006 0022     		movs	r2, #0
 299 0008 0092     		str	r2, [sp]
 300              		.loc 1 295 3 is_stmt 1 view .LVU65
 301 000a 236C     		ldr	r3, [r4, #64]
 302 000c 43F08053 		orr	r3, r3, #268435456
 303 0010 2364     		str	r3, [r4, #64]
 304              		.loc 1 295 3 view .LVU66
 305 0012 236C     		ldr	r3, [r4, #64]
 306 0014 03F08053 		and	r3, r3, #268435456
 307 0018 0093     		str	r3, [sp]
 308              		.loc 1 295 3 view .LVU67
 309 001a 009B     		ldr	r3, [sp]
 310              	.LBE3:
 311              		.loc 1 295 3 view .LVU68
 296:Drivers/STM32F4xx_HAL_Driver/Src/stm32f4xx_hal_pwr_ex.c ****   
 297:Drivers/STM32F4xx_HAL_Driver/Src/stm32f4xx_hal_pwr_ex.c ****   /* Check if the PLL is used as system clock or not */
 298:Drivers/STM32F4xx_HAL_Driver/Src/stm32f4xx_hal_pwr_ex.c ****   if(__HAL_RCC_GET_SYSCLK_SOURCE() != RCC_CFGR_SWS_PLL)
 312              		.loc 1 298 3 view .LVU69
 313              		.loc 1 298 6 is_stmt 0 view .LVU70
 314 001c A368     		ldr	r3, [r4, #8]
 315 001e 03F00C03 		and	r3, r3, #12
 316              		.loc 1 298 5 view .LVU71
 317 0022 082B     		cmp	r3, #8
 318 0024 3ED0     		beq	.L36
 299:Drivers/STM32F4xx_HAL_Driver/Src/stm32f4xx_hal_pwr_ex.c ****   {
 300:Drivers/STM32F4xx_HAL_Driver/Src/stm32f4xx_hal_pwr_ex.c ****     /* Disable the main PLL */
 301:Drivers/STM32F4xx_HAL_Driver/Src/stm32f4xx_hal_pwr_ex.c ****     __HAL_RCC_PLL_DISABLE();
 319              		.loc 1 301 5 view .LVU72
 320 0026 224B     		ldr	r3, .L39+4
ARM GAS  C:\Users\kaush\AppData\Local\Temp\ccsSLCU1.s 			page 12


 321 0028 1A66     		str	r2, [r3, #96]
 322 002a 0646     		mov	r6, r0
 323              		.loc 1 301 5 is_stmt 1 view .LVU73
 302:Drivers/STM32F4xx_HAL_Driver/Src/stm32f4xx_hal_pwr_ex.c ****     
 303:Drivers/STM32F4xx_HAL_Driver/Src/stm32f4xx_hal_pwr_ex.c ****     /* Get Start Tick */
 304:Drivers/STM32F4xx_HAL_Driver/Src/stm32f4xx_hal_pwr_ex.c ****     tickstart = HAL_GetTick();    
 324              		.loc 1 304 5 view .LVU74
 325              		.loc 1 304 17 is_stmt 0 view .LVU75
 326 002c FFF7FEFF 		bl	HAL_GetTick
 327              	.LVL15:
 328              		.loc 1 304 17 view .LVU76
 329 0030 0546     		mov	r5, r0
 330              	.LVL16:
 305:Drivers/STM32F4xx_HAL_Driver/Src/stm32f4xx_hal_pwr_ex.c ****     /* Wait till PLL is disabled */  
 306:Drivers/STM32F4xx_HAL_Driver/Src/stm32f4xx_hal_pwr_ex.c ****     while(__HAL_RCC_GET_FLAG(RCC_FLAG_PLLRDY) != RESET)
 331              		.loc 1 306 5 is_stmt 1 view .LVU77
 332              		.loc 1 306 10 is_stmt 0 view .LVU78
 333 0032 04E0     		b	.L29
 334              	.LVL17:
 335              	.L30:
 307:Drivers/STM32F4xx_HAL_Driver/Src/stm32f4xx_hal_pwr_ex.c ****     {
 308:Drivers/STM32F4xx_HAL_Driver/Src/stm32f4xx_hal_pwr_ex.c ****       if((HAL_GetTick() - tickstart ) > PLL_TIMEOUT_VALUE)
 336              		.loc 1 308 11 view .LVU79
 337 0034 FFF7FEFF 		bl	HAL_GetTick
 338              	.LVL18:
 339              		.loc 1 308 25 discriminator 1 view .LVU80
 340 0038 431B     		subs	r3, r0, r5
 341              		.loc 1 308 9 discriminator 1 view .LVU81
 342 003a 022B     		cmp	r3, #2
 343 003c 2FD8     		bhi	.L32
 344              	.L29:
 345              		.loc 1 308 7 is_stmt 1 view .LVU82
 306:Drivers/STM32F4xx_HAL_Driver/Src/stm32f4xx_hal_pwr_ex.c ****     {
 346              		.loc 1 306 47 view .LVU83
 306:Drivers/STM32F4xx_HAL_Driver/Src/stm32f4xx_hal_pwr_ex.c ****     {
 347              		.loc 1 306 11 is_stmt 0 view .LVU84
 348 003e 2368     		ldr	r3, [r4]
 306:Drivers/STM32F4xx_HAL_Driver/Src/stm32f4xx_hal_pwr_ex.c ****     {
 349              		.loc 1 306 47 view .LVU85
 350 0040 13F00073 		ands	r3, r3, #33554432
 351 0044 F6D1     		bne	.L30
 309:Drivers/STM32F4xx_HAL_Driver/Src/stm32f4xx_hal_pwr_ex.c ****       {
 310:Drivers/STM32F4xx_HAL_Driver/Src/stm32f4xx_hal_pwr_ex.c ****         return HAL_TIMEOUT;
 311:Drivers/STM32F4xx_HAL_Driver/Src/stm32f4xx_hal_pwr_ex.c ****       }
 312:Drivers/STM32F4xx_HAL_Driver/Src/stm32f4xx_hal_pwr_ex.c ****     }
 313:Drivers/STM32F4xx_HAL_Driver/Src/stm32f4xx_hal_pwr_ex.c ****     
 314:Drivers/STM32F4xx_HAL_Driver/Src/stm32f4xx_hal_pwr_ex.c ****     /* Set Range */
 315:Drivers/STM32F4xx_HAL_Driver/Src/stm32f4xx_hal_pwr_ex.c ****     __HAL_PWR_VOLTAGESCALING_CONFIG(VoltageScaling);
 352              		.loc 1 315 5 is_stmt 1 view .LVU86
 353              	.LBB4:
 354              		.loc 1 315 5 view .LVU87
 355 0046 1B4A     		ldr	r2, .L39+8
 356 0048 0193     		str	r3, [sp, #4]
 357              		.loc 1 315 5 view .LVU88
 358 004a 1368     		ldr	r3, [r2]
 359              	.LBE4:
 316:Drivers/STM32F4xx_HAL_Driver/Src/stm32f4xx_hal_pwr_ex.c ****     
ARM GAS  C:\Users\kaush\AppData\Local\Temp\ccsSLCU1.s 			page 13


 317:Drivers/STM32F4xx_HAL_Driver/Src/stm32f4xx_hal_pwr_ex.c ****     /* Enable the main PLL */
 318:Drivers/STM32F4xx_HAL_Driver/Src/stm32f4xx_hal_pwr_ex.c ****     __HAL_RCC_PLL_ENABLE();
 360              		.loc 1 318 5 is_stmt 0 view .LVU89
 361 004c 1849     		ldr	r1, .L39+4
 319:Drivers/STM32F4xx_HAL_Driver/Src/stm32f4xx_hal_pwr_ex.c ****     
 320:Drivers/STM32F4xx_HAL_Driver/Src/stm32f4xx_hal_pwr_ex.c ****     /* Get Start Tick */
 321:Drivers/STM32F4xx_HAL_Driver/Src/stm32f4xx_hal_pwr_ex.c ****     tickstart = HAL_GetTick();
 322:Drivers/STM32F4xx_HAL_Driver/Src/stm32f4xx_hal_pwr_ex.c ****     /* Wait till PLL is ready */  
 323:Drivers/STM32F4xx_HAL_Driver/Src/stm32f4xx_hal_pwr_ex.c ****     while(__HAL_RCC_GET_FLAG(RCC_FLAG_PLLRDY) == RESET)
 362              		.loc 1 323 11 view .LVU90
 363 004e 174D     		ldr	r5, .L39
 364              	.LVL19:
 365              	.LBB5:
 315:Drivers/STM32F4xx_HAL_Driver/Src/stm32f4xx_hal_pwr_ex.c ****     
 366              		.loc 1 315 5 view .LVU91
 367 0050 23F44043 		bic	r3, r3, #49152
 368 0054 3343     		orrs	r3, r3, r6
 369 0056 1360     		str	r3, [r2]
 315:Drivers/STM32F4xx_HAL_Driver/Src/stm32f4xx_hal_pwr_ex.c ****     
 370              		.loc 1 315 5 is_stmt 1 view .LVU92
 371 0058 1368     		ldr	r3, [r2]
 372 005a 03F44043 		and	r3, r3, #49152
 373 005e 0193     		str	r3, [sp, #4]
 315:Drivers/STM32F4xx_HAL_Driver/Src/stm32f4xx_hal_pwr_ex.c ****     
 374              		.loc 1 315 5 view .LVU93
 375              	.LBE5:
 318:Drivers/STM32F4xx_HAL_Driver/Src/stm32f4xx_hal_pwr_ex.c ****     
 376              		.loc 1 318 5 is_stmt 0 view .LVU94
 377 0060 0122     		movs	r2, #1
 378              	.LBB6:
 315:Drivers/STM32F4xx_HAL_Driver/Src/stm32f4xx_hal_pwr_ex.c ****     
 379              		.loc 1 315 5 view .LVU95
 380 0062 019B     		ldr	r3, [sp, #4]
 381              	.LBE6:
 315:Drivers/STM32F4xx_HAL_Driver/Src/stm32f4xx_hal_pwr_ex.c ****     
 382              		.loc 1 315 5 is_stmt 1 view .LVU96
 318:Drivers/STM32F4xx_HAL_Driver/Src/stm32f4xx_hal_pwr_ex.c ****     
 383              		.loc 1 318 5 view .LVU97
 384 0064 0A66     		str	r2, [r1, #96]
 321:Drivers/STM32F4xx_HAL_Driver/Src/stm32f4xx_hal_pwr_ex.c ****     /* Wait till PLL is ready */  
 385              		.loc 1 321 5 view .LVU98
 321:Drivers/STM32F4xx_HAL_Driver/Src/stm32f4xx_hal_pwr_ex.c ****     /* Wait till PLL is ready */  
 386              		.loc 1 321 17 is_stmt 0 view .LVU99
 387 0066 FFF7FEFF 		bl	HAL_GetTick
 388              	.LVL20:
 389 006a 0446     		mov	r4, r0
 390              	.LVL21:
 391              		.loc 1 323 5 is_stmt 1 view .LVU100
 392              		.loc 1 323 10 is_stmt 0 view .LVU101
 393 006c 04E0     		b	.L31
 394              	.LVL22:
 395              	.L33:
 324:Drivers/STM32F4xx_HAL_Driver/Src/stm32f4xx_hal_pwr_ex.c ****     {
 325:Drivers/STM32F4xx_HAL_Driver/Src/stm32f4xx_hal_pwr_ex.c ****       if((HAL_GetTick() - tickstart ) > PLL_TIMEOUT_VALUE)
 396              		.loc 1 325 11 view .LVU102
 397 006e FFF7FEFF 		bl	HAL_GetTick
 398              	.LVL23:
ARM GAS  C:\Users\kaush\AppData\Local\Temp\ccsSLCU1.s 			page 14


 399              		.loc 1 325 25 discriminator 1 view .LVU103
 400 0072 001B     		subs	r0, r0, r4
 401              		.loc 1 325 9 discriminator 1 view .LVU104
 402 0074 0228     		cmp	r0, #2
 403 0076 12D8     		bhi	.L32
 404              	.L31:
 405              		.loc 1 325 7 is_stmt 1 view .LVU105
 323:Drivers/STM32F4xx_HAL_Driver/Src/stm32f4xx_hal_pwr_ex.c ****     {
 406              		.loc 1 323 47 view .LVU106
 323:Drivers/STM32F4xx_HAL_Driver/Src/stm32f4xx_hal_pwr_ex.c ****     {
 407              		.loc 1 323 11 is_stmt 0 view .LVU107
 408 0078 2B68     		ldr	r3, [r5]
 323:Drivers/STM32F4xx_HAL_Driver/Src/stm32f4xx_hal_pwr_ex.c ****     {
 409              		.loc 1 323 47 view .LVU108
 410 007a 9A01     		lsls	r2, r3, #6
 411 007c F7D5     		bpl	.L33
 326:Drivers/STM32F4xx_HAL_Driver/Src/stm32f4xx_hal_pwr_ex.c ****       {
 327:Drivers/STM32F4xx_HAL_Driver/Src/stm32f4xx_hal_pwr_ex.c ****         return HAL_TIMEOUT;
 328:Drivers/STM32F4xx_HAL_Driver/Src/stm32f4xx_hal_pwr_ex.c ****       } 
 329:Drivers/STM32F4xx_HAL_Driver/Src/stm32f4xx_hal_pwr_ex.c ****     }
 330:Drivers/STM32F4xx_HAL_Driver/Src/stm32f4xx_hal_pwr_ex.c ****     
 331:Drivers/STM32F4xx_HAL_Driver/Src/stm32f4xx_hal_pwr_ex.c ****     /* Get Start Tick */
 332:Drivers/STM32F4xx_HAL_Driver/Src/stm32f4xx_hal_pwr_ex.c ****     tickstart = HAL_GetTick();
 412              		.loc 1 332 5 is_stmt 1 view .LVU109
 413              		.loc 1 332 17 is_stmt 0 view .LVU110
 414 007e FFF7FEFF 		bl	HAL_GetTick
 415              	.LVL24:
 333:Drivers/STM32F4xx_HAL_Driver/Src/stm32f4xx_hal_pwr_ex.c ****     while((__HAL_PWR_GET_FLAG(PWR_FLAG_VOSRDY) == RESET))
 416              		.loc 1 333 12 view .LVU111
 417 0082 0C4D     		ldr	r5, .L39+8
 332:Drivers/STM32F4xx_HAL_Driver/Src/stm32f4xx_hal_pwr_ex.c ****     while((__HAL_PWR_GET_FLAG(PWR_FLAG_VOSRDY) == RESET))
 418              		.loc 1 332 17 view .LVU112
 419 0084 0446     		mov	r4, r0
 420              	.LVL25:
 421              		.loc 1 333 5 is_stmt 1 view .LVU113
 422              		.loc 1 333 10 is_stmt 0 view .LVU114
 423 0086 05E0     		b	.L34
 424              	.LVL26:
 425              	.L35:
 334:Drivers/STM32F4xx_HAL_Driver/Src/stm32f4xx_hal_pwr_ex.c ****     {
 335:Drivers/STM32F4xx_HAL_Driver/Src/stm32f4xx_hal_pwr_ex.c ****       if((HAL_GetTick() - tickstart ) > PWR_VOSRDY_TIMEOUT_VALUE)
 426              		.loc 1 335 11 view .LVU115
 427 0088 FFF7FEFF 		bl	HAL_GetTick
 428              	.LVL27:
 429              		.loc 1 335 25 discriminator 1 view .LVU116
 430 008c 001B     		subs	r0, r0, r4
 431              		.loc 1 335 9 discriminator 1 view .LVU117
 432 008e B0F57A7F 		cmp	r0, #1000
 433 0092 04D8     		bhi	.L32
 434              	.L34:
 435              		.loc 1 335 7 is_stmt 1 view .LVU118
 333:Drivers/STM32F4xx_HAL_Driver/Src/stm32f4xx_hal_pwr_ex.c ****     {
 436              		.loc 1 333 48 view .LVU119
 333:Drivers/STM32F4xx_HAL_Driver/Src/stm32f4xx_hal_pwr_ex.c ****     {
 437              		.loc 1 333 12 is_stmt 0 view .LVU120
 438 0094 6B68     		ldr	r3, [r5, #4]
 333:Drivers/STM32F4xx_HAL_Driver/Src/stm32f4xx_hal_pwr_ex.c ****     {
ARM GAS  C:\Users\kaush\AppData\Local\Temp\ccsSLCU1.s 			page 15


 439              		.loc 1 333 48 view .LVU121
 440 0096 5B04     		lsls	r3, r3, #17
 441 0098 F6D5     		bpl	.L35
 336:Drivers/STM32F4xx_HAL_Driver/Src/stm32f4xx_hal_pwr_ex.c ****       {
 337:Drivers/STM32F4xx_HAL_Driver/Src/stm32f4xx_hal_pwr_ex.c ****         return HAL_TIMEOUT;
 338:Drivers/STM32F4xx_HAL_Driver/Src/stm32f4xx_hal_pwr_ex.c ****       } 
 339:Drivers/STM32F4xx_HAL_Driver/Src/stm32f4xx_hal_pwr_ex.c ****     }
 340:Drivers/STM32F4xx_HAL_Driver/Src/stm32f4xx_hal_pwr_ex.c ****   }
 341:Drivers/STM32F4xx_HAL_Driver/Src/stm32f4xx_hal_pwr_ex.c ****   else
 342:Drivers/STM32F4xx_HAL_Driver/Src/stm32f4xx_hal_pwr_ex.c ****   {
 343:Drivers/STM32F4xx_HAL_Driver/Src/stm32f4xx_hal_pwr_ex.c ****     return HAL_ERROR;
 344:Drivers/STM32F4xx_HAL_Driver/Src/stm32f4xx_hal_pwr_ex.c ****   }
 345:Drivers/STM32F4xx_HAL_Driver/Src/stm32f4xx_hal_pwr_ex.c **** 
 346:Drivers/STM32F4xx_HAL_Driver/Src/stm32f4xx_hal_pwr_ex.c ****   return HAL_OK;
 442              		.loc 1 346 10 view .LVU122
 443 009a 0020     		movs	r0, #0
 444 009c 00E0     		b	.L28
 445              	.LVL28:
 446              	.L32:
 310:Drivers/STM32F4xx_HAL_Driver/Src/stm32f4xx_hal_pwr_ex.c ****       }
 447              		.loc 1 310 16 view .LVU123
 448 009e 0320     		movs	r0, #3
 449              	.L28:
 347:Drivers/STM32F4xx_HAL_Driver/Src/stm32f4xx_hal_pwr_ex.c **** }
 450              		.loc 1 347 1 view .LVU124
 451 00a0 02B0     		add	sp, sp, #8
 452              	.LCFI4:
 453              		.cfi_remember_state
 454              		.cfi_def_cfa_offset 16
 455              		@ sp needed
 456 00a2 70BD     		pop	{r4, r5, r6, pc}
 457              	.LVL29:
 458              	.L36:
 459              	.LCFI5:
 460              		.cfi_restore_state
 343:Drivers/STM32F4xx_HAL_Driver/Src/stm32f4xx_hal_pwr_ex.c ****   }
 461              		.loc 1 343 12 view .LVU125
 462 00a4 0120     		movs	r0, #1
 463              	.LVL30:
 464              		.loc 1 347 1 view .LVU126
 465 00a6 02B0     		add	sp, sp, #8
 466              	.LCFI6:
 467              		.cfi_def_cfa_offset 16
 468              		@ sp needed
 469 00a8 70BD     		pop	{r4, r5, r6, pc}
 470              	.L40:
 471 00aa 00BF     		.align	2
 472              	.L39:
 473 00ac 00380240 		.word	1073887232
 474 00b0 00004742 		.word	1111949312
 475 00b4 00700040 		.word	1073770496
 476              		.cfi_endproc
 477              	.LFE139:
 479              		.section	.text.HAL_PWREx_EnableOverDrive,"ax",%progbits
 480              		.align	1
 481              		.p2align 2,,3
 482              		.global	HAL_PWREx_EnableOverDrive
ARM GAS  C:\Users\kaush\AppData\Local\Temp\ccsSLCU1.s 			page 16


 483              		.syntax unified
 484              		.thumb
 485              		.thumb_func
 487              	HAL_PWREx_EnableOverDrive:
 488              	.LFB140:
 348:Drivers/STM32F4xx_HAL_Driver/Src/stm32f4xx_hal_pwr_ex.c **** #endif /* STM32F405xx || STM32F415xx || STM32F407xx || STM32F417xx */
 349:Drivers/STM32F4xx_HAL_Driver/Src/stm32f4xx_hal_pwr_ex.c **** 
 350:Drivers/STM32F4xx_HAL_Driver/Src/stm32f4xx_hal_pwr_ex.c **** #if defined(STM32F401xC) || defined(STM32F401xE) || defined(STM32F410Tx) || defined(STM32F410Cx) ||
 351:Drivers/STM32F4xx_HAL_Driver/Src/stm32f4xx_hal_pwr_ex.c ****     defined(STM32F411xE) || defined(STM32F412Zx) || defined(STM32F412Vx) || defined(STM32F412Rx) ||
 352:Drivers/STM32F4xx_HAL_Driver/Src/stm32f4xx_hal_pwr_ex.c ****     defined(STM32F413xx) || defined(STM32F423xx)
 353:Drivers/STM32F4xx_HAL_Driver/Src/stm32f4xx_hal_pwr_ex.c **** /**
 354:Drivers/STM32F4xx_HAL_Driver/Src/stm32f4xx_hal_pwr_ex.c ****   * @brief Enables Main Regulator low voltage mode.
 355:Drivers/STM32F4xx_HAL_Driver/Src/stm32f4xx_hal_pwr_ex.c ****   * @note  This mode is only available for STM32F401xx/STM32F410xx/STM32F411xx/STM32F412Zx/STM32F41
 356:Drivers/STM32F4xx_HAL_Driver/Src/stm32f4xx_hal_pwr_ex.c ****   *        STM32F413xx/STM32F423xx devices.   
 357:Drivers/STM32F4xx_HAL_Driver/Src/stm32f4xx_hal_pwr_ex.c ****   * @retval None
 358:Drivers/STM32F4xx_HAL_Driver/Src/stm32f4xx_hal_pwr_ex.c ****   */
 359:Drivers/STM32F4xx_HAL_Driver/Src/stm32f4xx_hal_pwr_ex.c **** void HAL_PWREx_EnableMainRegulatorLowVoltage(void)
 360:Drivers/STM32F4xx_HAL_Driver/Src/stm32f4xx_hal_pwr_ex.c **** {
 361:Drivers/STM32F4xx_HAL_Driver/Src/stm32f4xx_hal_pwr_ex.c ****   *(__IO uint32_t *) CR_MRLVDS_BB = (uint32_t)ENABLE;
 362:Drivers/STM32F4xx_HAL_Driver/Src/stm32f4xx_hal_pwr_ex.c **** }
 363:Drivers/STM32F4xx_HAL_Driver/Src/stm32f4xx_hal_pwr_ex.c **** 
 364:Drivers/STM32F4xx_HAL_Driver/Src/stm32f4xx_hal_pwr_ex.c **** /**
 365:Drivers/STM32F4xx_HAL_Driver/Src/stm32f4xx_hal_pwr_ex.c ****   * @brief Disables Main Regulator low voltage mode.
 366:Drivers/STM32F4xx_HAL_Driver/Src/stm32f4xx_hal_pwr_ex.c ****   * @note  This mode is only available for STM32F401xx/STM32F410xx/STM32F411xx/STM32F412Zx/STM32F41
 367:Drivers/STM32F4xx_HAL_Driver/Src/stm32f4xx_hal_pwr_ex.c ****   *        STM32F413xx/STM32F423xxdevices. 
 368:Drivers/STM32F4xx_HAL_Driver/Src/stm32f4xx_hal_pwr_ex.c ****   * @retval None
 369:Drivers/STM32F4xx_HAL_Driver/Src/stm32f4xx_hal_pwr_ex.c ****   */
 370:Drivers/STM32F4xx_HAL_Driver/Src/stm32f4xx_hal_pwr_ex.c **** void HAL_PWREx_DisableMainRegulatorLowVoltage(void)
 371:Drivers/STM32F4xx_HAL_Driver/Src/stm32f4xx_hal_pwr_ex.c **** {
 372:Drivers/STM32F4xx_HAL_Driver/Src/stm32f4xx_hal_pwr_ex.c ****   *(__IO uint32_t *) CR_MRLVDS_BB = (uint32_t)DISABLE;
 373:Drivers/STM32F4xx_HAL_Driver/Src/stm32f4xx_hal_pwr_ex.c **** }
 374:Drivers/STM32F4xx_HAL_Driver/Src/stm32f4xx_hal_pwr_ex.c **** 
 375:Drivers/STM32F4xx_HAL_Driver/Src/stm32f4xx_hal_pwr_ex.c **** /**
 376:Drivers/STM32F4xx_HAL_Driver/Src/stm32f4xx_hal_pwr_ex.c ****   * @brief Enables Low Power Regulator low voltage mode.
 377:Drivers/STM32F4xx_HAL_Driver/Src/stm32f4xx_hal_pwr_ex.c ****   * @note  This mode is only available for STM32F401xx/STM32F410xx/STM32F411xx/STM32F412Zx/STM32F41
 378:Drivers/STM32F4xx_HAL_Driver/Src/stm32f4xx_hal_pwr_ex.c ****   *        STM32F413xx/STM32F423xx devices.   
 379:Drivers/STM32F4xx_HAL_Driver/Src/stm32f4xx_hal_pwr_ex.c ****   * @retval None
 380:Drivers/STM32F4xx_HAL_Driver/Src/stm32f4xx_hal_pwr_ex.c ****   */
 381:Drivers/STM32F4xx_HAL_Driver/Src/stm32f4xx_hal_pwr_ex.c **** void HAL_PWREx_EnableLowRegulatorLowVoltage(void)
 382:Drivers/STM32F4xx_HAL_Driver/Src/stm32f4xx_hal_pwr_ex.c **** {
 383:Drivers/STM32F4xx_HAL_Driver/Src/stm32f4xx_hal_pwr_ex.c ****   *(__IO uint32_t *) CR_LPLVDS_BB = (uint32_t)ENABLE;
 384:Drivers/STM32F4xx_HAL_Driver/Src/stm32f4xx_hal_pwr_ex.c **** }
 385:Drivers/STM32F4xx_HAL_Driver/Src/stm32f4xx_hal_pwr_ex.c **** 
 386:Drivers/STM32F4xx_HAL_Driver/Src/stm32f4xx_hal_pwr_ex.c **** /**
 387:Drivers/STM32F4xx_HAL_Driver/Src/stm32f4xx_hal_pwr_ex.c ****   * @brief Disables Low Power Regulator low voltage mode.
 388:Drivers/STM32F4xx_HAL_Driver/Src/stm32f4xx_hal_pwr_ex.c ****   * @note  This mode is only available for STM32F401xx/STM32F410xx/STM32F411xx/STM32F412Zx/STM32F41
 389:Drivers/STM32F4xx_HAL_Driver/Src/stm32f4xx_hal_pwr_ex.c ****   *        STM32F413xx/STM32F423xx  devices.   
 390:Drivers/STM32F4xx_HAL_Driver/Src/stm32f4xx_hal_pwr_ex.c ****   * @retval None
 391:Drivers/STM32F4xx_HAL_Driver/Src/stm32f4xx_hal_pwr_ex.c ****   */
 392:Drivers/STM32F4xx_HAL_Driver/Src/stm32f4xx_hal_pwr_ex.c **** void HAL_PWREx_DisableLowRegulatorLowVoltage(void)
 393:Drivers/STM32F4xx_HAL_Driver/Src/stm32f4xx_hal_pwr_ex.c **** {
 394:Drivers/STM32F4xx_HAL_Driver/Src/stm32f4xx_hal_pwr_ex.c ****   *(__IO uint32_t *) CR_LPLVDS_BB = (uint32_t)DISABLE;
 395:Drivers/STM32F4xx_HAL_Driver/Src/stm32f4xx_hal_pwr_ex.c **** }
 396:Drivers/STM32F4xx_HAL_Driver/Src/stm32f4xx_hal_pwr_ex.c **** 
 397:Drivers/STM32F4xx_HAL_Driver/Src/stm32f4xx_hal_pwr_ex.c **** #endif /* STM32F401xC || STM32F401xE || STM32F410xx || STM32F411xE || STM32F412Zx || STM32F412Rx ||
 398:Drivers/STM32F4xx_HAL_Driver/Src/stm32f4xx_hal_pwr_ex.c ****           STM32F413xx || STM32F423xx */
 399:Drivers/STM32F4xx_HAL_Driver/Src/stm32f4xx_hal_pwr_ex.c **** 
ARM GAS  C:\Users\kaush\AppData\Local\Temp\ccsSLCU1.s 			page 17


 400:Drivers/STM32F4xx_HAL_Driver/Src/stm32f4xx_hal_pwr_ex.c **** #if defined(STM32F427xx) || defined(STM32F437xx) || defined(STM32F429xx) || defined(STM32F439xx) ||
 401:Drivers/STM32F4xx_HAL_Driver/Src/stm32f4xx_hal_pwr_ex.c ****     defined(STM32F446xx) || defined(STM32F469xx) || defined(STM32F479xx)
 402:Drivers/STM32F4xx_HAL_Driver/Src/stm32f4xx_hal_pwr_ex.c **** /**
 403:Drivers/STM32F4xx_HAL_Driver/Src/stm32f4xx_hal_pwr_ex.c ****   * @brief  Activates the Over-Drive mode.
 404:Drivers/STM32F4xx_HAL_Driver/Src/stm32f4xx_hal_pwr_ex.c ****   * @note   This function can be used only for STM32F42xx/STM32F43xx/STM32F446xx/STM32F469xx/STM32F
 405:Drivers/STM32F4xx_HAL_Driver/Src/stm32f4xx_hal_pwr_ex.c ****   *         This mode allows the CPU and the core logic to operate at a higher frequency
 406:Drivers/STM32F4xx_HAL_Driver/Src/stm32f4xx_hal_pwr_ex.c ****   *         than the normal mode for a given voltage scaling (scale 1, scale 2 or scale 3).   
 407:Drivers/STM32F4xx_HAL_Driver/Src/stm32f4xx_hal_pwr_ex.c ****   * @note   It is recommended to enter or exit Over-drive mode when the application is not running 
 408:Drivers/STM32F4xx_HAL_Driver/Src/stm32f4xx_hal_pwr_ex.c ****   *         critical tasks and when the system clock source is either HSI or HSE. 
 409:Drivers/STM32F4xx_HAL_Driver/Src/stm32f4xx_hal_pwr_ex.c ****   *         During the Over-drive switch activation, no peripheral clocks should be enabled.   
 410:Drivers/STM32F4xx_HAL_Driver/Src/stm32f4xx_hal_pwr_ex.c ****   *         The peripheral clocks must be enabled once the Over-drive mode is activated.   
 411:Drivers/STM32F4xx_HAL_Driver/Src/stm32f4xx_hal_pwr_ex.c ****   * @retval HAL status
 412:Drivers/STM32F4xx_HAL_Driver/Src/stm32f4xx_hal_pwr_ex.c ****   */
 413:Drivers/STM32F4xx_HAL_Driver/Src/stm32f4xx_hal_pwr_ex.c **** HAL_StatusTypeDef HAL_PWREx_EnableOverDrive(void)
 414:Drivers/STM32F4xx_HAL_Driver/Src/stm32f4xx_hal_pwr_ex.c **** {
 489              		.loc 1 414 1 is_stmt 1 view -0
 490              		.cfi_startproc
 491              		@ args = 0, pretend = 0, frame = 8
 492              		@ frame_needed = 0, uses_anonymous_args = 0
 415:Drivers/STM32F4xx_HAL_Driver/Src/stm32f4xx_hal_pwr_ex.c ****   uint32_t tickstart = 0U;
 493              		.loc 1 415 3 view .LVU128
 494              	.LVL31:
 416:Drivers/STM32F4xx_HAL_Driver/Src/stm32f4xx_hal_pwr_ex.c **** 
 417:Drivers/STM32F4xx_HAL_Driver/Src/stm32f4xx_hal_pwr_ex.c ****   __HAL_RCC_PWR_CLK_ENABLE();
 495              		.loc 1 417 3 view .LVU129
 496              	.LBB7:
 497              		.loc 1 417 3 view .LVU130
 498              	.LBE7:
 414:Drivers/STM32F4xx_HAL_Driver/Src/stm32f4xx_hal_pwr_ex.c ****   uint32_t tickstart = 0U;
 499              		.loc 1 414 1 is_stmt 0 view .LVU131
 500 0000 30B5     		push	{r4, r5, lr}
 501              	.LCFI7:
 502              		.cfi_def_cfa_offset 12
 503              		.cfi_offset 4, -12
 504              		.cfi_offset 5, -8
 505              		.cfi_offset 14, -4
 506 0002 83B0     		sub	sp, sp, #12
 507              	.LCFI8:
 508              		.cfi_def_cfa_offset 24
 509              	.LBB8:
 510              		.loc 1 417 3 view .LVU132
 511 0004 194B     		ldr	r3, .L50
 512              	.LBE8:
 418:Drivers/STM32F4xx_HAL_Driver/Src/stm32f4xx_hal_pwr_ex.c ****   
 419:Drivers/STM32F4xx_HAL_Driver/Src/stm32f4xx_hal_pwr_ex.c ****   /* Enable the Over-drive to extend the clock frequency to 180 Mhz */
 420:Drivers/STM32F4xx_HAL_Driver/Src/stm32f4xx_hal_pwr_ex.c ****   __HAL_PWR_OVERDRIVE_ENABLE();
 513              		.loc 1 420 3 view .LVU133
 514 0006 1A49     		ldr	r1, .L50+4
 421:Drivers/STM32F4xx_HAL_Driver/Src/stm32f4xx_hal_pwr_ex.c **** 
 422:Drivers/STM32F4xx_HAL_Driver/Src/stm32f4xx_hal_pwr_ex.c ****   /* Get tick */
 423:Drivers/STM32F4xx_HAL_Driver/Src/stm32f4xx_hal_pwr_ex.c ****   tickstart = HAL_GetTick();
 424:Drivers/STM32F4xx_HAL_Driver/Src/stm32f4xx_hal_pwr_ex.c **** 
 425:Drivers/STM32F4xx_HAL_Driver/Src/stm32f4xx_hal_pwr_ex.c ****   while(!__HAL_PWR_GET_FLAG(PWR_FLAG_ODRDY))
 515              		.loc 1 425 10 view .LVU134
 516 0008 1A4D     		ldr	r5, .L50+8
 517              	.LBB9:
 417:Drivers/STM32F4xx_HAL_Driver/Src/stm32f4xx_hal_pwr_ex.c ****   
ARM GAS  C:\Users\kaush\AppData\Local\Temp\ccsSLCU1.s 			page 18


 518              		.loc 1 417 3 view .LVU135
 519 000a 0022     		movs	r2, #0
 520 000c 0192     		str	r2, [sp, #4]
 417:Drivers/STM32F4xx_HAL_Driver/Src/stm32f4xx_hal_pwr_ex.c ****   
 521              		.loc 1 417 3 is_stmt 1 view .LVU136
 522 000e 1A6C     		ldr	r2, [r3, #64]
 523 0010 42F08052 		orr	r2, r2, #268435456
 524 0014 1A64     		str	r2, [r3, #64]
 417:Drivers/STM32F4xx_HAL_Driver/Src/stm32f4xx_hal_pwr_ex.c ****   
 525              		.loc 1 417 3 view .LVU137
 526 0016 1B6C     		ldr	r3, [r3, #64]
 527 0018 03F08053 		and	r3, r3, #268435456
 528 001c 0193     		str	r3, [sp, #4]
 417:Drivers/STM32F4xx_HAL_Driver/Src/stm32f4xx_hal_pwr_ex.c ****   
 529              		.loc 1 417 3 view .LVU138
 530              	.LBE9:
 420:Drivers/STM32F4xx_HAL_Driver/Src/stm32f4xx_hal_pwr_ex.c **** 
 531              		.loc 1 420 3 is_stmt 0 view .LVU139
 532 001e 0122     		movs	r2, #1
 533              	.LBB10:
 417:Drivers/STM32F4xx_HAL_Driver/Src/stm32f4xx_hal_pwr_ex.c ****   
 534              		.loc 1 417 3 view .LVU140
 535 0020 019B     		ldr	r3, [sp, #4]
 536              	.LBE10:
 417:Drivers/STM32F4xx_HAL_Driver/Src/stm32f4xx_hal_pwr_ex.c ****   
 537              		.loc 1 417 3 is_stmt 1 view .LVU141
 420:Drivers/STM32F4xx_HAL_Driver/Src/stm32f4xx_hal_pwr_ex.c **** 
 538              		.loc 1 420 3 view .LVU142
 539 0022 0A64     		str	r2, [r1, #64]
 423:Drivers/STM32F4xx_HAL_Driver/Src/stm32f4xx_hal_pwr_ex.c **** 
 540              		.loc 1 423 3 view .LVU143
 423:Drivers/STM32F4xx_HAL_Driver/Src/stm32f4xx_hal_pwr_ex.c **** 
 541              		.loc 1 423 15 is_stmt 0 view .LVU144
 542 0024 FFF7FEFF 		bl	HAL_GetTick
 543              	.LVL32:
 544 0028 0446     		mov	r4, r0
 545              	.LVL33:
 546              		.loc 1 425 3 is_stmt 1 view .LVU145
 547              		.loc 1 425 8 is_stmt 0 view .LVU146
 548 002a 05E0     		b	.L42
 549              	.LVL34:
 550              	.L44:
 426:Drivers/STM32F4xx_HAL_Driver/Src/stm32f4xx_hal_pwr_ex.c ****   {
 427:Drivers/STM32F4xx_HAL_Driver/Src/stm32f4xx_hal_pwr_ex.c ****     if((HAL_GetTick() - tickstart) > PWR_OVERDRIVE_TIMEOUT_VALUE)
 551              		.loc 1 427 9 view .LVU147
 552 002c FFF7FEFF 		bl	HAL_GetTick
 553              	.LVL35:
 554              		.loc 1 427 23 discriminator 1 view .LVU148
 555 0030 001B     		subs	r0, r0, r4
 556              		.loc 1 427 7 discriminator 1 view .LVU149
 557 0032 B0F57A7F 		cmp	r0, #1000
 558 0036 16D8     		bhi	.L46
 559              	.L42:
 560              		.loc 1 427 5 is_stmt 1 view .LVU150
 425:Drivers/STM32F4xx_HAL_Driver/Src/stm32f4xx_hal_pwr_ex.c ****   {
 561              		.loc 1 425 9 view .LVU151
 425:Drivers/STM32F4xx_HAL_Driver/Src/stm32f4xx_hal_pwr_ex.c ****   {
ARM GAS  C:\Users\kaush\AppData\Local\Temp\ccsSLCU1.s 			page 19


 562              		.loc 1 425 10 is_stmt 0 view .LVU152
 563 0038 6B68     		ldr	r3, [r5, #4]
 425:Drivers/STM32F4xx_HAL_Driver/Src/stm32f4xx_hal_pwr_ex.c ****   {
 564              		.loc 1 425 9 view .LVU153
 565 003a DA03     		lsls	r2, r3, #15
 566 003c F6D5     		bpl	.L44
 428:Drivers/STM32F4xx_HAL_Driver/Src/stm32f4xx_hal_pwr_ex.c ****     {
 429:Drivers/STM32F4xx_HAL_Driver/Src/stm32f4xx_hal_pwr_ex.c ****       return HAL_TIMEOUT;
 430:Drivers/STM32F4xx_HAL_Driver/Src/stm32f4xx_hal_pwr_ex.c ****     }
 431:Drivers/STM32F4xx_HAL_Driver/Src/stm32f4xx_hal_pwr_ex.c ****   }
 432:Drivers/STM32F4xx_HAL_Driver/Src/stm32f4xx_hal_pwr_ex.c ****   
 433:Drivers/STM32F4xx_HAL_Driver/Src/stm32f4xx_hal_pwr_ex.c ****   /* Enable the Over-drive switch */
 434:Drivers/STM32F4xx_HAL_Driver/Src/stm32f4xx_hal_pwr_ex.c ****   __HAL_PWR_OVERDRIVESWITCHING_ENABLE();
 567              		.loc 1 434 3 is_stmt 1 view .LVU154
 568 003e 0C4B     		ldr	r3, .L50+4
 435:Drivers/STM32F4xx_HAL_Driver/Src/stm32f4xx_hal_pwr_ex.c **** 
 436:Drivers/STM32F4xx_HAL_Driver/Src/stm32f4xx_hal_pwr_ex.c ****   /* Get tick */
 437:Drivers/STM32F4xx_HAL_Driver/Src/stm32f4xx_hal_pwr_ex.c ****   tickstart = HAL_GetTick();
 438:Drivers/STM32F4xx_HAL_Driver/Src/stm32f4xx_hal_pwr_ex.c **** 
 439:Drivers/STM32F4xx_HAL_Driver/Src/stm32f4xx_hal_pwr_ex.c ****   while(!__HAL_PWR_GET_FLAG(PWR_FLAG_ODSWRDY))
 569              		.loc 1 439 10 is_stmt 0 view .LVU155
 570 0040 0C4D     		ldr	r5, .L50+8
 434:Drivers/STM32F4xx_HAL_Driver/Src/stm32f4xx_hal_pwr_ex.c **** 
 571              		.loc 1 434 3 view .LVU156
 572 0042 0122     		movs	r2, #1
 573 0044 5A64     		str	r2, [r3, #68]
 437:Drivers/STM32F4xx_HAL_Driver/Src/stm32f4xx_hal_pwr_ex.c **** 
 574              		.loc 1 437 3 is_stmt 1 view .LVU157
 437:Drivers/STM32F4xx_HAL_Driver/Src/stm32f4xx_hal_pwr_ex.c **** 
 575              		.loc 1 437 15 is_stmt 0 view .LVU158
 576 0046 FFF7FEFF 		bl	HAL_GetTick
 577              	.LVL36:
 578 004a 0446     		mov	r4, r0
 579              	.LVL37:
 580              		.loc 1 439 3 is_stmt 1 view .LVU159
 581              		.loc 1 439 8 is_stmt 0 view .LVU160
 582 004c 05E0     		b	.L45
 583              	.LVL38:
 584              	.L47:
 440:Drivers/STM32F4xx_HAL_Driver/Src/stm32f4xx_hal_pwr_ex.c ****   {
 441:Drivers/STM32F4xx_HAL_Driver/Src/stm32f4xx_hal_pwr_ex.c ****     if((HAL_GetTick() - tickstart ) > PWR_OVERDRIVE_TIMEOUT_VALUE)
 585              		.loc 1 441 9 view .LVU161
 586 004e FFF7FEFF 		bl	HAL_GetTick
 587              	.LVL39:
 588              		.loc 1 441 23 discriminator 1 view .LVU162
 589 0052 001B     		subs	r0, r0, r4
 590              		.loc 1 441 7 discriminator 1 view .LVU163
 591 0054 B0F57A7F 		cmp	r0, #1000
 592 0058 05D8     		bhi	.L46
 593              	.L45:
 594              		.loc 1 441 5 is_stmt 1 view .LVU164
 439:Drivers/STM32F4xx_HAL_Driver/Src/stm32f4xx_hal_pwr_ex.c ****   {
 595              		.loc 1 439 9 view .LVU165
 439:Drivers/STM32F4xx_HAL_Driver/Src/stm32f4xx_hal_pwr_ex.c ****   {
 596              		.loc 1 439 10 is_stmt 0 view .LVU166
 597 005a 6B68     		ldr	r3, [r5, #4]
 439:Drivers/STM32F4xx_HAL_Driver/Src/stm32f4xx_hal_pwr_ex.c ****   {
ARM GAS  C:\Users\kaush\AppData\Local\Temp\ccsSLCU1.s 			page 20


 598              		.loc 1 439 9 view .LVU167
 599 005c 9B03     		lsls	r3, r3, #14
 600 005e F6D5     		bpl	.L47
 442:Drivers/STM32F4xx_HAL_Driver/Src/stm32f4xx_hal_pwr_ex.c ****     {
 443:Drivers/STM32F4xx_HAL_Driver/Src/stm32f4xx_hal_pwr_ex.c ****       return HAL_TIMEOUT;
 444:Drivers/STM32F4xx_HAL_Driver/Src/stm32f4xx_hal_pwr_ex.c ****     }
 445:Drivers/STM32F4xx_HAL_Driver/Src/stm32f4xx_hal_pwr_ex.c ****   } 
 446:Drivers/STM32F4xx_HAL_Driver/Src/stm32f4xx_hal_pwr_ex.c ****   return HAL_OK;
 601              		.loc 1 446 10 view .LVU168
 602 0060 0020     		movs	r0, #0
 447:Drivers/STM32F4xx_HAL_Driver/Src/stm32f4xx_hal_pwr_ex.c **** }
 603              		.loc 1 447 1 view .LVU169
 604 0062 03B0     		add	sp, sp, #12
 605              	.LCFI9:
 606              		.cfi_remember_state
 607              		.cfi_def_cfa_offset 12
 608              		@ sp needed
 609 0064 30BD     		pop	{r4, r5, pc}
 610              	.LVL40:
 611              	.L46:
 612              	.LCFI10:
 613              		.cfi_restore_state
 429:Drivers/STM32F4xx_HAL_Driver/Src/stm32f4xx_hal_pwr_ex.c ****     }
 614              		.loc 1 429 14 view .LVU170
 615 0066 0320     		movs	r0, #3
 616              		.loc 1 447 1 view .LVU171
 617 0068 03B0     		add	sp, sp, #12
 618              	.LCFI11:
 619              		.cfi_def_cfa_offset 12
 620              		@ sp needed
 621 006a 30BD     		pop	{r4, r5, pc}
 622              	.LVL41:
 623              	.L51:
 624              		.loc 1 447 1 view .LVU172
 625              		.align	2
 626              	.L50:
 627 006c 00380240 		.word	1073887232
 628 0070 00000E42 		.word	1108213760
 629 0074 00700040 		.word	1073770496
 630              		.cfi_endproc
 631              	.LFE140:
 633              		.section	.text.HAL_PWREx_DisableOverDrive,"ax",%progbits
 634              		.align	1
 635              		.p2align 2,,3
 636              		.global	HAL_PWREx_DisableOverDrive
 637              		.syntax unified
 638              		.thumb
 639              		.thumb_func
 641              	HAL_PWREx_DisableOverDrive:
 642              	.LFB141:
 448:Drivers/STM32F4xx_HAL_Driver/Src/stm32f4xx_hal_pwr_ex.c **** 
 449:Drivers/STM32F4xx_HAL_Driver/Src/stm32f4xx_hal_pwr_ex.c **** /**
 450:Drivers/STM32F4xx_HAL_Driver/Src/stm32f4xx_hal_pwr_ex.c ****   * @brief  Deactivates the Over-Drive mode.
 451:Drivers/STM32F4xx_HAL_Driver/Src/stm32f4xx_hal_pwr_ex.c ****   * @note   This function can be used only for STM32F42xx/STM32F43xx/STM32F446xx/STM32F469xx/STM32F
 452:Drivers/STM32F4xx_HAL_Driver/Src/stm32f4xx_hal_pwr_ex.c ****   *         This mode allows the CPU and the core logic to operate at a higher frequency
 453:Drivers/STM32F4xx_HAL_Driver/Src/stm32f4xx_hal_pwr_ex.c ****   *         than the normal mode for a given voltage scaling (scale 1, scale 2 or scale 3).    
 454:Drivers/STM32F4xx_HAL_Driver/Src/stm32f4xx_hal_pwr_ex.c ****   * @note   It is recommended to enter or exit Over-drive mode when the application is not running 
ARM GAS  C:\Users\kaush\AppData\Local\Temp\ccsSLCU1.s 			page 21


 455:Drivers/STM32F4xx_HAL_Driver/Src/stm32f4xx_hal_pwr_ex.c ****   *         critical tasks and when the system clock source is either HSI or HSE. 
 456:Drivers/STM32F4xx_HAL_Driver/Src/stm32f4xx_hal_pwr_ex.c ****   *         During the Over-drive switch activation, no peripheral clocks should be enabled.   
 457:Drivers/STM32F4xx_HAL_Driver/Src/stm32f4xx_hal_pwr_ex.c ****   *         The peripheral clocks must be enabled once the Over-drive mode is activated.
 458:Drivers/STM32F4xx_HAL_Driver/Src/stm32f4xx_hal_pwr_ex.c ****   * @retval HAL status
 459:Drivers/STM32F4xx_HAL_Driver/Src/stm32f4xx_hal_pwr_ex.c ****   */
 460:Drivers/STM32F4xx_HAL_Driver/Src/stm32f4xx_hal_pwr_ex.c **** HAL_StatusTypeDef HAL_PWREx_DisableOverDrive(void)
 461:Drivers/STM32F4xx_HAL_Driver/Src/stm32f4xx_hal_pwr_ex.c **** {
 643              		.loc 1 461 1 is_stmt 1 view -0
 644              		.cfi_startproc
 645              		@ args = 0, pretend = 0, frame = 8
 646              		@ frame_needed = 0, uses_anonymous_args = 0
 462:Drivers/STM32F4xx_HAL_Driver/Src/stm32f4xx_hal_pwr_ex.c ****   uint32_t tickstart = 0U;
 647              		.loc 1 462 3 view .LVU174
 648              	.LVL42:
 463:Drivers/STM32F4xx_HAL_Driver/Src/stm32f4xx_hal_pwr_ex.c ****   
 464:Drivers/STM32F4xx_HAL_Driver/Src/stm32f4xx_hal_pwr_ex.c ****   __HAL_RCC_PWR_CLK_ENABLE();
 649              		.loc 1 464 3 view .LVU175
 650              	.LBB11:
 651              		.loc 1 464 3 view .LVU176
 652              	.LBE11:
 461:Drivers/STM32F4xx_HAL_Driver/Src/stm32f4xx_hal_pwr_ex.c ****   uint32_t tickstart = 0U;
 653              		.loc 1 461 1 is_stmt 0 view .LVU177
 654 0000 30B5     		push	{r4, r5, lr}
 655              	.LCFI12:
 656              		.cfi_def_cfa_offset 12
 657              		.cfi_offset 4, -12
 658              		.cfi_offset 5, -8
 659              		.cfi_offset 14, -4
 660 0002 83B0     		sub	sp, sp, #12
 661              	.LCFI13:
 662              		.cfi_def_cfa_offset 24
 663              	.LBB12:
 664              		.loc 1 464 3 view .LVU178
 665 0004 194B     		ldr	r3, .L61
 666              	.LBE12:
 465:Drivers/STM32F4xx_HAL_Driver/Src/stm32f4xx_hal_pwr_ex.c ****     
 466:Drivers/STM32F4xx_HAL_Driver/Src/stm32f4xx_hal_pwr_ex.c ****   /* Disable the Over-drive switch */
 467:Drivers/STM32F4xx_HAL_Driver/Src/stm32f4xx_hal_pwr_ex.c ****   __HAL_PWR_OVERDRIVESWITCHING_DISABLE();
 667              		.loc 1 467 3 view .LVU179
 668 0006 1A48     		ldr	r0, .L61+4
 468:Drivers/STM32F4xx_HAL_Driver/Src/stm32f4xx_hal_pwr_ex.c ****   
 469:Drivers/STM32F4xx_HAL_Driver/Src/stm32f4xx_hal_pwr_ex.c ****   /* Get tick */
 470:Drivers/STM32F4xx_HAL_Driver/Src/stm32f4xx_hal_pwr_ex.c ****   tickstart = HAL_GetTick();
 471:Drivers/STM32F4xx_HAL_Driver/Src/stm32f4xx_hal_pwr_ex.c ****  
 472:Drivers/STM32F4xx_HAL_Driver/Src/stm32f4xx_hal_pwr_ex.c ****   while(__HAL_PWR_GET_FLAG(PWR_FLAG_ODSWRDY))
 669              		.loc 1 472 9 view .LVU180
 670 0008 1A4D     		ldr	r5, .L61+8
 671              	.LBB13:
 464:Drivers/STM32F4xx_HAL_Driver/Src/stm32f4xx_hal_pwr_ex.c ****     
 672              		.loc 1 464 3 view .LVU181
 673 000a 0021     		movs	r1, #0
 674 000c 0191     		str	r1, [sp, #4]
 464:Drivers/STM32F4xx_HAL_Driver/Src/stm32f4xx_hal_pwr_ex.c ****     
 675              		.loc 1 464 3 is_stmt 1 view .LVU182
 676 000e 1A6C     		ldr	r2, [r3, #64]
 677 0010 42F08052 		orr	r2, r2, #268435456
 678 0014 1A64     		str	r2, [r3, #64]
ARM GAS  C:\Users\kaush\AppData\Local\Temp\ccsSLCU1.s 			page 22


 464:Drivers/STM32F4xx_HAL_Driver/Src/stm32f4xx_hal_pwr_ex.c ****     
 679              		.loc 1 464 3 view .LVU183
 680 0016 1B6C     		ldr	r3, [r3, #64]
 681 0018 03F08053 		and	r3, r3, #268435456
 682 001c 0193     		str	r3, [sp, #4]
 464:Drivers/STM32F4xx_HAL_Driver/Src/stm32f4xx_hal_pwr_ex.c ****     
 683              		.loc 1 464 3 view .LVU184
 684 001e 019B     		ldr	r3, [sp, #4]
 685              	.LBE13:
 464:Drivers/STM32F4xx_HAL_Driver/Src/stm32f4xx_hal_pwr_ex.c ****     
 686              		.loc 1 464 3 view .LVU185
 467:Drivers/STM32F4xx_HAL_Driver/Src/stm32f4xx_hal_pwr_ex.c ****   
 687              		.loc 1 467 3 view .LVU186
 688 0020 4164     		str	r1, [r0, #68]
 470:Drivers/STM32F4xx_HAL_Driver/Src/stm32f4xx_hal_pwr_ex.c ****  
 689              		.loc 1 470 3 view .LVU187
 470:Drivers/STM32F4xx_HAL_Driver/Src/stm32f4xx_hal_pwr_ex.c ****  
 690              		.loc 1 470 15 is_stmt 0 view .LVU188
 691 0022 FFF7FEFF 		bl	HAL_GetTick
 692              	.LVL43:
 693 0026 0446     		mov	r4, r0
 694              	.LVL44:
 695              		.loc 1 472 3 is_stmt 1 view .LVU189
 696              		.loc 1 472 8 is_stmt 0 view .LVU190
 697 0028 05E0     		b	.L53
 698              	.LVL45:
 699              	.L55:
 473:Drivers/STM32F4xx_HAL_Driver/Src/stm32f4xx_hal_pwr_ex.c ****   {
 474:Drivers/STM32F4xx_HAL_Driver/Src/stm32f4xx_hal_pwr_ex.c ****     if((HAL_GetTick() - tickstart) > PWR_OVERDRIVE_TIMEOUT_VALUE)
 700              		.loc 1 474 9 view .LVU191
 701 002a FFF7FEFF 		bl	HAL_GetTick
 702              	.LVL46:
 703              		.loc 1 474 23 discriminator 1 view .LVU192
 704 002e 001B     		subs	r0, r0, r4
 705              		.loc 1 474 7 discriminator 1 view .LVU193
 706 0030 B0F57A7F 		cmp	r0, #1000
 707 0034 17D8     		bhi	.L57
 708              	.L53:
 709              		.loc 1 474 5 is_stmt 1 view .LVU194
 472:Drivers/STM32F4xx_HAL_Driver/Src/stm32f4xx_hal_pwr_ex.c ****   {
 710              		.loc 1 472 9 view .LVU195
 711 0036 6B68     		ldr	r3, [r5, #4]
 712 0038 13F40033 		ands	r3, r3, #131072
 713 003c F5D1     		bne	.L55
 475:Drivers/STM32F4xx_HAL_Driver/Src/stm32f4xx_hal_pwr_ex.c ****     {
 476:Drivers/STM32F4xx_HAL_Driver/Src/stm32f4xx_hal_pwr_ex.c ****       return HAL_TIMEOUT;
 477:Drivers/STM32F4xx_HAL_Driver/Src/stm32f4xx_hal_pwr_ex.c ****     }
 478:Drivers/STM32F4xx_HAL_Driver/Src/stm32f4xx_hal_pwr_ex.c ****   } 
 479:Drivers/STM32F4xx_HAL_Driver/Src/stm32f4xx_hal_pwr_ex.c ****   
 480:Drivers/STM32F4xx_HAL_Driver/Src/stm32f4xx_hal_pwr_ex.c ****   /* Disable the Over-drive */
 481:Drivers/STM32F4xx_HAL_Driver/Src/stm32f4xx_hal_pwr_ex.c ****   __HAL_PWR_OVERDRIVE_DISABLE();
 714              		.loc 1 481 3 view .LVU196
 715 003e 0C4A     		ldr	r2, .L61+4
 482:Drivers/STM32F4xx_HAL_Driver/Src/stm32f4xx_hal_pwr_ex.c **** 
 483:Drivers/STM32F4xx_HAL_Driver/Src/stm32f4xx_hal_pwr_ex.c ****   /* Get tick */
 484:Drivers/STM32F4xx_HAL_Driver/Src/stm32f4xx_hal_pwr_ex.c ****   tickstart = HAL_GetTick();
 485:Drivers/STM32F4xx_HAL_Driver/Src/stm32f4xx_hal_pwr_ex.c **** 
ARM GAS  C:\Users\kaush\AppData\Local\Temp\ccsSLCU1.s 			page 23


 486:Drivers/STM32F4xx_HAL_Driver/Src/stm32f4xx_hal_pwr_ex.c ****   while(__HAL_PWR_GET_FLAG(PWR_FLAG_ODRDY))
 716              		.loc 1 486 9 is_stmt 0 view .LVU197
 717 0040 0C4D     		ldr	r5, .L61+8
 481:Drivers/STM32F4xx_HAL_Driver/Src/stm32f4xx_hal_pwr_ex.c **** 
 718              		.loc 1 481 3 view .LVU198
 719 0042 1364     		str	r3, [r2, #64]
 484:Drivers/STM32F4xx_HAL_Driver/Src/stm32f4xx_hal_pwr_ex.c **** 
 720              		.loc 1 484 3 is_stmt 1 view .LVU199
 484:Drivers/STM32F4xx_HAL_Driver/Src/stm32f4xx_hal_pwr_ex.c **** 
 721              		.loc 1 484 15 is_stmt 0 view .LVU200
 722 0044 FFF7FEFF 		bl	HAL_GetTick
 723              	.LVL47:
 724 0048 0446     		mov	r4, r0
 725              	.LVL48:
 726              		.loc 1 486 3 is_stmt 1 view .LVU201
 727              		.loc 1 486 8 is_stmt 0 view .LVU202
 728 004a 05E0     		b	.L56
 729              	.LVL49:
 730              	.L58:
 487:Drivers/STM32F4xx_HAL_Driver/Src/stm32f4xx_hal_pwr_ex.c ****   {
 488:Drivers/STM32F4xx_HAL_Driver/Src/stm32f4xx_hal_pwr_ex.c ****     if((HAL_GetTick() - tickstart) > PWR_OVERDRIVE_TIMEOUT_VALUE)
 731              		.loc 1 488 9 view .LVU203
 732 004c FFF7FEFF 		bl	HAL_GetTick
 733              	.LVL50:
 734              		.loc 1 488 23 discriminator 1 view .LVU204
 735 0050 001B     		subs	r0, r0, r4
 736              		.loc 1 488 7 discriminator 1 view .LVU205
 737 0052 B0F57A7F 		cmp	r0, #1000
 738 0056 06D8     		bhi	.L57
 739              	.L56:
 740              		.loc 1 488 5 is_stmt 1 view .LVU206
 486:Drivers/STM32F4xx_HAL_Driver/Src/stm32f4xx_hal_pwr_ex.c ****   {
 741              		.loc 1 486 9 view .LVU207
 742 0058 6B68     		ldr	r3, [r5, #4]
 743 005a 13F48033 		ands	r3, r3, #65536
 744 005e F5D1     		bne	.L58
 489:Drivers/STM32F4xx_HAL_Driver/Src/stm32f4xx_hal_pwr_ex.c ****     {
 490:Drivers/STM32F4xx_HAL_Driver/Src/stm32f4xx_hal_pwr_ex.c ****       return HAL_TIMEOUT;
 491:Drivers/STM32F4xx_HAL_Driver/Src/stm32f4xx_hal_pwr_ex.c ****     }
 492:Drivers/STM32F4xx_HAL_Driver/Src/stm32f4xx_hal_pwr_ex.c ****   }
 493:Drivers/STM32F4xx_HAL_Driver/Src/stm32f4xx_hal_pwr_ex.c ****   
 494:Drivers/STM32F4xx_HAL_Driver/Src/stm32f4xx_hal_pwr_ex.c ****   return HAL_OK;
 745              		.loc 1 494 10 is_stmt 0 view .LVU208
 746 0060 1846     		mov	r0, r3
 495:Drivers/STM32F4xx_HAL_Driver/Src/stm32f4xx_hal_pwr_ex.c **** }
 747              		.loc 1 495 1 view .LVU209
 748 0062 03B0     		add	sp, sp, #12
 749              	.LCFI14:
 750              		.cfi_remember_state
 751              		.cfi_def_cfa_offset 12
 752              		@ sp needed
 753 0064 30BD     		pop	{r4, r5, pc}
 754              	.LVL51:
 755              	.L57:
 756              	.LCFI15:
 757              		.cfi_restore_state
 476:Drivers/STM32F4xx_HAL_Driver/Src/stm32f4xx_hal_pwr_ex.c ****     }
ARM GAS  C:\Users\kaush\AppData\Local\Temp\ccsSLCU1.s 			page 24


 758              		.loc 1 476 14 view .LVU210
 759 0066 0320     		movs	r0, #3
 760              		.loc 1 495 1 view .LVU211
 761 0068 03B0     		add	sp, sp, #12
 762              	.LCFI16:
 763              		.cfi_def_cfa_offset 12
 764              		@ sp needed
 765 006a 30BD     		pop	{r4, r5, pc}
 766              	.LVL52:
 767              	.L62:
 768              		.loc 1 495 1 view .LVU212
 769              		.align	2
 770              	.L61:
 771 006c 00380240 		.word	1073887232
 772 0070 00000E42 		.word	1108213760
 773 0074 00700040 		.word	1073770496
 774              		.cfi_endproc
 775              	.LFE141:
 777              		.section	.text.HAL_PWREx_EnterUnderDriveSTOPMode,"ax",%progbits
 778              		.align	1
 779              		.p2align 2,,3
 780              		.global	HAL_PWREx_EnterUnderDriveSTOPMode
 781              		.syntax unified
 782              		.thumb
 783              		.thumb_func
 785              	HAL_PWREx_EnterUnderDriveSTOPMode:
 786              	.LVL53:
 787              	.LFB142:
 496:Drivers/STM32F4xx_HAL_Driver/Src/stm32f4xx_hal_pwr_ex.c **** 
 497:Drivers/STM32F4xx_HAL_Driver/Src/stm32f4xx_hal_pwr_ex.c **** /**
 498:Drivers/STM32F4xx_HAL_Driver/Src/stm32f4xx_hal_pwr_ex.c ****   * @brief  Enters in Under-Drive STOP mode.
 499:Drivers/STM32F4xx_HAL_Driver/Src/stm32f4xx_hal_pwr_ex.c ****   *  
 500:Drivers/STM32F4xx_HAL_Driver/Src/stm32f4xx_hal_pwr_ex.c ****   * @note   This mode is only available for STM32F42xxx/STM32F43xxx/STM32F446xx/STM32F469xx/STM32F4
 501:Drivers/STM32F4xx_HAL_Driver/Src/stm32f4xx_hal_pwr_ex.c ****   * 
 502:Drivers/STM32F4xx_HAL_Driver/Src/stm32f4xx_hal_pwr_ex.c ****   * @note    This mode can be selected only when the Under-Drive is already active 
 503:Drivers/STM32F4xx_HAL_Driver/Src/stm32f4xx_hal_pwr_ex.c ****   *   
 504:Drivers/STM32F4xx_HAL_Driver/Src/stm32f4xx_hal_pwr_ex.c ****   * @note    This mode is enabled only with STOP low power mode.
 505:Drivers/STM32F4xx_HAL_Driver/Src/stm32f4xx_hal_pwr_ex.c ****   *          In this mode, the 1.2V domain is preserved in reduced leakage mode. This 
 506:Drivers/STM32F4xx_HAL_Driver/Src/stm32f4xx_hal_pwr_ex.c ****   *          mode is only available when the main regulator or the low power regulator 
 507:Drivers/STM32F4xx_HAL_Driver/Src/stm32f4xx_hal_pwr_ex.c ****   *          is in low voltage mode
 508:Drivers/STM32F4xx_HAL_Driver/Src/stm32f4xx_hal_pwr_ex.c ****   *        
 509:Drivers/STM32F4xx_HAL_Driver/Src/stm32f4xx_hal_pwr_ex.c ****   * @note   If the Under-drive mode was enabled, it is automatically disabled after 
 510:Drivers/STM32F4xx_HAL_Driver/Src/stm32f4xx_hal_pwr_ex.c ****   *         exiting Stop mode. 
 511:Drivers/STM32F4xx_HAL_Driver/Src/stm32f4xx_hal_pwr_ex.c ****   *         When the voltage regulator operates in Under-drive mode, an additional  
 512:Drivers/STM32F4xx_HAL_Driver/Src/stm32f4xx_hal_pwr_ex.c ****   *         startup delay is induced when waking up from Stop mode.
 513:Drivers/STM32F4xx_HAL_Driver/Src/stm32f4xx_hal_pwr_ex.c ****   *                    
 514:Drivers/STM32F4xx_HAL_Driver/Src/stm32f4xx_hal_pwr_ex.c ****   * @note   In Stop mode, all I/O pins keep the same state as in Run mode.
 515:Drivers/STM32F4xx_HAL_Driver/Src/stm32f4xx_hal_pwr_ex.c ****   *   
 516:Drivers/STM32F4xx_HAL_Driver/Src/stm32f4xx_hal_pwr_ex.c ****   * @note   When exiting Stop mode by issuing an interrupt or a wake-up event, 
 517:Drivers/STM32F4xx_HAL_Driver/Src/stm32f4xx_hal_pwr_ex.c ****   *         the HSI RC oscillator is selected as system clock.
 518:Drivers/STM32F4xx_HAL_Driver/Src/stm32f4xx_hal_pwr_ex.c ****   *           
 519:Drivers/STM32F4xx_HAL_Driver/Src/stm32f4xx_hal_pwr_ex.c ****   * @note   When the voltage regulator operates in low power mode, an additional 
 520:Drivers/STM32F4xx_HAL_Driver/Src/stm32f4xx_hal_pwr_ex.c ****   *         startup delay is incurred when waking up from Stop mode. 
 521:Drivers/STM32F4xx_HAL_Driver/Src/stm32f4xx_hal_pwr_ex.c ****   *         By keeping the internal regulator ON during Stop mode, the consumption 
 522:Drivers/STM32F4xx_HAL_Driver/Src/stm32f4xx_hal_pwr_ex.c ****   *         is higher although the startup time is reduced.
 523:Drivers/STM32F4xx_HAL_Driver/Src/stm32f4xx_hal_pwr_ex.c ****   *     
 524:Drivers/STM32F4xx_HAL_Driver/Src/stm32f4xx_hal_pwr_ex.c ****   * @param  Regulator specifies the regulator state in STOP mode.
ARM GAS  C:\Users\kaush\AppData\Local\Temp\ccsSLCU1.s 			page 25


 525:Drivers/STM32F4xx_HAL_Driver/Src/stm32f4xx_hal_pwr_ex.c ****   *          This parameter can be one of the following values:
 526:Drivers/STM32F4xx_HAL_Driver/Src/stm32f4xx_hal_pwr_ex.c ****   *            @arg PWR_MAINREGULATOR_UNDERDRIVE_ON:  Main Regulator in under-drive mode 
 527:Drivers/STM32F4xx_HAL_Driver/Src/stm32f4xx_hal_pwr_ex.c ****   *                 and Flash memory in power-down when the device is in Stop under-drive mode
 528:Drivers/STM32F4xx_HAL_Driver/Src/stm32f4xx_hal_pwr_ex.c ****   *            @arg PWR_LOWPOWERREGULATOR_UNDERDRIVE_ON:  Low Power Regulator in under-drive mode 
 529:Drivers/STM32F4xx_HAL_Driver/Src/stm32f4xx_hal_pwr_ex.c ****   *                and Flash memory in power-down when the device is in Stop under-drive mode
 530:Drivers/STM32F4xx_HAL_Driver/Src/stm32f4xx_hal_pwr_ex.c ****   * @param  STOPEntry specifies if STOP mode in entered with WFI or WFE instruction.
 531:Drivers/STM32F4xx_HAL_Driver/Src/stm32f4xx_hal_pwr_ex.c ****   *          This parameter can be one of the following values:
 532:Drivers/STM32F4xx_HAL_Driver/Src/stm32f4xx_hal_pwr_ex.c ****   *            @arg PWR_SLEEPENTRY_WFI: enter STOP mode with WFI instruction
 533:Drivers/STM32F4xx_HAL_Driver/Src/stm32f4xx_hal_pwr_ex.c ****   *            @arg PWR_SLEEPENTRY_WFE: enter STOP mode with WFE instruction
 534:Drivers/STM32F4xx_HAL_Driver/Src/stm32f4xx_hal_pwr_ex.c ****   * @retval None
 535:Drivers/STM32F4xx_HAL_Driver/Src/stm32f4xx_hal_pwr_ex.c ****   */
 536:Drivers/STM32F4xx_HAL_Driver/Src/stm32f4xx_hal_pwr_ex.c **** HAL_StatusTypeDef HAL_PWREx_EnterUnderDriveSTOPMode(uint32_t Regulator, uint8_t STOPEntry)
 537:Drivers/STM32F4xx_HAL_Driver/Src/stm32f4xx_hal_pwr_ex.c **** {
 788              		.loc 1 537 1 is_stmt 1 view -0
 789              		.cfi_startproc
 790              		@ args = 0, pretend = 0, frame = 8
 791              		@ frame_needed = 0, uses_anonymous_args = 0
 792              		@ link register save eliminated.
 538:Drivers/STM32F4xx_HAL_Driver/Src/stm32f4xx_hal_pwr_ex.c ****   uint32_t tmpreg1 = 0U;
 793              		.loc 1 538 3 view .LVU214
 539:Drivers/STM32F4xx_HAL_Driver/Src/stm32f4xx_hal_pwr_ex.c **** 
 540:Drivers/STM32F4xx_HAL_Driver/Src/stm32f4xx_hal_pwr_ex.c ****   /* Check the parameters */
 541:Drivers/STM32F4xx_HAL_Driver/Src/stm32f4xx_hal_pwr_ex.c ****   assert_param(IS_PWR_REGULATOR_UNDERDRIVE(Regulator));
 794              		.loc 1 541 3 view .LVU215
 542:Drivers/STM32F4xx_HAL_Driver/Src/stm32f4xx_hal_pwr_ex.c ****   assert_param(IS_PWR_STOP_ENTRY(STOPEntry));
 795              		.loc 1 542 3 view .LVU216
 543:Drivers/STM32F4xx_HAL_Driver/Src/stm32f4xx_hal_pwr_ex.c ****   
 544:Drivers/STM32F4xx_HAL_Driver/Src/stm32f4xx_hal_pwr_ex.c ****   /* Enable Power ctrl clock */
 545:Drivers/STM32F4xx_HAL_Driver/Src/stm32f4xx_hal_pwr_ex.c ****   __HAL_RCC_PWR_CLK_ENABLE();
 796              		.loc 1 545 3 view .LVU217
 797              	.LBB14:
 798              		.loc 1 545 3 view .LVU218
 799              	.LBE14:
 537:Drivers/STM32F4xx_HAL_Driver/Src/stm32f4xx_hal_pwr_ex.c ****   uint32_t tmpreg1 = 0U;
 800              		.loc 1 537 1 is_stmt 0 view .LVU219
 801 0000 10B4     		push	{r4}
 802              	.LCFI17:
 803              		.cfi_def_cfa_offset 4
 804              		.cfi_offset 4, -4
 805 0002 83B0     		sub	sp, sp, #12
 806              	.LCFI18:
 807              		.cfi_def_cfa_offset 16
 808              	.LBB15:
 809              		.loc 1 545 3 view .LVU220
 810 0004 174B     		ldr	r3, .L68
 811 0006 0022     		movs	r2, #0
 812 0008 0192     		str	r2, [sp, #4]
 813              		.loc 1 545 3 is_stmt 1 view .LVU221
 814 000a 1C6C     		ldr	r4, [r3, #64]
 815              	.LBE15:
 546:Drivers/STM32F4xx_HAL_Driver/Src/stm32f4xx_hal_pwr_ex.c ****   /* Enable the Under-drive Mode ---------------------------------------------*/
 547:Drivers/STM32F4xx_HAL_Driver/Src/stm32f4xx_hal_pwr_ex.c ****   /* Clear Under-drive flag */
 548:Drivers/STM32F4xx_HAL_Driver/Src/stm32f4xx_hal_pwr_ex.c ****   __HAL_PWR_CLEAR_ODRUDR_FLAG();
 816              		.loc 1 548 3 is_stmt 0 view .LVU222
 817 000c 164A     		ldr	r2, .L68+4
 818              	.LBB16:
 545:Drivers/STM32F4xx_HAL_Driver/Src/stm32f4xx_hal_pwr_ex.c ****   /* Enable the Under-drive Mode ---------------------------------------------*/
ARM GAS  C:\Users\kaush\AppData\Local\Temp\ccsSLCU1.s 			page 26


 819              		.loc 1 545 3 view .LVU223
 820 000e 44F08054 		orr	r4, r4, #268435456
 821 0012 1C64     		str	r4, [r3, #64]
 545:Drivers/STM32F4xx_HAL_Driver/Src/stm32f4xx_hal_pwr_ex.c ****   /* Enable the Under-drive Mode ---------------------------------------------*/
 822              		.loc 1 545 3 is_stmt 1 view .LVU224
 823 0014 1B6C     		ldr	r3, [r3, #64]
 824              	.LBE16:
 549:Drivers/STM32F4xx_HAL_Driver/Src/stm32f4xx_hal_pwr_ex.c ****   
 550:Drivers/STM32F4xx_HAL_Driver/Src/stm32f4xx_hal_pwr_ex.c ****   /* Enable the Under-drive */ 
 551:Drivers/STM32F4xx_HAL_Driver/Src/stm32f4xx_hal_pwr_ex.c ****   __HAL_PWR_UNDERDRIVE_ENABLE();
 552:Drivers/STM32F4xx_HAL_Driver/Src/stm32f4xx_hal_pwr_ex.c **** 
 553:Drivers/STM32F4xx_HAL_Driver/Src/stm32f4xx_hal_pwr_ex.c ****   /* Select the regulator state in STOP mode ---------------------------------*/
 554:Drivers/STM32F4xx_HAL_Driver/Src/stm32f4xx_hal_pwr_ex.c ****   tmpreg1 = PWR->CR;
 555:Drivers/STM32F4xx_HAL_Driver/Src/stm32f4xx_hal_pwr_ex.c ****   /* Clear PDDS, LPDS, MRLUDS and LPLUDS bits */
 556:Drivers/STM32F4xx_HAL_Driver/Src/stm32f4xx_hal_pwr_ex.c ****   tmpreg1 &= (uint32_t)~(PWR_CR_PDDS | PWR_CR_LPDS | PWR_CR_LPUDS | PWR_CR_MRUDS);
 557:Drivers/STM32F4xx_HAL_Driver/Src/stm32f4xx_hal_pwr_ex.c ****   
 558:Drivers/STM32F4xx_HAL_Driver/Src/stm32f4xx_hal_pwr_ex.c ****   /* Set LPDS, MRLUDS and LPLUDS bits according to PWR_Regulator value */
 559:Drivers/STM32F4xx_HAL_Driver/Src/stm32f4xx_hal_pwr_ex.c ****   tmpreg1 |= Regulator;
 560:Drivers/STM32F4xx_HAL_Driver/Src/stm32f4xx_hal_pwr_ex.c ****   
 561:Drivers/STM32F4xx_HAL_Driver/Src/stm32f4xx_hal_pwr_ex.c ****   /* Store the new value */
 562:Drivers/STM32F4xx_HAL_Driver/Src/stm32f4xx_hal_pwr_ex.c ****   PWR->CR = tmpreg1;
 563:Drivers/STM32F4xx_HAL_Driver/Src/stm32f4xx_hal_pwr_ex.c ****   
 564:Drivers/STM32F4xx_HAL_Driver/Src/stm32f4xx_hal_pwr_ex.c ****   /* Set SLEEPDEEP bit of Cortex System Control Register */
 565:Drivers/STM32F4xx_HAL_Driver/Src/stm32f4xx_hal_pwr_ex.c ****   SCB->SCR |= SCB_SCR_SLEEPDEEP_Msk;
 825              		.loc 1 565 6 is_stmt 0 view .LVU225
 826 0016 154C     		ldr	r4, .L68+8
 827              	.LBB17:
 545:Drivers/STM32F4xx_HAL_Driver/Src/stm32f4xx_hal_pwr_ex.c ****   /* Enable the Under-drive Mode ---------------------------------------------*/
 828              		.loc 1 545 3 view .LVU226
 829 0018 03F08053 		and	r3, r3, #268435456
 830 001c 0193     		str	r3, [sp, #4]
 545:Drivers/STM32F4xx_HAL_Driver/Src/stm32f4xx_hal_pwr_ex.c ****   /* Enable the Under-drive Mode ---------------------------------------------*/
 831              		.loc 1 545 3 is_stmt 1 view .LVU227
 832 001e 019B     		ldr	r3, [sp, #4]
 833              	.LBE17:
 545:Drivers/STM32F4xx_HAL_Driver/Src/stm32f4xx_hal_pwr_ex.c ****   /* Enable the Under-drive Mode ---------------------------------------------*/
 834              		.loc 1 545 3 view .LVU228
 548:Drivers/STM32F4xx_HAL_Driver/Src/stm32f4xx_hal_pwr_ex.c ****   
 835              		.loc 1 548 3 view .LVU229
 836 0020 5368     		ldr	r3, [r2, #4]
 837 0022 43F44023 		orr	r3, r3, #786432
 838 0026 5360     		str	r3, [r2, #4]
 551:Drivers/STM32F4xx_HAL_Driver/Src/stm32f4xx_hal_pwr_ex.c **** 
 839              		.loc 1 551 3 view .LVU230
 840 0028 1368     		ldr	r3, [r2]
 841 002a 43F44023 		orr	r3, r3, #786432
 842 002e 1360     		str	r3, [r2]
 554:Drivers/STM32F4xx_HAL_Driver/Src/stm32f4xx_hal_pwr_ex.c ****   /* Clear PDDS, LPDS, MRLUDS and LPLUDS bits */
 843              		.loc 1 554 3 view .LVU231
 554:Drivers/STM32F4xx_HAL_Driver/Src/stm32f4xx_hal_pwr_ex.c ****   /* Clear PDDS, LPDS, MRLUDS and LPLUDS bits */
 844              		.loc 1 554 11 is_stmt 0 view .LVU232
 845 0030 1368     		ldr	r3, [r2]
 846              	.LVL54:
 556:Drivers/STM32F4xx_HAL_Driver/Src/stm32f4xx_hal_pwr_ex.c ****   
 847              		.loc 1 556 3 is_stmt 1 view .LVU233
 556:Drivers/STM32F4xx_HAL_Driver/Src/stm32f4xx_hal_pwr_ex.c ****   
 848              		.loc 1 556 11 is_stmt 0 view .LVU234
ARM GAS  C:\Users\kaush\AppData\Local\Temp\ccsSLCU1.s 			page 27


 849 0032 23F44063 		bic	r3, r3, #3072
 850              	.LVL55:
 556:Drivers/STM32F4xx_HAL_Driver/Src/stm32f4xx_hal_pwr_ex.c ****   
 851              		.loc 1 556 11 view .LVU235
 852 0036 23F00303 		bic	r3, r3, #3
 853              	.LVL56:
 559:Drivers/STM32F4xx_HAL_Driver/Src/stm32f4xx_hal_pwr_ex.c ****   
 854              		.loc 1 559 3 is_stmt 1 view .LVU236
 559:Drivers/STM32F4xx_HAL_Driver/Src/stm32f4xx_hal_pwr_ex.c ****   
 855              		.loc 1 559 11 is_stmt 0 view .LVU237
 856 003a 0343     		orrs	r3, r3, r0
 857              	.LVL57:
 562:Drivers/STM32F4xx_HAL_Driver/Src/stm32f4xx_hal_pwr_ex.c ****   
 858              		.loc 1 562 3 is_stmt 1 view .LVU238
 562:Drivers/STM32F4xx_HAL_Driver/Src/stm32f4xx_hal_pwr_ex.c ****   
 859              		.loc 1 562 11 is_stmt 0 view .LVU239
 860 003c 1360     		str	r3, [r2]
 861              		.loc 1 565 3 is_stmt 1 view .LVU240
 862              		.loc 1 565 6 is_stmt 0 view .LVU241
 863 003e 2369     		ldr	r3, [r4, #16]
 864              	.LVL58:
 566:Drivers/STM32F4xx_HAL_Driver/Src/stm32f4xx_hal_pwr_ex.c ****   
 567:Drivers/STM32F4xx_HAL_Driver/Src/stm32f4xx_hal_pwr_ex.c ****   /* Select STOP mode entry --------------------------------------------------*/
 568:Drivers/STM32F4xx_HAL_Driver/Src/stm32f4xx_hal_pwr_ex.c ****   if(STOPEntry == PWR_SLEEPENTRY_WFI)
 865              		.loc 1 568 5 view .LVU242
 866 0040 0129     		cmp	r1, #1
 565:Drivers/STM32F4xx_HAL_Driver/Src/stm32f4xx_hal_pwr_ex.c ****   
 867              		.loc 1 565 12 view .LVU243
 868 0042 43F00403 		orr	r3, r3, #4
 869 0046 2361     		str	r3, [r4, #16]
 870              	.LVL59:
 871              		.loc 1 568 3 is_stmt 1 view .LVU244
 872              		.loc 1 568 5 is_stmt 0 view .LVU245
 873 0048 09D0     		beq	.L67
 569:Drivers/STM32F4xx_HAL_Driver/Src/stm32f4xx_hal_pwr_ex.c ****   {   
 570:Drivers/STM32F4xx_HAL_Driver/Src/stm32f4xx_hal_pwr_ex.c ****     /* Request Wait For Interrupt */
 571:Drivers/STM32F4xx_HAL_Driver/Src/stm32f4xx_hal_pwr_ex.c ****     __WFI();
 572:Drivers/STM32F4xx_HAL_Driver/Src/stm32f4xx_hal_pwr_ex.c ****   }
 573:Drivers/STM32F4xx_HAL_Driver/Src/stm32f4xx_hal_pwr_ex.c ****   else
 574:Drivers/STM32F4xx_HAL_Driver/Src/stm32f4xx_hal_pwr_ex.c ****   {
 575:Drivers/STM32F4xx_HAL_Driver/Src/stm32f4xx_hal_pwr_ex.c ****     /* Request Wait For Event */
 576:Drivers/STM32F4xx_HAL_Driver/Src/stm32f4xx_hal_pwr_ex.c ****     __WFE();
 874              		.loc 1 576 5 is_stmt 1 view .LVU246
 875              		.syntax unified
 876              	@ 576 "Drivers/STM32F4xx_HAL_Driver/Src/stm32f4xx_hal_pwr_ex.c" 1
 877 004a 20BF     		wfe
 878              	@ 0 "" 2
 879              		.thumb
 880              		.syntax unified
 881              	.L65:
 577:Drivers/STM32F4xx_HAL_Driver/Src/stm32f4xx_hal_pwr_ex.c ****   }
 578:Drivers/STM32F4xx_HAL_Driver/Src/stm32f4xx_hal_pwr_ex.c ****   /* Reset SLEEPDEEP bit of Cortex System Control Register */
 579:Drivers/STM32F4xx_HAL_Driver/Src/stm32f4xx_hal_pwr_ex.c ****   SCB->SCR &= (uint32_t)~((uint32_t)SCB_SCR_SLEEPDEEP_Msk);
 882              		.loc 1 579 3 view .LVU247
 883              		.loc 1 579 6 is_stmt 0 view .LVU248
 884 004c 074A     		ldr	r2, .L68+8
 885 004e 1369     		ldr	r3, [r2, #16]
ARM GAS  C:\Users\kaush\AppData\Local\Temp\ccsSLCU1.s 			page 28


 580:Drivers/STM32F4xx_HAL_Driver/Src/stm32f4xx_hal_pwr_ex.c **** 
 581:Drivers/STM32F4xx_HAL_Driver/Src/stm32f4xx_hal_pwr_ex.c ****   return HAL_OK;  
 582:Drivers/STM32F4xx_HAL_Driver/Src/stm32f4xx_hal_pwr_ex.c **** }
 886              		.loc 1 582 1 view .LVU249
 887 0050 0020     		movs	r0, #0
 888              	.LVL60:
 579:Drivers/STM32F4xx_HAL_Driver/Src/stm32f4xx_hal_pwr_ex.c **** 
 889              		.loc 1 579 12 view .LVU250
 890 0052 23F00403 		bic	r3, r3, #4
 891 0056 1361     		str	r3, [r2, #16]
 581:Drivers/STM32F4xx_HAL_Driver/Src/stm32f4xx_hal_pwr_ex.c **** }
 892              		.loc 1 581 3 is_stmt 1 view .LVU251
 893              		.loc 1 582 1 is_stmt 0 view .LVU252
 894 0058 03B0     		add	sp, sp, #12
 895              	.LCFI19:
 896              		.cfi_remember_state
 897              		.cfi_def_cfa_offset 4
 898              		@ sp needed
 899 005a 10BC     		pop	{r4}
 900              	.LCFI20:
 901              		.cfi_restore 4
 902              		.cfi_def_cfa_offset 0
 903 005c 7047     		bx	lr
 904              	.LVL61:
 905              	.L67:
 906              	.LCFI21:
 907              		.cfi_restore_state
 571:Drivers/STM32F4xx_HAL_Driver/Src/stm32f4xx_hal_pwr_ex.c ****   }
 908              		.loc 1 571 5 is_stmt 1 view .LVU253
 909              		.syntax unified
 910              	@ 571 "Drivers/STM32F4xx_HAL_Driver/Src/stm32f4xx_hal_pwr_ex.c" 1
 911 005e 30BF     		wfi
 912              	@ 0 "" 2
 913              		.thumb
 914              		.syntax unified
 915 0060 F4E7     		b	.L65
 916              	.L69:
 917 0062 00BF     		.align	2
 918              	.L68:
 919 0064 00380240 		.word	1073887232
 920 0068 00700040 		.word	1073770496
 921 006c 00ED00E0 		.word	-536810240
 922              		.cfi_endproc
 923              	.LFE142:
 925              		.text
 926              	.Letext0:
 927              		.file 2 "C:\\Users\\kaush\\STM32CubeIDE_1.19.0\\STM32CubeIDE\\plugins\\com.st.stm32cube.ide.mcu.ex
 928              		.file 3 "C:\\Users\\kaush\\STM32CubeIDE_1.19.0\\STM32CubeIDE\\plugins\\com.st.stm32cube.ide.mcu.ex
 929              		.file 4 "Drivers/CMSIS/Include/core_cm4.h"
 930              		.file 5 "Drivers/CMSIS/Device/ST/STM32F4xx/Include/stm32f446xx.h"
 931              		.file 6 "Drivers/CMSIS/Device/ST/STM32F4xx/Include/stm32f4xx.h"
 932              		.file 7 "Drivers/STM32F4xx_HAL_Driver/Inc/stm32f4xx_hal_def.h"
 933              		.file 8 "Drivers/STM32F4xx_HAL_Driver/Inc/stm32f4xx_hal.h"
ARM GAS  C:\Users\kaush\AppData\Local\Temp\ccsSLCU1.s 			page 29


DEFINED SYMBOLS
                            *ABS*:00000000 stm32f4xx_hal_pwr_ex.c
C:\Users\kaush\AppData\Local\Temp\ccsSLCU1.s:19     .text.HAL_PWREx_EnableBkUpReg:00000000 $t
C:\Users\kaush\AppData\Local\Temp\ccsSLCU1.s:26     .text.HAL_PWREx_EnableBkUpReg:00000000 HAL_PWREx_EnableBkUpReg
C:\Users\kaush\AppData\Local\Temp\ccsSLCU1.s:92     .text.HAL_PWREx_EnableBkUpReg:00000030 $d
C:\Users\kaush\AppData\Local\Temp\ccsSLCU1.s:98     .text.HAL_PWREx_DisableBkUpReg:00000000 $t
C:\Users\kaush\AppData\Local\Temp\ccsSLCU1.s:105    .text.HAL_PWREx_DisableBkUpReg:00000000 HAL_PWREx_DisableBkUpReg
C:\Users\kaush\AppData\Local\Temp\ccsSLCU1.s:171    .text.HAL_PWREx_DisableBkUpReg:00000030 $d
C:\Users\kaush\AppData\Local\Temp\ccsSLCU1.s:177    .text.HAL_PWREx_EnableFlashPowerDown:00000000 $t
C:\Users\kaush\AppData\Local\Temp\ccsSLCU1.s:184    .text.HAL_PWREx_EnableFlashPowerDown:00000000 HAL_PWREx_EnableFlashPowerDown
C:\Users\kaush\AppData\Local\Temp\ccsSLCU1.s:201    .text.HAL_PWREx_EnableFlashPowerDown:00000008 $d
C:\Users\kaush\AppData\Local\Temp\ccsSLCU1.s:206    .text.HAL_PWREx_DisableFlashPowerDown:00000000 $t
C:\Users\kaush\AppData\Local\Temp\ccsSLCU1.s:213    .text.HAL_PWREx_DisableFlashPowerDown:00000000 HAL_PWREx_DisableFlashPowerDown
C:\Users\kaush\AppData\Local\Temp\ccsSLCU1.s:230    .text.HAL_PWREx_DisableFlashPowerDown:00000008 $d
C:\Users\kaush\AppData\Local\Temp\ccsSLCU1.s:235    .text.HAL_PWREx_GetVoltageRange:00000000 $t
C:\Users\kaush\AppData\Local\Temp\ccsSLCU1.s:242    .text.HAL_PWREx_GetVoltageRange:00000000 HAL_PWREx_GetVoltageRange
C:\Users\kaush\AppData\Local\Temp\ccsSLCU1.s:259    .text.HAL_PWREx_GetVoltageRange:0000000c $d
C:\Users\kaush\AppData\Local\Temp\ccsSLCU1.s:264    .text.HAL_PWREx_ControlVoltageScaling:00000000 $t
C:\Users\kaush\AppData\Local\Temp\ccsSLCU1.s:271    .text.HAL_PWREx_ControlVoltageScaling:00000000 HAL_PWREx_ControlVoltageScaling
C:\Users\kaush\AppData\Local\Temp\ccsSLCU1.s:473    .text.HAL_PWREx_ControlVoltageScaling:000000ac $d
C:\Users\kaush\AppData\Local\Temp\ccsSLCU1.s:480    .text.HAL_PWREx_EnableOverDrive:00000000 $t
C:\Users\kaush\AppData\Local\Temp\ccsSLCU1.s:487    .text.HAL_PWREx_EnableOverDrive:00000000 HAL_PWREx_EnableOverDrive
C:\Users\kaush\AppData\Local\Temp\ccsSLCU1.s:627    .text.HAL_PWREx_EnableOverDrive:0000006c $d
C:\Users\kaush\AppData\Local\Temp\ccsSLCU1.s:634    .text.HAL_PWREx_DisableOverDrive:00000000 $t
C:\Users\kaush\AppData\Local\Temp\ccsSLCU1.s:641    .text.HAL_PWREx_DisableOverDrive:00000000 HAL_PWREx_DisableOverDrive
C:\Users\kaush\AppData\Local\Temp\ccsSLCU1.s:771    .text.HAL_PWREx_DisableOverDrive:0000006c $d
C:\Users\kaush\AppData\Local\Temp\ccsSLCU1.s:778    .text.HAL_PWREx_EnterUnderDriveSTOPMode:00000000 $t
C:\Users\kaush\AppData\Local\Temp\ccsSLCU1.s:785    .text.HAL_PWREx_EnterUnderDriveSTOPMode:00000000 HAL_PWREx_EnterUnderDriveSTOPMode
C:\Users\kaush\AppData\Local\Temp\ccsSLCU1.s:919    .text.HAL_PWREx_EnterUnderDriveSTOPMode:00000064 $d

UNDEFINED SYMBOLS
HAL_GetTick
