ARM GAS  C:\Users\kaush\AppData\Local\Temp\ccUtUKps.s 			page 1


   1              		.cpu cortex-m4
   2              		.arch armv7e-m
   3              		.fpu softvfp
   4              		.eabi_attribute 20, 1
   5              		.eabi_attribute 21, 1
   6              		.eabi_attribute 23, 3
   7              		.eabi_attribute 24, 1
   8              		.eabi_attribute 25, 1
   9              		.eabi_attribute 26, 1
  10              		.eabi_attribute 30, 2
  11              		.eabi_attribute 34, 1
  12              		.eabi_attribute 18, 4
  13              		.file	"stm32f4xx_hal_flash.c"
  14              		.text
  15              	.Ltext0:
  16              		.cfi_sections	.debug_frame
  17              		.file 1 "Drivers/STM32F4xx_HAL_Driver/Src/stm32f4xx_hal_flash.c"
  18              		.section	.text.FLASH_SetErrorCode,"ax",%progbits
  19              		.align	1
  20              		.p2align 2,,3
  21              		.syntax unified
  22              		.thumb
  23              		.thumb_func
  25              	FLASH_SetErrorCode:
  26              	.LFB150:
   1:Drivers/STM32F4xx_HAL_Driver/Src/stm32f4xx_hal_flash.c **** /**
   2:Drivers/STM32F4xx_HAL_Driver/Src/stm32f4xx_hal_flash.c ****   ******************************************************************************
   3:Drivers/STM32F4xx_HAL_Driver/Src/stm32f4xx_hal_flash.c ****   * @file    stm32f4xx_hal_flash.c
   4:Drivers/STM32F4xx_HAL_Driver/Src/stm32f4xx_hal_flash.c ****   * @author  MCD Application Team
   5:Drivers/STM32F4xx_HAL_Driver/Src/stm32f4xx_hal_flash.c ****   * @brief   FLASH HAL module driver.
   6:Drivers/STM32F4xx_HAL_Driver/Src/stm32f4xx_hal_flash.c ****   *          This file provides firmware functions to manage the following
   7:Drivers/STM32F4xx_HAL_Driver/Src/stm32f4xx_hal_flash.c ****   *          functionalities of the internal FLASH memory:
   8:Drivers/STM32F4xx_HAL_Driver/Src/stm32f4xx_hal_flash.c ****   *           + Program operations functions
   9:Drivers/STM32F4xx_HAL_Driver/Src/stm32f4xx_hal_flash.c ****   *           + Memory Control functions
  10:Drivers/STM32F4xx_HAL_Driver/Src/stm32f4xx_hal_flash.c ****   *           + Peripheral Errors functions
  11:Drivers/STM32F4xx_HAL_Driver/Src/stm32f4xx_hal_flash.c ****   *
  12:Drivers/STM32F4xx_HAL_Driver/Src/stm32f4xx_hal_flash.c ****   @verbatim
  13:Drivers/STM32F4xx_HAL_Driver/Src/stm32f4xx_hal_flash.c ****   ==============================================================================
  14:Drivers/STM32F4xx_HAL_Driver/Src/stm32f4xx_hal_flash.c ****                         ##### FLASH peripheral features #####
  15:Drivers/STM32F4xx_HAL_Driver/Src/stm32f4xx_hal_flash.c ****   ==============================================================================
  16:Drivers/STM32F4xx_HAL_Driver/Src/stm32f4xx_hal_flash.c **** 
  17:Drivers/STM32F4xx_HAL_Driver/Src/stm32f4xx_hal_flash.c ****   [..] The Flash memory interface manages CPU AHB I-Code and D-Code accesses
  18:Drivers/STM32F4xx_HAL_Driver/Src/stm32f4xx_hal_flash.c ****        to the Flash memory. It implements the erase and program Flash memory operations
  19:Drivers/STM32F4xx_HAL_Driver/Src/stm32f4xx_hal_flash.c ****        and the read and write protection mechanisms.
  20:Drivers/STM32F4xx_HAL_Driver/Src/stm32f4xx_hal_flash.c **** 
  21:Drivers/STM32F4xx_HAL_Driver/Src/stm32f4xx_hal_flash.c ****   [..] The Flash memory interface accelerates code execution with a system of instruction
  22:Drivers/STM32F4xx_HAL_Driver/Src/stm32f4xx_hal_flash.c ****        prefetch and cache lines.
  23:Drivers/STM32F4xx_HAL_Driver/Src/stm32f4xx_hal_flash.c **** 
  24:Drivers/STM32F4xx_HAL_Driver/Src/stm32f4xx_hal_flash.c ****   [..] The FLASH main features are:
  25:Drivers/STM32F4xx_HAL_Driver/Src/stm32f4xx_hal_flash.c ****       (+) Flash memory read operations
  26:Drivers/STM32F4xx_HAL_Driver/Src/stm32f4xx_hal_flash.c ****       (+) Flash memory program/erase operations
  27:Drivers/STM32F4xx_HAL_Driver/Src/stm32f4xx_hal_flash.c ****       (+) Read / write protections
  28:Drivers/STM32F4xx_HAL_Driver/Src/stm32f4xx_hal_flash.c ****       (+) Prefetch on I-Code
  29:Drivers/STM32F4xx_HAL_Driver/Src/stm32f4xx_hal_flash.c ****       (+) 64 cache lines of 128 bits on I-Code
  30:Drivers/STM32F4xx_HAL_Driver/Src/stm32f4xx_hal_flash.c ****       (+) 8 cache lines of 128 bits on D-Code
  31:Drivers/STM32F4xx_HAL_Driver/Src/stm32f4xx_hal_flash.c **** 
  32:Drivers/STM32F4xx_HAL_Driver/Src/stm32f4xx_hal_flash.c **** 
ARM GAS  C:\Users\kaush\AppData\Local\Temp\ccUtUKps.s 			page 2


  33:Drivers/STM32F4xx_HAL_Driver/Src/stm32f4xx_hal_flash.c ****                      ##### How to use this driver #####
  34:Drivers/STM32F4xx_HAL_Driver/Src/stm32f4xx_hal_flash.c ****   ==============================================================================
  35:Drivers/STM32F4xx_HAL_Driver/Src/stm32f4xx_hal_flash.c ****     [..]
  36:Drivers/STM32F4xx_HAL_Driver/Src/stm32f4xx_hal_flash.c ****       This driver provides functions and macros to configure and program the FLASH
  37:Drivers/STM32F4xx_HAL_Driver/Src/stm32f4xx_hal_flash.c ****       memory of all STM32F4xx devices.
  38:Drivers/STM32F4xx_HAL_Driver/Src/stm32f4xx_hal_flash.c **** 
  39:Drivers/STM32F4xx_HAL_Driver/Src/stm32f4xx_hal_flash.c ****       (#) FLASH Memory IO Programming functions:
  40:Drivers/STM32F4xx_HAL_Driver/Src/stm32f4xx_hal_flash.c ****            (++) Lock and Unlock the FLASH interface using HAL_FLASH_Unlock() and
  41:Drivers/STM32F4xx_HAL_Driver/Src/stm32f4xx_hal_flash.c ****                 HAL_FLASH_Lock() functions
  42:Drivers/STM32F4xx_HAL_Driver/Src/stm32f4xx_hal_flash.c ****            (++) Program functions: byte, half word, word and double word
  43:Drivers/STM32F4xx_HAL_Driver/Src/stm32f4xx_hal_flash.c ****            (++) There Two modes of programming :
  44:Drivers/STM32F4xx_HAL_Driver/Src/stm32f4xx_hal_flash.c ****             (+++) Polling mode using HAL_FLASH_Program() function
  45:Drivers/STM32F4xx_HAL_Driver/Src/stm32f4xx_hal_flash.c ****             (+++) Interrupt mode using HAL_FLASH_Program_IT() function
  46:Drivers/STM32F4xx_HAL_Driver/Src/stm32f4xx_hal_flash.c **** 
  47:Drivers/STM32F4xx_HAL_Driver/Src/stm32f4xx_hal_flash.c ****       (#) Interrupts and flags management functions :
  48:Drivers/STM32F4xx_HAL_Driver/Src/stm32f4xx_hal_flash.c ****            (++) Handle FLASH interrupts by calling HAL_FLASH_IRQHandler()
  49:Drivers/STM32F4xx_HAL_Driver/Src/stm32f4xx_hal_flash.c ****            (++) Wait for last FLASH operation according to its status
  50:Drivers/STM32F4xx_HAL_Driver/Src/stm32f4xx_hal_flash.c ****            (++) Get error flag status by calling HAL_SetErrorCode()
  51:Drivers/STM32F4xx_HAL_Driver/Src/stm32f4xx_hal_flash.c **** 
  52:Drivers/STM32F4xx_HAL_Driver/Src/stm32f4xx_hal_flash.c ****     [..]
  53:Drivers/STM32F4xx_HAL_Driver/Src/stm32f4xx_hal_flash.c ****       In addition to these functions, this driver includes a set of macros allowing
  54:Drivers/STM32F4xx_HAL_Driver/Src/stm32f4xx_hal_flash.c ****       to handle the following operations:
  55:Drivers/STM32F4xx_HAL_Driver/Src/stm32f4xx_hal_flash.c ****        (+) Set the latency
  56:Drivers/STM32F4xx_HAL_Driver/Src/stm32f4xx_hal_flash.c ****        (+) Enable/Disable the prefetch buffer
  57:Drivers/STM32F4xx_HAL_Driver/Src/stm32f4xx_hal_flash.c ****        (+) Enable/Disable the Instruction cache and the Data cache
  58:Drivers/STM32F4xx_HAL_Driver/Src/stm32f4xx_hal_flash.c ****        (+) Reset the Instruction cache and the Data cache
  59:Drivers/STM32F4xx_HAL_Driver/Src/stm32f4xx_hal_flash.c ****        (+) Enable/Disable the FLASH interrupts
  60:Drivers/STM32F4xx_HAL_Driver/Src/stm32f4xx_hal_flash.c ****        (+) Monitor the FLASH flags status
  61:Drivers/STM32F4xx_HAL_Driver/Src/stm32f4xx_hal_flash.c **** 
  62:Drivers/STM32F4xx_HAL_Driver/Src/stm32f4xx_hal_flash.c ****   @endverbatim
  63:Drivers/STM32F4xx_HAL_Driver/Src/stm32f4xx_hal_flash.c ****   ******************************************************************************
  64:Drivers/STM32F4xx_HAL_Driver/Src/stm32f4xx_hal_flash.c ****   * @attention
  65:Drivers/STM32F4xx_HAL_Driver/Src/stm32f4xx_hal_flash.c ****   *
  66:Drivers/STM32F4xx_HAL_Driver/Src/stm32f4xx_hal_flash.c ****   * Copyright (c) 2017 STMicroelectronics.
  67:Drivers/STM32F4xx_HAL_Driver/Src/stm32f4xx_hal_flash.c ****   * All rights reserved.
  68:Drivers/STM32F4xx_HAL_Driver/Src/stm32f4xx_hal_flash.c ****   *
  69:Drivers/STM32F4xx_HAL_Driver/Src/stm32f4xx_hal_flash.c ****   * This software is licensed under terms that can be found in the LICENSE file in
  70:Drivers/STM32F4xx_HAL_Driver/Src/stm32f4xx_hal_flash.c ****   * the root directory of this software component.
  71:Drivers/STM32F4xx_HAL_Driver/Src/stm32f4xx_hal_flash.c ****   * If no LICENSE file comes with this software, it is provided AS-IS.
  72:Drivers/STM32F4xx_HAL_Driver/Src/stm32f4xx_hal_flash.c ****   ******************************************************************************
  73:Drivers/STM32F4xx_HAL_Driver/Src/stm32f4xx_hal_flash.c ****   */
  74:Drivers/STM32F4xx_HAL_Driver/Src/stm32f4xx_hal_flash.c **** 
  75:Drivers/STM32F4xx_HAL_Driver/Src/stm32f4xx_hal_flash.c **** /* Includes ------------------------------------------------------------------*/
  76:Drivers/STM32F4xx_HAL_Driver/Src/stm32f4xx_hal_flash.c **** #include "stm32f4xx_hal.h"
  77:Drivers/STM32F4xx_HAL_Driver/Src/stm32f4xx_hal_flash.c **** 
  78:Drivers/STM32F4xx_HAL_Driver/Src/stm32f4xx_hal_flash.c **** /** @addtogroup STM32F4xx_HAL_Driver
  79:Drivers/STM32F4xx_HAL_Driver/Src/stm32f4xx_hal_flash.c ****   * @{
  80:Drivers/STM32F4xx_HAL_Driver/Src/stm32f4xx_hal_flash.c ****   */
  81:Drivers/STM32F4xx_HAL_Driver/Src/stm32f4xx_hal_flash.c **** 
  82:Drivers/STM32F4xx_HAL_Driver/Src/stm32f4xx_hal_flash.c **** /** @defgroup FLASH FLASH
  83:Drivers/STM32F4xx_HAL_Driver/Src/stm32f4xx_hal_flash.c ****   * @brief FLASH HAL module driver
  84:Drivers/STM32F4xx_HAL_Driver/Src/stm32f4xx_hal_flash.c ****   * @{
  85:Drivers/STM32F4xx_HAL_Driver/Src/stm32f4xx_hal_flash.c ****   */
  86:Drivers/STM32F4xx_HAL_Driver/Src/stm32f4xx_hal_flash.c **** 
  87:Drivers/STM32F4xx_HAL_Driver/Src/stm32f4xx_hal_flash.c **** #ifdef HAL_FLASH_MODULE_ENABLED
  88:Drivers/STM32F4xx_HAL_Driver/Src/stm32f4xx_hal_flash.c **** 
  89:Drivers/STM32F4xx_HAL_Driver/Src/stm32f4xx_hal_flash.c **** /* Private typedef -----------------------------------------------------------*/
ARM GAS  C:\Users\kaush\AppData\Local\Temp\ccUtUKps.s 			page 3


  90:Drivers/STM32F4xx_HAL_Driver/Src/stm32f4xx_hal_flash.c **** /* Private define ------------------------------------------------------------*/
  91:Drivers/STM32F4xx_HAL_Driver/Src/stm32f4xx_hal_flash.c **** /** @addtogroup FLASH_Private_Constants
  92:Drivers/STM32F4xx_HAL_Driver/Src/stm32f4xx_hal_flash.c ****   * @{
  93:Drivers/STM32F4xx_HAL_Driver/Src/stm32f4xx_hal_flash.c ****   */
  94:Drivers/STM32F4xx_HAL_Driver/Src/stm32f4xx_hal_flash.c **** #define FLASH_TIMEOUT_VALUE       50000U /* 50 s */
  95:Drivers/STM32F4xx_HAL_Driver/Src/stm32f4xx_hal_flash.c **** /**
  96:Drivers/STM32F4xx_HAL_Driver/Src/stm32f4xx_hal_flash.c ****   * @}
  97:Drivers/STM32F4xx_HAL_Driver/Src/stm32f4xx_hal_flash.c ****   */
  98:Drivers/STM32F4xx_HAL_Driver/Src/stm32f4xx_hal_flash.c **** /* Private macro -------------------------------------------------------------*/
  99:Drivers/STM32F4xx_HAL_Driver/Src/stm32f4xx_hal_flash.c **** /* Private variables ---------------------------------------------------------*/
 100:Drivers/STM32F4xx_HAL_Driver/Src/stm32f4xx_hal_flash.c **** /** @addtogroup FLASH_Private_Variables
 101:Drivers/STM32F4xx_HAL_Driver/Src/stm32f4xx_hal_flash.c ****   * @{
 102:Drivers/STM32F4xx_HAL_Driver/Src/stm32f4xx_hal_flash.c ****   */
 103:Drivers/STM32F4xx_HAL_Driver/Src/stm32f4xx_hal_flash.c **** /* Variable used for Erase sectors under interruption */
 104:Drivers/STM32F4xx_HAL_Driver/Src/stm32f4xx_hal_flash.c **** FLASH_ProcessTypeDef pFlash  = {.ProcedureOnGoing = FLASH_PROC_NONE,
 105:Drivers/STM32F4xx_HAL_Driver/Src/stm32f4xx_hal_flash.c ****                                 .NbSectorsToErase = 0U,
 106:Drivers/STM32F4xx_HAL_Driver/Src/stm32f4xx_hal_flash.c ****                                 .VoltageForErase= FLASH_VOLTAGE_RANGE_1,
 107:Drivers/STM32F4xx_HAL_Driver/Src/stm32f4xx_hal_flash.c ****                                 .Sector = 0U,
 108:Drivers/STM32F4xx_HAL_Driver/Src/stm32f4xx_hal_flash.c ****                                 .Bank = FLASH_BANK_1,
 109:Drivers/STM32F4xx_HAL_Driver/Src/stm32f4xx_hal_flash.c ****                                 .Address = 0U,
 110:Drivers/STM32F4xx_HAL_Driver/Src/stm32f4xx_hal_flash.c ****                                 .Lock = HAL_UNLOCKED,
 111:Drivers/STM32F4xx_HAL_Driver/Src/stm32f4xx_hal_flash.c ****                                 .ErrorCode = HAL_FLASH_ERROR_NONE};
 112:Drivers/STM32F4xx_HAL_Driver/Src/stm32f4xx_hal_flash.c **** /**
 113:Drivers/STM32F4xx_HAL_Driver/Src/stm32f4xx_hal_flash.c ****   * @}
 114:Drivers/STM32F4xx_HAL_Driver/Src/stm32f4xx_hal_flash.c ****   */
 115:Drivers/STM32F4xx_HAL_Driver/Src/stm32f4xx_hal_flash.c **** 
 116:Drivers/STM32F4xx_HAL_Driver/Src/stm32f4xx_hal_flash.c **** /* Private function prototypes -----------------------------------------------*/
 117:Drivers/STM32F4xx_HAL_Driver/Src/stm32f4xx_hal_flash.c **** /** @addtogroup FLASH_Private_Functions
 118:Drivers/STM32F4xx_HAL_Driver/Src/stm32f4xx_hal_flash.c ****   * @{
 119:Drivers/STM32F4xx_HAL_Driver/Src/stm32f4xx_hal_flash.c ****   */
 120:Drivers/STM32F4xx_HAL_Driver/Src/stm32f4xx_hal_flash.c **** /* Program operations */
 121:Drivers/STM32F4xx_HAL_Driver/Src/stm32f4xx_hal_flash.c **** static void   FLASH_Program_DoubleWord(uint32_t Address, uint64_t Data);
 122:Drivers/STM32F4xx_HAL_Driver/Src/stm32f4xx_hal_flash.c **** static void   FLASH_Program_Word(uint32_t Address, uint32_t Data);
 123:Drivers/STM32F4xx_HAL_Driver/Src/stm32f4xx_hal_flash.c **** static void   FLASH_Program_HalfWord(uint32_t Address, uint16_t Data);
 124:Drivers/STM32F4xx_HAL_Driver/Src/stm32f4xx_hal_flash.c **** static void   FLASH_Program_Byte(uint32_t Address, uint8_t Data);
 125:Drivers/STM32F4xx_HAL_Driver/Src/stm32f4xx_hal_flash.c **** static void   FLASH_SetErrorCode(void);
 126:Drivers/STM32F4xx_HAL_Driver/Src/stm32f4xx_hal_flash.c **** 
 127:Drivers/STM32F4xx_HAL_Driver/Src/stm32f4xx_hal_flash.c **** HAL_StatusTypeDef FLASH_WaitForLastOperation(uint32_t Timeout);
 128:Drivers/STM32F4xx_HAL_Driver/Src/stm32f4xx_hal_flash.c **** /**
 129:Drivers/STM32F4xx_HAL_Driver/Src/stm32f4xx_hal_flash.c ****   * @}
 130:Drivers/STM32F4xx_HAL_Driver/Src/stm32f4xx_hal_flash.c ****   */
 131:Drivers/STM32F4xx_HAL_Driver/Src/stm32f4xx_hal_flash.c **** 
 132:Drivers/STM32F4xx_HAL_Driver/Src/stm32f4xx_hal_flash.c **** /* Exported functions --------------------------------------------------------*/
 133:Drivers/STM32F4xx_HAL_Driver/Src/stm32f4xx_hal_flash.c **** /** @defgroup FLASH_Exported_Functions FLASH Exported Functions
 134:Drivers/STM32F4xx_HAL_Driver/Src/stm32f4xx_hal_flash.c ****   * @{
 135:Drivers/STM32F4xx_HAL_Driver/Src/stm32f4xx_hal_flash.c ****   */
 136:Drivers/STM32F4xx_HAL_Driver/Src/stm32f4xx_hal_flash.c **** 
 137:Drivers/STM32F4xx_HAL_Driver/Src/stm32f4xx_hal_flash.c **** /** @defgroup FLASH_Exported_Functions_Group1 Programming operation functions
 138:Drivers/STM32F4xx_HAL_Driver/Src/stm32f4xx_hal_flash.c ****   *  @brief   Programming operation functions
 139:Drivers/STM32F4xx_HAL_Driver/Src/stm32f4xx_hal_flash.c ****   *
 140:Drivers/STM32F4xx_HAL_Driver/Src/stm32f4xx_hal_flash.c **** @verbatim
 141:Drivers/STM32F4xx_HAL_Driver/Src/stm32f4xx_hal_flash.c ****  ===============================================================================
 142:Drivers/STM32F4xx_HAL_Driver/Src/stm32f4xx_hal_flash.c ****                   ##### Programming operation functions #####
 143:Drivers/STM32F4xx_HAL_Driver/Src/stm32f4xx_hal_flash.c ****  ===============================================================================
 144:Drivers/STM32F4xx_HAL_Driver/Src/stm32f4xx_hal_flash.c ****     [..]
 145:Drivers/STM32F4xx_HAL_Driver/Src/stm32f4xx_hal_flash.c ****     This subsection provides a set of functions allowing to manage the FLASH
 146:Drivers/STM32F4xx_HAL_Driver/Src/stm32f4xx_hal_flash.c ****     program operations.
ARM GAS  C:\Users\kaush\AppData\Local\Temp\ccUtUKps.s 			page 4


 147:Drivers/STM32F4xx_HAL_Driver/Src/stm32f4xx_hal_flash.c **** 
 148:Drivers/STM32F4xx_HAL_Driver/Src/stm32f4xx_hal_flash.c **** @endverbatim
 149:Drivers/STM32F4xx_HAL_Driver/Src/stm32f4xx_hal_flash.c ****   * @{
 150:Drivers/STM32F4xx_HAL_Driver/Src/stm32f4xx_hal_flash.c ****   */
 151:Drivers/STM32F4xx_HAL_Driver/Src/stm32f4xx_hal_flash.c **** 
 152:Drivers/STM32F4xx_HAL_Driver/Src/stm32f4xx_hal_flash.c **** /**
 153:Drivers/STM32F4xx_HAL_Driver/Src/stm32f4xx_hal_flash.c ****   * @brief  Program byte, halfword, word or double word at a specified address
 154:Drivers/STM32F4xx_HAL_Driver/Src/stm32f4xx_hal_flash.c ****   * @param  TypeProgram  Indicate the way to program at a specified address.
 155:Drivers/STM32F4xx_HAL_Driver/Src/stm32f4xx_hal_flash.c ****   *                           This parameter can be a value of @ref FLASH_Type_Program
 156:Drivers/STM32F4xx_HAL_Driver/Src/stm32f4xx_hal_flash.c ****   * @param  Address  specifies the address to be programmed.
 157:Drivers/STM32F4xx_HAL_Driver/Src/stm32f4xx_hal_flash.c ****   * @param  Data specifies the data to be programmed
 158:Drivers/STM32F4xx_HAL_Driver/Src/stm32f4xx_hal_flash.c ****   *
 159:Drivers/STM32F4xx_HAL_Driver/Src/stm32f4xx_hal_flash.c ****   * @retval HAL_StatusTypeDef HAL Status
 160:Drivers/STM32F4xx_HAL_Driver/Src/stm32f4xx_hal_flash.c ****   */
 161:Drivers/STM32F4xx_HAL_Driver/Src/stm32f4xx_hal_flash.c **** HAL_StatusTypeDef HAL_FLASH_Program(uint32_t TypeProgram, uint32_t Address, uint64_t Data)
 162:Drivers/STM32F4xx_HAL_Driver/Src/stm32f4xx_hal_flash.c **** {
 163:Drivers/STM32F4xx_HAL_Driver/Src/stm32f4xx_hal_flash.c ****   HAL_StatusTypeDef status;
 164:Drivers/STM32F4xx_HAL_Driver/Src/stm32f4xx_hal_flash.c **** 
 165:Drivers/STM32F4xx_HAL_Driver/Src/stm32f4xx_hal_flash.c ****   /* Process Locked */
 166:Drivers/STM32F4xx_HAL_Driver/Src/stm32f4xx_hal_flash.c ****   __HAL_LOCK(&pFlash);
 167:Drivers/STM32F4xx_HAL_Driver/Src/stm32f4xx_hal_flash.c **** 
 168:Drivers/STM32F4xx_HAL_Driver/Src/stm32f4xx_hal_flash.c ****   /* Check the parameters */
 169:Drivers/STM32F4xx_HAL_Driver/Src/stm32f4xx_hal_flash.c ****   assert_param(IS_FLASH_TYPEPROGRAM(TypeProgram));
 170:Drivers/STM32F4xx_HAL_Driver/Src/stm32f4xx_hal_flash.c **** 
 171:Drivers/STM32F4xx_HAL_Driver/Src/stm32f4xx_hal_flash.c ****   /* Wait for last operation to be completed */
 172:Drivers/STM32F4xx_HAL_Driver/Src/stm32f4xx_hal_flash.c ****   status = FLASH_WaitForLastOperation((uint32_t)FLASH_TIMEOUT_VALUE);
 173:Drivers/STM32F4xx_HAL_Driver/Src/stm32f4xx_hal_flash.c **** 
 174:Drivers/STM32F4xx_HAL_Driver/Src/stm32f4xx_hal_flash.c ****   if (status == HAL_OK)
 175:Drivers/STM32F4xx_HAL_Driver/Src/stm32f4xx_hal_flash.c ****   {
 176:Drivers/STM32F4xx_HAL_Driver/Src/stm32f4xx_hal_flash.c ****     if (TypeProgram == FLASH_TYPEPROGRAM_BYTE)
 177:Drivers/STM32F4xx_HAL_Driver/Src/stm32f4xx_hal_flash.c ****     {
 178:Drivers/STM32F4xx_HAL_Driver/Src/stm32f4xx_hal_flash.c ****       /*Program byte (8-bit) at a specified address.*/
 179:Drivers/STM32F4xx_HAL_Driver/Src/stm32f4xx_hal_flash.c ****       FLASH_Program_Byte(Address, (uint8_t) Data);
 180:Drivers/STM32F4xx_HAL_Driver/Src/stm32f4xx_hal_flash.c ****     }
 181:Drivers/STM32F4xx_HAL_Driver/Src/stm32f4xx_hal_flash.c ****     else if (TypeProgram == FLASH_TYPEPROGRAM_HALFWORD)
 182:Drivers/STM32F4xx_HAL_Driver/Src/stm32f4xx_hal_flash.c ****     {
 183:Drivers/STM32F4xx_HAL_Driver/Src/stm32f4xx_hal_flash.c ****       /*Program halfword (16-bit) at a specified address.*/
 184:Drivers/STM32F4xx_HAL_Driver/Src/stm32f4xx_hal_flash.c ****       FLASH_Program_HalfWord(Address, (uint16_t) Data);
 185:Drivers/STM32F4xx_HAL_Driver/Src/stm32f4xx_hal_flash.c ****     }
 186:Drivers/STM32F4xx_HAL_Driver/Src/stm32f4xx_hal_flash.c ****     else if (TypeProgram == FLASH_TYPEPROGRAM_WORD)
 187:Drivers/STM32F4xx_HAL_Driver/Src/stm32f4xx_hal_flash.c ****     {
 188:Drivers/STM32F4xx_HAL_Driver/Src/stm32f4xx_hal_flash.c ****       /*Program word (32-bit) at a specified address.*/
 189:Drivers/STM32F4xx_HAL_Driver/Src/stm32f4xx_hal_flash.c ****       FLASH_Program_Word(Address, (uint32_t) Data);
 190:Drivers/STM32F4xx_HAL_Driver/Src/stm32f4xx_hal_flash.c ****     }
 191:Drivers/STM32F4xx_HAL_Driver/Src/stm32f4xx_hal_flash.c ****     else
 192:Drivers/STM32F4xx_HAL_Driver/Src/stm32f4xx_hal_flash.c ****     {
 193:Drivers/STM32F4xx_HAL_Driver/Src/stm32f4xx_hal_flash.c ****       /*Program double word (64-bit) at a specified address.*/
 194:Drivers/STM32F4xx_HAL_Driver/Src/stm32f4xx_hal_flash.c ****       FLASH_Program_DoubleWord(Address, Data);
 195:Drivers/STM32F4xx_HAL_Driver/Src/stm32f4xx_hal_flash.c ****     }
 196:Drivers/STM32F4xx_HAL_Driver/Src/stm32f4xx_hal_flash.c **** 
 197:Drivers/STM32F4xx_HAL_Driver/Src/stm32f4xx_hal_flash.c ****     /* Wait for last operation to be completed */
 198:Drivers/STM32F4xx_HAL_Driver/Src/stm32f4xx_hal_flash.c ****     status = FLASH_WaitForLastOperation((uint32_t)FLASH_TIMEOUT_VALUE);
 199:Drivers/STM32F4xx_HAL_Driver/Src/stm32f4xx_hal_flash.c **** 
 200:Drivers/STM32F4xx_HAL_Driver/Src/stm32f4xx_hal_flash.c ****     /* If the program operation is completed, disable the PG Bit */
 201:Drivers/STM32F4xx_HAL_Driver/Src/stm32f4xx_hal_flash.c ****     FLASH->CR &= (~FLASH_CR_PG);
 202:Drivers/STM32F4xx_HAL_Driver/Src/stm32f4xx_hal_flash.c ****   }
 203:Drivers/STM32F4xx_HAL_Driver/Src/stm32f4xx_hal_flash.c **** 
ARM GAS  C:\Users\kaush\AppData\Local\Temp\ccUtUKps.s 			page 5


 204:Drivers/STM32F4xx_HAL_Driver/Src/stm32f4xx_hal_flash.c ****   /* Process Unlocked */
 205:Drivers/STM32F4xx_HAL_Driver/Src/stm32f4xx_hal_flash.c ****   __HAL_UNLOCK(&pFlash);
 206:Drivers/STM32F4xx_HAL_Driver/Src/stm32f4xx_hal_flash.c **** 
 207:Drivers/STM32F4xx_HAL_Driver/Src/stm32f4xx_hal_flash.c ****   return status;
 208:Drivers/STM32F4xx_HAL_Driver/Src/stm32f4xx_hal_flash.c **** }
 209:Drivers/STM32F4xx_HAL_Driver/Src/stm32f4xx_hal_flash.c **** 
 210:Drivers/STM32F4xx_HAL_Driver/Src/stm32f4xx_hal_flash.c **** /**
 211:Drivers/STM32F4xx_HAL_Driver/Src/stm32f4xx_hal_flash.c ****   * @brief   Program byte, halfword, word or double word at a specified address  with interrupt ena
 212:Drivers/STM32F4xx_HAL_Driver/Src/stm32f4xx_hal_flash.c ****   * @param  TypeProgram  Indicate the way to program at a specified address.
 213:Drivers/STM32F4xx_HAL_Driver/Src/stm32f4xx_hal_flash.c ****   *                           This parameter can be a value of @ref FLASH_Type_Program
 214:Drivers/STM32F4xx_HAL_Driver/Src/stm32f4xx_hal_flash.c ****   * @param  Address  specifies the address to be programmed.
 215:Drivers/STM32F4xx_HAL_Driver/Src/stm32f4xx_hal_flash.c ****   * @param  Data specifies the data to be programmed
 216:Drivers/STM32F4xx_HAL_Driver/Src/stm32f4xx_hal_flash.c ****   *
 217:Drivers/STM32F4xx_HAL_Driver/Src/stm32f4xx_hal_flash.c ****   * @retval HAL Status
 218:Drivers/STM32F4xx_HAL_Driver/Src/stm32f4xx_hal_flash.c ****   */
 219:Drivers/STM32F4xx_HAL_Driver/Src/stm32f4xx_hal_flash.c **** HAL_StatusTypeDef HAL_FLASH_Program_IT(uint32_t TypeProgram, uint32_t Address, uint64_t Data)
 220:Drivers/STM32F4xx_HAL_Driver/Src/stm32f4xx_hal_flash.c **** {
 221:Drivers/STM32F4xx_HAL_Driver/Src/stm32f4xx_hal_flash.c ****   HAL_StatusTypeDef status = HAL_OK;
 222:Drivers/STM32F4xx_HAL_Driver/Src/stm32f4xx_hal_flash.c **** 
 223:Drivers/STM32F4xx_HAL_Driver/Src/stm32f4xx_hal_flash.c ****   /* Check the parameters */
 224:Drivers/STM32F4xx_HAL_Driver/Src/stm32f4xx_hal_flash.c ****   assert_param(IS_FLASH_TYPEPROGRAM(TypeProgram));
 225:Drivers/STM32F4xx_HAL_Driver/Src/stm32f4xx_hal_flash.c **** 
 226:Drivers/STM32F4xx_HAL_Driver/Src/stm32f4xx_hal_flash.c ****   /* Enable End of FLASH Operation interrupt */
 227:Drivers/STM32F4xx_HAL_Driver/Src/stm32f4xx_hal_flash.c ****   __HAL_FLASH_ENABLE_IT(FLASH_IT_EOP);
 228:Drivers/STM32F4xx_HAL_Driver/Src/stm32f4xx_hal_flash.c **** 
 229:Drivers/STM32F4xx_HAL_Driver/Src/stm32f4xx_hal_flash.c ****   /* Enable Error source interrupt */
 230:Drivers/STM32F4xx_HAL_Driver/Src/stm32f4xx_hal_flash.c ****   __HAL_FLASH_ENABLE_IT(FLASH_IT_ERR);
 231:Drivers/STM32F4xx_HAL_Driver/Src/stm32f4xx_hal_flash.c **** 
 232:Drivers/STM32F4xx_HAL_Driver/Src/stm32f4xx_hal_flash.c ****   pFlash.ProcedureOnGoing = FLASH_PROC_PROGRAM;
 233:Drivers/STM32F4xx_HAL_Driver/Src/stm32f4xx_hal_flash.c ****   pFlash.Address = Address;
 234:Drivers/STM32F4xx_HAL_Driver/Src/stm32f4xx_hal_flash.c **** 
 235:Drivers/STM32F4xx_HAL_Driver/Src/stm32f4xx_hal_flash.c ****   if (TypeProgram == FLASH_TYPEPROGRAM_BYTE)
 236:Drivers/STM32F4xx_HAL_Driver/Src/stm32f4xx_hal_flash.c ****   {
 237:Drivers/STM32F4xx_HAL_Driver/Src/stm32f4xx_hal_flash.c ****     /*Program byte (8-bit) at a specified address.*/
 238:Drivers/STM32F4xx_HAL_Driver/Src/stm32f4xx_hal_flash.c ****     FLASH_Program_Byte(Address, (uint8_t) Data);
 239:Drivers/STM32F4xx_HAL_Driver/Src/stm32f4xx_hal_flash.c ****   }
 240:Drivers/STM32F4xx_HAL_Driver/Src/stm32f4xx_hal_flash.c ****   else if (TypeProgram == FLASH_TYPEPROGRAM_HALFWORD)
 241:Drivers/STM32F4xx_HAL_Driver/Src/stm32f4xx_hal_flash.c ****   {
 242:Drivers/STM32F4xx_HAL_Driver/Src/stm32f4xx_hal_flash.c ****     /*Program halfword (16-bit) at a specified address.*/
 243:Drivers/STM32F4xx_HAL_Driver/Src/stm32f4xx_hal_flash.c ****     FLASH_Program_HalfWord(Address, (uint16_t) Data);
 244:Drivers/STM32F4xx_HAL_Driver/Src/stm32f4xx_hal_flash.c ****   }
 245:Drivers/STM32F4xx_HAL_Driver/Src/stm32f4xx_hal_flash.c ****   else if (TypeProgram == FLASH_TYPEPROGRAM_WORD)
 246:Drivers/STM32F4xx_HAL_Driver/Src/stm32f4xx_hal_flash.c ****   {
 247:Drivers/STM32F4xx_HAL_Driver/Src/stm32f4xx_hal_flash.c ****     /*Program word (32-bit) at a specified address.*/
 248:Drivers/STM32F4xx_HAL_Driver/Src/stm32f4xx_hal_flash.c ****     FLASH_Program_Word(Address, (uint32_t) Data);
 249:Drivers/STM32F4xx_HAL_Driver/Src/stm32f4xx_hal_flash.c ****   }
 250:Drivers/STM32F4xx_HAL_Driver/Src/stm32f4xx_hal_flash.c ****   else
 251:Drivers/STM32F4xx_HAL_Driver/Src/stm32f4xx_hal_flash.c ****   {
 252:Drivers/STM32F4xx_HAL_Driver/Src/stm32f4xx_hal_flash.c ****     /*Program double word (64-bit) at a specified address.*/
 253:Drivers/STM32F4xx_HAL_Driver/Src/stm32f4xx_hal_flash.c ****     FLASH_Program_DoubleWord(Address, Data);
 254:Drivers/STM32F4xx_HAL_Driver/Src/stm32f4xx_hal_flash.c ****   }
 255:Drivers/STM32F4xx_HAL_Driver/Src/stm32f4xx_hal_flash.c **** 
 256:Drivers/STM32F4xx_HAL_Driver/Src/stm32f4xx_hal_flash.c ****   return status;
 257:Drivers/STM32F4xx_HAL_Driver/Src/stm32f4xx_hal_flash.c **** }
 258:Drivers/STM32F4xx_HAL_Driver/Src/stm32f4xx_hal_flash.c **** 
 259:Drivers/STM32F4xx_HAL_Driver/Src/stm32f4xx_hal_flash.c **** /**
 260:Drivers/STM32F4xx_HAL_Driver/Src/stm32f4xx_hal_flash.c ****   * @brief This function handles FLASH interrupt request.
ARM GAS  C:\Users\kaush\AppData\Local\Temp\ccUtUKps.s 			page 6


 261:Drivers/STM32F4xx_HAL_Driver/Src/stm32f4xx_hal_flash.c ****   * @retval None
 262:Drivers/STM32F4xx_HAL_Driver/Src/stm32f4xx_hal_flash.c ****   */
 263:Drivers/STM32F4xx_HAL_Driver/Src/stm32f4xx_hal_flash.c **** void HAL_FLASH_IRQHandler(void)
 264:Drivers/STM32F4xx_HAL_Driver/Src/stm32f4xx_hal_flash.c **** {
 265:Drivers/STM32F4xx_HAL_Driver/Src/stm32f4xx_hal_flash.c ****   uint32_t addresstmp = 0U;
 266:Drivers/STM32F4xx_HAL_Driver/Src/stm32f4xx_hal_flash.c **** 
 267:Drivers/STM32F4xx_HAL_Driver/Src/stm32f4xx_hal_flash.c ****   /* Check FLASH operation error flags */
 268:Drivers/STM32F4xx_HAL_Driver/Src/stm32f4xx_hal_flash.c **** #if defined(FLASH_SR_RDERR)
 269:Drivers/STM32F4xx_HAL_Driver/Src/stm32f4xx_hal_flash.c ****   if (__HAL_FLASH_GET_FLAG((FLASH_FLAG_OPERR | FLASH_FLAG_WRPERR | FLASH_FLAG_PGAERR | \
 270:Drivers/STM32F4xx_HAL_Driver/Src/stm32f4xx_hal_flash.c ****                             FLASH_FLAG_PGPERR | FLASH_FLAG_PGSERR | FLASH_FLAG_RDERR)) != RESET)
 271:Drivers/STM32F4xx_HAL_Driver/Src/stm32f4xx_hal_flash.c **** #else
 272:Drivers/STM32F4xx_HAL_Driver/Src/stm32f4xx_hal_flash.c ****   if (__HAL_FLASH_GET_FLAG((FLASH_FLAG_OPERR | FLASH_FLAG_WRPERR | FLASH_FLAG_PGAERR | \
 273:Drivers/STM32F4xx_HAL_Driver/Src/stm32f4xx_hal_flash.c ****                             FLASH_FLAG_PGPERR | FLASH_FLAG_PGSERR)) != RESET)
 274:Drivers/STM32F4xx_HAL_Driver/Src/stm32f4xx_hal_flash.c **** #endif /* FLASH_SR_RDERR */
 275:Drivers/STM32F4xx_HAL_Driver/Src/stm32f4xx_hal_flash.c ****   {
 276:Drivers/STM32F4xx_HAL_Driver/Src/stm32f4xx_hal_flash.c ****     if (pFlash.ProcedureOnGoing == FLASH_PROC_SECTERASE)
 277:Drivers/STM32F4xx_HAL_Driver/Src/stm32f4xx_hal_flash.c ****     {
 278:Drivers/STM32F4xx_HAL_Driver/Src/stm32f4xx_hal_flash.c ****       /*return the faulty sector*/
 279:Drivers/STM32F4xx_HAL_Driver/Src/stm32f4xx_hal_flash.c ****       addresstmp = pFlash.Sector;
 280:Drivers/STM32F4xx_HAL_Driver/Src/stm32f4xx_hal_flash.c ****       pFlash.Sector = 0xFFFFFFFFU;
 281:Drivers/STM32F4xx_HAL_Driver/Src/stm32f4xx_hal_flash.c ****     }
 282:Drivers/STM32F4xx_HAL_Driver/Src/stm32f4xx_hal_flash.c ****     else if (pFlash.ProcedureOnGoing == FLASH_PROC_MASSERASE)
 283:Drivers/STM32F4xx_HAL_Driver/Src/stm32f4xx_hal_flash.c ****     {
 284:Drivers/STM32F4xx_HAL_Driver/Src/stm32f4xx_hal_flash.c ****       /*return the faulty bank*/
 285:Drivers/STM32F4xx_HAL_Driver/Src/stm32f4xx_hal_flash.c ****       addresstmp = pFlash.Bank;
 286:Drivers/STM32F4xx_HAL_Driver/Src/stm32f4xx_hal_flash.c ****     }
 287:Drivers/STM32F4xx_HAL_Driver/Src/stm32f4xx_hal_flash.c ****     else
 288:Drivers/STM32F4xx_HAL_Driver/Src/stm32f4xx_hal_flash.c ****     {
 289:Drivers/STM32F4xx_HAL_Driver/Src/stm32f4xx_hal_flash.c ****       /*return the faulty address*/
 290:Drivers/STM32F4xx_HAL_Driver/Src/stm32f4xx_hal_flash.c ****       addresstmp = pFlash.Address;
 291:Drivers/STM32F4xx_HAL_Driver/Src/stm32f4xx_hal_flash.c ****     }
 292:Drivers/STM32F4xx_HAL_Driver/Src/stm32f4xx_hal_flash.c **** 
 293:Drivers/STM32F4xx_HAL_Driver/Src/stm32f4xx_hal_flash.c ****     /*Save the Error code*/
 294:Drivers/STM32F4xx_HAL_Driver/Src/stm32f4xx_hal_flash.c ****     FLASH_SetErrorCode();
 295:Drivers/STM32F4xx_HAL_Driver/Src/stm32f4xx_hal_flash.c **** 
 296:Drivers/STM32F4xx_HAL_Driver/Src/stm32f4xx_hal_flash.c ****     /* FLASH error interrupt user callback */
 297:Drivers/STM32F4xx_HAL_Driver/Src/stm32f4xx_hal_flash.c ****     HAL_FLASH_OperationErrorCallback(addresstmp);
 298:Drivers/STM32F4xx_HAL_Driver/Src/stm32f4xx_hal_flash.c **** 
 299:Drivers/STM32F4xx_HAL_Driver/Src/stm32f4xx_hal_flash.c ****     /*Stop the procedure ongoing*/
 300:Drivers/STM32F4xx_HAL_Driver/Src/stm32f4xx_hal_flash.c ****     pFlash.ProcedureOnGoing = FLASH_PROC_NONE;
 301:Drivers/STM32F4xx_HAL_Driver/Src/stm32f4xx_hal_flash.c ****   }
 302:Drivers/STM32F4xx_HAL_Driver/Src/stm32f4xx_hal_flash.c **** 
 303:Drivers/STM32F4xx_HAL_Driver/Src/stm32f4xx_hal_flash.c ****   /* Check FLASH End of Operation flag  */
 304:Drivers/STM32F4xx_HAL_Driver/Src/stm32f4xx_hal_flash.c ****   if (__HAL_FLASH_GET_FLAG(FLASH_FLAG_EOP) != RESET)
 305:Drivers/STM32F4xx_HAL_Driver/Src/stm32f4xx_hal_flash.c ****   {
 306:Drivers/STM32F4xx_HAL_Driver/Src/stm32f4xx_hal_flash.c ****     /* Clear FLASH End of Operation pending bit */
 307:Drivers/STM32F4xx_HAL_Driver/Src/stm32f4xx_hal_flash.c ****     __HAL_FLASH_CLEAR_FLAG(FLASH_FLAG_EOP);
 308:Drivers/STM32F4xx_HAL_Driver/Src/stm32f4xx_hal_flash.c **** 
 309:Drivers/STM32F4xx_HAL_Driver/Src/stm32f4xx_hal_flash.c ****     if (pFlash.ProcedureOnGoing == FLASH_PROC_SECTERASE)
 310:Drivers/STM32F4xx_HAL_Driver/Src/stm32f4xx_hal_flash.c ****     {
 311:Drivers/STM32F4xx_HAL_Driver/Src/stm32f4xx_hal_flash.c ****       /*Nb of sector to erased can be decreased*/
 312:Drivers/STM32F4xx_HAL_Driver/Src/stm32f4xx_hal_flash.c ****       pFlash.NbSectorsToErase--;
 313:Drivers/STM32F4xx_HAL_Driver/Src/stm32f4xx_hal_flash.c **** 
 314:Drivers/STM32F4xx_HAL_Driver/Src/stm32f4xx_hal_flash.c ****       /* Check if there are still sectors to erase*/
 315:Drivers/STM32F4xx_HAL_Driver/Src/stm32f4xx_hal_flash.c ****       if (pFlash.NbSectorsToErase != 0U)
 316:Drivers/STM32F4xx_HAL_Driver/Src/stm32f4xx_hal_flash.c ****       {
 317:Drivers/STM32F4xx_HAL_Driver/Src/stm32f4xx_hal_flash.c ****         addresstmp = pFlash.Sector;
ARM GAS  C:\Users\kaush\AppData\Local\Temp\ccUtUKps.s 			page 7


 318:Drivers/STM32F4xx_HAL_Driver/Src/stm32f4xx_hal_flash.c ****         /*Indicate user which sector has been erased*/
 319:Drivers/STM32F4xx_HAL_Driver/Src/stm32f4xx_hal_flash.c ****         HAL_FLASH_EndOfOperationCallback(addresstmp);
 320:Drivers/STM32F4xx_HAL_Driver/Src/stm32f4xx_hal_flash.c **** 
 321:Drivers/STM32F4xx_HAL_Driver/Src/stm32f4xx_hal_flash.c ****         /*Increment sector number*/
 322:Drivers/STM32F4xx_HAL_Driver/Src/stm32f4xx_hal_flash.c ****         pFlash.Sector++;
 323:Drivers/STM32F4xx_HAL_Driver/Src/stm32f4xx_hal_flash.c ****         addresstmp = pFlash.Sector;
 324:Drivers/STM32F4xx_HAL_Driver/Src/stm32f4xx_hal_flash.c ****         FLASH_Erase_Sector(addresstmp, pFlash.VoltageForErase);
 325:Drivers/STM32F4xx_HAL_Driver/Src/stm32f4xx_hal_flash.c ****       }
 326:Drivers/STM32F4xx_HAL_Driver/Src/stm32f4xx_hal_flash.c ****       else
 327:Drivers/STM32F4xx_HAL_Driver/Src/stm32f4xx_hal_flash.c ****       {
 328:Drivers/STM32F4xx_HAL_Driver/Src/stm32f4xx_hal_flash.c ****         /*No more sectors to Erase, user callback can be called.*/
 329:Drivers/STM32F4xx_HAL_Driver/Src/stm32f4xx_hal_flash.c ****         /*Reset Sector and stop Erase sectors procedure*/
 330:Drivers/STM32F4xx_HAL_Driver/Src/stm32f4xx_hal_flash.c ****         pFlash.Sector = addresstmp = 0xFFFFFFFFU;
 331:Drivers/STM32F4xx_HAL_Driver/Src/stm32f4xx_hal_flash.c ****         pFlash.ProcedureOnGoing = FLASH_PROC_NONE;
 332:Drivers/STM32F4xx_HAL_Driver/Src/stm32f4xx_hal_flash.c **** 
 333:Drivers/STM32F4xx_HAL_Driver/Src/stm32f4xx_hal_flash.c ****         /* Flush the caches to be sure of the data consistency */
 334:Drivers/STM32F4xx_HAL_Driver/Src/stm32f4xx_hal_flash.c ****         FLASH_FlushCaches();
 335:Drivers/STM32F4xx_HAL_Driver/Src/stm32f4xx_hal_flash.c **** 
 336:Drivers/STM32F4xx_HAL_Driver/Src/stm32f4xx_hal_flash.c ****         /* FLASH EOP interrupt user callback */
 337:Drivers/STM32F4xx_HAL_Driver/Src/stm32f4xx_hal_flash.c ****         HAL_FLASH_EndOfOperationCallback(addresstmp);
 338:Drivers/STM32F4xx_HAL_Driver/Src/stm32f4xx_hal_flash.c ****       }
 339:Drivers/STM32F4xx_HAL_Driver/Src/stm32f4xx_hal_flash.c ****     }
 340:Drivers/STM32F4xx_HAL_Driver/Src/stm32f4xx_hal_flash.c ****     else
 341:Drivers/STM32F4xx_HAL_Driver/Src/stm32f4xx_hal_flash.c ****     {
 342:Drivers/STM32F4xx_HAL_Driver/Src/stm32f4xx_hal_flash.c ****       if (pFlash.ProcedureOnGoing == FLASH_PROC_MASSERASE)
 343:Drivers/STM32F4xx_HAL_Driver/Src/stm32f4xx_hal_flash.c ****       {
 344:Drivers/STM32F4xx_HAL_Driver/Src/stm32f4xx_hal_flash.c ****         /* MassErase ended. Return the selected bank */
 345:Drivers/STM32F4xx_HAL_Driver/Src/stm32f4xx_hal_flash.c ****         /* Flush the caches to be sure of the data consistency */
 346:Drivers/STM32F4xx_HAL_Driver/Src/stm32f4xx_hal_flash.c ****         FLASH_FlushCaches();
 347:Drivers/STM32F4xx_HAL_Driver/Src/stm32f4xx_hal_flash.c **** 
 348:Drivers/STM32F4xx_HAL_Driver/Src/stm32f4xx_hal_flash.c ****         /* FLASH EOP interrupt user callback */
 349:Drivers/STM32F4xx_HAL_Driver/Src/stm32f4xx_hal_flash.c ****         HAL_FLASH_EndOfOperationCallback(pFlash.Bank);
 350:Drivers/STM32F4xx_HAL_Driver/Src/stm32f4xx_hal_flash.c ****       }
 351:Drivers/STM32F4xx_HAL_Driver/Src/stm32f4xx_hal_flash.c ****       else
 352:Drivers/STM32F4xx_HAL_Driver/Src/stm32f4xx_hal_flash.c ****       {
 353:Drivers/STM32F4xx_HAL_Driver/Src/stm32f4xx_hal_flash.c ****         /*Program ended. Return the selected address*/
 354:Drivers/STM32F4xx_HAL_Driver/Src/stm32f4xx_hal_flash.c ****         /* FLASH EOP interrupt user callback */
 355:Drivers/STM32F4xx_HAL_Driver/Src/stm32f4xx_hal_flash.c ****         HAL_FLASH_EndOfOperationCallback(pFlash.Address);
 356:Drivers/STM32F4xx_HAL_Driver/Src/stm32f4xx_hal_flash.c ****       }
 357:Drivers/STM32F4xx_HAL_Driver/Src/stm32f4xx_hal_flash.c ****       pFlash.ProcedureOnGoing = FLASH_PROC_NONE;
 358:Drivers/STM32F4xx_HAL_Driver/Src/stm32f4xx_hal_flash.c ****     }
 359:Drivers/STM32F4xx_HAL_Driver/Src/stm32f4xx_hal_flash.c ****   }
 360:Drivers/STM32F4xx_HAL_Driver/Src/stm32f4xx_hal_flash.c **** 
 361:Drivers/STM32F4xx_HAL_Driver/Src/stm32f4xx_hal_flash.c ****   if (pFlash.ProcedureOnGoing == FLASH_PROC_NONE)
 362:Drivers/STM32F4xx_HAL_Driver/Src/stm32f4xx_hal_flash.c ****   {
 363:Drivers/STM32F4xx_HAL_Driver/Src/stm32f4xx_hal_flash.c ****     /* Operation is completed, disable the PG, SER, SNB and MER Bits */
 364:Drivers/STM32F4xx_HAL_Driver/Src/stm32f4xx_hal_flash.c ****     CLEAR_BIT(FLASH->CR, (FLASH_CR_PG | FLASH_CR_SER | FLASH_CR_SNB | FLASH_MER_BIT));
 365:Drivers/STM32F4xx_HAL_Driver/Src/stm32f4xx_hal_flash.c **** 
 366:Drivers/STM32F4xx_HAL_Driver/Src/stm32f4xx_hal_flash.c ****     /* Disable End of FLASH Operation interrupt */
 367:Drivers/STM32F4xx_HAL_Driver/Src/stm32f4xx_hal_flash.c ****     __HAL_FLASH_DISABLE_IT(FLASH_IT_EOP);
 368:Drivers/STM32F4xx_HAL_Driver/Src/stm32f4xx_hal_flash.c **** 
 369:Drivers/STM32F4xx_HAL_Driver/Src/stm32f4xx_hal_flash.c ****     /* Disable Error source interrupt */
 370:Drivers/STM32F4xx_HAL_Driver/Src/stm32f4xx_hal_flash.c ****     __HAL_FLASH_DISABLE_IT(FLASH_IT_ERR);
 371:Drivers/STM32F4xx_HAL_Driver/Src/stm32f4xx_hal_flash.c ****   }
 372:Drivers/STM32F4xx_HAL_Driver/Src/stm32f4xx_hal_flash.c **** }
 373:Drivers/STM32F4xx_HAL_Driver/Src/stm32f4xx_hal_flash.c **** 
 374:Drivers/STM32F4xx_HAL_Driver/Src/stm32f4xx_hal_flash.c **** /**
ARM GAS  C:\Users\kaush\AppData\Local\Temp\ccUtUKps.s 			page 8


 375:Drivers/STM32F4xx_HAL_Driver/Src/stm32f4xx_hal_flash.c ****   * @brief  FLASH end of operation interrupt callback
 376:Drivers/STM32F4xx_HAL_Driver/Src/stm32f4xx_hal_flash.c ****   * @param  ReturnValue The value saved in this parameter depends on the ongoing procedure
 377:Drivers/STM32F4xx_HAL_Driver/Src/stm32f4xx_hal_flash.c ****   *                  Mass Erase: Bank number which has been requested to erase
 378:Drivers/STM32F4xx_HAL_Driver/Src/stm32f4xx_hal_flash.c ****   *                  Sectors Erase: Sector which has been erased
 379:Drivers/STM32F4xx_HAL_Driver/Src/stm32f4xx_hal_flash.c ****   *                    (if 0xFFFFFFFFU, it means that all the selected sectors have been erased)
 380:Drivers/STM32F4xx_HAL_Driver/Src/stm32f4xx_hal_flash.c ****   *                  Program: Address which was selected for data program
 381:Drivers/STM32F4xx_HAL_Driver/Src/stm32f4xx_hal_flash.c ****   * @retval None
 382:Drivers/STM32F4xx_HAL_Driver/Src/stm32f4xx_hal_flash.c ****   */
 383:Drivers/STM32F4xx_HAL_Driver/Src/stm32f4xx_hal_flash.c **** __weak void HAL_FLASH_EndOfOperationCallback(uint32_t ReturnValue)
 384:Drivers/STM32F4xx_HAL_Driver/Src/stm32f4xx_hal_flash.c **** {
 385:Drivers/STM32F4xx_HAL_Driver/Src/stm32f4xx_hal_flash.c ****   /* Prevent unused argument(s) compilation warning */
 386:Drivers/STM32F4xx_HAL_Driver/Src/stm32f4xx_hal_flash.c ****   UNUSED(ReturnValue);
 387:Drivers/STM32F4xx_HAL_Driver/Src/stm32f4xx_hal_flash.c ****   /* NOTE : This function Should not be modified, when the callback is needed,
 388:Drivers/STM32F4xx_HAL_Driver/Src/stm32f4xx_hal_flash.c ****             the HAL_FLASH_EndOfOperationCallback could be implemented in the user file
 389:Drivers/STM32F4xx_HAL_Driver/Src/stm32f4xx_hal_flash.c ****    */
 390:Drivers/STM32F4xx_HAL_Driver/Src/stm32f4xx_hal_flash.c **** }
 391:Drivers/STM32F4xx_HAL_Driver/Src/stm32f4xx_hal_flash.c **** 
 392:Drivers/STM32F4xx_HAL_Driver/Src/stm32f4xx_hal_flash.c **** /**
 393:Drivers/STM32F4xx_HAL_Driver/Src/stm32f4xx_hal_flash.c ****   * @brief  FLASH operation error interrupt callback
 394:Drivers/STM32F4xx_HAL_Driver/Src/stm32f4xx_hal_flash.c ****   * @param  ReturnValue The value saved in this parameter depends on the ongoing procedure
 395:Drivers/STM32F4xx_HAL_Driver/Src/stm32f4xx_hal_flash.c ****   *                 Mass Erase: Bank number which has been requested to erase
 396:Drivers/STM32F4xx_HAL_Driver/Src/stm32f4xx_hal_flash.c ****   *                 Sectors Erase: Sector number which returned an error
 397:Drivers/STM32F4xx_HAL_Driver/Src/stm32f4xx_hal_flash.c ****   *                 Program: Address which was selected for data program
 398:Drivers/STM32F4xx_HAL_Driver/Src/stm32f4xx_hal_flash.c ****   * @retval None
 399:Drivers/STM32F4xx_HAL_Driver/Src/stm32f4xx_hal_flash.c ****   */
 400:Drivers/STM32F4xx_HAL_Driver/Src/stm32f4xx_hal_flash.c **** __weak void HAL_FLASH_OperationErrorCallback(uint32_t ReturnValue)
 401:Drivers/STM32F4xx_HAL_Driver/Src/stm32f4xx_hal_flash.c **** {
 402:Drivers/STM32F4xx_HAL_Driver/Src/stm32f4xx_hal_flash.c ****   /* Prevent unused argument(s) compilation warning */
 403:Drivers/STM32F4xx_HAL_Driver/Src/stm32f4xx_hal_flash.c ****   UNUSED(ReturnValue);
 404:Drivers/STM32F4xx_HAL_Driver/Src/stm32f4xx_hal_flash.c ****   /* NOTE : This function Should not be modified, when the callback is needed,
 405:Drivers/STM32F4xx_HAL_Driver/Src/stm32f4xx_hal_flash.c ****             the HAL_FLASH_OperationErrorCallback could be implemented in the user file
 406:Drivers/STM32F4xx_HAL_Driver/Src/stm32f4xx_hal_flash.c ****    */
 407:Drivers/STM32F4xx_HAL_Driver/Src/stm32f4xx_hal_flash.c **** }
 408:Drivers/STM32F4xx_HAL_Driver/Src/stm32f4xx_hal_flash.c **** 
 409:Drivers/STM32F4xx_HAL_Driver/Src/stm32f4xx_hal_flash.c **** /**
 410:Drivers/STM32F4xx_HAL_Driver/Src/stm32f4xx_hal_flash.c ****   * @}
 411:Drivers/STM32F4xx_HAL_Driver/Src/stm32f4xx_hal_flash.c ****   */
 412:Drivers/STM32F4xx_HAL_Driver/Src/stm32f4xx_hal_flash.c **** 
 413:Drivers/STM32F4xx_HAL_Driver/Src/stm32f4xx_hal_flash.c **** /** @defgroup FLASH_Exported_Functions_Group2 Peripheral Control functions
 414:Drivers/STM32F4xx_HAL_Driver/Src/stm32f4xx_hal_flash.c ****   *  @brief   management functions
 415:Drivers/STM32F4xx_HAL_Driver/Src/stm32f4xx_hal_flash.c ****   *
 416:Drivers/STM32F4xx_HAL_Driver/Src/stm32f4xx_hal_flash.c **** @verbatim
 417:Drivers/STM32F4xx_HAL_Driver/Src/stm32f4xx_hal_flash.c ****  ===============================================================================
 418:Drivers/STM32F4xx_HAL_Driver/Src/stm32f4xx_hal_flash.c ****                       ##### Peripheral Control functions #####
 419:Drivers/STM32F4xx_HAL_Driver/Src/stm32f4xx_hal_flash.c ****  ===============================================================================
 420:Drivers/STM32F4xx_HAL_Driver/Src/stm32f4xx_hal_flash.c ****     [..]
 421:Drivers/STM32F4xx_HAL_Driver/Src/stm32f4xx_hal_flash.c ****     This subsection provides a set of functions allowing to control the FLASH
 422:Drivers/STM32F4xx_HAL_Driver/Src/stm32f4xx_hal_flash.c ****     memory operations.
 423:Drivers/STM32F4xx_HAL_Driver/Src/stm32f4xx_hal_flash.c **** 
 424:Drivers/STM32F4xx_HAL_Driver/Src/stm32f4xx_hal_flash.c **** @endverbatim
 425:Drivers/STM32F4xx_HAL_Driver/Src/stm32f4xx_hal_flash.c ****   * @{
 426:Drivers/STM32F4xx_HAL_Driver/Src/stm32f4xx_hal_flash.c ****   */
 427:Drivers/STM32F4xx_HAL_Driver/Src/stm32f4xx_hal_flash.c **** 
 428:Drivers/STM32F4xx_HAL_Driver/Src/stm32f4xx_hal_flash.c **** /**
 429:Drivers/STM32F4xx_HAL_Driver/Src/stm32f4xx_hal_flash.c ****   * @brief  Unlock the FLASH control register access
 430:Drivers/STM32F4xx_HAL_Driver/Src/stm32f4xx_hal_flash.c ****   * @retval HAL Status
 431:Drivers/STM32F4xx_HAL_Driver/Src/stm32f4xx_hal_flash.c ****   */
ARM GAS  C:\Users\kaush\AppData\Local\Temp\ccUtUKps.s 			page 9


 432:Drivers/STM32F4xx_HAL_Driver/Src/stm32f4xx_hal_flash.c **** HAL_StatusTypeDef HAL_FLASH_Unlock(void)
 433:Drivers/STM32F4xx_HAL_Driver/Src/stm32f4xx_hal_flash.c **** {
 434:Drivers/STM32F4xx_HAL_Driver/Src/stm32f4xx_hal_flash.c ****   HAL_StatusTypeDef status = HAL_OK;
 435:Drivers/STM32F4xx_HAL_Driver/Src/stm32f4xx_hal_flash.c **** 
 436:Drivers/STM32F4xx_HAL_Driver/Src/stm32f4xx_hal_flash.c ****   if (READ_BIT(FLASH->CR, FLASH_CR_LOCK) != RESET)
 437:Drivers/STM32F4xx_HAL_Driver/Src/stm32f4xx_hal_flash.c ****   {
 438:Drivers/STM32F4xx_HAL_Driver/Src/stm32f4xx_hal_flash.c ****     /* Authorize the FLASH Registers access */
 439:Drivers/STM32F4xx_HAL_Driver/Src/stm32f4xx_hal_flash.c ****     WRITE_REG(FLASH->KEYR, FLASH_KEY1);
 440:Drivers/STM32F4xx_HAL_Driver/Src/stm32f4xx_hal_flash.c ****     WRITE_REG(FLASH->KEYR, FLASH_KEY2);
 441:Drivers/STM32F4xx_HAL_Driver/Src/stm32f4xx_hal_flash.c **** 
 442:Drivers/STM32F4xx_HAL_Driver/Src/stm32f4xx_hal_flash.c ****     /* Verify Flash is unlocked */
 443:Drivers/STM32F4xx_HAL_Driver/Src/stm32f4xx_hal_flash.c ****     if (READ_BIT(FLASH->CR, FLASH_CR_LOCK) != RESET)
 444:Drivers/STM32F4xx_HAL_Driver/Src/stm32f4xx_hal_flash.c ****     {
 445:Drivers/STM32F4xx_HAL_Driver/Src/stm32f4xx_hal_flash.c ****       status = HAL_ERROR;
 446:Drivers/STM32F4xx_HAL_Driver/Src/stm32f4xx_hal_flash.c ****     }
 447:Drivers/STM32F4xx_HAL_Driver/Src/stm32f4xx_hal_flash.c ****   }
 448:Drivers/STM32F4xx_HAL_Driver/Src/stm32f4xx_hal_flash.c **** 
 449:Drivers/STM32F4xx_HAL_Driver/Src/stm32f4xx_hal_flash.c ****   return status;
 450:Drivers/STM32F4xx_HAL_Driver/Src/stm32f4xx_hal_flash.c **** }
 451:Drivers/STM32F4xx_HAL_Driver/Src/stm32f4xx_hal_flash.c **** 
 452:Drivers/STM32F4xx_HAL_Driver/Src/stm32f4xx_hal_flash.c **** /**
 453:Drivers/STM32F4xx_HAL_Driver/Src/stm32f4xx_hal_flash.c ****   * @brief  Locks the FLASH control register access
 454:Drivers/STM32F4xx_HAL_Driver/Src/stm32f4xx_hal_flash.c ****   * @retval HAL Status
 455:Drivers/STM32F4xx_HAL_Driver/Src/stm32f4xx_hal_flash.c ****   */
 456:Drivers/STM32F4xx_HAL_Driver/Src/stm32f4xx_hal_flash.c **** HAL_StatusTypeDef HAL_FLASH_Lock(void)
 457:Drivers/STM32F4xx_HAL_Driver/Src/stm32f4xx_hal_flash.c **** {
 458:Drivers/STM32F4xx_HAL_Driver/Src/stm32f4xx_hal_flash.c ****   /* Set the LOCK Bit to lock the FLASH Registers access */
 459:Drivers/STM32F4xx_HAL_Driver/Src/stm32f4xx_hal_flash.c ****   FLASH->CR |= FLASH_CR_LOCK;
 460:Drivers/STM32F4xx_HAL_Driver/Src/stm32f4xx_hal_flash.c **** 
 461:Drivers/STM32F4xx_HAL_Driver/Src/stm32f4xx_hal_flash.c ****   return HAL_OK;
 462:Drivers/STM32F4xx_HAL_Driver/Src/stm32f4xx_hal_flash.c **** }
 463:Drivers/STM32F4xx_HAL_Driver/Src/stm32f4xx_hal_flash.c **** 
 464:Drivers/STM32F4xx_HAL_Driver/Src/stm32f4xx_hal_flash.c **** /**
 465:Drivers/STM32F4xx_HAL_Driver/Src/stm32f4xx_hal_flash.c ****   * @brief  Unlock the FLASH Option Control Registers access.
 466:Drivers/STM32F4xx_HAL_Driver/Src/stm32f4xx_hal_flash.c ****   * @retval HAL Status
 467:Drivers/STM32F4xx_HAL_Driver/Src/stm32f4xx_hal_flash.c ****   */
 468:Drivers/STM32F4xx_HAL_Driver/Src/stm32f4xx_hal_flash.c **** HAL_StatusTypeDef HAL_FLASH_OB_Unlock(void)
 469:Drivers/STM32F4xx_HAL_Driver/Src/stm32f4xx_hal_flash.c **** {
 470:Drivers/STM32F4xx_HAL_Driver/Src/stm32f4xx_hal_flash.c ****   if ((FLASH->OPTCR & FLASH_OPTCR_OPTLOCK) != RESET)
 471:Drivers/STM32F4xx_HAL_Driver/Src/stm32f4xx_hal_flash.c ****   {
 472:Drivers/STM32F4xx_HAL_Driver/Src/stm32f4xx_hal_flash.c ****     /* Authorizes the Option Byte register programming */
 473:Drivers/STM32F4xx_HAL_Driver/Src/stm32f4xx_hal_flash.c ****     FLASH->OPTKEYR = FLASH_OPT_KEY1;
 474:Drivers/STM32F4xx_HAL_Driver/Src/stm32f4xx_hal_flash.c ****     FLASH->OPTKEYR = FLASH_OPT_KEY2;
 475:Drivers/STM32F4xx_HAL_Driver/Src/stm32f4xx_hal_flash.c ****   }
 476:Drivers/STM32F4xx_HAL_Driver/Src/stm32f4xx_hal_flash.c ****   else
 477:Drivers/STM32F4xx_HAL_Driver/Src/stm32f4xx_hal_flash.c ****   {
 478:Drivers/STM32F4xx_HAL_Driver/Src/stm32f4xx_hal_flash.c ****     return HAL_ERROR;
 479:Drivers/STM32F4xx_HAL_Driver/Src/stm32f4xx_hal_flash.c ****   }
 480:Drivers/STM32F4xx_HAL_Driver/Src/stm32f4xx_hal_flash.c **** 
 481:Drivers/STM32F4xx_HAL_Driver/Src/stm32f4xx_hal_flash.c ****   return HAL_OK;
 482:Drivers/STM32F4xx_HAL_Driver/Src/stm32f4xx_hal_flash.c **** }
 483:Drivers/STM32F4xx_HAL_Driver/Src/stm32f4xx_hal_flash.c **** 
 484:Drivers/STM32F4xx_HAL_Driver/Src/stm32f4xx_hal_flash.c **** /**
 485:Drivers/STM32F4xx_HAL_Driver/Src/stm32f4xx_hal_flash.c ****   * @brief  Lock the FLASH Option Control Registers access.
 486:Drivers/STM32F4xx_HAL_Driver/Src/stm32f4xx_hal_flash.c ****   * @retval HAL Status
 487:Drivers/STM32F4xx_HAL_Driver/Src/stm32f4xx_hal_flash.c ****   */
 488:Drivers/STM32F4xx_HAL_Driver/Src/stm32f4xx_hal_flash.c **** HAL_StatusTypeDef HAL_FLASH_OB_Lock(void)
ARM GAS  C:\Users\kaush\AppData\Local\Temp\ccUtUKps.s 			page 10


 489:Drivers/STM32F4xx_HAL_Driver/Src/stm32f4xx_hal_flash.c **** {
 490:Drivers/STM32F4xx_HAL_Driver/Src/stm32f4xx_hal_flash.c ****   /* Set the OPTLOCK Bit to lock the FLASH Option Byte Registers access */
 491:Drivers/STM32F4xx_HAL_Driver/Src/stm32f4xx_hal_flash.c ****   FLASH->OPTCR |= FLASH_OPTCR_OPTLOCK;
 492:Drivers/STM32F4xx_HAL_Driver/Src/stm32f4xx_hal_flash.c **** 
 493:Drivers/STM32F4xx_HAL_Driver/Src/stm32f4xx_hal_flash.c ****   return HAL_OK;
 494:Drivers/STM32F4xx_HAL_Driver/Src/stm32f4xx_hal_flash.c **** }
 495:Drivers/STM32F4xx_HAL_Driver/Src/stm32f4xx_hal_flash.c **** 
 496:Drivers/STM32F4xx_HAL_Driver/Src/stm32f4xx_hal_flash.c **** /**
 497:Drivers/STM32F4xx_HAL_Driver/Src/stm32f4xx_hal_flash.c ****   * @brief  Launch the option byte loading.
 498:Drivers/STM32F4xx_HAL_Driver/Src/stm32f4xx_hal_flash.c ****   * @retval HAL Status
 499:Drivers/STM32F4xx_HAL_Driver/Src/stm32f4xx_hal_flash.c ****   */
 500:Drivers/STM32F4xx_HAL_Driver/Src/stm32f4xx_hal_flash.c **** HAL_StatusTypeDef HAL_FLASH_OB_Launch(void)
 501:Drivers/STM32F4xx_HAL_Driver/Src/stm32f4xx_hal_flash.c **** {
 502:Drivers/STM32F4xx_HAL_Driver/Src/stm32f4xx_hal_flash.c ****   /* Set the OPTSTRT bit in OPTCR register */
 503:Drivers/STM32F4xx_HAL_Driver/Src/stm32f4xx_hal_flash.c ****   *(__IO uint8_t *)OPTCR_BYTE0_ADDRESS |= FLASH_OPTCR_OPTSTRT;
 504:Drivers/STM32F4xx_HAL_Driver/Src/stm32f4xx_hal_flash.c **** 
 505:Drivers/STM32F4xx_HAL_Driver/Src/stm32f4xx_hal_flash.c ****   /* Wait for last operation to be completed */
 506:Drivers/STM32F4xx_HAL_Driver/Src/stm32f4xx_hal_flash.c ****   return (FLASH_WaitForLastOperation((uint32_t)FLASH_TIMEOUT_VALUE));
 507:Drivers/STM32F4xx_HAL_Driver/Src/stm32f4xx_hal_flash.c **** }
 508:Drivers/STM32F4xx_HAL_Driver/Src/stm32f4xx_hal_flash.c **** 
 509:Drivers/STM32F4xx_HAL_Driver/Src/stm32f4xx_hal_flash.c **** /**
 510:Drivers/STM32F4xx_HAL_Driver/Src/stm32f4xx_hal_flash.c ****   * @}
 511:Drivers/STM32F4xx_HAL_Driver/Src/stm32f4xx_hal_flash.c ****   */
 512:Drivers/STM32F4xx_HAL_Driver/Src/stm32f4xx_hal_flash.c **** 
 513:Drivers/STM32F4xx_HAL_Driver/Src/stm32f4xx_hal_flash.c **** /** @defgroup FLASH_Exported_Functions_Group3 Peripheral State and Errors functions
 514:Drivers/STM32F4xx_HAL_Driver/Src/stm32f4xx_hal_flash.c ****   *  @brief   Peripheral Errors functions
 515:Drivers/STM32F4xx_HAL_Driver/Src/stm32f4xx_hal_flash.c ****   *
 516:Drivers/STM32F4xx_HAL_Driver/Src/stm32f4xx_hal_flash.c **** @verbatim
 517:Drivers/STM32F4xx_HAL_Driver/Src/stm32f4xx_hal_flash.c ****  ===============================================================================
 518:Drivers/STM32F4xx_HAL_Driver/Src/stm32f4xx_hal_flash.c ****                 ##### Peripheral Errors functions #####
 519:Drivers/STM32F4xx_HAL_Driver/Src/stm32f4xx_hal_flash.c ****  ===============================================================================
 520:Drivers/STM32F4xx_HAL_Driver/Src/stm32f4xx_hal_flash.c ****     [..]
 521:Drivers/STM32F4xx_HAL_Driver/Src/stm32f4xx_hal_flash.c ****     This subsection permits to get in run-time Errors of the FLASH peripheral.
 522:Drivers/STM32F4xx_HAL_Driver/Src/stm32f4xx_hal_flash.c **** 
 523:Drivers/STM32F4xx_HAL_Driver/Src/stm32f4xx_hal_flash.c **** @endverbatim
 524:Drivers/STM32F4xx_HAL_Driver/Src/stm32f4xx_hal_flash.c ****   * @{
 525:Drivers/STM32F4xx_HAL_Driver/Src/stm32f4xx_hal_flash.c ****   */
 526:Drivers/STM32F4xx_HAL_Driver/Src/stm32f4xx_hal_flash.c **** 
 527:Drivers/STM32F4xx_HAL_Driver/Src/stm32f4xx_hal_flash.c **** /**
 528:Drivers/STM32F4xx_HAL_Driver/Src/stm32f4xx_hal_flash.c ****   * @brief  Get the specific FLASH error flag.
 529:Drivers/STM32F4xx_HAL_Driver/Src/stm32f4xx_hal_flash.c ****   * @retval FLASH_ErrorCode: The returned value can be a combination of:
 530:Drivers/STM32F4xx_HAL_Driver/Src/stm32f4xx_hal_flash.c ****   *            @arg HAL_FLASH_ERROR_RD: FLASH Read Protection error flag (PCROP)
 531:Drivers/STM32F4xx_HAL_Driver/Src/stm32f4xx_hal_flash.c ****   *            @arg HAL_FLASH_ERROR_PGS: FLASH Programming Sequence error flag
 532:Drivers/STM32F4xx_HAL_Driver/Src/stm32f4xx_hal_flash.c ****   *            @arg HAL_FLASH_ERROR_PGP: FLASH Programming Parallelism error flag
 533:Drivers/STM32F4xx_HAL_Driver/Src/stm32f4xx_hal_flash.c ****   *            @arg HAL_FLASH_ERROR_PGA: FLASH Programming Alignment error flag
 534:Drivers/STM32F4xx_HAL_Driver/Src/stm32f4xx_hal_flash.c ****   *            @arg HAL_FLASH_ERROR_WRP: FLASH Write protected error flag
 535:Drivers/STM32F4xx_HAL_Driver/Src/stm32f4xx_hal_flash.c ****   *            @arg HAL_FLASH_ERROR_OPERATION: FLASH operation Error flag
 536:Drivers/STM32F4xx_HAL_Driver/Src/stm32f4xx_hal_flash.c ****   */
 537:Drivers/STM32F4xx_HAL_Driver/Src/stm32f4xx_hal_flash.c **** uint32_t HAL_FLASH_GetError(void)
 538:Drivers/STM32F4xx_HAL_Driver/Src/stm32f4xx_hal_flash.c **** {
 539:Drivers/STM32F4xx_HAL_Driver/Src/stm32f4xx_hal_flash.c ****   return pFlash.ErrorCode;
 540:Drivers/STM32F4xx_HAL_Driver/Src/stm32f4xx_hal_flash.c **** }
 541:Drivers/STM32F4xx_HAL_Driver/Src/stm32f4xx_hal_flash.c **** 
 542:Drivers/STM32F4xx_HAL_Driver/Src/stm32f4xx_hal_flash.c **** /**
 543:Drivers/STM32F4xx_HAL_Driver/Src/stm32f4xx_hal_flash.c ****   * @}
 544:Drivers/STM32F4xx_HAL_Driver/Src/stm32f4xx_hal_flash.c ****   */
 545:Drivers/STM32F4xx_HAL_Driver/Src/stm32f4xx_hal_flash.c **** 
ARM GAS  C:\Users\kaush\AppData\Local\Temp\ccUtUKps.s 			page 11


 546:Drivers/STM32F4xx_HAL_Driver/Src/stm32f4xx_hal_flash.c **** /**
 547:Drivers/STM32F4xx_HAL_Driver/Src/stm32f4xx_hal_flash.c ****   * @brief  Wait for a FLASH operation to complete.
 548:Drivers/STM32F4xx_HAL_Driver/Src/stm32f4xx_hal_flash.c ****   * @param  Timeout maximum flash operationtimeout
 549:Drivers/STM32F4xx_HAL_Driver/Src/stm32f4xx_hal_flash.c ****   * @retval HAL Status
 550:Drivers/STM32F4xx_HAL_Driver/Src/stm32f4xx_hal_flash.c ****   */
 551:Drivers/STM32F4xx_HAL_Driver/Src/stm32f4xx_hal_flash.c **** HAL_StatusTypeDef FLASH_WaitForLastOperation(uint32_t Timeout)
 552:Drivers/STM32F4xx_HAL_Driver/Src/stm32f4xx_hal_flash.c **** {
 553:Drivers/STM32F4xx_HAL_Driver/Src/stm32f4xx_hal_flash.c ****   uint32_t tickstart = 0U;
 554:Drivers/STM32F4xx_HAL_Driver/Src/stm32f4xx_hal_flash.c **** 
 555:Drivers/STM32F4xx_HAL_Driver/Src/stm32f4xx_hal_flash.c ****   /* Clear Error Code */
 556:Drivers/STM32F4xx_HAL_Driver/Src/stm32f4xx_hal_flash.c ****   pFlash.ErrorCode = HAL_FLASH_ERROR_NONE;
 557:Drivers/STM32F4xx_HAL_Driver/Src/stm32f4xx_hal_flash.c **** 
 558:Drivers/STM32F4xx_HAL_Driver/Src/stm32f4xx_hal_flash.c ****   /* Wait for the FLASH operation to complete by polling on BUSY flag to be reset.
 559:Drivers/STM32F4xx_HAL_Driver/Src/stm32f4xx_hal_flash.c ****      Even if the FLASH operation fails, the BUSY flag will be reset and an error
 560:Drivers/STM32F4xx_HAL_Driver/Src/stm32f4xx_hal_flash.c ****      flag will be set */
 561:Drivers/STM32F4xx_HAL_Driver/Src/stm32f4xx_hal_flash.c ****   /* Get tick */
 562:Drivers/STM32F4xx_HAL_Driver/Src/stm32f4xx_hal_flash.c ****   tickstart = HAL_GetTick();
 563:Drivers/STM32F4xx_HAL_Driver/Src/stm32f4xx_hal_flash.c **** 
 564:Drivers/STM32F4xx_HAL_Driver/Src/stm32f4xx_hal_flash.c ****   while (__HAL_FLASH_GET_FLAG(FLASH_FLAG_BSY) != RESET)
 565:Drivers/STM32F4xx_HAL_Driver/Src/stm32f4xx_hal_flash.c ****   {
 566:Drivers/STM32F4xx_HAL_Driver/Src/stm32f4xx_hal_flash.c ****     if (Timeout != HAL_MAX_DELAY)
 567:Drivers/STM32F4xx_HAL_Driver/Src/stm32f4xx_hal_flash.c ****     {
 568:Drivers/STM32F4xx_HAL_Driver/Src/stm32f4xx_hal_flash.c ****       if ((Timeout == 0U) || ((HAL_GetTick() - tickstart) > Timeout))
 569:Drivers/STM32F4xx_HAL_Driver/Src/stm32f4xx_hal_flash.c ****       {
 570:Drivers/STM32F4xx_HAL_Driver/Src/stm32f4xx_hal_flash.c ****         return HAL_TIMEOUT;
 571:Drivers/STM32F4xx_HAL_Driver/Src/stm32f4xx_hal_flash.c ****       }
 572:Drivers/STM32F4xx_HAL_Driver/Src/stm32f4xx_hal_flash.c ****     }
 573:Drivers/STM32F4xx_HAL_Driver/Src/stm32f4xx_hal_flash.c ****   }
 574:Drivers/STM32F4xx_HAL_Driver/Src/stm32f4xx_hal_flash.c **** 
 575:Drivers/STM32F4xx_HAL_Driver/Src/stm32f4xx_hal_flash.c ****   /* Check FLASH End of Operation flag  */
 576:Drivers/STM32F4xx_HAL_Driver/Src/stm32f4xx_hal_flash.c ****   if (__HAL_FLASH_GET_FLAG(FLASH_FLAG_EOP) != RESET)
 577:Drivers/STM32F4xx_HAL_Driver/Src/stm32f4xx_hal_flash.c ****   {
 578:Drivers/STM32F4xx_HAL_Driver/Src/stm32f4xx_hal_flash.c ****     /* Clear FLASH End of Operation pending bit */
 579:Drivers/STM32F4xx_HAL_Driver/Src/stm32f4xx_hal_flash.c ****     __HAL_FLASH_CLEAR_FLAG(FLASH_FLAG_EOP);
 580:Drivers/STM32F4xx_HAL_Driver/Src/stm32f4xx_hal_flash.c ****   }
 581:Drivers/STM32F4xx_HAL_Driver/Src/stm32f4xx_hal_flash.c **** #if defined(FLASH_SR_RDERR)
 582:Drivers/STM32F4xx_HAL_Driver/Src/stm32f4xx_hal_flash.c ****   if (__HAL_FLASH_GET_FLAG((FLASH_FLAG_OPERR | FLASH_FLAG_WRPERR | FLASH_FLAG_PGAERR | \
 583:Drivers/STM32F4xx_HAL_Driver/Src/stm32f4xx_hal_flash.c ****                             FLASH_FLAG_PGPERR | FLASH_FLAG_PGSERR | FLASH_FLAG_RDERR)) != RESET)
 584:Drivers/STM32F4xx_HAL_Driver/Src/stm32f4xx_hal_flash.c **** #else
 585:Drivers/STM32F4xx_HAL_Driver/Src/stm32f4xx_hal_flash.c ****   if (__HAL_FLASH_GET_FLAG((FLASH_FLAG_OPERR | FLASH_FLAG_WRPERR | FLASH_FLAG_PGAERR | \
 586:Drivers/STM32F4xx_HAL_Driver/Src/stm32f4xx_hal_flash.c ****                             FLASH_FLAG_PGPERR | FLASH_FLAG_PGSERR)) != RESET)
 587:Drivers/STM32F4xx_HAL_Driver/Src/stm32f4xx_hal_flash.c **** #endif /* FLASH_SR_RDERR */
 588:Drivers/STM32F4xx_HAL_Driver/Src/stm32f4xx_hal_flash.c ****   {
 589:Drivers/STM32F4xx_HAL_Driver/Src/stm32f4xx_hal_flash.c ****     /*Save the error code*/
 590:Drivers/STM32F4xx_HAL_Driver/Src/stm32f4xx_hal_flash.c ****     FLASH_SetErrorCode();
 591:Drivers/STM32F4xx_HAL_Driver/Src/stm32f4xx_hal_flash.c ****     return HAL_ERROR;
 592:Drivers/STM32F4xx_HAL_Driver/Src/stm32f4xx_hal_flash.c ****   }
 593:Drivers/STM32F4xx_HAL_Driver/Src/stm32f4xx_hal_flash.c **** 
 594:Drivers/STM32F4xx_HAL_Driver/Src/stm32f4xx_hal_flash.c ****   /* If there is no error flag set */
 595:Drivers/STM32F4xx_HAL_Driver/Src/stm32f4xx_hal_flash.c ****   return HAL_OK;
 596:Drivers/STM32F4xx_HAL_Driver/Src/stm32f4xx_hal_flash.c **** 
 597:Drivers/STM32F4xx_HAL_Driver/Src/stm32f4xx_hal_flash.c **** }
 598:Drivers/STM32F4xx_HAL_Driver/Src/stm32f4xx_hal_flash.c **** 
 599:Drivers/STM32F4xx_HAL_Driver/Src/stm32f4xx_hal_flash.c **** /**
 600:Drivers/STM32F4xx_HAL_Driver/Src/stm32f4xx_hal_flash.c ****   * @brief  Program a double word (64-bit) at a specified address.
 601:Drivers/STM32F4xx_HAL_Driver/Src/stm32f4xx_hal_flash.c ****   * @note   This function must be used when the device voltage range is from
 602:Drivers/STM32F4xx_HAL_Driver/Src/stm32f4xx_hal_flash.c ****   *         2.7V to 3.6V and Vpp in the range 7V to 9V.
ARM GAS  C:\Users\kaush\AppData\Local\Temp\ccUtUKps.s 			page 12


 603:Drivers/STM32F4xx_HAL_Driver/Src/stm32f4xx_hal_flash.c ****   *
 604:Drivers/STM32F4xx_HAL_Driver/Src/stm32f4xx_hal_flash.c ****   * @note   If an erase and a program operations are requested simultaneously,
 605:Drivers/STM32F4xx_HAL_Driver/Src/stm32f4xx_hal_flash.c ****   *         the erase operation is performed before the program one.
 606:Drivers/STM32F4xx_HAL_Driver/Src/stm32f4xx_hal_flash.c ****   *
 607:Drivers/STM32F4xx_HAL_Driver/Src/stm32f4xx_hal_flash.c ****   * @param  Address specifies the address to be programmed.
 608:Drivers/STM32F4xx_HAL_Driver/Src/stm32f4xx_hal_flash.c ****   * @param  Data specifies the data to be programmed.
 609:Drivers/STM32F4xx_HAL_Driver/Src/stm32f4xx_hal_flash.c ****   * @retval None
 610:Drivers/STM32F4xx_HAL_Driver/Src/stm32f4xx_hal_flash.c ****   */
 611:Drivers/STM32F4xx_HAL_Driver/Src/stm32f4xx_hal_flash.c **** static void FLASH_Program_DoubleWord(uint32_t Address, uint64_t Data)
 612:Drivers/STM32F4xx_HAL_Driver/Src/stm32f4xx_hal_flash.c **** {
 613:Drivers/STM32F4xx_HAL_Driver/Src/stm32f4xx_hal_flash.c ****   /* Check the parameters */
 614:Drivers/STM32F4xx_HAL_Driver/Src/stm32f4xx_hal_flash.c ****   assert_param(IS_FLASH_ADDRESS(Address));
 615:Drivers/STM32F4xx_HAL_Driver/Src/stm32f4xx_hal_flash.c **** 
 616:Drivers/STM32F4xx_HAL_Driver/Src/stm32f4xx_hal_flash.c ****   /* If the previous operation is completed, proceed to program the new data */
 617:Drivers/STM32F4xx_HAL_Driver/Src/stm32f4xx_hal_flash.c ****   CLEAR_BIT(FLASH->CR, FLASH_CR_PSIZE);
 618:Drivers/STM32F4xx_HAL_Driver/Src/stm32f4xx_hal_flash.c ****   FLASH->CR |= FLASH_PSIZE_DOUBLE_WORD;
 619:Drivers/STM32F4xx_HAL_Driver/Src/stm32f4xx_hal_flash.c ****   FLASH->CR |= FLASH_CR_PG;
 620:Drivers/STM32F4xx_HAL_Driver/Src/stm32f4xx_hal_flash.c **** 
 621:Drivers/STM32F4xx_HAL_Driver/Src/stm32f4xx_hal_flash.c ****   /* Program first word */
 622:Drivers/STM32F4xx_HAL_Driver/Src/stm32f4xx_hal_flash.c ****   *(__IO uint32_t *)Address = (uint32_t)Data;
 623:Drivers/STM32F4xx_HAL_Driver/Src/stm32f4xx_hal_flash.c **** 
 624:Drivers/STM32F4xx_HAL_Driver/Src/stm32f4xx_hal_flash.c ****   /* Barrier to ensure programming is performed in 2 steps, in right order
 625:Drivers/STM32F4xx_HAL_Driver/Src/stm32f4xx_hal_flash.c ****     (independently of compiler optimization behavior) */
 626:Drivers/STM32F4xx_HAL_Driver/Src/stm32f4xx_hal_flash.c ****   __ISB();
 627:Drivers/STM32F4xx_HAL_Driver/Src/stm32f4xx_hal_flash.c **** 
 628:Drivers/STM32F4xx_HAL_Driver/Src/stm32f4xx_hal_flash.c ****   /* Program second word */
 629:Drivers/STM32F4xx_HAL_Driver/Src/stm32f4xx_hal_flash.c ****   *(__IO uint32_t *)(Address + 4) = (uint32_t)(Data >> 32);
 630:Drivers/STM32F4xx_HAL_Driver/Src/stm32f4xx_hal_flash.c **** }
 631:Drivers/STM32F4xx_HAL_Driver/Src/stm32f4xx_hal_flash.c **** 
 632:Drivers/STM32F4xx_HAL_Driver/Src/stm32f4xx_hal_flash.c **** 
 633:Drivers/STM32F4xx_HAL_Driver/Src/stm32f4xx_hal_flash.c **** /**
 634:Drivers/STM32F4xx_HAL_Driver/Src/stm32f4xx_hal_flash.c ****   * @brief  Program word (32-bit) at a specified address.
 635:Drivers/STM32F4xx_HAL_Driver/Src/stm32f4xx_hal_flash.c ****   * @note   This function must be used when the device voltage range is from
 636:Drivers/STM32F4xx_HAL_Driver/Src/stm32f4xx_hal_flash.c ****   *         2.7V to 3.6V.
 637:Drivers/STM32F4xx_HAL_Driver/Src/stm32f4xx_hal_flash.c ****   *
 638:Drivers/STM32F4xx_HAL_Driver/Src/stm32f4xx_hal_flash.c ****   * @note   If an erase and a program operations are requested simultaneously,
 639:Drivers/STM32F4xx_HAL_Driver/Src/stm32f4xx_hal_flash.c ****   *         the erase operation is performed before the program one.
 640:Drivers/STM32F4xx_HAL_Driver/Src/stm32f4xx_hal_flash.c ****   *
 641:Drivers/STM32F4xx_HAL_Driver/Src/stm32f4xx_hal_flash.c ****   * @param  Address specifies the address to be programmed.
 642:Drivers/STM32F4xx_HAL_Driver/Src/stm32f4xx_hal_flash.c ****   * @param  Data specifies the data to be programmed.
 643:Drivers/STM32F4xx_HAL_Driver/Src/stm32f4xx_hal_flash.c ****   * @retval None
 644:Drivers/STM32F4xx_HAL_Driver/Src/stm32f4xx_hal_flash.c ****   */
 645:Drivers/STM32F4xx_HAL_Driver/Src/stm32f4xx_hal_flash.c **** static void FLASH_Program_Word(uint32_t Address, uint32_t Data)
 646:Drivers/STM32F4xx_HAL_Driver/Src/stm32f4xx_hal_flash.c **** {
 647:Drivers/STM32F4xx_HAL_Driver/Src/stm32f4xx_hal_flash.c ****   /* Check the parameters */
 648:Drivers/STM32F4xx_HAL_Driver/Src/stm32f4xx_hal_flash.c ****   assert_param(IS_FLASH_ADDRESS(Address));
 649:Drivers/STM32F4xx_HAL_Driver/Src/stm32f4xx_hal_flash.c **** 
 650:Drivers/STM32F4xx_HAL_Driver/Src/stm32f4xx_hal_flash.c ****   /* If the previous operation is completed, proceed to program the new data */
 651:Drivers/STM32F4xx_HAL_Driver/Src/stm32f4xx_hal_flash.c ****   CLEAR_BIT(FLASH->CR, FLASH_CR_PSIZE);
 652:Drivers/STM32F4xx_HAL_Driver/Src/stm32f4xx_hal_flash.c ****   FLASH->CR |= FLASH_PSIZE_WORD;
 653:Drivers/STM32F4xx_HAL_Driver/Src/stm32f4xx_hal_flash.c ****   FLASH->CR |= FLASH_CR_PG;
 654:Drivers/STM32F4xx_HAL_Driver/Src/stm32f4xx_hal_flash.c **** 
 655:Drivers/STM32F4xx_HAL_Driver/Src/stm32f4xx_hal_flash.c ****   *(__IO uint32_t *)Address = Data;
 656:Drivers/STM32F4xx_HAL_Driver/Src/stm32f4xx_hal_flash.c **** }
 657:Drivers/STM32F4xx_HAL_Driver/Src/stm32f4xx_hal_flash.c **** 
 658:Drivers/STM32F4xx_HAL_Driver/Src/stm32f4xx_hal_flash.c **** /**
 659:Drivers/STM32F4xx_HAL_Driver/Src/stm32f4xx_hal_flash.c ****   * @brief  Program a half-word (16-bit) at a specified address.
ARM GAS  C:\Users\kaush\AppData\Local\Temp\ccUtUKps.s 			page 13


 660:Drivers/STM32F4xx_HAL_Driver/Src/stm32f4xx_hal_flash.c ****   * @note   This function must be used when the device voltage range is from
 661:Drivers/STM32F4xx_HAL_Driver/Src/stm32f4xx_hal_flash.c ****   *         2.1V to 3.6V.
 662:Drivers/STM32F4xx_HAL_Driver/Src/stm32f4xx_hal_flash.c ****   *
 663:Drivers/STM32F4xx_HAL_Driver/Src/stm32f4xx_hal_flash.c ****   * @note   If an erase and a program operations are requested simultaneously,
 664:Drivers/STM32F4xx_HAL_Driver/Src/stm32f4xx_hal_flash.c ****   *         the erase operation is performed before the program one.
 665:Drivers/STM32F4xx_HAL_Driver/Src/stm32f4xx_hal_flash.c ****   *
 666:Drivers/STM32F4xx_HAL_Driver/Src/stm32f4xx_hal_flash.c ****   * @param  Address specifies the address to be programmed.
 667:Drivers/STM32F4xx_HAL_Driver/Src/stm32f4xx_hal_flash.c ****   * @param  Data specifies the data to be programmed.
 668:Drivers/STM32F4xx_HAL_Driver/Src/stm32f4xx_hal_flash.c ****   * @retval None
 669:Drivers/STM32F4xx_HAL_Driver/Src/stm32f4xx_hal_flash.c ****   */
 670:Drivers/STM32F4xx_HAL_Driver/Src/stm32f4xx_hal_flash.c **** static void FLASH_Program_HalfWord(uint32_t Address, uint16_t Data)
 671:Drivers/STM32F4xx_HAL_Driver/Src/stm32f4xx_hal_flash.c **** {
 672:Drivers/STM32F4xx_HAL_Driver/Src/stm32f4xx_hal_flash.c ****   /* Check the parameters */
 673:Drivers/STM32F4xx_HAL_Driver/Src/stm32f4xx_hal_flash.c ****   assert_param(IS_FLASH_ADDRESS(Address));
 674:Drivers/STM32F4xx_HAL_Driver/Src/stm32f4xx_hal_flash.c **** 
 675:Drivers/STM32F4xx_HAL_Driver/Src/stm32f4xx_hal_flash.c ****   /* If the previous operation is completed, proceed to program the new data */
 676:Drivers/STM32F4xx_HAL_Driver/Src/stm32f4xx_hal_flash.c ****   CLEAR_BIT(FLASH->CR, FLASH_CR_PSIZE);
 677:Drivers/STM32F4xx_HAL_Driver/Src/stm32f4xx_hal_flash.c ****   FLASH->CR |= FLASH_PSIZE_HALF_WORD;
 678:Drivers/STM32F4xx_HAL_Driver/Src/stm32f4xx_hal_flash.c ****   FLASH->CR |= FLASH_CR_PG;
 679:Drivers/STM32F4xx_HAL_Driver/Src/stm32f4xx_hal_flash.c **** 
 680:Drivers/STM32F4xx_HAL_Driver/Src/stm32f4xx_hal_flash.c ****   *(__IO uint16_t *)Address = Data;
 681:Drivers/STM32F4xx_HAL_Driver/Src/stm32f4xx_hal_flash.c **** }
 682:Drivers/STM32F4xx_HAL_Driver/Src/stm32f4xx_hal_flash.c **** 
 683:Drivers/STM32F4xx_HAL_Driver/Src/stm32f4xx_hal_flash.c **** /**
 684:Drivers/STM32F4xx_HAL_Driver/Src/stm32f4xx_hal_flash.c ****   * @brief  Program byte (8-bit) at a specified address.
 685:Drivers/STM32F4xx_HAL_Driver/Src/stm32f4xx_hal_flash.c ****   * @note   This function must be used when the device voltage range is from
 686:Drivers/STM32F4xx_HAL_Driver/Src/stm32f4xx_hal_flash.c ****   *         1.8V to 3.6V.
 687:Drivers/STM32F4xx_HAL_Driver/Src/stm32f4xx_hal_flash.c ****   *
 688:Drivers/STM32F4xx_HAL_Driver/Src/stm32f4xx_hal_flash.c ****   * @note   If an erase and a program operations are requested simultaneously,
 689:Drivers/STM32F4xx_HAL_Driver/Src/stm32f4xx_hal_flash.c ****   *         the erase operation is performed before the program one.
 690:Drivers/STM32F4xx_HAL_Driver/Src/stm32f4xx_hal_flash.c ****   *
 691:Drivers/STM32F4xx_HAL_Driver/Src/stm32f4xx_hal_flash.c ****   * @param  Address specifies the address to be programmed.
 692:Drivers/STM32F4xx_HAL_Driver/Src/stm32f4xx_hal_flash.c ****   * @param  Data specifies the data to be programmed.
 693:Drivers/STM32F4xx_HAL_Driver/Src/stm32f4xx_hal_flash.c ****   * @retval None
 694:Drivers/STM32F4xx_HAL_Driver/Src/stm32f4xx_hal_flash.c ****   */
 695:Drivers/STM32F4xx_HAL_Driver/Src/stm32f4xx_hal_flash.c **** static void FLASH_Program_Byte(uint32_t Address, uint8_t Data)
 696:Drivers/STM32F4xx_HAL_Driver/Src/stm32f4xx_hal_flash.c **** {
 697:Drivers/STM32F4xx_HAL_Driver/Src/stm32f4xx_hal_flash.c ****   /* Check the parameters */
 698:Drivers/STM32F4xx_HAL_Driver/Src/stm32f4xx_hal_flash.c ****   assert_param(IS_FLASH_ADDRESS(Address));
 699:Drivers/STM32F4xx_HAL_Driver/Src/stm32f4xx_hal_flash.c **** 
 700:Drivers/STM32F4xx_HAL_Driver/Src/stm32f4xx_hal_flash.c ****   /* If the previous operation is completed, proceed to program the new data */
 701:Drivers/STM32F4xx_HAL_Driver/Src/stm32f4xx_hal_flash.c ****   CLEAR_BIT(FLASH->CR, FLASH_CR_PSIZE);
 702:Drivers/STM32F4xx_HAL_Driver/Src/stm32f4xx_hal_flash.c ****   FLASH->CR |= FLASH_PSIZE_BYTE;
 703:Drivers/STM32F4xx_HAL_Driver/Src/stm32f4xx_hal_flash.c ****   FLASH->CR |= FLASH_CR_PG;
 704:Drivers/STM32F4xx_HAL_Driver/Src/stm32f4xx_hal_flash.c **** 
 705:Drivers/STM32F4xx_HAL_Driver/Src/stm32f4xx_hal_flash.c ****   *(__IO uint8_t *)Address = Data;
 706:Drivers/STM32F4xx_HAL_Driver/Src/stm32f4xx_hal_flash.c **** }
 707:Drivers/STM32F4xx_HAL_Driver/Src/stm32f4xx_hal_flash.c **** 
 708:Drivers/STM32F4xx_HAL_Driver/Src/stm32f4xx_hal_flash.c **** /**
 709:Drivers/STM32F4xx_HAL_Driver/Src/stm32f4xx_hal_flash.c ****   * @brief  Set the specific FLASH error flag.
 710:Drivers/STM32F4xx_HAL_Driver/Src/stm32f4xx_hal_flash.c ****   * @retval None
 711:Drivers/STM32F4xx_HAL_Driver/Src/stm32f4xx_hal_flash.c ****   */
 712:Drivers/STM32F4xx_HAL_Driver/Src/stm32f4xx_hal_flash.c **** static void FLASH_SetErrorCode(void)
 713:Drivers/STM32F4xx_HAL_Driver/Src/stm32f4xx_hal_flash.c **** {
  27              		.loc 1 713 1 view -0
  28              		.cfi_startproc
  29              		@ args = 0, pretend = 0, frame = 0
ARM GAS  C:\Users\kaush\AppData\Local\Temp\ccUtUKps.s 			page 14


  30              		@ frame_needed = 0, uses_anonymous_args = 0
  31              		@ link register save eliminated.
 714:Drivers/STM32F4xx_HAL_Driver/Src/stm32f4xx_hal_flash.c ****   if (__HAL_FLASH_GET_FLAG(FLASH_FLAG_WRPERR) != RESET)
  32              		.loc 1 714 3 view .LVU1
  33              		.loc 1 714 7 is_stmt 0 view .LVU2
  34 0000 214B     		ldr	r3, .L27
  35 0002 DA68     		ldr	r2, [r3, #12]
  36              		.loc 1 714 6 view .LVU3
  37 0004 D006     		lsls	r0, r2, #27
  38 0006 05D5     		bpl	.L2
 715:Drivers/STM32F4xx_HAL_Driver/Src/stm32f4xx_hal_flash.c ****   {
 716:Drivers/STM32F4xx_HAL_Driver/Src/stm32f4xx_hal_flash.c ****     pFlash.ErrorCode |= HAL_FLASH_ERROR_WRP;
  39              		.loc 1 716 5 is_stmt 1 view .LVU4
  40              		.loc 1 716 11 is_stmt 0 view .LVU5
  41 0008 2049     		ldr	r1, .L27+4
  42 000a CA69     		ldr	r2, [r1, #28]
 717:Drivers/STM32F4xx_HAL_Driver/Src/stm32f4xx_hal_flash.c **** 
 718:Drivers/STM32F4xx_HAL_Driver/Src/stm32f4xx_hal_flash.c ****     /* Clear FLASH write protection error pending bit */
 719:Drivers/STM32F4xx_HAL_Driver/Src/stm32f4xx_hal_flash.c ****     __HAL_FLASH_CLEAR_FLAG(FLASH_FLAG_WRPERR);
  43              		.loc 1 719 5 view .LVU6
  44 000c 1020     		movs	r0, #16
 716:Drivers/STM32F4xx_HAL_Driver/Src/stm32f4xx_hal_flash.c **** 
  45              		.loc 1 716 22 view .LVU7
  46 000e 0243     		orrs	r2, r2, r0
  47 0010 CA61     		str	r2, [r1, #28]
  48              		.loc 1 719 5 is_stmt 1 view .LVU8
  49 0012 D860     		str	r0, [r3, #12]
  50              	.L2:
 720:Drivers/STM32F4xx_HAL_Driver/Src/stm32f4xx_hal_flash.c ****   }
 721:Drivers/STM32F4xx_HAL_Driver/Src/stm32f4xx_hal_flash.c **** 
 722:Drivers/STM32F4xx_HAL_Driver/Src/stm32f4xx_hal_flash.c ****   if (__HAL_FLASH_GET_FLAG(FLASH_FLAG_PGAERR) != RESET)
  51              		.loc 1 722 3 view .LVU9
  52              		.loc 1 722 7 is_stmt 0 view .LVU10
  53 0014 1C4B     		ldr	r3, .L27
  54 0016 DA68     		ldr	r2, [r3, #12]
  55              		.loc 1 722 6 view .LVU11
  56 0018 9106     		lsls	r1, r2, #26
  57 001a 06D5     		bpl	.L3
 723:Drivers/STM32F4xx_HAL_Driver/Src/stm32f4xx_hal_flash.c ****   {
 724:Drivers/STM32F4xx_HAL_Driver/Src/stm32f4xx_hal_flash.c ****     pFlash.ErrorCode |= HAL_FLASH_ERROR_PGA;
  58              		.loc 1 724 5 is_stmt 1 view .LVU12
  59              		.loc 1 724 11 is_stmt 0 view .LVU13
  60 001c 1B49     		ldr	r1, .L27+4
  61 001e CA69     		ldr	r2, [r1, #28]
 725:Drivers/STM32F4xx_HAL_Driver/Src/stm32f4xx_hal_flash.c **** 
 726:Drivers/STM32F4xx_HAL_Driver/Src/stm32f4xx_hal_flash.c ****     /* Clear FLASH Programming alignment error pending bit */
 727:Drivers/STM32F4xx_HAL_Driver/Src/stm32f4xx_hal_flash.c ****     __HAL_FLASH_CLEAR_FLAG(FLASH_FLAG_PGAERR);
  62              		.loc 1 727 5 view .LVU14
  63 0020 2020     		movs	r0, #32
 724:Drivers/STM32F4xx_HAL_Driver/Src/stm32f4xx_hal_flash.c **** 
  64              		.loc 1 724 22 view .LVU15
  65 0022 42F00802 		orr	r2, r2, #8
  66 0026 CA61     		str	r2, [r1, #28]
  67              		.loc 1 727 5 is_stmt 1 view .LVU16
  68 0028 D860     		str	r0, [r3, #12]
  69              	.L3:
 728:Drivers/STM32F4xx_HAL_Driver/Src/stm32f4xx_hal_flash.c ****   }
ARM GAS  C:\Users\kaush\AppData\Local\Temp\ccUtUKps.s 			page 15


 729:Drivers/STM32F4xx_HAL_Driver/Src/stm32f4xx_hal_flash.c **** 
 730:Drivers/STM32F4xx_HAL_Driver/Src/stm32f4xx_hal_flash.c ****   if (__HAL_FLASH_GET_FLAG(FLASH_FLAG_PGPERR) != RESET)
  70              		.loc 1 730 3 view .LVU17
  71              		.loc 1 730 7 is_stmt 0 view .LVU18
  72 002a 174B     		ldr	r3, .L27
  73 002c DA68     		ldr	r2, [r3, #12]
  74              		.loc 1 730 6 view .LVU19
  75 002e 5206     		lsls	r2, r2, #25
  76 0030 06D5     		bpl	.L4
 731:Drivers/STM32F4xx_HAL_Driver/Src/stm32f4xx_hal_flash.c ****   {
 732:Drivers/STM32F4xx_HAL_Driver/Src/stm32f4xx_hal_flash.c ****     pFlash.ErrorCode |= HAL_FLASH_ERROR_PGP;
  77              		.loc 1 732 5 is_stmt 1 view .LVU20
  78              		.loc 1 732 11 is_stmt 0 view .LVU21
  79 0032 1649     		ldr	r1, .L27+4
  80 0034 CA69     		ldr	r2, [r1, #28]
 733:Drivers/STM32F4xx_HAL_Driver/Src/stm32f4xx_hal_flash.c **** 
 734:Drivers/STM32F4xx_HAL_Driver/Src/stm32f4xx_hal_flash.c ****     /* Clear FLASH Programming parallelism error pending bit */
 735:Drivers/STM32F4xx_HAL_Driver/Src/stm32f4xx_hal_flash.c ****     __HAL_FLASH_CLEAR_FLAG(FLASH_FLAG_PGPERR);
  81              		.loc 1 735 5 view .LVU22
  82 0036 4020     		movs	r0, #64
 732:Drivers/STM32F4xx_HAL_Driver/Src/stm32f4xx_hal_flash.c **** 
  83              		.loc 1 732 22 view .LVU23
  84 0038 42F00402 		orr	r2, r2, #4
  85 003c CA61     		str	r2, [r1, #28]
  86              		.loc 1 735 5 is_stmt 1 view .LVU24
  87 003e D860     		str	r0, [r3, #12]
  88              	.L4:
 736:Drivers/STM32F4xx_HAL_Driver/Src/stm32f4xx_hal_flash.c ****   }
 737:Drivers/STM32F4xx_HAL_Driver/Src/stm32f4xx_hal_flash.c **** 
 738:Drivers/STM32F4xx_HAL_Driver/Src/stm32f4xx_hal_flash.c ****   if (__HAL_FLASH_GET_FLAG(FLASH_FLAG_PGSERR) != RESET)
  89              		.loc 1 738 3 view .LVU25
  90              		.loc 1 738 7 is_stmt 0 view .LVU26
  91 0040 114B     		ldr	r3, .L27
  92 0042 DA68     		ldr	r2, [r3, #12]
  93              		.loc 1 738 6 view .LVU27
  94 0044 1006     		lsls	r0, r2, #24
  95 0046 06D5     		bpl	.L5
 739:Drivers/STM32F4xx_HAL_Driver/Src/stm32f4xx_hal_flash.c ****   {
 740:Drivers/STM32F4xx_HAL_Driver/Src/stm32f4xx_hal_flash.c ****     pFlash.ErrorCode |= HAL_FLASH_ERROR_PGS;
  96              		.loc 1 740 5 is_stmt 1 view .LVU28
  97              		.loc 1 740 11 is_stmt 0 view .LVU29
  98 0048 1049     		ldr	r1, .L27+4
  99 004a CA69     		ldr	r2, [r1, #28]
 741:Drivers/STM32F4xx_HAL_Driver/Src/stm32f4xx_hal_flash.c **** 
 742:Drivers/STM32F4xx_HAL_Driver/Src/stm32f4xx_hal_flash.c ****     /* Clear FLASH Programming sequence error pending bit */
 743:Drivers/STM32F4xx_HAL_Driver/Src/stm32f4xx_hal_flash.c ****     __HAL_FLASH_CLEAR_FLAG(FLASH_FLAG_PGSERR);
 100              		.loc 1 743 5 view .LVU30
 101 004c 8020     		movs	r0, #128
 740:Drivers/STM32F4xx_HAL_Driver/Src/stm32f4xx_hal_flash.c **** 
 102              		.loc 1 740 22 view .LVU31
 103 004e 42F00202 		orr	r2, r2, #2
 104 0052 CA61     		str	r2, [r1, #28]
 105              		.loc 1 743 5 is_stmt 1 view .LVU32
 106 0054 D860     		str	r0, [r3, #12]
 107              	.L5:
 744:Drivers/STM32F4xx_HAL_Driver/Src/stm32f4xx_hal_flash.c ****   }
 745:Drivers/STM32F4xx_HAL_Driver/Src/stm32f4xx_hal_flash.c **** #if defined(FLASH_SR_RDERR)
ARM GAS  C:\Users\kaush\AppData\Local\Temp\ccUtUKps.s 			page 16


 746:Drivers/STM32F4xx_HAL_Driver/Src/stm32f4xx_hal_flash.c ****   if (__HAL_FLASH_GET_FLAG(FLASH_FLAG_RDERR) != RESET)
 108              		.loc 1 746 3 view .LVU33
 109              		.loc 1 746 7 is_stmt 0 view .LVU34
 110 0056 0C4B     		ldr	r3, .L27
 111 0058 DA68     		ldr	r2, [r3, #12]
 112              		.loc 1 746 6 view .LVU35
 113 005a D105     		lsls	r1, r2, #23
 114 005c 07D5     		bpl	.L6
 747:Drivers/STM32F4xx_HAL_Driver/Src/stm32f4xx_hal_flash.c ****   {
 748:Drivers/STM32F4xx_HAL_Driver/Src/stm32f4xx_hal_flash.c ****     pFlash.ErrorCode |= HAL_FLASH_ERROR_RD;
 115              		.loc 1 748 5 is_stmt 1 view .LVU36
 116              		.loc 1 748 11 is_stmt 0 view .LVU37
 117 005e 0B49     		ldr	r1, .L27+4
 118 0060 CA69     		ldr	r2, [r1, #28]
 749:Drivers/STM32F4xx_HAL_Driver/Src/stm32f4xx_hal_flash.c **** 
 750:Drivers/STM32F4xx_HAL_Driver/Src/stm32f4xx_hal_flash.c ****     /* Clear FLASH Proprietary readout protection error pending bit */
 751:Drivers/STM32F4xx_HAL_Driver/Src/stm32f4xx_hal_flash.c ****     __HAL_FLASH_CLEAR_FLAG(FLASH_FLAG_RDERR);
 119              		.loc 1 751 5 view .LVU38
 120 0062 4FF48070 		mov	r0, #256
 748:Drivers/STM32F4xx_HAL_Driver/Src/stm32f4xx_hal_flash.c **** 
 121              		.loc 1 748 22 view .LVU39
 122 0066 42F00102 		orr	r2, r2, #1
 123 006a CA61     		str	r2, [r1, #28]
 124              		.loc 1 751 5 is_stmt 1 view .LVU40
 125 006c D860     		str	r0, [r3, #12]
 126              	.L6:
 752:Drivers/STM32F4xx_HAL_Driver/Src/stm32f4xx_hal_flash.c ****   }
 753:Drivers/STM32F4xx_HAL_Driver/Src/stm32f4xx_hal_flash.c **** #endif /* FLASH_SR_RDERR */
 754:Drivers/STM32F4xx_HAL_Driver/Src/stm32f4xx_hal_flash.c ****   if (__HAL_FLASH_GET_FLAG(FLASH_FLAG_OPERR) != RESET)
 127              		.loc 1 754 3 view .LVU41
 128              		.loc 1 754 7 is_stmt 0 view .LVU42
 129 006e 064B     		ldr	r3, .L27
 130 0070 DA68     		ldr	r2, [r3, #12]
 131              		.loc 1 754 6 view .LVU43
 132 0072 9207     		lsls	r2, r2, #30
 133 0074 06D5     		bpl	.L1
 755:Drivers/STM32F4xx_HAL_Driver/Src/stm32f4xx_hal_flash.c ****   {
 756:Drivers/STM32F4xx_HAL_Driver/Src/stm32f4xx_hal_flash.c ****     pFlash.ErrorCode |= HAL_FLASH_ERROR_OPERATION;
 134              		.loc 1 756 5 is_stmt 1 view .LVU44
 135              		.loc 1 756 11 is_stmt 0 view .LVU45
 136 0076 0549     		ldr	r1, .L27+4
 137 0078 CA69     		ldr	r2, [r1, #28]
 757:Drivers/STM32F4xx_HAL_Driver/Src/stm32f4xx_hal_flash.c **** 
 758:Drivers/STM32F4xx_HAL_Driver/Src/stm32f4xx_hal_flash.c ****     /* Clear FLASH Operation error pending bit */
 759:Drivers/STM32F4xx_HAL_Driver/Src/stm32f4xx_hal_flash.c ****     __HAL_FLASH_CLEAR_FLAG(FLASH_FLAG_OPERR);
 138              		.loc 1 759 5 view .LVU46
 139 007a 0220     		movs	r0, #2
 756:Drivers/STM32F4xx_HAL_Driver/Src/stm32f4xx_hal_flash.c **** 
 140              		.loc 1 756 22 view .LVU47
 141 007c 42F02002 		orr	r2, r2, #32
 142 0080 CA61     		str	r2, [r1, #28]
 143              		.loc 1 759 5 is_stmt 1 view .LVU48
 144 0082 D860     		str	r0, [r3, #12]
 145              	.L1:
 760:Drivers/STM32F4xx_HAL_Driver/Src/stm32f4xx_hal_flash.c ****   }
 761:Drivers/STM32F4xx_HAL_Driver/Src/stm32f4xx_hal_flash.c **** }
 146              		.loc 1 761 1 is_stmt 0 view .LVU49
ARM GAS  C:\Users\kaush\AppData\Local\Temp\ccUtUKps.s 			page 17


 147 0084 7047     		bx	lr
 148              	.L28:
 149 0086 00BF     		.align	2
 150              	.L27:
 151 0088 003C0240 		.word	1073888256
 152 008c 00000000 		.word	pFlash
 153              		.cfi_endproc
 154              	.LFE150:
 156              		.section	.text.HAL_FLASH_Program,"ax",%progbits
 157              		.align	1
 158              		.p2align 2,,3
 159              		.global	HAL_FLASH_Program
 160              		.syntax unified
 161              		.thumb
 162              		.thumb_func
 164              	HAL_FLASH_Program:
 165              	.LVL0:
 166              	.LFB134:
 162:Drivers/STM32F4xx_HAL_Driver/Src/stm32f4xx_hal_flash.c ****   HAL_StatusTypeDef status;
 167              		.loc 1 162 1 is_stmt 1 view -0
 168              		.cfi_startproc
 169              		@ args = 0, pretend = 0, frame = 0
 170              		@ frame_needed = 0, uses_anonymous_args = 0
 162:Drivers/STM32F4xx_HAL_Driver/Src/stm32f4xx_hal_flash.c ****   HAL_StatusTypeDef status;
 171              		.loc 1 162 1 is_stmt 0 view .LVU51
 172 0000 2DE9F84F 		push	{r3, r4, r5, r6, r7, r8, r9, r10, fp, lr}
 173              	.LCFI0:
 174              		.cfi_def_cfa_offset 40
 175              		.cfi_offset 3, -40
 176              		.cfi_offset 4, -36
 177              		.cfi_offset 5, -32
 178              		.cfi_offset 6, -28
 179              		.cfi_offset 7, -24
 180              		.cfi_offset 8, -20
 181              		.cfi_offset 9, -16
 182              		.cfi_offset 10, -12
 183              		.cfi_offset 11, -8
 184              		.cfi_offset 14, -4
 166:Drivers/STM32F4xx_HAL_Driver/Src/stm32f4xx_hal_flash.c **** 
 185              		.loc 1 166 3 view .LVU52
 186 0004 4D4F     		ldr	r7, .L60
 163:Drivers/STM32F4xx_HAL_Driver/Src/stm32f4xx_hal_flash.c **** 
 187              		.loc 1 163 3 is_stmt 1 view .LVU53
 166:Drivers/STM32F4xx_HAL_Driver/Src/stm32f4xx_hal_flash.c **** 
 188              		.loc 1 166 3 view .LVU54
 166:Drivers/STM32F4xx_HAL_Driver/Src/stm32f4xx_hal_flash.c **** 
 189              		.loc 1 166 3 view .LVU55
 162:Drivers/STM32F4xx_HAL_Driver/Src/stm32f4xx_hal_flash.c ****   HAL_StatusTypeDef status;
 190              		.loc 1 162 1 is_stmt 0 view .LVU56
 191 0006 9B46     		mov	fp, r3
 166:Drivers/STM32F4xx_HAL_Driver/Src/stm32f4xx_hal_flash.c **** 
 192              		.loc 1 166 3 view .LVU57
 193 0008 3B7E     		ldrb	r3, [r7, #24]	@ zero_extendqisi2
 194 000a 012B     		cmp	r3, #1
 195 000c 60D0     		beq	.L45
 166:Drivers/STM32F4xx_HAL_Driver/Src/stm32f4xx_hal_flash.c **** 
 196              		.loc 1 166 3 discriminator 2 view .LVU58
ARM GAS  C:\Users\kaush\AppData\Local\Temp\ccUtUKps.s 			page 18


 197 000e 0123     		movs	r3, #1
 198 0010 3B76     		strb	r3, [r7, #24]
 199              	.LBB38:
 200              	.LBB39:
 556:Drivers/STM32F4xx_HAL_Driver/Src/stm32f4xx_hal_flash.c **** 
 201              		.loc 1 556 20 view .LVU59
 202 0012 0023     		movs	r3, #0
 203 0014 8146     		mov	r9, r0
 204 0016 8A46     		mov	r10, r1
 205 0018 9046     		mov	r8, r2
 206              	.LBE39:
 207              	.LBE38:
 166:Drivers/STM32F4xx_HAL_Driver/Src/stm32f4xx_hal_flash.c **** 
 208              		.loc 1 166 3 is_stmt 1 discriminator 2 view .LVU60
 166:Drivers/STM32F4xx_HAL_Driver/Src/stm32f4xx_hal_flash.c **** 
 209              		.loc 1 166 3 discriminator 2 view .LVU61
 169:Drivers/STM32F4xx_HAL_Driver/Src/stm32f4xx_hal_flash.c **** 
 210              		.loc 1 169 3 view .LVU62
 172:Drivers/STM32F4xx_HAL_Driver/Src/stm32f4xx_hal_flash.c **** 
 211              		.loc 1 172 3 view .LVU63
 212              	.LBB42:
 213              	.LBI38:
 551:Drivers/STM32F4xx_HAL_Driver/Src/stm32f4xx_hal_flash.c **** {
 214              		.loc 1 551 19 view .LVU64
 215              	.LVL1:
 216              	.LBB40:
 553:Drivers/STM32F4xx_HAL_Driver/Src/stm32f4xx_hal_flash.c **** 
 217              		.loc 1 553 3 view .LVU65
 556:Drivers/STM32F4xx_HAL_Driver/Src/stm32f4xx_hal_flash.c **** 
 218              		.loc 1 556 3 view .LVU66
 556:Drivers/STM32F4xx_HAL_Driver/Src/stm32f4xx_hal_flash.c **** 
 219              		.loc 1 556 20 is_stmt 0 view .LVU67
 220 001a FB61     		str	r3, [r7, #28]
 562:Drivers/STM32F4xx_HAL_Driver/Src/stm32f4xx_hal_flash.c **** 
 221              		.loc 1 562 3 is_stmt 1 view .LVU68
 562:Drivers/STM32F4xx_HAL_Driver/Src/stm32f4xx_hal_flash.c **** 
 222              		.loc 1 562 15 is_stmt 0 view .LVU69
 223 001c FFF7FEFF 		bl	HAL_GetTick
 224              	.LVL2:
 564:Drivers/STM32F4xx_HAL_Driver/Src/stm32f4xx_hal_flash.c ****   {
 225              		.loc 1 564 10 view .LVU70
 226 0020 474D     		ldr	r5, .L60+4
 562:Drivers/STM32F4xx_HAL_Driver/Src/stm32f4xx_hal_flash.c **** 
 227              		.loc 1 562 15 view .LVU71
 228 0022 0446     		mov	r4, r0
 229              	.LVL3:
 564:Drivers/STM32F4xx_HAL_Driver/Src/stm32f4xx_hal_flash.c ****   {
 230              		.loc 1 564 3 is_stmt 1 view .LVU72
 568:Drivers/STM32F4xx_HAL_Driver/Src/stm32f4xx_hal_flash.c ****       {
 231              		.loc 1 568 27 is_stmt 0 discriminator 1 view .LVU73
 232 0024 4CF25036 		movw	r6, #50000
 564:Drivers/STM32F4xx_HAL_Driver/Src/stm32f4xx_hal_flash.c ****   {
 233              		.loc 1 564 9 view .LVU74
 234 0028 04E0     		b	.L31
 235              	.LVL4:
 236              	.L33:
 568:Drivers/STM32F4xx_HAL_Driver/Src/stm32f4xx_hal_flash.c ****       {
ARM GAS  C:\Users\kaush\AppData\Local\Temp\ccUtUKps.s 			page 19


 237              		.loc 1 568 32 discriminator 1 view .LVU75
 238 002a FFF7FEFF 		bl	HAL_GetTick
 239              	.LVL5:
 568:Drivers/STM32F4xx_HAL_Driver/Src/stm32f4xx_hal_flash.c ****       {
 240              		.loc 1 568 46 discriminator 1 view .LVU76
 241 002e 001B     		subs	r0, r0, r4
 568:Drivers/STM32F4xx_HAL_Driver/Src/stm32f4xx_hal_flash.c ****       {
 242              		.loc 1 568 27 discriminator 1 view .LVU77
 243 0030 B042     		cmp	r0, r6
 244 0032 48D8     		bhi	.L46
 245              	.L31:
 566:Drivers/STM32F4xx_HAL_Driver/Src/stm32f4xx_hal_flash.c ****     {
 246              		.loc 1 566 5 is_stmt 1 view .LVU78
 568:Drivers/STM32F4xx_HAL_Driver/Src/stm32f4xx_hal_flash.c ****       {
 247              		.loc 1 568 7 view .LVU79
 564:Drivers/STM32F4xx_HAL_Driver/Src/stm32f4xx_hal_flash.c ****   {
 248              		.loc 1 564 47 view .LVU80
 564:Drivers/STM32F4xx_HAL_Driver/Src/stm32f4xx_hal_flash.c ****   {
 249              		.loc 1 564 10 is_stmt 0 view .LVU81
 250 0034 EB68     		ldr	r3, [r5, #12]
 564:Drivers/STM32F4xx_HAL_Driver/Src/stm32f4xx_hal_flash.c ****   {
 251              		.loc 1 564 47 view .LVU82
 252 0036 D803     		lsls	r0, r3, #15
 253 0038 F7D4     		bmi	.L33
 576:Drivers/STM32F4xx_HAL_Driver/Src/stm32f4xx_hal_flash.c ****   {
 254              		.loc 1 576 3 is_stmt 1 view .LVU83
 576:Drivers/STM32F4xx_HAL_Driver/Src/stm32f4xx_hal_flash.c ****   {
 255              		.loc 1 576 7 is_stmt 0 view .LVU84
 256 003a EB68     		ldr	r3, [r5, #12]
 576:Drivers/STM32F4xx_HAL_Driver/Src/stm32f4xx_hal_flash.c ****   {
 257              		.loc 1 576 6 view .LVU85
 258 003c D907     		lsls	r1, r3, #31
 579:Drivers/STM32F4xx_HAL_Driver/Src/stm32f4xx_hal_flash.c ****   }
 259              		.loc 1 579 5 is_stmt 1 view .LVU86
 582:Drivers/STM32F4xx_HAL_Driver/Src/stm32f4xx_hal_flash.c ****                             FLASH_FLAG_PGPERR | FLASH_FLAG_PGSERR | FLASH_FLAG_RDERR)) != RESET)
 260              		.loc 1 582 3 view .LVU87
 579:Drivers/STM32F4xx_HAL_Driver/Src/stm32f4xx_hal_flash.c ****   }
 261              		.loc 1 579 5 is_stmt 0 view .LVU88
 262 003e 44BF     		itt	mi
 263 0040 0123     		movmi	r3, #1
 264 0042 EB60     		strmi	r3, [r5, #12]
 582:Drivers/STM32F4xx_HAL_Driver/Src/stm32f4xx_hal_flash.c ****                             FLASH_FLAG_PGPERR | FLASH_FLAG_PGSERR | FLASH_FLAG_RDERR)) != RESET)
 265              		.loc 1 582 7 view .LVU89
 266 0044 3E4B     		ldr	r3, .L60+4
 267 0046 DA68     		ldr	r2, [r3, #12]
 582:Drivers/STM32F4xx_HAL_Driver/Src/stm32f4xx_hal_flash.c ****                             FLASH_FLAG_PGPERR | FLASH_FLAG_PGSERR | FLASH_FLAG_RDERR)) != RESET)
 268              		.loc 1 582 6 view .LVU90
 269 0048 12F4F97F 		tst	r2, #498
 270 004c 54D1     		bne	.L35
 271              	.LVL6:
 582:Drivers/STM32F4xx_HAL_Driver/Src/stm32f4xx_hal_flash.c ****                             FLASH_FLAG_PGPERR | FLASH_FLAG_PGSERR | FLASH_FLAG_RDERR)) != RESET)
 272              		.loc 1 582 6 view .LVU91
 273              	.LBE40:
 274              	.LBE42:
 174:Drivers/STM32F4xx_HAL_Driver/Src/stm32f4xx_hal_flash.c ****   {
 275              		.loc 1 174 3 is_stmt 1 view .LVU92
 176:Drivers/STM32F4xx_HAL_Driver/Src/stm32f4xx_hal_flash.c ****     {
ARM GAS  C:\Users\kaush\AppData\Local\Temp\ccUtUKps.s 			page 20


 276              		.loc 1 176 5 view .LVU93
 176:Drivers/STM32F4xx_HAL_Driver/Src/stm32f4xx_hal_flash.c ****     {
 277              		.loc 1 176 8 is_stmt 0 view .LVU94
 278 004e B9F1000F 		cmp	r9, #0
 279 0052 40D0     		beq	.L36
 181:Drivers/STM32F4xx_HAL_Driver/Src/stm32f4xx_hal_flash.c ****     {
 280              		.loc 1 181 10 is_stmt 1 view .LVU95
 181:Drivers/STM32F4xx_HAL_Driver/Src/stm32f4xx_hal_flash.c ****     {
 281              		.loc 1 181 13 is_stmt 0 view .LVU96
 282 0054 B9F1010F 		cmp	r9, #1
 283              	.LBB43:
 284              	.LBB44:
 676:Drivers/STM32F4xx_HAL_Driver/Src/stm32f4xx_hal_flash.c ****   FLASH->CR |= FLASH_PSIZE_HALF_WORD;
 285              		.loc 1 676 3 view .LVU97
 286 0058 1A69     		ldr	r2, [r3, #16]
 287              	.LBE44:
 288              	.LBE43:
 181:Drivers/STM32F4xx_HAL_Driver/Src/stm32f4xx_hal_flash.c ****     {
 289              		.loc 1 181 13 view .LVU98
 290 005a 51D0     		beq	.L57
 186:Drivers/STM32F4xx_HAL_Driver/Src/stm32f4xx_hal_flash.c ****     {
 291              		.loc 1 186 10 is_stmt 1 view .LVU99
 292              	.LBB47:
 293              	.LBB48:
 651:Drivers/STM32F4xx_HAL_Driver/Src/stm32f4xx_hal_flash.c ****   FLASH->CR |= FLASH_PSIZE_WORD;
 294              		.loc 1 651 3 is_stmt 0 view .LVU100
 295 005c 22F44072 		bic	r2, r2, #768
 296 0060 1A61     		str	r2, [r3, #16]
 652:Drivers/STM32F4xx_HAL_Driver/Src/stm32f4xx_hal_flash.c ****   FLASH->CR |= FLASH_CR_PG;
 297              		.loc 1 652 3 is_stmt 1 view .LVU101
 298              	.LBE48:
 299              	.LBE47:
 186:Drivers/STM32F4xx_HAL_Driver/Src/stm32f4xx_hal_flash.c ****     {
 300              		.loc 1 186 13 is_stmt 0 view .LVU102
 301 0062 B9F1020F 		cmp	r9, #2
 302              	.LBB51:
 303              	.LBB49:
 652:Drivers/STM32F4xx_HAL_Driver/Src/stm32f4xx_hal_flash.c ****   FLASH->CR |= FLASH_CR_PG;
 304              		.loc 1 652 8 view .LVU103
 305 0066 1A69     		ldr	r2, [r3, #16]
 306              	.LBE49:
 307              	.LBE51:
 186:Drivers/STM32F4xx_HAL_Driver/Src/stm32f4xx_hal_flash.c ****     {
 308              		.loc 1 186 13 view .LVU104
 309 0068 5ED0     		beq	.L58
 194:Drivers/STM32F4xx_HAL_Driver/Src/stm32f4xx_hal_flash.c ****     }
 310              		.loc 1 194 7 is_stmt 1 view .LVU105
 311              	.LVL7:
 312              	.LBB52:
 313              	.LBI52:
 611:Drivers/STM32F4xx_HAL_Driver/Src/stm32f4xx_hal_flash.c **** {
 314              		.loc 1 611 13 view .LVU106
 315              	.LBB53:
 614:Drivers/STM32F4xx_HAL_Driver/Src/stm32f4xx_hal_flash.c **** 
 316              		.loc 1 614 3 view .LVU107
 617:Drivers/STM32F4xx_HAL_Driver/Src/stm32f4xx_hal_flash.c ****   FLASH->CR |= FLASH_PSIZE_DOUBLE_WORD;
 317              		.loc 1 617 3 view .LVU108
ARM GAS  C:\Users\kaush\AppData\Local\Temp\ccUtUKps.s 			page 21


 618:Drivers/STM32F4xx_HAL_Driver/Src/stm32f4xx_hal_flash.c ****   FLASH->CR |= FLASH_CR_PG;
 318              		.loc 1 618 13 is_stmt 0 view .LVU109
 319 006a 42F44072 		orr	r2, r2, #768
 320 006e 1A61     		str	r2, [r3, #16]
 619:Drivers/STM32F4xx_HAL_Driver/Src/stm32f4xx_hal_flash.c **** 
 321              		.loc 1 619 3 is_stmt 1 view .LVU110
 619:Drivers/STM32F4xx_HAL_Driver/Src/stm32f4xx_hal_flash.c **** 
 322              		.loc 1 619 8 is_stmt 0 view .LVU111
 323 0070 1A69     		ldr	r2, [r3, #16]
 619:Drivers/STM32F4xx_HAL_Driver/Src/stm32f4xx_hal_flash.c **** 
 324              		.loc 1 619 13 view .LVU112
 325 0072 42F00102 		orr	r2, r2, #1
 326 0076 1A61     		str	r2, [r3, #16]
 622:Drivers/STM32F4xx_HAL_Driver/Src/stm32f4xx_hal_flash.c **** 
 327              		.loc 1 622 3 is_stmt 1 view .LVU113
 622:Drivers/STM32F4xx_HAL_Driver/Src/stm32f4xx_hal_flash.c **** 
 328              		.loc 1 622 29 is_stmt 0 view .LVU114
 329 0078 CAF80080 		str	r8, [r10]
 626:Drivers/STM32F4xx_HAL_Driver/Src/stm32f4xx_hal_flash.c **** 
 330              		.loc 1 626 3 is_stmt 1 view .LVU115
 331              	.LBB54:
 332              	.LBI54:
 333              		.file 2 "Drivers/CMSIS/Include/cmsis_gcc.h"
   1:Drivers/CMSIS/Include/cmsis_gcc.h **** /**************************************************************************//**
   2:Drivers/CMSIS/Include/cmsis_gcc.h ****  * @file     cmsis_gcc.h
   3:Drivers/CMSIS/Include/cmsis_gcc.h ****  * @brief    CMSIS compiler GCC header file
   4:Drivers/CMSIS/Include/cmsis_gcc.h ****  * @version  V5.4.1
   5:Drivers/CMSIS/Include/cmsis_gcc.h ****  * @date     27. May 2021
   6:Drivers/CMSIS/Include/cmsis_gcc.h ****  ******************************************************************************/
   7:Drivers/CMSIS/Include/cmsis_gcc.h **** /*
   8:Drivers/CMSIS/Include/cmsis_gcc.h ****  * Copyright (c) 2009-2021 Arm Limited. All rights reserved.
   9:Drivers/CMSIS/Include/cmsis_gcc.h ****  *
  10:Drivers/CMSIS/Include/cmsis_gcc.h ****  * SPDX-License-Identifier: Apache-2.0
  11:Drivers/CMSIS/Include/cmsis_gcc.h ****  *
  12:Drivers/CMSIS/Include/cmsis_gcc.h ****  * Licensed under the Apache License, Version 2.0 (the License); you may
  13:Drivers/CMSIS/Include/cmsis_gcc.h ****  * not use this file except in compliance with the License.
  14:Drivers/CMSIS/Include/cmsis_gcc.h ****  * You may obtain a copy of the License at
  15:Drivers/CMSIS/Include/cmsis_gcc.h ****  *
  16:Drivers/CMSIS/Include/cmsis_gcc.h ****  * www.apache.org/licenses/LICENSE-2.0
  17:Drivers/CMSIS/Include/cmsis_gcc.h ****  *
  18:Drivers/CMSIS/Include/cmsis_gcc.h ****  * Unless required by applicable law or agreed to in writing, software
  19:Drivers/CMSIS/Include/cmsis_gcc.h ****  * distributed under the License is distributed on an AS IS BASIS, WITHOUT
  20:Drivers/CMSIS/Include/cmsis_gcc.h ****  * WARRANTIES OR CONDITIONS OF ANY KIND, either express or implied.
  21:Drivers/CMSIS/Include/cmsis_gcc.h ****  * See the License for the specific language governing permissions and
  22:Drivers/CMSIS/Include/cmsis_gcc.h ****  * limitations under the License.
  23:Drivers/CMSIS/Include/cmsis_gcc.h ****  */
  24:Drivers/CMSIS/Include/cmsis_gcc.h **** 
  25:Drivers/CMSIS/Include/cmsis_gcc.h **** #ifndef __CMSIS_GCC_H
  26:Drivers/CMSIS/Include/cmsis_gcc.h **** #define __CMSIS_GCC_H
  27:Drivers/CMSIS/Include/cmsis_gcc.h **** 
  28:Drivers/CMSIS/Include/cmsis_gcc.h **** /* ignore some GCC warnings */
  29:Drivers/CMSIS/Include/cmsis_gcc.h **** #pragma GCC diagnostic push
  30:Drivers/CMSIS/Include/cmsis_gcc.h **** #pragma GCC diagnostic ignored "-Wsign-conversion"
  31:Drivers/CMSIS/Include/cmsis_gcc.h **** #pragma GCC diagnostic ignored "-Wconversion"
  32:Drivers/CMSIS/Include/cmsis_gcc.h **** #pragma GCC diagnostic ignored "-Wunused-parameter"
  33:Drivers/CMSIS/Include/cmsis_gcc.h **** 
  34:Drivers/CMSIS/Include/cmsis_gcc.h **** /* Fallback for __has_builtin */
ARM GAS  C:\Users\kaush\AppData\Local\Temp\ccUtUKps.s 			page 22


  35:Drivers/CMSIS/Include/cmsis_gcc.h **** #ifndef __has_builtin
  36:Drivers/CMSIS/Include/cmsis_gcc.h ****   #define __has_builtin(x) (0)
  37:Drivers/CMSIS/Include/cmsis_gcc.h **** #endif
  38:Drivers/CMSIS/Include/cmsis_gcc.h **** 
  39:Drivers/CMSIS/Include/cmsis_gcc.h **** /* CMSIS compiler specific defines */
  40:Drivers/CMSIS/Include/cmsis_gcc.h **** #ifndef   __ASM
  41:Drivers/CMSIS/Include/cmsis_gcc.h ****   #define __ASM                                  __asm
  42:Drivers/CMSIS/Include/cmsis_gcc.h **** #endif
  43:Drivers/CMSIS/Include/cmsis_gcc.h **** #ifndef   __INLINE
  44:Drivers/CMSIS/Include/cmsis_gcc.h ****   #define __INLINE                               inline
  45:Drivers/CMSIS/Include/cmsis_gcc.h **** #endif
  46:Drivers/CMSIS/Include/cmsis_gcc.h **** #ifndef   __STATIC_INLINE
  47:Drivers/CMSIS/Include/cmsis_gcc.h ****   #define __STATIC_INLINE                        static inline
  48:Drivers/CMSIS/Include/cmsis_gcc.h **** #endif
  49:Drivers/CMSIS/Include/cmsis_gcc.h **** #ifndef   __STATIC_FORCEINLINE
  50:Drivers/CMSIS/Include/cmsis_gcc.h ****   #define __STATIC_FORCEINLINE                   __attribute__((always_inline)) static inline
  51:Drivers/CMSIS/Include/cmsis_gcc.h **** #endif
  52:Drivers/CMSIS/Include/cmsis_gcc.h **** #ifndef   __NO_RETURN
  53:Drivers/CMSIS/Include/cmsis_gcc.h ****   #define __NO_RETURN                            __attribute__((__noreturn__))
  54:Drivers/CMSIS/Include/cmsis_gcc.h **** #endif
  55:Drivers/CMSIS/Include/cmsis_gcc.h **** #ifndef   __USED
  56:Drivers/CMSIS/Include/cmsis_gcc.h ****   #define __USED                                 __attribute__((used))
  57:Drivers/CMSIS/Include/cmsis_gcc.h **** #endif
  58:Drivers/CMSIS/Include/cmsis_gcc.h **** #ifndef   __WEAK
  59:Drivers/CMSIS/Include/cmsis_gcc.h ****   #define __WEAK                                 __attribute__((weak))
  60:Drivers/CMSIS/Include/cmsis_gcc.h **** #endif
  61:Drivers/CMSIS/Include/cmsis_gcc.h **** #ifndef   __PACKED
  62:Drivers/CMSIS/Include/cmsis_gcc.h ****   #define __PACKED                               __attribute__((packed, aligned(1)))
  63:Drivers/CMSIS/Include/cmsis_gcc.h **** #endif
  64:Drivers/CMSIS/Include/cmsis_gcc.h **** #ifndef   __PACKED_STRUCT
  65:Drivers/CMSIS/Include/cmsis_gcc.h ****   #define __PACKED_STRUCT                        struct __attribute__((packed, aligned(1)))
  66:Drivers/CMSIS/Include/cmsis_gcc.h **** #endif
  67:Drivers/CMSIS/Include/cmsis_gcc.h **** #ifndef   __PACKED_UNION
  68:Drivers/CMSIS/Include/cmsis_gcc.h ****   #define __PACKED_UNION                         union __attribute__((packed, aligned(1)))
  69:Drivers/CMSIS/Include/cmsis_gcc.h **** #endif
  70:Drivers/CMSIS/Include/cmsis_gcc.h **** #ifndef   __UNALIGNED_UINT32        /* deprecated */
  71:Drivers/CMSIS/Include/cmsis_gcc.h ****   #pragma GCC diagnostic push
  72:Drivers/CMSIS/Include/cmsis_gcc.h ****   #pragma GCC diagnostic ignored "-Wpacked"
  73:Drivers/CMSIS/Include/cmsis_gcc.h ****   #pragma GCC diagnostic ignored "-Wattributes"
  74:Drivers/CMSIS/Include/cmsis_gcc.h ****   struct __attribute__((packed)) T_UINT32 { uint32_t v; };
  75:Drivers/CMSIS/Include/cmsis_gcc.h ****   #pragma GCC diagnostic pop
  76:Drivers/CMSIS/Include/cmsis_gcc.h ****   #define __UNALIGNED_UINT32(x)                  (((struct T_UINT32 *)(x))->v)
  77:Drivers/CMSIS/Include/cmsis_gcc.h **** #endif
  78:Drivers/CMSIS/Include/cmsis_gcc.h **** #ifndef   __UNALIGNED_UINT16_WRITE
  79:Drivers/CMSIS/Include/cmsis_gcc.h ****   #pragma GCC diagnostic push
  80:Drivers/CMSIS/Include/cmsis_gcc.h ****   #pragma GCC diagnostic ignored "-Wpacked"
  81:Drivers/CMSIS/Include/cmsis_gcc.h ****   #pragma GCC diagnostic ignored "-Wattributes"
  82:Drivers/CMSIS/Include/cmsis_gcc.h ****   __PACKED_STRUCT T_UINT16_WRITE { uint16_t v; };
  83:Drivers/CMSIS/Include/cmsis_gcc.h ****   #pragma GCC diagnostic pop
  84:Drivers/CMSIS/Include/cmsis_gcc.h ****   #define __UNALIGNED_UINT16_WRITE(addr, val)    (void)((((struct T_UINT16_WRITE *)(void *)(addr))-
  85:Drivers/CMSIS/Include/cmsis_gcc.h **** #endif
  86:Drivers/CMSIS/Include/cmsis_gcc.h **** #ifndef   __UNALIGNED_UINT16_READ
  87:Drivers/CMSIS/Include/cmsis_gcc.h ****   #pragma GCC diagnostic push
  88:Drivers/CMSIS/Include/cmsis_gcc.h ****   #pragma GCC diagnostic ignored "-Wpacked"
  89:Drivers/CMSIS/Include/cmsis_gcc.h ****   #pragma GCC diagnostic ignored "-Wattributes"
  90:Drivers/CMSIS/Include/cmsis_gcc.h ****   __PACKED_STRUCT T_UINT16_READ { uint16_t v; };
  91:Drivers/CMSIS/Include/cmsis_gcc.h ****   #pragma GCC diagnostic pop
ARM GAS  C:\Users\kaush\AppData\Local\Temp\ccUtUKps.s 			page 23


  92:Drivers/CMSIS/Include/cmsis_gcc.h ****   #define __UNALIGNED_UINT16_READ(addr)          (((const struct T_UINT16_READ *)(const void *)(add
  93:Drivers/CMSIS/Include/cmsis_gcc.h **** #endif
  94:Drivers/CMSIS/Include/cmsis_gcc.h **** #ifndef   __UNALIGNED_UINT32_WRITE
  95:Drivers/CMSIS/Include/cmsis_gcc.h ****   #pragma GCC diagnostic push
  96:Drivers/CMSIS/Include/cmsis_gcc.h ****   #pragma GCC diagnostic ignored "-Wpacked"
  97:Drivers/CMSIS/Include/cmsis_gcc.h ****   #pragma GCC diagnostic ignored "-Wattributes"
  98:Drivers/CMSIS/Include/cmsis_gcc.h ****   __PACKED_STRUCT T_UINT32_WRITE { uint32_t v; };
  99:Drivers/CMSIS/Include/cmsis_gcc.h ****   #pragma GCC diagnostic pop
 100:Drivers/CMSIS/Include/cmsis_gcc.h ****   #define __UNALIGNED_UINT32_WRITE(addr, val)    (void)((((struct T_UINT32_WRITE *)(void *)(addr))-
 101:Drivers/CMSIS/Include/cmsis_gcc.h **** #endif
 102:Drivers/CMSIS/Include/cmsis_gcc.h **** #ifndef   __UNALIGNED_UINT32_READ
 103:Drivers/CMSIS/Include/cmsis_gcc.h ****   #pragma GCC diagnostic push
 104:Drivers/CMSIS/Include/cmsis_gcc.h ****   #pragma GCC diagnostic ignored "-Wpacked"
 105:Drivers/CMSIS/Include/cmsis_gcc.h ****   #pragma GCC diagnostic ignored "-Wattributes"
 106:Drivers/CMSIS/Include/cmsis_gcc.h ****   __PACKED_STRUCT T_UINT32_READ { uint32_t v; };
 107:Drivers/CMSIS/Include/cmsis_gcc.h ****   #pragma GCC diagnostic pop
 108:Drivers/CMSIS/Include/cmsis_gcc.h ****   #define __UNALIGNED_UINT32_READ(addr)          (((const struct T_UINT32_READ *)(const void *)(add
 109:Drivers/CMSIS/Include/cmsis_gcc.h **** #endif
 110:Drivers/CMSIS/Include/cmsis_gcc.h **** #ifndef   __ALIGNED
 111:Drivers/CMSIS/Include/cmsis_gcc.h ****   #define __ALIGNED(x)                           __attribute__((aligned(x)))
 112:Drivers/CMSIS/Include/cmsis_gcc.h **** #endif
 113:Drivers/CMSIS/Include/cmsis_gcc.h **** #ifndef   __RESTRICT
 114:Drivers/CMSIS/Include/cmsis_gcc.h ****   #define __RESTRICT                             __restrict
 115:Drivers/CMSIS/Include/cmsis_gcc.h **** #endif
 116:Drivers/CMSIS/Include/cmsis_gcc.h **** #ifndef   __COMPILER_BARRIER
 117:Drivers/CMSIS/Include/cmsis_gcc.h ****   #define __COMPILER_BARRIER()                   __ASM volatile("":::"memory")
 118:Drivers/CMSIS/Include/cmsis_gcc.h **** #endif
 119:Drivers/CMSIS/Include/cmsis_gcc.h **** 
 120:Drivers/CMSIS/Include/cmsis_gcc.h **** /* #########################  Startup and Lowlevel Init  ######################## */
 121:Drivers/CMSIS/Include/cmsis_gcc.h **** 
 122:Drivers/CMSIS/Include/cmsis_gcc.h **** #ifndef __PROGRAM_START
 123:Drivers/CMSIS/Include/cmsis_gcc.h **** 
 124:Drivers/CMSIS/Include/cmsis_gcc.h **** /**
 125:Drivers/CMSIS/Include/cmsis_gcc.h ****   \brief   Initializes data and bss sections
 126:Drivers/CMSIS/Include/cmsis_gcc.h ****   \details This default implementations initialized all data and additional bss
 127:Drivers/CMSIS/Include/cmsis_gcc.h ****            sections relying on .copy.table and .zero.table specified properly
 128:Drivers/CMSIS/Include/cmsis_gcc.h ****            in the used linker script.
 129:Drivers/CMSIS/Include/cmsis_gcc.h **** 
 130:Drivers/CMSIS/Include/cmsis_gcc.h ****  */
 131:Drivers/CMSIS/Include/cmsis_gcc.h **** __STATIC_FORCEINLINE __NO_RETURN void __cmsis_start(void)
 132:Drivers/CMSIS/Include/cmsis_gcc.h **** {
 133:Drivers/CMSIS/Include/cmsis_gcc.h ****   extern void _start(void) __NO_RETURN;
 134:Drivers/CMSIS/Include/cmsis_gcc.h **** 
 135:Drivers/CMSIS/Include/cmsis_gcc.h ****   typedef struct {
 136:Drivers/CMSIS/Include/cmsis_gcc.h ****     uint32_t const* src;
 137:Drivers/CMSIS/Include/cmsis_gcc.h ****     uint32_t* dest;
 138:Drivers/CMSIS/Include/cmsis_gcc.h ****     uint32_t  wlen;
 139:Drivers/CMSIS/Include/cmsis_gcc.h ****   } __copy_table_t;
 140:Drivers/CMSIS/Include/cmsis_gcc.h **** 
 141:Drivers/CMSIS/Include/cmsis_gcc.h ****   typedef struct {
 142:Drivers/CMSIS/Include/cmsis_gcc.h ****     uint32_t* dest;
 143:Drivers/CMSIS/Include/cmsis_gcc.h ****     uint32_t  wlen;
 144:Drivers/CMSIS/Include/cmsis_gcc.h ****   } __zero_table_t;
 145:Drivers/CMSIS/Include/cmsis_gcc.h **** 
 146:Drivers/CMSIS/Include/cmsis_gcc.h ****   extern const __copy_table_t __copy_table_start__;
 147:Drivers/CMSIS/Include/cmsis_gcc.h ****   extern const __copy_table_t __copy_table_end__;
 148:Drivers/CMSIS/Include/cmsis_gcc.h ****   extern const __zero_table_t __zero_table_start__;
ARM GAS  C:\Users\kaush\AppData\Local\Temp\ccUtUKps.s 			page 24


 149:Drivers/CMSIS/Include/cmsis_gcc.h ****   extern const __zero_table_t __zero_table_end__;
 150:Drivers/CMSIS/Include/cmsis_gcc.h **** 
 151:Drivers/CMSIS/Include/cmsis_gcc.h ****   for (__copy_table_t const* pTable = &__copy_table_start__; pTable < &__copy_table_end__; ++pTable
 152:Drivers/CMSIS/Include/cmsis_gcc.h ****     for(uint32_t i=0u; i<pTable->wlen; ++i) {
 153:Drivers/CMSIS/Include/cmsis_gcc.h ****       pTable->dest[i] = pTable->src[i];
 154:Drivers/CMSIS/Include/cmsis_gcc.h ****     }
 155:Drivers/CMSIS/Include/cmsis_gcc.h ****   }
 156:Drivers/CMSIS/Include/cmsis_gcc.h **** 
 157:Drivers/CMSIS/Include/cmsis_gcc.h ****   for (__zero_table_t const* pTable = &__zero_table_start__; pTable < &__zero_table_end__; ++pTable
 158:Drivers/CMSIS/Include/cmsis_gcc.h ****     for(uint32_t i=0u; i<pTable->wlen; ++i) {
 159:Drivers/CMSIS/Include/cmsis_gcc.h ****       pTable->dest[i] = 0u;
 160:Drivers/CMSIS/Include/cmsis_gcc.h ****     }
 161:Drivers/CMSIS/Include/cmsis_gcc.h ****   }
 162:Drivers/CMSIS/Include/cmsis_gcc.h **** 
 163:Drivers/CMSIS/Include/cmsis_gcc.h ****   _start();
 164:Drivers/CMSIS/Include/cmsis_gcc.h **** }
 165:Drivers/CMSIS/Include/cmsis_gcc.h **** 
 166:Drivers/CMSIS/Include/cmsis_gcc.h **** #define __PROGRAM_START           __cmsis_start
 167:Drivers/CMSIS/Include/cmsis_gcc.h **** #endif
 168:Drivers/CMSIS/Include/cmsis_gcc.h **** 
 169:Drivers/CMSIS/Include/cmsis_gcc.h **** #ifndef __INITIAL_SP
 170:Drivers/CMSIS/Include/cmsis_gcc.h **** #define __INITIAL_SP              __StackTop
 171:Drivers/CMSIS/Include/cmsis_gcc.h **** #endif
 172:Drivers/CMSIS/Include/cmsis_gcc.h **** 
 173:Drivers/CMSIS/Include/cmsis_gcc.h **** #ifndef __STACK_LIMIT
 174:Drivers/CMSIS/Include/cmsis_gcc.h **** #define __STACK_LIMIT             __StackLimit
 175:Drivers/CMSIS/Include/cmsis_gcc.h **** #endif
 176:Drivers/CMSIS/Include/cmsis_gcc.h **** 
 177:Drivers/CMSIS/Include/cmsis_gcc.h **** #ifndef __VECTOR_TABLE
 178:Drivers/CMSIS/Include/cmsis_gcc.h **** #define __VECTOR_TABLE            __Vectors
 179:Drivers/CMSIS/Include/cmsis_gcc.h **** #endif
 180:Drivers/CMSIS/Include/cmsis_gcc.h **** 
 181:Drivers/CMSIS/Include/cmsis_gcc.h **** #ifndef __VECTOR_TABLE_ATTRIBUTE
 182:Drivers/CMSIS/Include/cmsis_gcc.h **** #define __VECTOR_TABLE_ATTRIBUTE  __attribute__((used, section(".vectors")))
 183:Drivers/CMSIS/Include/cmsis_gcc.h **** #endif
 184:Drivers/CMSIS/Include/cmsis_gcc.h **** 
 185:Drivers/CMSIS/Include/cmsis_gcc.h **** #if defined (__ARM_FEATURE_CMSE) && (__ARM_FEATURE_CMSE == 3U)
 186:Drivers/CMSIS/Include/cmsis_gcc.h **** #ifndef __STACK_SEAL
 187:Drivers/CMSIS/Include/cmsis_gcc.h **** #define __STACK_SEAL              __StackSeal
 188:Drivers/CMSIS/Include/cmsis_gcc.h **** #endif
 189:Drivers/CMSIS/Include/cmsis_gcc.h **** 
 190:Drivers/CMSIS/Include/cmsis_gcc.h **** #ifndef __TZ_STACK_SEAL_SIZE
 191:Drivers/CMSIS/Include/cmsis_gcc.h **** #define __TZ_STACK_SEAL_SIZE      8U
 192:Drivers/CMSIS/Include/cmsis_gcc.h **** #endif
 193:Drivers/CMSIS/Include/cmsis_gcc.h **** 
 194:Drivers/CMSIS/Include/cmsis_gcc.h **** #ifndef __TZ_STACK_SEAL_VALUE
 195:Drivers/CMSIS/Include/cmsis_gcc.h **** #define __TZ_STACK_SEAL_VALUE     0xFEF5EDA5FEF5EDA5ULL
 196:Drivers/CMSIS/Include/cmsis_gcc.h **** #endif
 197:Drivers/CMSIS/Include/cmsis_gcc.h **** 
 198:Drivers/CMSIS/Include/cmsis_gcc.h **** 
 199:Drivers/CMSIS/Include/cmsis_gcc.h **** __STATIC_FORCEINLINE void __TZ_set_STACKSEAL_S (uint32_t* stackTop) {
 200:Drivers/CMSIS/Include/cmsis_gcc.h ****   *((uint64_t *)stackTop) = __TZ_STACK_SEAL_VALUE;
 201:Drivers/CMSIS/Include/cmsis_gcc.h **** }
 202:Drivers/CMSIS/Include/cmsis_gcc.h **** #endif
 203:Drivers/CMSIS/Include/cmsis_gcc.h **** 
 204:Drivers/CMSIS/Include/cmsis_gcc.h **** 
 205:Drivers/CMSIS/Include/cmsis_gcc.h **** /* ##########################  Core Instruction Access  ######################### */
ARM GAS  C:\Users\kaush\AppData\Local\Temp\ccUtUKps.s 			page 25


 206:Drivers/CMSIS/Include/cmsis_gcc.h **** /** \defgroup CMSIS_Core_InstructionInterface CMSIS Core Instruction Interface
 207:Drivers/CMSIS/Include/cmsis_gcc.h ****   Access to dedicated instructions
 208:Drivers/CMSIS/Include/cmsis_gcc.h ****   @{
 209:Drivers/CMSIS/Include/cmsis_gcc.h **** */
 210:Drivers/CMSIS/Include/cmsis_gcc.h **** 
 211:Drivers/CMSIS/Include/cmsis_gcc.h **** /* Define macros for porting to both thumb1 and thumb2.
 212:Drivers/CMSIS/Include/cmsis_gcc.h ****  * For thumb1, use low register (r0-r7), specified by constraint "l"
 213:Drivers/CMSIS/Include/cmsis_gcc.h ****  * Otherwise, use general registers, specified by constraint "r" */
 214:Drivers/CMSIS/Include/cmsis_gcc.h **** #if defined (__thumb__) && !defined (__thumb2__)
 215:Drivers/CMSIS/Include/cmsis_gcc.h **** #define __CMSIS_GCC_OUT_REG(r) "=l" (r)
 216:Drivers/CMSIS/Include/cmsis_gcc.h **** #define __CMSIS_GCC_RW_REG(r) "+l" (r)
 217:Drivers/CMSIS/Include/cmsis_gcc.h **** #define __CMSIS_GCC_USE_REG(r) "l" (r)
 218:Drivers/CMSIS/Include/cmsis_gcc.h **** #else
 219:Drivers/CMSIS/Include/cmsis_gcc.h **** #define __CMSIS_GCC_OUT_REG(r) "=r" (r)
 220:Drivers/CMSIS/Include/cmsis_gcc.h **** #define __CMSIS_GCC_RW_REG(r) "+r" (r)
 221:Drivers/CMSIS/Include/cmsis_gcc.h **** #define __CMSIS_GCC_USE_REG(r) "r" (r)
 222:Drivers/CMSIS/Include/cmsis_gcc.h **** #endif
 223:Drivers/CMSIS/Include/cmsis_gcc.h **** 
 224:Drivers/CMSIS/Include/cmsis_gcc.h **** /**
 225:Drivers/CMSIS/Include/cmsis_gcc.h ****   \brief   No Operation
 226:Drivers/CMSIS/Include/cmsis_gcc.h ****   \details No Operation does nothing. This instruction can be used for code alignment purposes.
 227:Drivers/CMSIS/Include/cmsis_gcc.h ****  */
 228:Drivers/CMSIS/Include/cmsis_gcc.h **** #define __NOP()                             __ASM volatile ("nop")
 229:Drivers/CMSIS/Include/cmsis_gcc.h **** 
 230:Drivers/CMSIS/Include/cmsis_gcc.h **** /**
 231:Drivers/CMSIS/Include/cmsis_gcc.h ****   \brief   Wait For Interrupt
 232:Drivers/CMSIS/Include/cmsis_gcc.h ****   \details Wait For Interrupt is a hint instruction that suspends execution until one of a number o
 233:Drivers/CMSIS/Include/cmsis_gcc.h ****  */
 234:Drivers/CMSIS/Include/cmsis_gcc.h **** #define __WFI()                             __ASM volatile ("wfi":::"memory")
 235:Drivers/CMSIS/Include/cmsis_gcc.h **** 
 236:Drivers/CMSIS/Include/cmsis_gcc.h **** 
 237:Drivers/CMSIS/Include/cmsis_gcc.h **** /**
 238:Drivers/CMSIS/Include/cmsis_gcc.h ****   \brief   Wait For Event
 239:Drivers/CMSIS/Include/cmsis_gcc.h ****   \details Wait For Event is a hint instruction that permits the processor to enter
 240:Drivers/CMSIS/Include/cmsis_gcc.h ****            a low-power state until one of a number of events occurs.
 241:Drivers/CMSIS/Include/cmsis_gcc.h ****  */
 242:Drivers/CMSIS/Include/cmsis_gcc.h **** #define __WFE()                             __ASM volatile ("wfe":::"memory")
 243:Drivers/CMSIS/Include/cmsis_gcc.h **** 
 244:Drivers/CMSIS/Include/cmsis_gcc.h **** 
 245:Drivers/CMSIS/Include/cmsis_gcc.h **** /**
 246:Drivers/CMSIS/Include/cmsis_gcc.h ****   \brief   Send Event
 247:Drivers/CMSIS/Include/cmsis_gcc.h ****   \details Send Event is a hint instruction. It causes an event to be signaled to the CPU.
 248:Drivers/CMSIS/Include/cmsis_gcc.h ****  */
 249:Drivers/CMSIS/Include/cmsis_gcc.h **** #define __SEV()                             __ASM volatile ("sev")
 250:Drivers/CMSIS/Include/cmsis_gcc.h **** 
 251:Drivers/CMSIS/Include/cmsis_gcc.h **** 
 252:Drivers/CMSIS/Include/cmsis_gcc.h **** /**
 253:Drivers/CMSIS/Include/cmsis_gcc.h ****   \brief   Instruction Synchronization Barrier
 254:Drivers/CMSIS/Include/cmsis_gcc.h ****   \details Instruction Synchronization Barrier flushes the pipeline in the processor,
 255:Drivers/CMSIS/Include/cmsis_gcc.h ****            so that all instructions following the ISB are fetched from cache or memory,
 256:Drivers/CMSIS/Include/cmsis_gcc.h ****            after the instruction has been completed.
 257:Drivers/CMSIS/Include/cmsis_gcc.h ****  */
 258:Drivers/CMSIS/Include/cmsis_gcc.h **** __STATIC_FORCEINLINE void __ISB(void)
 334              		.loc 2 258 27 view .LVU116
 335              	.LBB55:
 259:Drivers/CMSIS/Include/cmsis_gcc.h **** {
 260:Drivers/CMSIS/Include/cmsis_gcc.h ****   __ASM volatile ("isb 0xF":::"memory");
ARM GAS  C:\Users\kaush\AppData\Local\Temp\ccUtUKps.s 			page 26


 336              		.loc 2 260 3 view .LVU117
 337              		.syntax unified
 338              	@ 260 "Drivers/CMSIS/Include/cmsis_gcc.h" 1
 339 007c BFF36F8F 		isb 0xF
 340              	@ 0 "" 2
 341              		.thumb
 342              		.syntax unified
 343              	.LBE55:
 344              	.LBE54:
 629:Drivers/STM32F4xx_HAL_Driver/Src/stm32f4xx_hal_flash.c **** }
 345              		.loc 1 629 3 view .LVU118
 629:Drivers/STM32F4xx_HAL_Driver/Src/stm32f4xx_hal_flash.c **** }
 346              		.loc 1 629 35 is_stmt 0 view .LVU119
 347 0080 CAF804B0 		str	fp, [r10, #4]
 348              	.LVL8:
 349              	.L38:
 629:Drivers/STM32F4xx_HAL_Driver/Src/stm32f4xx_hal_flash.c **** }
 350              		.loc 1 629 35 view .LVU120
 351              	.LBE53:
 352              	.LBE52:
 198:Drivers/STM32F4xx_HAL_Driver/Src/stm32f4xx_hal_flash.c **** 
 353              		.loc 1 198 5 is_stmt 1 view .LVU121
 354              	.LBB56:
 355              	.LBI56:
 551:Drivers/STM32F4xx_HAL_Driver/Src/stm32f4xx_hal_flash.c **** {
 356              		.loc 1 551 19 view .LVU122
 357              	.LBB57:
 553:Drivers/STM32F4xx_HAL_Driver/Src/stm32f4xx_hal_flash.c **** 
 358              		.loc 1 553 3 view .LVU123
 556:Drivers/STM32F4xx_HAL_Driver/Src/stm32f4xx_hal_flash.c **** 
 359              		.loc 1 556 3 view .LVU124
 556:Drivers/STM32F4xx_HAL_Driver/Src/stm32f4xx_hal_flash.c **** 
 360              		.loc 1 556 20 is_stmt 0 view .LVU125
 361 0084 0023     		movs	r3, #0
 362 0086 FB61     		str	r3, [r7, #28]
 562:Drivers/STM32F4xx_HAL_Driver/Src/stm32f4xx_hal_flash.c **** 
 363              		.loc 1 562 3 is_stmt 1 view .LVU126
 562:Drivers/STM32F4xx_HAL_Driver/Src/stm32f4xx_hal_flash.c **** 
 364              		.loc 1 562 15 is_stmt 0 view .LVU127
 365 0088 FFF7FEFF 		bl	HAL_GetTick
 366              	.LVL9:
 564:Drivers/STM32F4xx_HAL_Driver/Src/stm32f4xx_hal_flash.c ****   {
 367              		.loc 1 564 10 view .LVU128
 368 008c 2C4D     		ldr	r5, .L60+4
 562:Drivers/STM32F4xx_HAL_Driver/Src/stm32f4xx_hal_flash.c **** 
 369              		.loc 1 562 15 view .LVU129
 370 008e 0446     		mov	r4, r0
 371              	.LVL10:
 564:Drivers/STM32F4xx_HAL_Driver/Src/stm32f4xx_hal_flash.c ****   {
 372              		.loc 1 564 3 is_stmt 1 view .LVU130
 568:Drivers/STM32F4xx_HAL_Driver/Src/stm32f4xx_hal_flash.c ****       {
 373              		.loc 1 568 27 is_stmt 0 discriminator 1 view .LVU131
 374 0090 4CF25036 		movw	r6, #50000
 564:Drivers/STM32F4xx_HAL_Driver/Src/stm32f4xx_hal_flash.c ****   {
 375              		.loc 1 564 9 view .LVU132
 376 0094 04E0     		b	.L41
 377              	.LVL11:
ARM GAS  C:\Users\kaush\AppData\Local\Temp\ccUtUKps.s 			page 27


 378              	.L43:
 568:Drivers/STM32F4xx_HAL_Driver/Src/stm32f4xx_hal_flash.c ****       {
 379              		.loc 1 568 32 discriminator 1 view .LVU133
 380 0096 FFF7FEFF 		bl	HAL_GetTick
 381              	.LVL12:
 568:Drivers/STM32F4xx_HAL_Driver/Src/stm32f4xx_hal_flash.c ****       {
 382              		.loc 1 568 46 discriminator 1 view .LVU134
 383 009a 001B     		subs	r0, r0, r4
 568:Drivers/STM32F4xx_HAL_Driver/Src/stm32f4xx_hal_flash.c ****       {
 384              		.loc 1 568 27 discriminator 1 view .LVU135
 385 009c B042     		cmp	r0, r6
 386 009e 29D8     		bhi	.L47
 387              	.L41:
 566:Drivers/STM32F4xx_HAL_Driver/Src/stm32f4xx_hal_flash.c ****     {
 388              		.loc 1 566 5 is_stmt 1 view .LVU136
 568:Drivers/STM32F4xx_HAL_Driver/Src/stm32f4xx_hal_flash.c ****       {
 389              		.loc 1 568 7 view .LVU137
 564:Drivers/STM32F4xx_HAL_Driver/Src/stm32f4xx_hal_flash.c ****   {
 390              		.loc 1 564 47 view .LVU138
 564:Drivers/STM32F4xx_HAL_Driver/Src/stm32f4xx_hal_flash.c ****   {
 391              		.loc 1 564 10 is_stmt 0 view .LVU139
 392 00a0 EB68     		ldr	r3, [r5, #12]
 564:Drivers/STM32F4xx_HAL_Driver/Src/stm32f4xx_hal_flash.c ****   {
 393              		.loc 1 564 47 view .LVU140
 394 00a2 DA03     		lsls	r2, r3, #15
 395 00a4 F7D4     		bmi	.L43
 576:Drivers/STM32F4xx_HAL_Driver/Src/stm32f4xx_hal_flash.c ****   {
 396              		.loc 1 576 3 is_stmt 1 view .LVU141
 576:Drivers/STM32F4xx_HAL_Driver/Src/stm32f4xx_hal_flash.c ****   {
 397              		.loc 1 576 7 is_stmt 0 view .LVU142
 398 00a6 EB68     		ldr	r3, [r5, #12]
 576:Drivers/STM32F4xx_HAL_Driver/Src/stm32f4xx_hal_flash.c ****   {
 399              		.loc 1 576 6 view .LVU143
 400 00a8 DB07     		lsls	r3, r3, #31
 579:Drivers/STM32F4xx_HAL_Driver/Src/stm32f4xx_hal_flash.c ****   }
 401              		.loc 1 579 5 is_stmt 1 view .LVU144
 582:Drivers/STM32F4xx_HAL_Driver/Src/stm32f4xx_hal_flash.c ****                             FLASH_FLAG_PGPERR | FLASH_FLAG_PGSERR | FLASH_FLAG_RDERR)) != RESET)
 402              		.loc 1 582 3 view .LVU145
 579:Drivers/STM32F4xx_HAL_Driver/Src/stm32f4xx_hal_flash.c ****   }
 403              		.loc 1 579 5 is_stmt 0 view .LVU146
 404 00aa 44BF     		itt	mi
 405 00ac 0123     		movmi	r3, #1
 406 00ae EB60     		strmi	r3, [r5, #12]
 582:Drivers/STM32F4xx_HAL_Driver/Src/stm32f4xx_hal_flash.c ****                             FLASH_FLAG_PGPERR | FLASH_FLAG_PGSERR | FLASH_FLAG_RDERR)) != RESET)
 407              		.loc 1 582 7 view .LVU147
 408 00b0 234B     		ldr	r3, .L60+4
 409 00b2 D868     		ldr	r0, [r3, #12]
 582:Drivers/STM32F4xx_HAL_Driver/Src/stm32f4xx_hal_flash.c ****                             FLASH_FLAG_PGPERR | FLASH_FLAG_PGSERR | FLASH_FLAG_RDERR)) != RESET)
 410              		.loc 1 582 6 view .LVU148
 411 00b4 10F4F970 		ands	r0, r0, #498
 412 00b8 32D1     		bne	.L59
 413              	.L42:
 414              	.LVL13:
 582:Drivers/STM32F4xx_HAL_Driver/Src/stm32f4xx_hal_flash.c ****                             FLASH_FLAG_PGPERR | FLASH_FLAG_PGSERR | FLASH_FLAG_RDERR)) != RESET)
 415              		.loc 1 582 6 view .LVU149
 416              	.LBE57:
 417              	.LBE56:
ARM GAS  C:\Users\kaush\AppData\Local\Temp\ccUtUKps.s 			page 28


 201:Drivers/STM32F4xx_HAL_Driver/Src/stm32f4xx_hal_flash.c ****   }
 418              		.loc 1 201 5 is_stmt 1 view .LVU150
 201:Drivers/STM32F4xx_HAL_Driver/Src/stm32f4xx_hal_flash.c ****   }
 419              		.loc 1 201 10 is_stmt 0 view .LVU151
 420 00ba 214A     		ldr	r2, .L60+4
 421 00bc 1369     		ldr	r3, [r2, #16]
 201:Drivers/STM32F4xx_HAL_Driver/Src/stm32f4xx_hal_flash.c ****   }
 422              		.loc 1 201 15 view .LVU152
 423 00be 23F00103 		bic	r3, r3, #1
 424 00c2 1361     		str	r3, [r2, #16]
 425 00c4 00E0     		b	.L32
 426              	.LVL14:
 427              	.L46:
 172:Drivers/STM32F4xx_HAL_Driver/Src/stm32f4xx_hal_flash.c **** 
 428              		.loc 1 172 12 view .LVU153
 429 00c6 0320     		movs	r0, #3
 430              	.LVL15:
 431              	.L32:
 205:Drivers/STM32F4xx_HAL_Driver/Src/stm32f4xx_hal_flash.c **** 
 432              		.loc 1 205 3 is_stmt 1 view .LVU154
 205:Drivers/STM32F4xx_HAL_Driver/Src/stm32f4xx_hal_flash.c **** 
 433              		.loc 1 205 3 view .LVU155
 434 00c8 0023     		movs	r3, #0
 435 00ca 3B76     		strb	r3, [r7, #24]
 205:Drivers/STM32F4xx_HAL_Driver/Src/stm32f4xx_hal_flash.c **** 
 436              		.loc 1 205 3 view .LVU156
 207:Drivers/STM32F4xx_HAL_Driver/Src/stm32f4xx_hal_flash.c **** }
 437              		.loc 1 207 3 view .LVU157
 208:Drivers/STM32F4xx_HAL_Driver/Src/stm32f4xx_hal_flash.c **** 
 438              		.loc 1 208 1 is_stmt 0 view .LVU158
 439 00cc BDE8F88F 		pop	{r3, r4, r5, r6, r7, r8, r9, r10, fp, pc}
 440              	.LVL16:
 441              	.L45:
 166:Drivers/STM32F4xx_HAL_Driver/Src/stm32f4xx_hal_flash.c **** 
 442              		.loc 1 166 3 discriminator 1 view .LVU159
 443 00d0 0220     		movs	r0, #2
 444              	.LVL17:
 208:Drivers/STM32F4xx_HAL_Driver/Src/stm32f4xx_hal_flash.c **** 
 445              		.loc 1 208 1 view .LVU160
 446 00d2 BDE8F88F 		pop	{r3, r4, r5, r6, r7, r8, r9, r10, fp, pc}
 447              	.LVL18:
 448              	.L36:
 179:Drivers/STM32F4xx_HAL_Driver/Src/stm32f4xx_hal_flash.c ****     }
 449              		.loc 1 179 7 is_stmt 1 view .LVU161
 450              	.LBB60:
 451              	.LBB61:
 701:Drivers/STM32F4xx_HAL_Driver/Src/stm32f4xx_hal_flash.c ****   FLASH->CR |= FLASH_PSIZE_BYTE;
 452              		.loc 1 701 3 is_stmt 0 view .LVU162
 453 00d6 1A69     		ldr	r2, [r3, #16]
 454 00d8 22F44072 		bic	r2, r2, #768
 455 00dc 1A61     		str	r2, [r3, #16]
 702:Drivers/STM32F4xx_HAL_Driver/Src/stm32f4xx_hal_flash.c ****   FLASH->CR |= FLASH_CR_PG;
 456              		.loc 1 702 8 view .LVU163
 457 00de 1A69     		ldr	r2, [r3, #16]
 702:Drivers/STM32F4xx_HAL_Driver/Src/stm32f4xx_hal_flash.c ****   FLASH->CR |= FLASH_CR_PG;
 458              		.loc 1 702 13 view .LVU164
 459 00e0 1A61     		str	r2, [r3, #16]
ARM GAS  C:\Users\kaush\AppData\Local\Temp\ccUtUKps.s 			page 29


 703:Drivers/STM32F4xx_HAL_Driver/Src/stm32f4xx_hal_flash.c **** 
 460              		.loc 1 703 8 view .LVU165
 461 00e2 1A69     		ldr	r2, [r3, #16]
 462              	.LBE61:
 463              	.LBE60:
 179:Drivers/STM32F4xx_HAL_Driver/Src/stm32f4xx_hal_flash.c ****     }
 464              		.loc 1 179 7 view .LVU166
 465 00e4 5FFA88F8 		uxtb	r8, r8
 466              	.LVL19:
 467              	.LBB63:
 468              	.LBI60:
 695:Drivers/STM32F4xx_HAL_Driver/Src/stm32f4xx_hal_flash.c **** {
 469              		.loc 1 695 13 is_stmt 1 view .LVU167
 470              	.LBB62:
 698:Drivers/STM32F4xx_HAL_Driver/Src/stm32f4xx_hal_flash.c **** 
 471              		.loc 1 698 3 view .LVU168
 701:Drivers/STM32F4xx_HAL_Driver/Src/stm32f4xx_hal_flash.c ****   FLASH->CR |= FLASH_PSIZE_BYTE;
 472              		.loc 1 701 3 view .LVU169
 702:Drivers/STM32F4xx_HAL_Driver/Src/stm32f4xx_hal_flash.c ****   FLASH->CR |= FLASH_CR_PG;
 473              		.loc 1 702 3 view .LVU170
 703:Drivers/STM32F4xx_HAL_Driver/Src/stm32f4xx_hal_flash.c **** 
 474              		.loc 1 703 3 view .LVU171
 703:Drivers/STM32F4xx_HAL_Driver/Src/stm32f4xx_hal_flash.c **** 
 475              		.loc 1 703 13 is_stmt 0 view .LVU172
 476 00e8 42F00102 		orr	r2, r2, #1
 477 00ec 1A61     		str	r2, [r3, #16]
 705:Drivers/STM32F4xx_HAL_Driver/Src/stm32f4xx_hal_flash.c **** }
 478              		.loc 1 705 3 is_stmt 1 view .LVU173
 705:Drivers/STM32F4xx_HAL_Driver/Src/stm32f4xx_hal_flash.c **** }
 479              		.loc 1 705 28 is_stmt 0 view .LVU174
 480 00ee 8AF80080 		strb	r8, [r10]
 481              	.LVL20:
 706:Drivers/STM32F4xx_HAL_Driver/Src/stm32f4xx_hal_flash.c **** 
 482              		.loc 1 706 1 view .LVU175
 483 00f2 C7E7     		b	.L38
 484              	.LVL21:
 485              	.L47:
 706:Drivers/STM32F4xx_HAL_Driver/Src/stm32f4xx_hal_flash.c **** 
 486              		.loc 1 706 1 view .LVU176
 487              	.LBE62:
 488              	.LBE63:
 489              	.LBB64:
 490              	.LBB58:
 570:Drivers/STM32F4xx_HAL_Driver/Src/stm32f4xx_hal_flash.c ****       }
 491              		.loc 1 570 16 view .LVU177
 492 00f4 0320     		movs	r0, #3
 493 00f6 E0E7     		b	.L42
 494              	.LVL22:
 495              	.L35:
 570:Drivers/STM32F4xx_HAL_Driver/Src/stm32f4xx_hal_flash.c ****       }
 496              		.loc 1 570 16 view .LVU178
 497              	.LBE58:
 498              	.LBE64:
 499              	.LBB65:
 500              	.LBB41:
 590:Drivers/STM32F4xx_HAL_Driver/Src/stm32f4xx_hal_flash.c ****     return HAL_ERROR;
 501              		.loc 1 590 5 is_stmt 1 view .LVU179
ARM GAS  C:\Users\kaush\AppData\Local\Temp\ccUtUKps.s 			page 30


 502 00f8 FFF7FEFF 		bl	FLASH_SetErrorCode
 503              	.LVL23:
 591:Drivers/STM32F4xx_HAL_Driver/Src/stm32f4xx_hal_flash.c ****   }
 504              		.loc 1 591 5 view .LVU180
 591:Drivers/STM32F4xx_HAL_Driver/Src/stm32f4xx_hal_flash.c ****   }
 505              		.loc 1 591 5 is_stmt 0 view .LVU181
 506              	.LBE41:
 507              	.LBE65:
 174:Drivers/STM32F4xx_HAL_Driver/Src/stm32f4xx_hal_flash.c ****   {
 508              		.loc 1 174 3 is_stmt 1 view .LVU182
 172:Drivers/STM32F4xx_HAL_Driver/Src/stm32f4xx_hal_flash.c **** 
 509              		.loc 1 172 12 is_stmt 0 view .LVU183
 510 00fc 0120     		movs	r0, #1
 511 00fe E3E7     		b	.L32
 512              	.LVL24:
 513              	.L57:
 184:Drivers/STM32F4xx_HAL_Driver/Src/stm32f4xx_hal_flash.c ****     }
 514              		.loc 1 184 7 is_stmt 1 view .LVU184
 515              	.LBB66:
 516              	.LBB45:
 676:Drivers/STM32F4xx_HAL_Driver/Src/stm32f4xx_hal_flash.c ****   FLASH->CR |= FLASH_PSIZE_HALF_WORD;
 517              		.loc 1 676 3 is_stmt 0 view .LVU185
 518 0100 22F44072 		bic	r2, r2, #768
 519 0104 1A61     		str	r2, [r3, #16]
 677:Drivers/STM32F4xx_HAL_Driver/Src/stm32f4xx_hal_flash.c ****   FLASH->CR |= FLASH_CR_PG;
 520              		.loc 1 677 8 view .LVU186
 521 0106 1A69     		ldr	r2, [r3, #16]
 677:Drivers/STM32F4xx_HAL_Driver/Src/stm32f4xx_hal_flash.c ****   FLASH->CR |= FLASH_CR_PG;
 522              		.loc 1 677 13 view .LVU187
 523 0108 42F48072 		orr	r2, r2, #256
 524 010c 1A61     		str	r2, [r3, #16]
 678:Drivers/STM32F4xx_HAL_Driver/Src/stm32f4xx_hal_flash.c **** 
 525              		.loc 1 678 8 view .LVU188
 526 010e 1A69     		ldr	r2, [r3, #16]
 527              	.LBE45:
 528              	.LBE66:
 184:Drivers/STM32F4xx_HAL_Driver/Src/stm32f4xx_hal_flash.c ****     }
 529              		.loc 1 184 7 view .LVU189
 530 0110 1FFA88F8 		uxth	r8, r8
 531              	.LVL25:
 532              	.LBB67:
 533              	.LBI43:
 670:Drivers/STM32F4xx_HAL_Driver/Src/stm32f4xx_hal_flash.c **** {
 534              		.loc 1 670 13 is_stmt 1 view .LVU190
 535              	.LBB46:
 673:Drivers/STM32F4xx_HAL_Driver/Src/stm32f4xx_hal_flash.c **** 
 536              		.loc 1 673 3 view .LVU191
 676:Drivers/STM32F4xx_HAL_Driver/Src/stm32f4xx_hal_flash.c ****   FLASH->CR |= FLASH_PSIZE_HALF_WORD;
 537              		.loc 1 676 3 view .LVU192
 677:Drivers/STM32F4xx_HAL_Driver/Src/stm32f4xx_hal_flash.c ****   FLASH->CR |= FLASH_CR_PG;
 538              		.loc 1 677 3 view .LVU193
 678:Drivers/STM32F4xx_HAL_Driver/Src/stm32f4xx_hal_flash.c **** 
 539              		.loc 1 678 3 view .LVU194
 678:Drivers/STM32F4xx_HAL_Driver/Src/stm32f4xx_hal_flash.c **** 
 540              		.loc 1 678 13 is_stmt 0 view .LVU195
 541 0114 42F00102 		orr	r2, r2, #1
 542 0118 1A61     		str	r2, [r3, #16]
ARM GAS  C:\Users\kaush\AppData\Local\Temp\ccUtUKps.s 			page 31


 680:Drivers/STM32F4xx_HAL_Driver/Src/stm32f4xx_hal_flash.c **** }
 543              		.loc 1 680 3 is_stmt 1 view .LVU196
 680:Drivers/STM32F4xx_HAL_Driver/Src/stm32f4xx_hal_flash.c **** }
 544              		.loc 1 680 29 is_stmt 0 view .LVU197
 545 011a AAF80080 		strh	r8, [r10]	@ movhi
 546              	.LVL26:
 681:Drivers/STM32F4xx_HAL_Driver/Src/stm32f4xx_hal_flash.c **** 
 547              		.loc 1 681 1 view .LVU198
 548 011e B1E7     		b	.L38
 549              	.LVL27:
 550              	.L59:
 681:Drivers/STM32F4xx_HAL_Driver/Src/stm32f4xx_hal_flash.c **** 
 551              		.loc 1 681 1 view .LVU199
 552              	.LBE46:
 553              	.LBE67:
 554              	.LBB68:
 555              	.LBB59:
 590:Drivers/STM32F4xx_HAL_Driver/Src/stm32f4xx_hal_flash.c ****     return HAL_ERROR;
 556              		.loc 1 590 5 is_stmt 1 view .LVU200
 557 0120 FFF7FEFF 		bl	FLASH_SetErrorCode
 558              	.LVL28:
 591:Drivers/STM32F4xx_HAL_Driver/Src/stm32f4xx_hal_flash.c ****   }
 559              		.loc 1 591 5 view .LVU201
 591:Drivers/STM32F4xx_HAL_Driver/Src/stm32f4xx_hal_flash.c ****   }
 560              		.loc 1 591 12 is_stmt 0 view .LVU202
 561 0124 0120     		movs	r0, #1
 562 0126 C8E7     		b	.L42
 563              	.LVL29:
 564              	.L58:
 591:Drivers/STM32F4xx_HAL_Driver/Src/stm32f4xx_hal_flash.c ****   }
 565              		.loc 1 591 12 view .LVU203
 566              	.LBE59:
 567              	.LBE68:
 189:Drivers/STM32F4xx_HAL_Driver/Src/stm32f4xx_hal_flash.c ****     }
 568              		.loc 1 189 7 is_stmt 1 view .LVU204
 569              	.LBB69:
 570              	.LBI47:
 645:Drivers/STM32F4xx_HAL_Driver/Src/stm32f4xx_hal_flash.c **** {
 571              		.loc 1 645 13 view .LVU205
 572              	.LBB50:
 648:Drivers/STM32F4xx_HAL_Driver/Src/stm32f4xx_hal_flash.c **** 
 573              		.loc 1 648 3 view .LVU206
 651:Drivers/STM32F4xx_HAL_Driver/Src/stm32f4xx_hal_flash.c ****   FLASH->CR |= FLASH_PSIZE_WORD;
 574              		.loc 1 651 3 view .LVU207
 652:Drivers/STM32F4xx_HAL_Driver/Src/stm32f4xx_hal_flash.c ****   FLASH->CR |= FLASH_CR_PG;
 575              		.loc 1 652 13 is_stmt 0 view .LVU208
 576 0128 42F40072 		orr	r2, r2, #512
 577 012c 1A61     		str	r2, [r3, #16]
 653:Drivers/STM32F4xx_HAL_Driver/Src/stm32f4xx_hal_flash.c **** 
 578              		.loc 1 653 3 is_stmt 1 view .LVU209
 653:Drivers/STM32F4xx_HAL_Driver/Src/stm32f4xx_hal_flash.c **** 
 579              		.loc 1 653 8 is_stmt 0 view .LVU210
 580 012e 1A69     		ldr	r2, [r3, #16]
 653:Drivers/STM32F4xx_HAL_Driver/Src/stm32f4xx_hal_flash.c **** 
 581              		.loc 1 653 13 view .LVU211
 582 0130 42F00102 		orr	r2, r2, #1
 583 0134 1A61     		str	r2, [r3, #16]
ARM GAS  C:\Users\kaush\AppData\Local\Temp\ccUtUKps.s 			page 32


 655:Drivers/STM32F4xx_HAL_Driver/Src/stm32f4xx_hal_flash.c **** }
 584              		.loc 1 655 3 is_stmt 1 view .LVU212
 655:Drivers/STM32F4xx_HAL_Driver/Src/stm32f4xx_hal_flash.c **** }
 585              		.loc 1 655 29 is_stmt 0 view .LVU213
 586 0136 CAF80080 		str	r8, [r10]
 587              	.LVL30:
 656:Drivers/STM32F4xx_HAL_Driver/Src/stm32f4xx_hal_flash.c **** 
 588              		.loc 1 656 1 view .LVU214
 589 013a A3E7     		b	.L38
 590              	.L61:
 591              		.align	2
 592              	.L60:
 593 013c 00000000 		.word	pFlash
 594 0140 003C0240 		.word	1073888256
 595              	.LBE50:
 596              	.LBE69:
 597              		.cfi_endproc
 598              	.LFE134:
 600              		.section	.text.HAL_FLASH_Program_IT,"ax",%progbits
 601              		.align	1
 602              		.p2align 2,,3
 603              		.global	HAL_FLASH_Program_IT
 604              		.syntax unified
 605              		.thumb
 606              		.thumb_func
 608              	HAL_FLASH_Program_IT:
 609              	.LVL31:
 610              	.LFB135:
 220:Drivers/STM32F4xx_HAL_Driver/Src/stm32f4xx_hal_flash.c ****   HAL_StatusTypeDef status = HAL_OK;
 611              		.loc 1 220 1 is_stmt 1 view -0
 612              		.cfi_startproc
 613              		@ args = 0, pretend = 0, frame = 0
 614              		@ frame_needed = 0, uses_anonymous_args = 0
 615              		@ link register save eliminated.
 220:Drivers/STM32F4xx_HAL_Driver/Src/stm32f4xx_hal_flash.c ****   HAL_StatusTypeDef status = HAL_OK;
 616              		.loc 1 220 1 is_stmt 0 view .LVU216
 617 0000 30B4     		push	{r4, r5}
 618              	.LCFI1:
 619              		.cfi_def_cfa_offset 8
 620              		.cfi_offset 4, -8
 621              		.cfi_offset 5, -4
 227:Drivers/STM32F4xx_HAL_Driver/Src/stm32f4xx_hal_flash.c **** 
 622              		.loc 1 227 3 view .LVU217
 623 0002 2B4C     		ldr	r4, .L70
 221:Drivers/STM32F4xx_HAL_Driver/Src/stm32f4xx_hal_flash.c **** 
 624              		.loc 1 221 3 is_stmt 1 view .LVU218
 625              	.LVL32:
 224:Drivers/STM32F4xx_HAL_Driver/Src/stm32f4xx_hal_flash.c **** 
 626              		.loc 1 224 3 view .LVU219
 227:Drivers/STM32F4xx_HAL_Driver/Src/stm32f4xx_hal_flash.c **** 
 627              		.loc 1 227 3 view .LVU220
 628 0004 2569     		ldr	r5, [r4, #16]
 629 0006 45F08075 		orr	r5, r5, #16777216
 630 000a 2561     		str	r5, [r4, #16]
 230:Drivers/STM32F4xx_HAL_Driver/Src/stm32f4xx_hal_flash.c **** 
 631              		.loc 1 230 3 view .LVU221
 632 000c 2569     		ldr	r5, [r4, #16]
ARM GAS  C:\Users\kaush\AppData\Local\Temp\ccUtUKps.s 			page 33


 633 000e 45F00075 		orr	r5, r5, #33554432
 634 0012 2561     		str	r5, [r4, #16]
 232:Drivers/STM32F4xx_HAL_Driver/Src/stm32f4xx_hal_flash.c ****   pFlash.Address = Address;
 635              		.loc 1 232 3 view .LVU222
 232:Drivers/STM32F4xx_HAL_Driver/Src/stm32f4xx_hal_flash.c ****   pFlash.Address = Address;
 636              		.loc 1 232 27 is_stmt 0 view .LVU223
 637 0014 274D     		ldr	r5, .L70+4
 638 0016 4FF0030C 		mov	ip, #3
 639 001a 85F800C0 		strb	ip, [r5]
 233:Drivers/STM32F4xx_HAL_Driver/Src/stm32f4xx_hal_flash.c **** 
 640              		.loc 1 233 3 is_stmt 1 view .LVU224
 233:Drivers/STM32F4xx_HAL_Driver/Src/stm32f4xx_hal_flash.c **** 
 641              		.loc 1 233 18 is_stmt 0 view .LVU225
 642 001e 6961     		str	r1, [r5, #20]
 235:Drivers/STM32F4xx_HAL_Driver/Src/stm32f4xx_hal_flash.c ****   {
 643              		.loc 1 235 3 is_stmt 1 view .LVU226
 235:Drivers/STM32F4xx_HAL_Driver/Src/stm32f4xx_hal_flash.c ****   {
 644              		.loc 1 235 6 is_stmt 0 view .LVU227
 645 0020 70B9     		cbnz	r0, .L63
 238:Drivers/STM32F4xx_HAL_Driver/Src/stm32f4xx_hal_flash.c ****   }
 646              		.loc 1 238 5 is_stmt 1 view .LVU228
 647              	.LBB70:
 648              	.LBB71:
 701:Drivers/STM32F4xx_HAL_Driver/Src/stm32f4xx_hal_flash.c ****   FLASH->CR |= FLASH_PSIZE_BYTE;
 649              		.loc 1 701 3 is_stmt 0 view .LVU229
 650 0022 2369     		ldr	r3, [r4, #16]
 651 0024 23F44073 		bic	r3, r3, #768
 652 0028 2361     		str	r3, [r4, #16]
 702:Drivers/STM32F4xx_HAL_Driver/Src/stm32f4xx_hal_flash.c ****   FLASH->CR |= FLASH_CR_PG;
 653              		.loc 1 702 8 view .LVU230
 654 002a 2369     		ldr	r3, [r4, #16]
 702:Drivers/STM32F4xx_HAL_Driver/Src/stm32f4xx_hal_flash.c ****   FLASH->CR |= FLASH_CR_PG;
 655              		.loc 1 702 13 view .LVU231
 656 002c 2361     		str	r3, [r4, #16]
 703:Drivers/STM32F4xx_HAL_Driver/Src/stm32f4xx_hal_flash.c **** 
 657              		.loc 1 703 8 view .LVU232
 658 002e 2369     		ldr	r3, [r4, #16]
 659              	.LBE71:
 660              	.LBE70:
 238:Drivers/STM32F4xx_HAL_Driver/Src/stm32f4xx_hal_flash.c ****   }
 661              		.loc 1 238 5 view .LVU233
 662 0030 D2B2     		uxtb	r2, r2
 663              	.LVL33:
 664              	.LBB74:
 665              	.LBI70:
 695:Drivers/STM32F4xx_HAL_Driver/Src/stm32f4xx_hal_flash.c **** {
 666              		.loc 1 695 13 is_stmt 1 view .LVU234
 667              	.LBB72:
 698:Drivers/STM32F4xx_HAL_Driver/Src/stm32f4xx_hal_flash.c **** 
 668              		.loc 1 698 3 view .LVU235
 701:Drivers/STM32F4xx_HAL_Driver/Src/stm32f4xx_hal_flash.c ****   FLASH->CR |= FLASH_PSIZE_BYTE;
 669              		.loc 1 701 3 view .LVU236
 702:Drivers/STM32F4xx_HAL_Driver/Src/stm32f4xx_hal_flash.c ****   FLASH->CR |= FLASH_CR_PG;
 670              		.loc 1 702 3 view .LVU237
 703:Drivers/STM32F4xx_HAL_Driver/Src/stm32f4xx_hal_flash.c **** 
 671              		.loc 1 703 3 view .LVU238
 703:Drivers/STM32F4xx_HAL_Driver/Src/stm32f4xx_hal_flash.c **** 
ARM GAS  C:\Users\kaush\AppData\Local\Temp\ccUtUKps.s 			page 34


 672              		.loc 1 703 13 is_stmt 0 view .LVU239
 673 0032 43F00103 		orr	r3, r3, #1
 674 0036 2361     		str	r3, [r4, #16]
 705:Drivers/STM32F4xx_HAL_Driver/Src/stm32f4xx_hal_flash.c **** }
 675              		.loc 1 705 3 is_stmt 1 view .LVU240
 676              	.LBE72:
 677              	.LBE74:
 257:Drivers/STM32F4xx_HAL_Driver/Src/stm32f4xx_hal_flash.c **** 
 678              		.loc 1 257 1 is_stmt 0 view .LVU241
 679 0038 0020     		movs	r0, #0
 680              	.LVL34:
 257:Drivers/STM32F4xx_HAL_Driver/Src/stm32f4xx_hal_flash.c **** 
 681              		.loc 1 257 1 view .LVU242
 682 003a 30BC     		pop	{r4, r5}
 683              	.LCFI2:
 684              		.cfi_remember_state
 685              		.cfi_restore 5
 686              		.cfi_restore 4
 687              		.cfi_def_cfa_offset 0
 688              	.LBB75:
 689              	.LBB73:
 705:Drivers/STM32F4xx_HAL_Driver/Src/stm32f4xx_hal_flash.c **** }
 690              		.loc 1 705 28 view .LVU243
 691 003c 0A70     		strb	r2, [r1]
 692              	.LVL35:
 705:Drivers/STM32F4xx_HAL_Driver/Src/stm32f4xx_hal_flash.c **** }
 693              		.loc 1 705 28 view .LVU244
 694              	.LBE73:
 695              	.LBE75:
 256:Drivers/STM32F4xx_HAL_Driver/Src/stm32f4xx_hal_flash.c **** }
 696              		.loc 1 256 3 is_stmt 1 view .LVU245
 257:Drivers/STM32F4xx_HAL_Driver/Src/stm32f4xx_hal_flash.c **** 
 697              		.loc 1 257 1 is_stmt 0 view .LVU246
 698 003e 7047     		bx	lr
 699              	.LVL36:
 700              	.L63:
 701              	.LCFI3:
 702              		.cfi_restore_state
 240:Drivers/STM32F4xx_HAL_Driver/Src/stm32f4xx_hal_flash.c ****   {
 703              		.loc 1 240 8 is_stmt 1 view .LVU247
 240:Drivers/STM32F4xx_HAL_Driver/Src/stm32f4xx_hal_flash.c ****   {
 704              		.loc 1 240 11 is_stmt 0 view .LVU248
 705 0040 0128     		cmp	r0, #1
 706 0042 14D0     		beq	.L68
 245:Drivers/STM32F4xx_HAL_Driver/Src/stm32f4xx_hal_flash.c ****   {
 707              		.loc 1 245 8 is_stmt 1 view .LVU249
 245:Drivers/STM32F4xx_HAL_Driver/Src/stm32f4xx_hal_flash.c ****   {
 708              		.loc 1 245 11 is_stmt 0 view .LVU250
 709 0044 0228     		cmp	r0, #2
 710 0046 23D0     		beq	.L69
 253:Drivers/STM32F4xx_HAL_Driver/Src/stm32f4xx_hal_flash.c ****   }
 711              		.loc 1 253 5 is_stmt 1 view .LVU251
 712              	.LVL37:
 713              	.LBB76:
 714              	.LBI76:
 611:Drivers/STM32F4xx_HAL_Driver/Src/stm32f4xx_hal_flash.c **** {
 715              		.loc 1 611 13 view .LVU252
ARM GAS  C:\Users\kaush\AppData\Local\Temp\ccUtUKps.s 			page 35


 716              	.LBB77:
 614:Drivers/STM32F4xx_HAL_Driver/Src/stm32f4xx_hal_flash.c **** 
 717              		.loc 1 614 3 view .LVU253
 617:Drivers/STM32F4xx_HAL_Driver/Src/stm32f4xx_hal_flash.c ****   FLASH->CR |= FLASH_PSIZE_DOUBLE_WORD;
 718              		.loc 1 617 3 view .LVU254
 719 0048 2069     		ldr	r0, [r4, #16]
 720              	.LVL38:
 617:Drivers/STM32F4xx_HAL_Driver/Src/stm32f4xx_hal_flash.c ****   FLASH->CR |= FLASH_PSIZE_DOUBLE_WORD;
 721              		.loc 1 617 3 is_stmt 0 view .LVU255
 722 004a 20F44070 		bic	r0, r0, #768
 723 004e 2061     		str	r0, [r4, #16]
 618:Drivers/STM32F4xx_HAL_Driver/Src/stm32f4xx_hal_flash.c ****   FLASH->CR |= FLASH_CR_PG;
 724              		.loc 1 618 3 is_stmt 1 view .LVU256
 618:Drivers/STM32F4xx_HAL_Driver/Src/stm32f4xx_hal_flash.c ****   FLASH->CR |= FLASH_CR_PG;
 725              		.loc 1 618 8 is_stmt 0 view .LVU257
 726 0050 2069     		ldr	r0, [r4, #16]
 618:Drivers/STM32F4xx_HAL_Driver/Src/stm32f4xx_hal_flash.c ****   FLASH->CR |= FLASH_CR_PG;
 727              		.loc 1 618 13 view .LVU258
 728 0052 40F44070 		orr	r0, r0, #768
 729 0056 2061     		str	r0, [r4, #16]
 619:Drivers/STM32F4xx_HAL_Driver/Src/stm32f4xx_hal_flash.c **** 
 730              		.loc 1 619 3 is_stmt 1 view .LVU259
 619:Drivers/STM32F4xx_HAL_Driver/Src/stm32f4xx_hal_flash.c **** 
 731              		.loc 1 619 8 is_stmt 0 view .LVU260
 732 0058 2069     		ldr	r0, [r4, #16]
 619:Drivers/STM32F4xx_HAL_Driver/Src/stm32f4xx_hal_flash.c **** 
 733              		.loc 1 619 13 view .LVU261
 734 005a 40F00100 		orr	r0, r0, #1
 735 005e 2061     		str	r0, [r4, #16]
 622:Drivers/STM32F4xx_HAL_Driver/Src/stm32f4xx_hal_flash.c **** 
 736              		.loc 1 622 3 is_stmt 1 view .LVU262
 622:Drivers/STM32F4xx_HAL_Driver/Src/stm32f4xx_hal_flash.c **** 
 737              		.loc 1 622 29 is_stmt 0 view .LVU263
 738 0060 0A60     		str	r2, [r1]
 626:Drivers/STM32F4xx_HAL_Driver/Src/stm32f4xx_hal_flash.c **** 
 739              		.loc 1 626 3 is_stmt 1 view .LVU264
 740              	.LBB78:
 741              	.LBI78:
 258:Drivers/CMSIS/Include/cmsis_gcc.h **** {
 742              		.loc 2 258 27 view .LVU265
 743              	.LBB79:
 744              		.loc 2 260 3 view .LVU266
 745              		.syntax unified
 746              	@ 260 "Drivers/CMSIS/Include/cmsis_gcc.h" 1
 747 0062 BFF36F8F 		isb 0xF
 748              	@ 0 "" 2
 749              		.thumb
 750              		.syntax unified
 751              	.LBE79:
 752              	.LBE78:
 629:Drivers/STM32F4xx_HAL_Driver/Src/stm32f4xx_hal_flash.c **** }
 753              		.loc 1 629 3 view .LVU267
 754              	.LBE77:
 755              	.LBE76:
 257:Drivers/STM32F4xx_HAL_Driver/Src/stm32f4xx_hal_flash.c **** 
 756              		.loc 1 257 1 is_stmt 0 view .LVU268
 757 0066 0020     		movs	r0, #0
ARM GAS  C:\Users\kaush\AppData\Local\Temp\ccUtUKps.s 			page 36


 758 0068 30BC     		pop	{r4, r5}
 759              	.LCFI4:
 760              		.cfi_remember_state
 761              		.cfi_restore 5
 762              		.cfi_restore 4
 763              		.cfi_def_cfa_offset 0
 764              	.LBB81:
 765              	.LBB80:
 629:Drivers/STM32F4xx_HAL_Driver/Src/stm32f4xx_hal_flash.c **** }
 766              		.loc 1 629 35 view .LVU269
 767 006a 4B60     		str	r3, [r1, #4]
 768              	.LVL39:
 629:Drivers/STM32F4xx_HAL_Driver/Src/stm32f4xx_hal_flash.c **** }
 769              		.loc 1 629 35 view .LVU270
 770              	.LBE80:
 771              	.LBE81:
 256:Drivers/STM32F4xx_HAL_Driver/Src/stm32f4xx_hal_flash.c **** }
 772              		.loc 1 256 3 is_stmt 1 view .LVU271
 257:Drivers/STM32F4xx_HAL_Driver/Src/stm32f4xx_hal_flash.c **** 
 773              		.loc 1 257 1 is_stmt 0 view .LVU272
 774 006c 7047     		bx	lr
 775              	.LVL40:
 776              	.L68:
 777              	.LCFI5:
 778              		.cfi_restore_state
 243:Drivers/STM32F4xx_HAL_Driver/Src/stm32f4xx_hal_flash.c ****   }
 779              		.loc 1 243 5 is_stmt 1 view .LVU273
 780              	.LBB82:
 781              	.LBB83:
 676:Drivers/STM32F4xx_HAL_Driver/Src/stm32f4xx_hal_flash.c ****   FLASH->CR |= FLASH_PSIZE_HALF_WORD;
 782              		.loc 1 676 3 is_stmt 0 view .LVU274
 783 006e 2369     		ldr	r3, [r4, #16]
 784 0070 23F44073 		bic	r3, r3, #768
 785 0074 2361     		str	r3, [r4, #16]
 677:Drivers/STM32F4xx_HAL_Driver/Src/stm32f4xx_hal_flash.c ****   FLASH->CR |= FLASH_CR_PG;
 786              		.loc 1 677 8 view .LVU275
 787 0076 2369     		ldr	r3, [r4, #16]
 677:Drivers/STM32F4xx_HAL_Driver/Src/stm32f4xx_hal_flash.c ****   FLASH->CR |= FLASH_CR_PG;
 788              		.loc 1 677 13 view .LVU276
 789 0078 43F48073 		orr	r3, r3, #256
 790 007c 2361     		str	r3, [r4, #16]
 678:Drivers/STM32F4xx_HAL_Driver/Src/stm32f4xx_hal_flash.c **** 
 791              		.loc 1 678 8 view .LVU277
 792 007e 2369     		ldr	r3, [r4, #16]
 793              	.LBE83:
 794              	.LBE82:
 243:Drivers/STM32F4xx_HAL_Driver/Src/stm32f4xx_hal_flash.c ****   }
 795              		.loc 1 243 5 view .LVU278
 796 0080 92B2     		uxth	r2, r2
 797              	.LVL41:
 798              	.LBB86:
 799              	.LBI82:
 670:Drivers/STM32F4xx_HAL_Driver/Src/stm32f4xx_hal_flash.c **** {
 800              		.loc 1 670 13 is_stmt 1 view .LVU279
 801              	.LBB84:
 673:Drivers/STM32F4xx_HAL_Driver/Src/stm32f4xx_hal_flash.c **** 
 802              		.loc 1 673 3 view .LVU280
ARM GAS  C:\Users\kaush\AppData\Local\Temp\ccUtUKps.s 			page 37


 676:Drivers/STM32F4xx_HAL_Driver/Src/stm32f4xx_hal_flash.c ****   FLASH->CR |= FLASH_PSIZE_HALF_WORD;
 803              		.loc 1 676 3 view .LVU281
 677:Drivers/STM32F4xx_HAL_Driver/Src/stm32f4xx_hal_flash.c ****   FLASH->CR |= FLASH_CR_PG;
 804              		.loc 1 677 3 view .LVU282
 678:Drivers/STM32F4xx_HAL_Driver/Src/stm32f4xx_hal_flash.c **** 
 805              		.loc 1 678 3 view .LVU283
 678:Drivers/STM32F4xx_HAL_Driver/Src/stm32f4xx_hal_flash.c **** 
 806              		.loc 1 678 13 is_stmt 0 view .LVU284
 807 0082 43F00103 		orr	r3, r3, #1
 808 0086 2361     		str	r3, [r4, #16]
 680:Drivers/STM32F4xx_HAL_Driver/Src/stm32f4xx_hal_flash.c **** }
 809              		.loc 1 680 3 is_stmt 1 view .LVU285
 810              	.LBE84:
 811              	.LBE86:
 257:Drivers/STM32F4xx_HAL_Driver/Src/stm32f4xx_hal_flash.c **** 
 812              		.loc 1 257 1 is_stmt 0 view .LVU286
 813 0088 0020     		movs	r0, #0
 814              	.LVL42:
 257:Drivers/STM32F4xx_HAL_Driver/Src/stm32f4xx_hal_flash.c **** 
 815              		.loc 1 257 1 view .LVU287
 816 008a 30BC     		pop	{r4, r5}
 817              	.LCFI6:
 818              		.cfi_remember_state
 819              		.cfi_restore 5
 820              		.cfi_restore 4
 821              		.cfi_def_cfa_offset 0
 822              	.LBB87:
 823              	.LBB85:
 680:Drivers/STM32F4xx_HAL_Driver/Src/stm32f4xx_hal_flash.c **** }
 824              		.loc 1 680 29 view .LVU288
 825 008c 0A80     		strh	r2, [r1]	@ movhi
 826              	.LVL43:
 680:Drivers/STM32F4xx_HAL_Driver/Src/stm32f4xx_hal_flash.c **** }
 827              		.loc 1 680 29 view .LVU289
 828              	.LBE85:
 829              	.LBE87:
 256:Drivers/STM32F4xx_HAL_Driver/Src/stm32f4xx_hal_flash.c **** }
 830              		.loc 1 256 3 is_stmt 1 view .LVU290
 257:Drivers/STM32F4xx_HAL_Driver/Src/stm32f4xx_hal_flash.c **** 
 831              		.loc 1 257 1 is_stmt 0 view .LVU291
 832 008e 7047     		bx	lr
 833              	.LVL44:
 834              	.L69:
 835              	.LCFI7:
 836              		.cfi_restore_state
 248:Drivers/STM32F4xx_HAL_Driver/Src/stm32f4xx_hal_flash.c ****   }
 837              		.loc 1 248 5 is_stmt 1 view .LVU292
 838              	.LBB88:
 839              	.LBI88:
 645:Drivers/STM32F4xx_HAL_Driver/Src/stm32f4xx_hal_flash.c **** {
 840              		.loc 1 645 13 view .LVU293
 841              	.LBB89:
 648:Drivers/STM32F4xx_HAL_Driver/Src/stm32f4xx_hal_flash.c **** 
 842              		.loc 1 648 3 view .LVU294
 651:Drivers/STM32F4xx_HAL_Driver/Src/stm32f4xx_hal_flash.c ****   FLASH->CR |= FLASH_PSIZE_WORD;
 843              		.loc 1 651 3 view .LVU295
 844 0090 2369     		ldr	r3, [r4, #16]
ARM GAS  C:\Users\kaush\AppData\Local\Temp\ccUtUKps.s 			page 38


 845 0092 23F44073 		bic	r3, r3, #768
 846 0096 2361     		str	r3, [r4, #16]
 652:Drivers/STM32F4xx_HAL_Driver/Src/stm32f4xx_hal_flash.c ****   FLASH->CR |= FLASH_CR_PG;
 847              		.loc 1 652 3 view .LVU296
 652:Drivers/STM32F4xx_HAL_Driver/Src/stm32f4xx_hal_flash.c ****   FLASH->CR |= FLASH_CR_PG;
 848              		.loc 1 652 8 is_stmt 0 view .LVU297
 849 0098 2369     		ldr	r3, [r4, #16]
 652:Drivers/STM32F4xx_HAL_Driver/Src/stm32f4xx_hal_flash.c ****   FLASH->CR |= FLASH_CR_PG;
 850              		.loc 1 652 13 view .LVU298
 851 009a 43F40073 		orr	r3, r3, #512
 852 009e 2361     		str	r3, [r4, #16]
 653:Drivers/STM32F4xx_HAL_Driver/Src/stm32f4xx_hal_flash.c **** 
 853              		.loc 1 653 3 is_stmt 1 view .LVU299
 653:Drivers/STM32F4xx_HAL_Driver/Src/stm32f4xx_hal_flash.c **** 
 854              		.loc 1 653 8 is_stmt 0 view .LVU300
 855 00a0 2369     		ldr	r3, [r4, #16]
 653:Drivers/STM32F4xx_HAL_Driver/Src/stm32f4xx_hal_flash.c **** 
 856              		.loc 1 653 13 view .LVU301
 857 00a2 43F00103 		orr	r3, r3, #1
 858 00a6 2361     		str	r3, [r4, #16]
 655:Drivers/STM32F4xx_HAL_Driver/Src/stm32f4xx_hal_flash.c **** }
 859              		.loc 1 655 3 is_stmt 1 view .LVU302
 860              	.LBE89:
 861              	.LBE88:
 257:Drivers/STM32F4xx_HAL_Driver/Src/stm32f4xx_hal_flash.c **** 
 862              		.loc 1 257 1 is_stmt 0 view .LVU303
 863 00a8 0020     		movs	r0, #0
 864              	.LVL45:
 257:Drivers/STM32F4xx_HAL_Driver/Src/stm32f4xx_hal_flash.c **** 
 865              		.loc 1 257 1 view .LVU304
 866 00aa 30BC     		pop	{r4, r5}
 867              	.LCFI8:
 868              		.cfi_restore 5
 869              		.cfi_restore 4
 870              		.cfi_def_cfa_offset 0
 871              	.LBB91:
 872              	.LBB90:
 655:Drivers/STM32F4xx_HAL_Driver/Src/stm32f4xx_hal_flash.c **** }
 873              		.loc 1 655 29 view .LVU305
 874 00ac 0A60     		str	r2, [r1]
 875              	.LVL46:
 655:Drivers/STM32F4xx_HAL_Driver/Src/stm32f4xx_hal_flash.c **** }
 876              		.loc 1 655 29 view .LVU306
 877              	.LBE90:
 878              	.LBE91:
 256:Drivers/STM32F4xx_HAL_Driver/Src/stm32f4xx_hal_flash.c **** }
 879              		.loc 1 256 3 is_stmt 1 view .LVU307
 257:Drivers/STM32F4xx_HAL_Driver/Src/stm32f4xx_hal_flash.c **** 
 880              		.loc 1 257 1 is_stmt 0 view .LVU308
 881 00ae 7047     		bx	lr
 882              	.L71:
 883              		.align	2
 884              	.L70:
 885 00b0 003C0240 		.word	1073888256
 886 00b4 00000000 		.word	pFlash
 887              		.cfi_endproc
 888              	.LFE135:
ARM GAS  C:\Users\kaush\AppData\Local\Temp\ccUtUKps.s 			page 39


 890              		.section	.text.HAL_FLASH_EndOfOperationCallback,"ax",%progbits
 891              		.align	1
 892              		.p2align 2,,3
 893              		.weak	HAL_FLASH_EndOfOperationCallback
 894              		.syntax unified
 895              		.thumb
 896              		.thumb_func
 898              	HAL_FLASH_EndOfOperationCallback:
 899              	.LVL47:
 900              	.LFB137:
 384:Drivers/STM32F4xx_HAL_Driver/Src/stm32f4xx_hal_flash.c ****   /* Prevent unused argument(s) compilation warning */
 901              		.loc 1 384 1 is_stmt 1 view -0
 902              		.cfi_startproc
 903              		@ args = 0, pretend = 0, frame = 0
 904              		@ frame_needed = 0, uses_anonymous_args = 0
 905              		@ link register save eliminated.
 386:Drivers/STM32F4xx_HAL_Driver/Src/stm32f4xx_hal_flash.c ****   /* NOTE : This function Should not be modified, when the callback is needed,
 906              		.loc 1 386 3 view .LVU310
 390:Drivers/STM32F4xx_HAL_Driver/Src/stm32f4xx_hal_flash.c **** 
 907              		.loc 1 390 1 is_stmt 0 view .LVU311
 908 0000 7047     		bx	lr
 909              		.cfi_endproc
 910              	.LFE137:
 912 0002 00BF     		.section	.text.HAL_FLASH_OperationErrorCallback,"ax",%progbits
 913              		.align	1
 914              		.p2align 2,,3
 915              		.weak	HAL_FLASH_OperationErrorCallback
 916              		.syntax unified
 917              		.thumb
 918              		.thumb_func
 920              	HAL_FLASH_OperationErrorCallback:
 921              	.LFB152:
 922              		.cfi_startproc
 400:Drivers/STM32F4xx_HAL_Driver/Src/stm32f4xx_hal_flash.c **** {
 923              		.loc 1 400 13 is_stmt 1 view -0
 924              		@ args = 0, pretend = 0, frame = 0
 925              		@ frame_needed = 0, uses_anonymous_args = 0
 926              		@ link register save eliminated.
 927 0000 7047     		bx	lr
 928              		.cfi_endproc
 929              	.LFE152:
 931 0002 00BF     		.section	.text.HAL_FLASH_IRQHandler,"ax",%progbits
 932              		.align	1
 933              		.p2align 2,,3
 934              		.global	HAL_FLASH_IRQHandler
 935              		.syntax unified
 936              		.thumb
 937              		.thumb_func
 939              	HAL_FLASH_IRQHandler:
 940              	.LFB136:
 264:Drivers/STM32F4xx_HAL_Driver/Src/stm32f4xx_hal_flash.c ****   uint32_t addresstmp = 0U;
 941              		.loc 1 264 1 view -0
 942              		.cfi_startproc
 943              		@ args = 0, pretend = 0, frame = 0
 944              		@ frame_needed = 0, uses_anonymous_args = 0
 265:Drivers/STM32F4xx_HAL_Driver/Src/stm32f4xx_hal_flash.c **** 
 945              		.loc 1 265 3 view .LVU314
ARM GAS  C:\Users\kaush\AppData\Local\Temp\ccUtUKps.s 			page 40


 946              	.LVL48:
 269:Drivers/STM32F4xx_HAL_Driver/Src/stm32f4xx_hal_flash.c ****                             FLASH_FLAG_PGPERR | FLASH_FLAG_PGSERR | FLASH_FLAG_RDERR)) != RESET)
 947              		.loc 1 269 3 view .LVU315
 264:Drivers/STM32F4xx_HAL_Driver/Src/stm32f4xx_hal_flash.c ****   uint32_t addresstmp = 0U;
 948              		.loc 1 264 1 is_stmt 0 view .LVU316
 949 0000 38B5     		push	{r3, r4, r5, lr}
 950              	.LCFI9:
 951              		.cfi_def_cfa_offset 16
 952              		.cfi_offset 3, -16
 953              		.cfi_offset 4, -12
 954              		.cfi_offset 5, -8
 955              		.cfi_offset 14, -4
 269:Drivers/STM32F4xx_HAL_Driver/Src/stm32f4xx_hal_flash.c ****                             FLASH_FLAG_PGPERR | FLASH_FLAG_PGSERR | FLASH_FLAG_RDERR)) != RESET)
 956              		.loc 1 269 7 view .LVU317
 957 0002 2D4B     		ldr	r3, .L95
 276:Drivers/STM32F4xx_HAL_Driver/Src/stm32f4xx_hal_flash.c ****     {
 958              		.loc 1 276 15 view .LVU318
 959 0004 2D4C     		ldr	r4, .L95+4
 269:Drivers/STM32F4xx_HAL_Driver/Src/stm32f4xx_hal_flash.c ****                             FLASH_FLAG_PGPERR | FLASH_FLAG_PGSERR | FLASH_FLAG_RDERR)) != RESET)
 960              		.loc 1 269 7 view .LVU319
 961 0006 DB68     		ldr	r3, [r3, #12]
 269:Drivers/STM32F4xx_HAL_Driver/Src/stm32f4xx_hal_flash.c ****                             FLASH_FLAG_PGPERR | FLASH_FLAG_PGSERR | FLASH_FLAG_RDERR)) != RESET)
 962              		.loc 1 269 6 view .LVU320
 963 0008 13F4F97F 		tst	r3, #498
 964 000c 0ED0     		beq	.L75
 276:Drivers/STM32F4xx_HAL_Driver/Src/stm32f4xx_hal_flash.c ****     {
 965              		.loc 1 276 5 is_stmt 1 view .LVU321
 276:Drivers/STM32F4xx_HAL_Driver/Src/stm32f4xx_hal_flash.c ****     {
 966              		.loc 1 276 15 is_stmt 0 view .LVU322
 967 000e 2378     		ldrb	r3, [r4]	@ zero_extendqisi2
 276:Drivers/STM32F4xx_HAL_Driver/Src/stm32f4xx_hal_flash.c ****     {
 968              		.loc 1 276 8 view .LVU323
 969 0010 012B     		cmp	r3, #1
 970 0012 3CD0     		beq	.L92
 282:Drivers/STM32F4xx_HAL_Driver/Src/stm32f4xx_hal_flash.c ****     {
 971              		.loc 1 282 10 is_stmt 1 view .LVU324
 282:Drivers/STM32F4xx_HAL_Driver/Src/stm32f4xx_hal_flash.c ****     {
 972              		.loc 1 282 20 is_stmt 0 view .LVU325
 973 0014 2378     		ldrb	r3, [r4]	@ zero_extendqisi2
 282:Drivers/STM32F4xx_HAL_Driver/Src/stm32f4xx_hal_flash.c ****     {
 974              		.loc 1 282 13 view .LVU326
 975 0016 022B     		cmp	r3, #2
 285:Drivers/STM32F4xx_HAL_Driver/Src/stm32f4xx_hal_flash.c ****     }
 976              		.loc 1 285 7 is_stmt 1 view .LVU327
 285:Drivers/STM32F4xx_HAL_Driver/Src/stm32f4xx_hal_flash.c ****     }
 977              		.loc 1 285 18 is_stmt 0 view .LVU328
 978 0018 0CBF     		ite	eq
 979 001a 2569     		ldreq	r5, [r4, #16]
 980              	.LVL49:
 290:Drivers/STM32F4xx_HAL_Driver/Src/stm32f4xx_hal_flash.c ****     }
 981              		.loc 1 290 7 is_stmt 1 view .LVU329
 290:Drivers/STM32F4xx_HAL_Driver/Src/stm32f4xx_hal_flash.c ****     }
 982              		.loc 1 290 18 is_stmt 0 view .LVU330
 983 001c 6569     		ldrne	r5, [r4, #20]
 984              	.LVL50:
 985              	.L77:
 294:Drivers/STM32F4xx_HAL_Driver/Src/stm32f4xx_hal_flash.c **** 
ARM GAS  C:\Users\kaush\AppData\Local\Temp\ccUtUKps.s 			page 41


 986              		.loc 1 294 5 is_stmt 1 view .LVU331
 987 001e FFF7FEFF 		bl	FLASH_SetErrorCode
 988              	.LVL51:
 297:Drivers/STM32F4xx_HAL_Driver/Src/stm32f4xx_hal_flash.c **** 
 989              		.loc 1 297 5 view .LVU332
 990 0022 2846     		mov	r0, r5
 991 0024 FFF7FEFF 		bl	HAL_FLASH_OperationErrorCallback
 992              	.LVL52:
 300:Drivers/STM32F4xx_HAL_Driver/Src/stm32f4xx_hal_flash.c ****   }
 993              		.loc 1 300 5 view .LVU333
 300:Drivers/STM32F4xx_HAL_Driver/Src/stm32f4xx_hal_flash.c ****   }
 994              		.loc 1 300 29 is_stmt 0 view .LVU334
 995 0028 0023     		movs	r3, #0
 996 002a 2370     		strb	r3, [r4]
 997              	.LVL53:
 998              	.L75:
 304:Drivers/STM32F4xx_HAL_Driver/Src/stm32f4xx_hal_flash.c ****   {
 999              		.loc 1 304 3 is_stmt 1 view .LVU335
 304:Drivers/STM32F4xx_HAL_Driver/Src/stm32f4xx_hal_flash.c ****   {
 1000              		.loc 1 304 7 is_stmt 0 view .LVU336
 1001 002c 224B     		ldr	r3, .L95
 1002 002e DA68     		ldr	r2, [r3, #12]
 304:Drivers/STM32F4xx_HAL_Driver/Src/stm32f4xx_hal_flash.c ****   {
 1003              		.loc 1 304 6 view .LVU337
 1004 0030 D207     		lsls	r2, r2, #31
 1005 0032 0CD5     		bpl	.L79
 307:Drivers/STM32F4xx_HAL_Driver/Src/stm32f4xx_hal_flash.c **** 
 1006              		.loc 1 307 5 is_stmt 1 view .LVU338
 1007 0034 0122     		movs	r2, #1
 1008 0036 DA60     		str	r2, [r3, #12]
 309:Drivers/STM32F4xx_HAL_Driver/Src/stm32f4xx_hal_flash.c ****     {
 1009              		.loc 1 309 5 view .LVU339
 309:Drivers/STM32F4xx_HAL_Driver/Src/stm32f4xx_hal_flash.c ****     {
 1010              		.loc 1 309 15 is_stmt 0 view .LVU340
 1011 0038 2378     		ldrb	r3, [r4]	@ zero_extendqisi2
 309:Drivers/STM32F4xx_HAL_Driver/Src/stm32f4xx_hal_flash.c ****     {
 1012              		.loc 1 309 8 view .LVU341
 1013 003a 9342     		cmp	r3, r2
 1014 003c 17D0     		beq	.L93
 342:Drivers/STM32F4xx_HAL_Driver/Src/stm32f4xx_hal_flash.c ****       {
 1015              		.loc 1 342 7 is_stmt 1 view .LVU342
 342:Drivers/STM32F4xx_HAL_Driver/Src/stm32f4xx_hal_flash.c ****       {
 1016              		.loc 1 342 17 is_stmt 0 view .LVU343
 1017 003e 2378     		ldrb	r3, [r4]	@ zero_extendqisi2
 342:Drivers/STM32F4xx_HAL_Driver/Src/stm32f4xx_hal_flash.c ****       {
 1018              		.loc 1 342 10 view .LVU344
 1019 0040 022B     		cmp	r3, #2
 1020 0042 29D0     		beq	.L94
 355:Drivers/STM32F4xx_HAL_Driver/Src/stm32f4xx_hal_flash.c ****       }
 1021              		.loc 1 355 9 is_stmt 1 view .LVU345
 355:Drivers/STM32F4xx_HAL_Driver/Src/stm32f4xx_hal_flash.c ****       }
 1022              		.loc 1 355 48 is_stmt 0 view .LVU346
 1023 0044 6069     		ldr	r0, [r4, #20]
 355:Drivers/STM32F4xx_HAL_Driver/Src/stm32f4xx_hal_flash.c ****       }
 1024              		.loc 1 355 9 view .LVU347
 1025 0046 FFF7FEFF 		bl	HAL_FLASH_EndOfOperationCallback
 1026              	.LVL54:
ARM GAS  C:\Users\kaush\AppData\Local\Temp\ccUtUKps.s 			page 42


 1027              	.L83:
 357:Drivers/STM32F4xx_HAL_Driver/Src/stm32f4xx_hal_flash.c ****     }
 1028              		.loc 1 357 7 is_stmt 1 view .LVU348
 357:Drivers/STM32F4xx_HAL_Driver/Src/stm32f4xx_hal_flash.c ****     }
 1029              		.loc 1 357 31 is_stmt 0 view .LVU349
 1030 004a 0023     		movs	r3, #0
 1031 004c 2370     		strb	r3, [r4]
 1032              	.L79:
 361:Drivers/STM32F4xx_HAL_Driver/Src/stm32f4xx_hal_flash.c ****   {
 1033              		.loc 1 361 3 is_stmt 1 view .LVU350
 361:Drivers/STM32F4xx_HAL_Driver/Src/stm32f4xx_hal_flash.c ****   {
 1034              		.loc 1 361 13 is_stmt 0 view .LVU351
 1035 004e 2378     		ldrb	r3, [r4]	@ zero_extendqisi2
 361:Drivers/STM32F4xx_HAL_Driver/Src/stm32f4xx_hal_flash.c ****   {
 1036              		.loc 1 361 6 view .LVU352
 1037 0050 63B9     		cbnz	r3, .L74
 364:Drivers/STM32F4xx_HAL_Driver/Src/stm32f4xx_hal_flash.c **** 
 1038              		.loc 1 364 5 is_stmt 1 view .LVU353
 1039 0052 194B     		ldr	r3, .L95
 1040 0054 1A69     		ldr	r2, [r3, #16]
 1041 0056 22F0FF02 		bic	r2, r2, #255
 1042 005a 1A61     		str	r2, [r3, #16]
 367:Drivers/STM32F4xx_HAL_Driver/Src/stm32f4xx_hal_flash.c **** 
 1043              		.loc 1 367 5 view .LVU354
 1044 005c 1A69     		ldr	r2, [r3, #16]
 1045 005e 22F08072 		bic	r2, r2, #16777216
 1046 0062 1A61     		str	r2, [r3, #16]
 370:Drivers/STM32F4xx_HAL_Driver/Src/stm32f4xx_hal_flash.c ****   }
 1047              		.loc 1 370 5 view .LVU355
 1048 0064 1A69     		ldr	r2, [r3, #16]
 1049 0066 22F00072 		bic	r2, r2, #33554432
 1050 006a 1A61     		str	r2, [r3, #16]
 1051              	.L74:
 372:Drivers/STM32F4xx_HAL_Driver/Src/stm32f4xx_hal_flash.c **** 
 1052              		.loc 1 372 1 is_stmt 0 view .LVU356
 1053 006c 38BD     		pop	{r3, r4, r5, pc}
 1054              	.L93:
 312:Drivers/STM32F4xx_HAL_Driver/Src/stm32f4xx_hal_flash.c **** 
 1055              		.loc 1 312 7 is_stmt 1 view .LVU357
 312:Drivers/STM32F4xx_HAL_Driver/Src/stm32f4xx_hal_flash.c **** 
 1056              		.loc 1 312 13 is_stmt 0 view .LVU358
 1057 006e 6368     		ldr	r3, [r4, #4]
 312:Drivers/STM32F4xx_HAL_Driver/Src/stm32f4xx_hal_flash.c **** 
 1058              		.loc 1 312 30 view .LVU359
 1059 0070 013B     		subs	r3, r3, #1
 1060 0072 6360     		str	r3, [r4, #4]
 315:Drivers/STM32F4xx_HAL_Driver/Src/stm32f4xx_hal_flash.c ****       {
 1061              		.loc 1 315 7 is_stmt 1 view .LVU360
 315:Drivers/STM32F4xx_HAL_Driver/Src/stm32f4xx_hal_flash.c ****       {
 1062              		.loc 1 315 17 is_stmt 0 view .LVU361
 1063 0074 6368     		ldr	r3, [r4, #4]
 315:Drivers/STM32F4xx_HAL_Driver/Src/stm32f4xx_hal_flash.c ****       {
 1064              		.loc 1 315 10 view .LVU362
 1065 0076 ABB1     		cbz	r3, .L81
 317:Drivers/STM32F4xx_HAL_Driver/Src/stm32f4xx_hal_flash.c ****         /*Indicate user which sector has been erased*/
 1066              		.loc 1 317 9 is_stmt 1 view .LVU363
 317:Drivers/STM32F4xx_HAL_Driver/Src/stm32f4xx_hal_flash.c ****         /*Indicate user which sector has been erased*/
ARM GAS  C:\Users\kaush\AppData\Local\Temp\ccUtUKps.s 			page 43


 1067              		.loc 1 317 20 is_stmt 0 view .LVU364
 1068 0078 E068     		ldr	r0, [r4, #12]
 1069              	.LVL55:
 319:Drivers/STM32F4xx_HAL_Driver/Src/stm32f4xx_hal_flash.c **** 
 1070              		.loc 1 319 9 is_stmt 1 view .LVU365
 1071 007a FFF7FEFF 		bl	HAL_FLASH_EndOfOperationCallback
 1072              	.LVL56:
 322:Drivers/STM32F4xx_HAL_Driver/Src/stm32f4xx_hal_flash.c ****         addresstmp = pFlash.Sector;
 1073              		.loc 1 322 9 view .LVU366
 322:Drivers/STM32F4xx_HAL_Driver/Src/stm32f4xx_hal_flash.c ****         addresstmp = pFlash.Sector;
 1074              		.loc 1 322 15 is_stmt 0 view .LVU367
 1075 007e E368     		ldr	r3, [r4, #12]
 322:Drivers/STM32F4xx_HAL_Driver/Src/stm32f4xx_hal_flash.c ****         addresstmp = pFlash.Sector;
 1076              		.loc 1 322 22 view .LVU368
 1077 0080 0133     		adds	r3, r3, #1
 1078 0082 E360     		str	r3, [r4, #12]
 323:Drivers/STM32F4xx_HAL_Driver/Src/stm32f4xx_hal_flash.c ****         FLASH_Erase_Sector(addresstmp, pFlash.VoltageForErase);
 1079              		.loc 1 323 9 is_stmt 1 view .LVU369
 323:Drivers/STM32F4xx_HAL_Driver/Src/stm32f4xx_hal_flash.c ****         FLASH_Erase_Sector(addresstmp, pFlash.VoltageForErase);
 1080              		.loc 1 323 20 is_stmt 0 view .LVU370
 1081 0084 E068     		ldr	r0, [r4, #12]
 1082              	.LVL57:
 324:Drivers/STM32F4xx_HAL_Driver/Src/stm32f4xx_hal_flash.c ****       }
 1083              		.loc 1 324 9 is_stmt 1 view .LVU371
 324:Drivers/STM32F4xx_HAL_Driver/Src/stm32f4xx_hal_flash.c ****       }
 1084              		.loc 1 324 46 is_stmt 0 view .LVU372
 1085 0086 217A     		ldrb	r1, [r4, #8]	@ zero_extendqisi2
 324:Drivers/STM32F4xx_HAL_Driver/Src/stm32f4xx_hal_flash.c ****       }
 1086              		.loc 1 324 9 view .LVU373
 1087 0088 FFF7FEFF 		bl	FLASH_Erase_Sector
 1088              	.LVL58:
 324:Drivers/STM32F4xx_HAL_Driver/Src/stm32f4xx_hal_flash.c ****       }
 1089              		.loc 1 324 9 view .LVU374
 1090 008c DFE7     		b	.L79
 1091              	.LVL59:
 1092              	.L92:
 279:Drivers/STM32F4xx_HAL_Driver/Src/stm32f4xx_hal_flash.c ****       pFlash.Sector = 0xFFFFFFFFU;
 1093              		.loc 1 279 7 is_stmt 1 view .LVU375
 280:Drivers/STM32F4xx_HAL_Driver/Src/stm32f4xx_hal_flash.c ****     }
 1094              		.loc 1 280 21 is_stmt 0 view .LVU376
 1095 008e 4FF0FF33 		mov	r3, #-1
 279:Drivers/STM32F4xx_HAL_Driver/Src/stm32f4xx_hal_flash.c ****       pFlash.Sector = 0xFFFFFFFFU;
 1096              		.loc 1 279 18 view .LVU377
 1097 0092 E568     		ldr	r5, [r4, #12]
 1098              	.LVL60:
 280:Drivers/STM32F4xx_HAL_Driver/Src/stm32f4xx_hal_flash.c ****     }
 1099              		.loc 1 280 7 is_stmt 1 view .LVU378
 280:Drivers/STM32F4xx_HAL_Driver/Src/stm32f4xx_hal_flash.c ****     }
 1100              		.loc 1 280 21 is_stmt 0 view .LVU379
 1101 0094 E360     		str	r3, [r4, #12]
 1102 0096 C2E7     		b	.L77
 1103              	.LVL61:
 1104              	.L94:
 346:Drivers/STM32F4xx_HAL_Driver/Src/stm32f4xx_hal_flash.c **** 
 1105              		.loc 1 346 9 is_stmt 1 view .LVU380
 1106 0098 FFF7FEFF 		bl	FLASH_FlushCaches
 1107              	.LVL62:
ARM GAS  C:\Users\kaush\AppData\Local\Temp\ccUtUKps.s 			page 44


 349:Drivers/STM32F4xx_HAL_Driver/Src/stm32f4xx_hal_flash.c ****       }
 1108              		.loc 1 349 9 view .LVU381
 349:Drivers/STM32F4xx_HAL_Driver/Src/stm32f4xx_hal_flash.c ****       }
 1109              		.loc 1 349 48 is_stmt 0 view .LVU382
 1110 009c 2069     		ldr	r0, [r4, #16]
 349:Drivers/STM32F4xx_HAL_Driver/Src/stm32f4xx_hal_flash.c ****       }
 1111              		.loc 1 349 9 view .LVU383
 1112 009e FFF7FEFF 		bl	HAL_FLASH_EndOfOperationCallback
 1113              	.LVL63:
 1114 00a2 D2E7     		b	.L83
 1115              	.L81:
 330:Drivers/STM32F4xx_HAL_Driver/Src/stm32f4xx_hal_flash.c ****         pFlash.ProcedureOnGoing = FLASH_PROC_NONE;
 1116              		.loc 1 330 9 is_stmt 1 view .LVU384
 1117              	.LVL64:
 330:Drivers/STM32F4xx_HAL_Driver/Src/stm32f4xx_hal_flash.c ****         pFlash.ProcedureOnGoing = FLASH_PROC_NONE;
 1118              		.loc 1 330 23 is_stmt 0 view .LVU385
 1119 00a4 4FF0FF35 		mov	r5, #-1
 1120 00a8 E560     		str	r5, [r4, #12]
 331:Drivers/STM32F4xx_HAL_Driver/Src/stm32f4xx_hal_flash.c **** 
 1121              		.loc 1 331 9 is_stmt 1 view .LVU386
 331:Drivers/STM32F4xx_HAL_Driver/Src/stm32f4xx_hal_flash.c **** 
 1122              		.loc 1 331 33 is_stmt 0 view .LVU387
 1123 00aa 2370     		strb	r3, [r4]
 334:Drivers/STM32F4xx_HAL_Driver/Src/stm32f4xx_hal_flash.c **** 
 1124              		.loc 1 334 9 is_stmt 1 view .LVU388
 1125 00ac FFF7FEFF 		bl	FLASH_FlushCaches
 1126              	.LVL65:
 337:Drivers/STM32F4xx_HAL_Driver/Src/stm32f4xx_hal_flash.c ****       }
 1127              		.loc 1 337 9 view .LVU389
 1128 00b0 2846     		mov	r0, r5
 1129 00b2 FFF7FEFF 		bl	HAL_FLASH_EndOfOperationCallback
 1130              	.LVL66:
 1131 00b6 CAE7     		b	.L79
 1132              	.L96:
 1133              		.align	2
 1134              	.L95:
 1135 00b8 003C0240 		.word	1073888256
 1136 00bc 00000000 		.word	pFlash
 1137              		.cfi_endproc
 1138              	.LFE136:
 1140              		.section	.text.HAL_FLASH_Unlock,"ax",%progbits
 1141              		.align	1
 1142              		.p2align 2,,3
 1143              		.global	HAL_FLASH_Unlock
 1144              		.syntax unified
 1145              		.thumb
 1146              		.thumb_func
 1148              	HAL_FLASH_Unlock:
 1149              	.LFB139:
 433:Drivers/STM32F4xx_HAL_Driver/Src/stm32f4xx_hal_flash.c ****   HAL_StatusTypeDef status = HAL_OK;
 1150              		.loc 1 433 1 view -0
 1151              		.cfi_startproc
 1152              		@ args = 0, pretend = 0, frame = 0
 1153              		@ frame_needed = 0, uses_anonymous_args = 0
 1154              		@ link register save eliminated.
 434:Drivers/STM32F4xx_HAL_Driver/Src/stm32f4xx_hal_flash.c **** 
 1155              		.loc 1 434 3 view .LVU391
ARM GAS  C:\Users\kaush\AppData\Local\Temp\ccUtUKps.s 			page 45


 1156              	.LVL67:
 436:Drivers/STM32F4xx_HAL_Driver/Src/stm32f4xx_hal_flash.c ****   {
 1157              		.loc 1 436 3 view .LVU392
 436:Drivers/STM32F4xx_HAL_Driver/Src/stm32f4xx_hal_flash.c ****   {
 1158              		.loc 1 436 7 is_stmt 0 view .LVU393
 1159 0000 064B     		ldr	r3, .L101
 1160 0002 1A69     		ldr	r2, [r3, #16]
 436:Drivers/STM32F4xx_HAL_Driver/Src/stm32f4xx_hal_flash.c ****   {
 1161              		.loc 1 436 6 view .LVU394
 1162 0004 002A     		cmp	r2, #0
 1163 0006 01DB     		blt	.L100
 434:Drivers/STM32F4xx_HAL_Driver/Src/stm32f4xx_hal_flash.c **** 
 1164              		.loc 1 434 21 view .LVU395
 1165 0008 0020     		movs	r0, #0
 1166              	.LVL68:
 449:Drivers/STM32F4xx_HAL_Driver/Src/stm32f4xx_hal_flash.c **** }
 1167              		.loc 1 449 3 is_stmt 1 view .LVU396
 450:Drivers/STM32F4xx_HAL_Driver/Src/stm32f4xx_hal_flash.c **** 
 1168              		.loc 1 450 1 is_stmt 0 view .LVU397
 1169 000a 7047     		bx	lr
 1170              	.LVL69:
 1171              	.L100:
 439:Drivers/STM32F4xx_HAL_Driver/Src/stm32f4xx_hal_flash.c ****     WRITE_REG(FLASH->KEYR, FLASH_KEY2);
 1172              		.loc 1 439 5 is_stmt 1 view .LVU398
 1173 000c 0449     		ldr	r1, .L101+4
 440:Drivers/STM32F4xx_HAL_Driver/Src/stm32f4xx_hal_flash.c **** 
 1174              		.loc 1 440 5 is_stmt 0 view .LVU399
 1175 000e 054A     		ldr	r2, .L101+8
 439:Drivers/STM32F4xx_HAL_Driver/Src/stm32f4xx_hal_flash.c ****     WRITE_REG(FLASH->KEYR, FLASH_KEY2);
 1176              		.loc 1 439 5 view .LVU400
 1177 0010 5960     		str	r1, [r3, #4]
 440:Drivers/STM32F4xx_HAL_Driver/Src/stm32f4xx_hal_flash.c **** 
 1178              		.loc 1 440 5 is_stmt 1 view .LVU401
 1179 0012 5A60     		str	r2, [r3, #4]
 443:Drivers/STM32F4xx_HAL_Driver/Src/stm32f4xx_hal_flash.c ****     {
 1180              		.loc 1 443 5 view .LVU402
 443:Drivers/STM32F4xx_HAL_Driver/Src/stm32f4xx_hal_flash.c ****     {
 1181              		.loc 1 443 9 is_stmt 0 view .LVU403
 1182 0014 1869     		ldr	r0, [r3, #16]
 443:Drivers/STM32F4xx_HAL_Driver/Src/stm32f4xx_hal_flash.c ****     {
 1183              		.loc 1 443 8 view .LVU404
 1184 0016 C00F     		lsrs	r0, r0, #31
 1185 0018 7047     		bx	lr
 1186              	.L102:
 1187 001a 00BF     		.align	2
 1188              	.L101:
 1189 001c 003C0240 		.word	1073888256
 1190 0020 23016745 		.word	1164378403
 1191 0024 AB89EFCD 		.word	-839939669
 1192              		.cfi_endproc
 1193              	.LFE139:
 1195              		.section	.text.HAL_FLASH_Lock,"ax",%progbits
 1196              		.align	1
 1197              		.p2align 2,,3
 1198              		.global	HAL_FLASH_Lock
 1199              		.syntax unified
 1200              		.thumb
ARM GAS  C:\Users\kaush\AppData\Local\Temp\ccUtUKps.s 			page 46


 1201              		.thumb_func
 1203              	HAL_FLASH_Lock:
 1204              	.LFB140:
 457:Drivers/STM32F4xx_HAL_Driver/Src/stm32f4xx_hal_flash.c ****   /* Set the LOCK Bit to lock the FLASH Registers access */
 1205              		.loc 1 457 1 is_stmt 1 view -0
 1206              		.cfi_startproc
 1207              		@ args = 0, pretend = 0, frame = 0
 1208              		@ frame_needed = 0, uses_anonymous_args = 0
 1209              		@ link register save eliminated.
 459:Drivers/STM32F4xx_HAL_Driver/Src/stm32f4xx_hal_flash.c **** 
 1210              		.loc 1 459 3 view .LVU406
 459:Drivers/STM32F4xx_HAL_Driver/Src/stm32f4xx_hal_flash.c **** 
 1211              		.loc 1 459 8 is_stmt 0 view .LVU407
 1212 0000 034A     		ldr	r2, .L104
 1213 0002 1369     		ldr	r3, [r2, #16]
 459:Drivers/STM32F4xx_HAL_Driver/Src/stm32f4xx_hal_flash.c **** 
 1214              		.loc 1 459 13 view .LVU408
 1215 0004 43F00043 		orr	r3, r3, #-2147483648
 462:Drivers/STM32F4xx_HAL_Driver/Src/stm32f4xx_hal_flash.c **** 
 1216              		.loc 1 462 1 view .LVU409
 1217 0008 0020     		movs	r0, #0
 459:Drivers/STM32F4xx_HAL_Driver/Src/stm32f4xx_hal_flash.c **** 
 1218              		.loc 1 459 13 view .LVU410
 1219 000a 1361     		str	r3, [r2, #16]
 461:Drivers/STM32F4xx_HAL_Driver/Src/stm32f4xx_hal_flash.c **** }
 1220              		.loc 1 461 3 is_stmt 1 view .LVU411
 462:Drivers/STM32F4xx_HAL_Driver/Src/stm32f4xx_hal_flash.c **** 
 1221              		.loc 1 462 1 is_stmt 0 view .LVU412
 1222 000c 7047     		bx	lr
 1223              	.L105:
 1224 000e 00BF     		.align	2
 1225              	.L104:
 1226 0010 003C0240 		.word	1073888256
 1227              		.cfi_endproc
 1228              	.LFE140:
 1230              		.section	.text.HAL_FLASH_OB_Unlock,"ax",%progbits
 1231              		.align	1
 1232              		.p2align 2,,3
 1233              		.global	HAL_FLASH_OB_Unlock
 1234              		.syntax unified
 1235              		.thumb
 1236              		.thumb_func
 1238              	HAL_FLASH_OB_Unlock:
 1239              	.LFB141:
 469:Drivers/STM32F4xx_HAL_Driver/Src/stm32f4xx_hal_flash.c ****   if ((FLASH->OPTCR & FLASH_OPTCR_OPTLOCK) != RESET)
 1240              		.loc 1 469 1 is_stmt 1 view -0
 1241              		.cfi_startproc
 1242              		@ args = 0, pretend = 0, frame = 0
 1243              		@ frame_needed = 0, uses_anonymous_args = 0
 1244              		@ link register save eliminated.
 470:Drivers/STM32F4xx_HAL_Driver/Src/stm32f4xx_hal_flash.c ****   {
 1245              		.loc 1 470 3 view .LVU414
 470:Drivers/STM32F4xx_HAL_Driver/Src/stm32f4xx_hal_flash.c ****   {
 1246              		.loc 1 470 13 is_stmt 0 view .LVU415
 1247 0000 054B     		ldr	r3, .L109
 1248 0002 5A69     		ldr	r2, [r3, #20]
 470:Drivers/STM32F4xx_HAL_Driver/Src/stm32f4xx_hal_flash.c ****   {
ARM GAS  C:\Users\kaush\AppData\Local\Temp\ccUtUKps.s 			page 47


 1249              		.loc 1 470 6 view .LVU416
 1250 0004 D207     		lsls	r2, r2, #31
 1251 0006 05D5     		bpl	.L108
 473:Drivers/STM32F4xx_HAL_Driver/Src/stm32f4xx_hal_flash.c ****     FLASH->OPTKEYR = FLASH_OPT_KEY2;
 1252              		.loc 1 473 5 is_stmt 1 view .LVU417
 473:Drivers/STM32F4xx_HAL_Driver/Src/stm32f4xx_hal_flash.c ****     FLASH->OPTKEYR = FLASH_OPT_KEY2;
 1253              		.loc 1 473 20 is_stmt 0 view .LVU418
 1254 0008 0449     		ldr	r1, .L109+4
 474:Drivers/STM32F4xx_HAL_Driver/Src/stm32f4xx_hal_flash.c ****   }
 1255              		.loc 1 474 20 view .LVU419
 1256 000a 054A     		ldr	r2, .L109+8
 473:Drivers/STM32F4xx_HAL_Driver/Src/stm32f4xx_hal_flash.c ****     FLASH->OPTKEYR = FLASH_OPT_KEY2;
 1257              		.loc 1 473 20 view .LVU420
 1258 000c 9960     		str	r1, [r3, #8]
 474:Drivers/STM32F4xx_HAL_Driver/Src/stm32f4xx_hal_flash.c ****   }
 1259              		.loc 1 474 5 is_stmt 1 view .LVU421
 481:Drivers/STM32F4xx_HAL_Driver/Src/stm32f4xx_hal_flash.c **** }
 1260              		.loc 1 481 10 is_stmt 0 view .LVU422
 1261 000e 0020     		movs	r0, #0
 474:Drivers/STM32F4xx_HAL_Driver/Src/stm32f4xx_hal_flash.c ****   }
 1262              		.loc 1 474 20 view .LVU423
 1263 0010 9A60     		str	r2, [r3, #8]
 481:Drivers/STM32F4xx_HAL_Driver/Src/stm32f4xx_hal_flash.c **** }
 1264              		.loc 1 481 3 is_stmt 1 view .LVU424
 481:Drivers/STM32F4xx_HAL_Driver/Src/stm32f4xx_hal_flash.c **** }
 1265              		.loc 1 481 10 is_stmt 0 view .LVU425
 1266 0012 7047     		bx	lr
 1267              	.L108:
 478:Drivers/STM32F4xx_HAL_Driver/Src/stm32f4xx_hal_flash.c ****   }
 1268              		.loc 1 478 12 view .LVU426
 1269 0014 0120     		movs	r0, #1
 482:Drivers/STM32F4xx_HAL_Driver/Src/stm32f4xx_hal_flash.c **** 
 1270              		.loc 1 482 1 view .LVU427
 1271 0016 7047     		bx	lr
 1272              	.L110:
 1273              		.align	2
 1274              	.L109:
 1275 0018 003C0240 		.word	1073888256
 1276 001c 3B2A1908 		.word	135866939
 1277 0020 7F6E5D4C 		.word	1281191551
 1278              		.cfi_endproc
 1279              	.LFE141:
 1281              		.section	.text.HAL_FLASH_OB_Lock,"ax",%progbits
 1282              		.align	1
 1283              		.p2align 2,,3
 1284              		.global	HAL_FLASH_OB_Lock
 1285              		.syntax unified
 1286              		.thumb
 1287              		.thumb_func
 1289              	HAL_FLASH_OB_Lock:
 1290              	.LFB142:
 489:Drivers/STM32F4xx_HAL_Driver/Src/stm32f4xx_hal_flash.c ****   /* Set the OPTLOCK Bit to lock the FLASH Option Byte Registers access */
 1291              		.loc 1 489 1 is_stmt 1 view -0
 1292              		.cfi_startproc
 1293              		@ args = 0, pretend = 0, frame = 0
 1294              		@ frame_needed = 0, uses_anonymous_args = 0
 1295              		@ link register save eliminated.
ARM GAS  C:\Users\kaush\AppData\Local\Temp\ccUtUKps.s 			page 48


 491:Drivers/STM32F4xx_HAL_Driver/Src/stm32f4xx_hal_flash.c **** 
 1296              		.loc 1 491 3 view .LVU429
 491:Drivers/STM32F4xx_HAL_Driver/Src/stm32f4xx_hal_flash.c **** 
 1297              		.loc 1 491 8 is_stmt 0 view .LVU430
 1298 0000 034A     		ldr	r2, .L112
 1299 0002 5369     		ldr	r3, [r2, #20]
 491:Drivers/STM32F4xx_HAL_Driver/Src/stm32f4xx_hal_flash.c **** 
 1300              		.loc 1 491 16 view .LVU431
 1301 0004 43F00103 		orr	r3, r3, #1
 494:Drivers/STM32F4xx_HAL_Driver/Src/stm32f4xx_hal_flash.c **** 
 1302              		.loc 1 494 1 view .LVU432
 1303 0008 0020     		movs	r0, #0
 491:Drivers/STM32F4xx_HAL_Driver/Src/stm32f4xx_hal_flash.c **** 
 1304              		.loc 1 491 16 view .LVU433
 1305 000a 5361     		str	r3, [r2, #20]
 493:Drivers/STM32F4xx_HAL_Driver/Src/stm32f4xx_hal_flash.c **** }
 1306              		.loc 1 493 3 is_stmt 1 view .LVU434
 494:Drivers/STM32F4xx_HAL_Driver/Src/stm32f4xx_hal_flash.c **** 
 1307              		.loc 1 494 1 is_stmt 0 view .LVU435
 1308 000c 7047     		bx	lr
 1309              	.L113:
 1310 000e 00BF     		.align	2
 1311              	.L112:
 1312 0010 003C0240 		.word	1073888256
 1313              		.cfi_endproc
 1314              	.LFE142:
 1316              		.section	.text.HAL_FLASH_OB_Launch,"ax",%progbits
 1317              		.align	1
 1318              		.p2align 2,,3
 1319              		.global	HAL_FLASH_OB_Launch
 1320              		.syntax unified
 1321              		.thumb
 1322              		.thumb_func
 1324              	HAL_FLASH_OB_Launch:
 1325              	.LFB143:
 501:Drivers/STM32F4xx_HAL_Driver/Src/stm32f4xx_hal_flash.c ****   /* Set the OPTSTRT bit in OPTCR register */
 1326              		.loc 1 501 1 is_stmt 1 view -0
 1327              		.cfi_startproc
 1328              		@ args = 0, pretend = 0, frame = 0
 1329              		@ frame_needed = 0, uses_anonymous_args = 0
 503:Drivers/STM32F4xx_HAL_Driver/Src/stm32f4xx_hal_flash.c **** 
 1330              		.loc 1 503 3 view .LVU437
 501:Drivers/STM32F4xx_HAL_Driver/Src/stm32f4xx_hal_flash.c ****   /* Set the OPTSTRT bit in OPTCR register */
 1331              		.loc 1 501 1 is_stmt 0 view .LVU438
 1332 0000 70B5     		push	{r4, r5, r6, lr}
 1333              	.LCFI10:
 1334              		.cfi_def_cfa_offset 16
 1335              		.cfi_offset 4, -16
 1336              		.cfi_offset 5, -12
 1337              		.cfi_offset 6, -8
 1338              		.cfi_offset 14, -4
 503:Drivers/STM32F4xx_HAL_Driver/Src/stm32f4xx_hal_flash.c **** 
 1339              		.loc 1 503 3 view .LVU439
 1340 0002 134C     		ldr	r4, .L126
 1341              	.LBB94:
 1342              	.LBB95:
 556:Drivers/STM32F4xx_HAL_Driver/Src/stm32f4xx_hal_flash.c **** 
ARM GAS  C:\Users\kaush\AppData\Local\Temp\ccUtUKps.s 			page 49


 1343              		.loc 1 556 20 view .LVU440
 1344 0004 134A     		ldr	r2, .L126+4
 1345              	.LBE95:
 1346              	.LBE94:
 503:Drivers/STM32F4xx_HAL_Driver/Src/stm32f4xx_hal_flash.c **** 
 1347              		.loc 1 503 3 view .LVU441
 1348 0006 237D     		ldrb	r3, [r4, #20]	@ zero_extendqisi2
 503:Drivers/STM32F4xx_HAL_Driver/Src/stm32f4xx_hal_flash.c **** 
 1349              		.loc 1 503 40 view .LVU442
 1350 0008 43F00203 		orr	r3, r3, #2
 1351              	.LBB100:
 1352              	.LBB96:
 556:Drivers/STM32F4xx_HAL_Driver/Src/stm32f4xx_hal_flash.c **** 
 1353              		.loc 1 556 20 view .LVU443
 1354 000c 0021     		movs	r1, #0
 1355              	.LBE96:
 1356              	.LBE100:
 503:Drivers/STM32F4xx_HAL_Driver/Src/stm32f4xx_hal_flash.c **** 
 1357              		.loc 1 503 40 view .LVU444
 1358 000e 2375     		strb	r3, [r4, #20]
 506:Drivers/STM32F4xx_HAL_Driver/Src/stm32f4xx_hal_flash.c **** }
 1359              		.loc 1 506 3 is_stmt 1 view .LVU445
 1360              	.LBB101:
 1361              	.LBI94:
 551:Drivers/STM32F4xx_HAL_Driver/Src/stm32f4xx_hal_flash.c **** {
 1362              		.loc 1 551 19 view .LVU446
 1363              	.LVL70:
 1364              	.LBB97:
 553:Drivers/STM32F4xx_HAL_Driver/Src/stm32f4xx_hal_flash.c **** 
 1365              		.loc 1 553 3 view .LVU447
 556:Drivers/STM32F4xx_HAL_Driver/Src/stm32f4xx_hal_flash.c **** 
 1366              		.loc 1 556 3 view .LVU448
 556:Drivers/STM32F4xx_HAL_Driver/Src/stm32f4xx_hal_flash.c **** 
 1367              		.loc 1 556 20 is_stmt 0 view .LVU449
 1368 0010 D161     		str	r1, [r2, #28]
 562:Drivers/STM32F4xx_HAL_Driver/Src/stm32f4xx_hal_flash.c **** 
 1369              		.loc 1 562 3 is_stmt 1 view .LVU450
 562:Drivers/STM32F4xx_HAL_Driver/Src/stm32f4xx_hal_flash.c **** 
 1370              		.loc 1 562 15 is_stmt 0 view .LVU451
 1371 0012 FFF7FEFF 		bl	HAL_GetTick
 1372              	.LVL71:
 568:Drivers/STM32F4xx_HAL_Driver/Src/stm32f4xx_hal_flash.c ****       {
 1373              		.loc 1 568 27 discriminator 1 view .LVU452
 1374 0016 4CF25036 		movw	r6, #50000
 562:Drivers/STM32F4xx_HAL_Driver/Src/stm32f4xx_hal_flash.c **** 
 1375              		.loc 1 562 15 view .LVU453
 1376 001a 0546     		mov	r5, r0
 1377              	.LVL72:
 564:Drivers/STM32F4xx_HAL_Driver/Src/stm32f4xx_hal_flash.c ****   {
 1378              		.loc 1 564 3 is_stmt 1 view .LVU454
 564:Drivers/STM32F4xx_HAL_Driver/Src/stm32f4xx_hal_flash.c ****   {
 1379              		.loc 1 564 9 is_stmt 0 view .LVU455
 1380 001c 04E0     		b	.L115
 1381              	.LVL73:
 1382              	.L117:
 568:Drivers/STM32F4xx_HAL_Driver/Src/stm32f4xx_hal_flash.c ****       {
 1383              		.loc 1 568 32 discriminator 1 view .LVU456
ARM GAS  C:\Users\kaush\AppData\Local\Temp\ccUtUKps.s 			page 50


 1384 001e FFF7FEFF 		bl	HAL_GetTick
 1385              	.LVL74:
 568:Drivers/STM32F4xx_HAL_Driver/Src/stm32f4xx_hal_flash.c ****       {
 1386              		.loc 1 568 46 discriminator 1 view .LVU457
 1387 0022 401B     		subs	r0, r0, r5
 568:Drivers/STM32F4xx_HAL_Driver/Src/stm32f4xx_hal_flash.c ****       {
 1388              		.loc 1 568 27 discriminator 1 view .LVU458
 1389 0024 B042     		cmp	r0, r6
 1390 0026 0DD8     		bhi	.L119
 1391              	.L115:
 566:Drivers/STM32F4xx_HAL_Driver/Src/stm32f4xx_hal_flash.c ****     {
 1392              		.loc 1 566 5 is_stmt 1 view .LVU459
 568:Drivers/STM32F4xx_HAL_Driver/Src/stm32f4xx_hal_flash.c ****       {
 1393              		.loc 1 568 7 view .LVU460
 564:Drivers/STM32F4xx_HAL_Driver/Src/stm32f4xx_hal_flash.c ****   {
 1394              		.loc 1 564 47 view .LVU461
 564:Drivers/STM32F4xx_HAL_Driver/Src/stm32f4xx_hal_flash.c ****   {
 1395              		.loc 1 564 10 is_stmt 0 view .LVU462
 1396 0028 E368     		ldr	r3, [r4, #12]
 564:Drivers/STM32F4xx_HAL_Driver/Src/stm32f4xx_hal_flash.c ****   {
 1397              		.loc 1 564 47 view .LVU463
 1398 002a DA03     		lsls	r2, r3, #15
 1399 002c F7D4     		bmi	.L117
 576:Drivers/STM32F4xx_HAL_Driver/Src/stm32f4xx_hal_flash.c ****   {
 1400              		.loc 1 576 3 is_stmt 1 view .LVU464
 576:Drivers/STM32F4xx_HAL_Driver/Src/stm32f4xx_hal_flash.c ****   {
 1401              		.loc 1 576 7 is_stmt 0 view .LVU465
 1402 002e E368     		ldr	r3, [r4, #12]
 576:Drivers/STM32F4xx_HAL_Driver/Src/stm32f4xx_hal_flash.c ****   {
 1403              		.loc 1 576 6 view .LVU466
 1404 0030 DB07     		lsls	r3, r3, #31
 579:Drivers/STM32F4xx_HAL_Driver/Src/stm32f4xx_hal_flash.c ****   }
 1405              		.loc 1 579 5 is_stmt 1 view .LVU467
 582:Drivers/STM32F4xx_HAL_Driver/Src/stm32f4xx_hal_flash.c ****                             FLASH_FLAG_PGPERR | FLASH_FLAG_PGSERR | FLASH_FLAG_RDERR)) != RESET)
 1406              		.loc 1 582 3 view .LVU468
 579:Drivers/STM32F4xx_HAL_Driver/Src/stm32f4xx_hal_flash.c ****   }
 1407              		.loc 1 579 5 is_stmt 0 view .LVU469
 1408 0032 44BF     		itt	mi
 1409 0034 0123     		movmi	r3, #1
 1410 0036 E360     		strmi	r3, [r4, #12]
 582:Drivers/STM32F4xx_HAL_Driver/Src/stm32f4xx_hal_flash.c ****                             FLASH_FLAG_PGPERR | FLASH_FLAG_PGSERR | FLASH_FLAG_RDERR)) != RESET)
 1411              		.loc 1 582 7 view .LVU470
 1412 0038 054B     		ldr	r3, .L126
 1413 003a D868     		ldr	r0, [r3, #12]
 582:Drivers/STM32F4xx_HAL_Driver/Src/stm32f4xx_hal_flash.c ****                             FLASH_FLAG_PGPERR | FLASH_FLAG_PGSERR | FLASH_FLAG_RDERR)) != RESET)
 1414              		.loc 1 582 6 view .LVU471
 1415 003c 10F4F970 		ands	r0, r0, #498
 1416 0040 02D1     		bne	.L125
 1417              	.LVL75:
 582:Drivers/STM32F4xx_HAL_Driver/Src/stm32f4xx_hal_flash.c ****                             FLASH_FLAG_PGPERR | FLASH_FLAG_PGSERR | FLASH_FLAG_RDERR)) != RESET)
 1418              		.loc 1 582 6 view .LVU472
 1419              	.LBE97:
 1420              	.LBE101:
 507:Drivers/STM32F4xx_HAL_Driver/Src/stm32f4xx_hal_flash.c **** 
 1421              		.loc 1 507 1 view .LVU473
 1422 0042 70BD     		pop	{r4, r5, r6, pc}
 1423              	.LVL76:
ARM GAS  C:\Users\kaush\AppData\Local\Temp\ccUtUKps.s 			page 51


 1424              	.L119:
 1425              	.LBB102:
 1426              	.LBB98:
 570:Drivers/STM32F4xx_HAL_Driver/Src/stm32f4xx_hal_flash.c ****       }
 1427              		.loc 1 570 16 view .LVU474
 1428 0044 0320     		movs	r0, #3
 1429              	.LVL77:
 570:Drivers/STM32F4xx_HAL_Driver/Src/stm32f4xx_hal_flash.c ****       }
 1430              		.loc 1 570 16 view .LVU475
 1431              	.LBE98:
 1432              	.LBE102:
 507:Drivers/STM32F4xx_HAL_Driver/Src/stm32f4xx_hal_flash.c **** 
 1433              		.loc 1 507 1 view .LVU476
 1434 0046 70BD     		pop	{r4, r5, r6, pc}
 1435              	.LVL78:
 1436              	.L125:
 1437              	.LBB103:
 1438              	.LBB99:
 590:Drivers/STM32F4xx_HAL_Driver/Src/stm32f4xx_hal_flash.c ****     return HAL_ERROR;
 1439              		.loc 1 590 5 is_stmt 1 view .LVU477
 1440 0048 FFF7FEFF 		bl	FLASH_SetErrorCode
 1441              	.LVL79:
 591:Drivers/STM32F4xx_HAL_Driver/Src/stm32f4xx_hal_flash.c ****   }
 1442              		.loc 1 591 5 view .LVU478
 591:Drivers/STM32F4xx_HAL_Driver/Src/stm32f4xx_hal_flash.c ****   }
 1443              		.loc 1 591 12 is_stmt 0 view .LVU479
 1444 004c 0120     		movs	r0, #1
 1445              	.LVL80:
 591:Drivers/STM32F4xx_HAL_Driver/Src/stm32f4xx_hal_flash.c ****   }
 1446              		.loc 1 591 12 view .LVU480
 1447              	.LBE99:
 1448              	.LBE103:
 507:Drivers/STM32F4xx_HAL_Driver/Src/stm32f4xx_hal_flash.c **** 
 1449              		.loc 1 507 1 view .LVU481
 1450 004e 70BD     		pop	{r4, r5, r6, pc}
 1451              	.L127:
 1452              		.align	2
 1453              	.L126:
 1454 0050 003C0240 		.word	1073888256
 1455 0054 00000000 		.word	pFlash
 1456              		.cfi_endproc
 1457              	.LFE143:
 1459              		.section	.text.HAL_FLASH_GetError,"ax",%progbits
 1460              		.align	1
 1461              		.p2align 2,,3
 1462              		.global	HAL_FLASH_GetError
 1463              		.syntax unified
 1464              		.thumb
 1465              		.thumb_func
 1467              	HAL_FLASH_GetError:
 1468              	.LFB144:
 538:Drivers/STM32F4xx_HAL_Driver/Src/stm32f4xx_hal_flash.c ****   return pFlash.ErrorCode;
 1469              		.loc 1 538 1 is_stmt 1 view -0
 1470              		.cfi_startproc
 1471              		@ args = 0, pretend = 0, frame = 0
 1472              		@ frame_needed = 0, uses_anonymous_args = 0
 1473              		@ link register save eliminated.
ARM GAS  C:\Users\kaush\AppData\Local\Temp\ccUtUKps.s 			page 52


 539:Drivers/STM32F4xx_HAL_Driver/Src/stm32f4xx_hal_flash.c **** }
 1474              		.loc 1 539 3 view .LVU483
 539:Drivers/STM32F4xx_HAL_Driver/Src/stm32f4xx_hal_flash.c **** }
 1475              		.loc 1 539 16 is_stmt 0 view .LVU484
 1476 0000 014B     		ldr	r3, .L129
 1477 0002 D869     		ldr	r0, [r3, #28]
 540:Drivers/STM32F4xx_HAL_Driver/Src/stm32f4xx_hal_flash.c **** 
 1478              		.loc 1 540 1 view .LVU485
 1479 0004 7047     		bx	lr
 1480              	.L130:
 1481 0006 00BF     		.align	2
 1482              	.L129:
 1483 0008 00000000 		.word	pFlash
 1484              		.cfi_endproc
 1485              	.LFE144:
 1487              		.section	.text.FLASH_WaitForLastOperation,"ax",%progbits
 1488              		.align	1
 1489              		.p2align 2,,3
 1490              		.global	FLASH_WaitForLastOperation
 1491              		.syntax unified
 1492              		.thumb
 1493              		.thumb_func
 1495              	FLASH_WaitForLastOperation:
 1496              	.LVL81:
 1497              	.LFB145:
 552:Drivers/STM32F4xx_HAL_Driver/Src/stm32f4xx_hal_flash.c ****   uint32_t tickstart = 0U;
 1498              		.loc 1 552 1 is_stmt 1 view -0
 1499              		.cfi_startproc
 1500              		@ args = 0, pretend = 0, frame = 0
 1501              		@ frame_needed = 0, uses_anonymous_args = 0
 553:Drivers/STM32F4xx_HAL_Driver/Src/stm32f4xx_hal_flash.c **** 
 1502              		.loc 1 553 3 view .LVU487
 556:Drivers/STM32F4xx_HAL_Driver/Src/stm32f4xx_hal_flash.c **** 
 1503              		.loc 1 556 3 view .LVU488
 556:Drivers/STM32F4xx_HAL_Driver/Src/stm32f4xx_hal_flash.c **** 
 1504              		.loc 1 556 20 is_stmt 0 view .LVU489
 1505 0000 164B     		ldr	r3, .L149
 552:Drivers/STM32F4xx_HAL_Driver/Src/stm32f4xx_hal_flash.c ****   uint32_t tickstart = 0U;
 1506              		.loc 1 552 1 view .LVU490
 1507 0002 70B5     		push	{r4, r5, r6, lr}
 1508              	.LCFI11:
 1509              		.cfi_def_cfa_offset 16
 1510              		.cfi_offset 4, -16
 1511              		.cfi_offset 5, -12
 1512              		.cfi_offset 6, -8
 1513              		.cfi_offset 14, -4
 556:Drivers/STM32F4xx_HAL_Driver/Src/stm32f4xx_hal_flash.c **** 
 1514              		.loc 1 556 20 view .LVU491
 1515 0004 0022     		movs	r2, #0
 552:Drivers/STM32F4xx_HAL_Driver/Src/stm32f4xx_hal_flash.c ****   uint32_t tickstart = 0U;
 1516              		.loc 1 552 1 view .LVU492
 1517 0006 0446     		mov	r4, r0
 556:Drivers/STM32F4xx_HAL_Driver/Src/stm32f4xx_hal_flash.c **** 
 1518              		.loc 1 556 20 view .LVU493
 1519 0008 DA61     		str	r2, [r3, #28]
 562:Drivers/STM32F4xx_HAL_Driver/Src/stm32f4xx_hal_flash.c **** 
 1520              		.loc 1 562 3 is_stmt 1 view .LVU494
ARM GAS  C:\Users\kaush\AppData\Local\Temp\ccUtUKps.s 			page 53


 562:Drivers/STM32F4xx_HAL_Driver/Src/stm32f4xx_hal_flash.c **** 
 1521              		.loc 1 562 15 is_stmt 0 view .LVU495
 1522 000a FFF7FEFF 		bl	HAL_GetTick
 1523              	.LVL82:
 564:Drivers/STM32F4xx_HAL_Driver/Src/stm32f4xx_hal_flash.c ****   {
 1524              		.loc 1 564 3 is_stmt 1 view .LVU496
 1525 000e 651C     		adds	r5, r4, #1
 1526 0010 13D1     		bne	.L132
 564:Drivers/STM32F4xx_HAL_Driver/Src/stm32f4xx_hal_flash.c ****   {
 1527              		.loc 1 564 10 is_stmt 0 view .LVU497
 1528 0012 134A     		ldr	r2, .L149+4
 1529              	.LVL83:
 1530              	.L133:
 564:Drivers/STM32F4xx_HAL_Driver/Src/stm32f4xx_hal_flash.c ****   {
 1531              		.loc 1 564 47 is_stmt 1 view .LVU498
 564:Drivers/STM32F4xx_HAL_Driver/Src/stm32f4xx_hal_flash.c ****   {
 1532              		.loc 1 564 10 is_stmt 0 view .LVU499
 1533 0014 D368     		ldr	r3, [r2, #12]
 564:Drivers/STM32F4xx_HAL_Driver/Src/stm32f4xx_hal_flash.c ****   {
 1534              		.loc 1 564 47 view .LVU500
 1535 0016 DC03     		lsls	r4, r3, #15
 1536 0018 FCD4     		bmi	.L133
 1537              	.LVL84:
 1538              	.L134:
 576:Drivers/STM32F4xx_HAL_Driver/Src/stm32f4xx_hal_flash.c ****   {
 1539              		.loc 1 576 3 is_stmt 1 view .LVU501
 576:Drivers/STM32F4xx_HAL_Driver/Src/stm32f4xx_hal_flash.c ****   {
 1540              		.loc 1 576 7 is_stmt 0 view .LVU502
 1541 001a 114B     		ldr	r3, .L149+4
 1542 001c DA68     		ldr	r2, [r3, #12]
 576:Drivers/STM32F4xx_HAL_Driver/Src/stm32f4xx_hal_flash.c ****   {
 1543              		.loc 1 576 6 view .LVU503
 1544 001e D207     		lsls	r2, r2, #31
 579:Drivers/STM32F4xx_HAL_Driver/Src/stm32f4xx_hal_flash.c ****   }
 1545              		.loc 1 579 5 is_stmt 1 view .LVU504
 582:Drivers/STM32F4xx_HAL_Driver/Src/stm32f4xx_hal_flash.c ****                             FLASH_FLAG_PGPERR | FLASH_FLAG_PGSERR | FLASH_FLAG_RDERR)) != RESET)
 1546              		.loc 1 582 3 view .LVU505
 579:Drivers/STM32F4xx_HAL_Driver/Src/stm32f4xx_hal_flash.c ****   }
 1547              		.loc 1 579 5 is_stmt 0 view .LVU506
 1548 0020 44BF     		itt	mi
 1549 0022 0122     		movmi	r2, #1
 1550 0024 DA60     		strmi	r2, [r3, #12]
 582:Drivers/STM32F4xx_HAL_Driver/Src/stm32f4xx_hal_flash.c ****                             FLASH_FLAG_PGPERR | FLASH_FLAG_PGSERR | FLASH_FLAG_RDERR)) != RESET)
 1551              		.loc 1 582 7 view .LVU507
 1552 0026 0E4B     		ldr	r3, .L149+4
 1553 0028 D868     		ldr	r0, [r3, #12]
 582:Drivers/STM32F4xx_HAL_Driver/Src/stm32f4xx_hal_flash.c ****                             FLASH_FLAG_PGPERR | FLASH_FLAG_PGSERR | FLASH_FLAG_RDERR)) != RESET)
 1554              		.loc 1 582 6 view .LVU508
 1555 002a 10F4F970 		ands	r0, r0, #498
 1556 002e 00D1     		bne	.L148
 597:Drivers/STM32F4xx_HAL_Driver/Src/stm32f4xx_hal_flash.c **** 
 1557              		.loc 1 597 1 view .LVU509
 1558 0030 70BD     		pop	{r4, r5, r6, pc}
 1559              	.L148:
 590:Drivers/STM32F4xx_HAL_Driver/Src/stm32f4xx_hal_flash.c ****     return HAL_ERROR;
 1560              		.loc 1 590 5 is_stmt 1 view .LVU510
 1561 0032 FFF7FEFF 		bl	FLASH_SetErrorCode
ARM GAS  C:\Users\kaush\AppData\Local\Temp\ccUtUKps.s 			page 54


 1562              	.LVL85:
 591:Drivers/STM32F4xx_HAL_Driver/Src/stm32f4xx_hal_flash.c ****   }
 1563              		.loc 1 591 5 view .LVU511
 591:Drivers/STM32F4xx_HAL_Driver/Src/stm32f4xx_hal_flash.c ****   }
 1564              		.loc 1 591 12 is_stmt 0 view .LVU512
 1565 0036 0120     		movs	r0, #1
 597:Drivers/STM32F4xx_HAL_Driver/Src/stm32f4xx_hal_flash.c **** 
 1566              		.loc 1 597 1 view .LVU513
 1567 0038 70BD     		pop	{r4, r5, r6, pc}
 1568              	.LVL86:
 1569              	.L132:
 564:Drivers/STM32F4xx_HAL_Driver/Src/stm32f4xx_hal_flash.c ****   {
 1570              		.loc 1 564 47 is_stmt 1 view .LVU514
 564:Drivers/STM32F4xx_HAL_Driver/Src/stm32f4xx_hal_flash.c ****   {
 1571              		.loc 1 564 10 is_stmt 0 view .LVU515
 1572 003a 094E     		ldr	r6, .L149+4
 1573 003c F368     		ldr	r3, [r6, #12]
 564:Drivers/STM32F4xx_HAL_Driver/Src/stm32f4xx_hal_flash.c ****   {
 1574              		.loc 1 564 47 view .LVU516
 1575 003e D903     		lsls	r1, r3, #15
 1576 0040 EBD5     		bpl	.L134
 566:Drivers/STM32F4xx_HAL_Driver/Src/stm32f4xx_hal_flash.c ****     {
 1577              		.loc 1 566 5 is_stmt 1 view .LVU517
 568:Drivers/STM32F4xx_HAL_Driver/Src/stm32f4xx_hal_flash.c ****       {
 1578              		.loc 1 568 7 view .LVU518
 1579 0042 0546     		mov	r5, r0
 568:Drivers/STM32F4xx_HAL_Driver/Src/stm32f4xx_hal_flash.c ****       {
 1580              		.loc 1 568 10 is_stmt 0 view .LVU519
 1581 0044 44B1     		cbz	r4, .L137
 1582              	.LVL87:
 1583              	.L135:
 568:Drivers/STM32F4xx_HAL_Driver/Src/stm32f4xx_hal_flash.c ****       {
 1584              		.loc 1 568 32 discriminator 1 view .LVU520
 1585 0046 FFF7FEFF 		bl	HAL_GetTick
 1586              	.LVL88:
 564:Drivers/STM32F4xx_HAL_Driver/Src/stm32f4xx_hal_flash.c ****   {
 1587              		.loc 1 564 47 is_stmt 1 view .LVU521
 568:Drivers/STM32F4xx_HAL_Driver/Src/stm32f4xx_hal_flash.c ****       {
 1588              		.loc 1 568 46 is_stmt 0 discriminator 1 view .LVU522
 1589 004a 431B     		subs	r3, r0, r5
 568:Drivers/STM32F4xx_HAL_Driver/Src/stm32f4xx_hal_flash.c ****       {
 1590              		.loc 1 568 27 discriminator 1 view .LVU523
 1591 004c A342     		cmp	r3, r4
 1592 004e 03D8     		bhi	.L137
 564:Drivers/STM32F4xx_HAL_Driver/Src/stm32f4xx_hal_flash.c ****   {
 1593              		.loc 1 564 10 view .LVU524
 1594 0050 F368     		ldr	r3, [r6, #12]
 564:Drivers/STM32F4xx_HAL_Driver/Src/stm32f4xx_hal_flash.c ****   {
 1595              		.loc 1 564 47 view .LVU525
 1596 0052 D803     		lsls	r0, r3, #15
 1597 0054 F7D4     		bmi	.L135
 1598 0056 E0E7     		b	.L134
 1599              	.L137:
 570:Drivers/STM32F4xx_HAL_Driver/Src/stm32f4xx_hal_flash.c ****       }
 1600              		.loc 1 570 16 view .LVU526
 1601 0058 0320     		movs	r0, #3
 597:Drivers/STM32F4xx_HAL_Driver/Src/stm32f4xx_hal_flash.c **** 
ARM GAS  C:\Users\kaush\AppData\Local\Temp\ccUtUKps.s 			page 55


 1602              		.loc 1 597 1 view .LVU527
 1603 005a 70BD     		pop	{r4, r5, r6, pc}
 1604              	.LVL89:
 1605              	.L150:
 597:Drivers/STM32F4xx_HAL_Driver/Src/stm32f4xx_hal_flash.c **** 
 1606              		.loc 1 597 1 view .LVU528
 1607              		.align	2
 1608              	.L149:
 1609 005c 00000000 		.word	pFlash
 1610 0060 003C0240 		.word	1073888256
 1611              		.cfi_endproc
 1612              	.LFE145:
 1614              		.global	pFlash
 1615              		.section	.data.pFlash,"aw"
 1616              		.align	2
 1619              	pFlash:
 1620 0000 00       		.byte	0
 1621 0001 000000   		.space	3
 1622 0004 00000000 		.word	0
 1623 0008 00       		.byte	0
 1624 0009 000000   		.space	3
 1625 000c 00000000 		.word	0
 1626 0010 01000000 		.word	1
 1627 0014 00000000 		.word	0
 1628 0018 00       		.byte	0
 1629 0019 000000   		.space	3
 1630 001c 00000000 		.word	0
 1631              		.text
 1632              	.Letext0:
 1633              		.file 3 "C:\\Users\\kaush\\STM32CubeIDE_1.19.0\\STM32CubeIDE\\plugins\\com.st.stm32cube.ide.mcu.ex
 1634              		.file 4 "C:\\Users\\kaush\\STM32CubeIDE_1.19.0\\STM32CubeIDE\\plugins\\com.st.stm32cube.ide.mcu.ex
 1635              		.file 5 "Drivers/CMSIS/Device/ST/STM32F4xx/Include/stm32f446xx.h"
 1636              		.file 6 "Drivers/CMSIS/Device/ST/STM32F4xx/Include/stm32f4xx.h"
 1637              		.file 7 "Drivers/STM32F4xx_HAL_Driver/Inc/stm32f4xx_hal_def.h"
 1638              		.file 8 "Drivers/STM32F4xx_HAL_Driver/Inc/stm32f4xx_hal_flash.h"
 1639              		.file 9 "Drivers/STM32F4xx_HAL_Driver/Inc/stm32f4xx_hal_flash_ex.h"
 1640              		.file 10 "Drivers/STM32F4xx_HAL_Driver/Inc/stm32f4xx_hal.h"
ARM GAS  C:\Users\kaush\AppData\Local\Temp\ccUtUKps.s 			page 56


DEFINED SYMBOLS
                            *ABS*:00000000 stm32f4xx_hal_flash.c
C:\Users\kaush\AppData\Local\Temp\ccUtUKps.s:19     .text.FLASH_SetErrorCode:00000000 $t
C:\Users\kaush\AppData\Local\Temp\ccUtUKps.s:25     .text.FLASH_SetErrorCode:00000000 FLASH_SetErrorCode
C:\Users\kaush\AppData\Local\Temp\ccUtUKps.s:151    .text.FLASH_SetErrorCode:00000088 $d
C:\Users\kaush\AppData\Local\Temp\ccUtUKps.s:1619   .data.pFlash:00000000 pFlash
C:\Users\kaush\AppData\Local\Temp\ccUtUKps.s:157    .text.HAL_FLASH_Program:00000000 $t
C:\Users\kaush\AppData\Local\Temp\ccUtUKps.s:164    .text.HAL_FLASH_Program:00000000 HAL_FLASH_Program
C:\Users\kaush\AppData\Local\Temp\ccUtUKps.s:593    .text.HAL_FLASH_Program:0000013c $d
C:\Users\kaush\AppData\Local\Temp\ccUtUKps.s:601    .text.HAL_FLASH_Program_IT:00000000 $t
C:\Users\kaush\AppData\Local\Temp\ccUtUKps.s:608    .text.HAL_FLASH_Program_IT:00000000 HAL_FLASH_Program_IT
C:\Users\kaush\AppData\Local\Temp\ccUtUKps.s:885    .text.HAL_FLASH_Program_IT:000000b0 $d
C:\Users\kaush\AppData\Local\Temp\ccUtUKps.s:891    .text.HAL_FLASH_EndOfOperationCallback:00000000 $t
C:\Users\kaush\AppData\Local\Temp\ccUtUKps.s:898    .text.HAL_FLASH_EndOfOperationCallback:00000000 HAL_FLASH_EndOfOperationCallback
C:\Users\kaush\AppData\Local\Temp\ccUtUKps.s:913    .text.HAL_FLASH_OperationErrorCallback:00000000 $t
C:\Users\kaush\AppData\Local\Temp\ccUtUKps.s:920    .text.HAL_FLASH_OperationErrorCallback:00000000 HAL_FLASH_OperationErrorCallback
C:\Users\kaush\AppData\Local\Temp\ccUtUKps.s:932    .text.HAL_FLASH_IRQHandler:00000000 $t
C:\Users\kaush\AppData\Local\Temp\ccUtUKps.s:939    .text.HAL_FLASH_IRQHandler:00000000 HAL_FLASH_IRQHandler
C:\Users\kaush\AppData\Local\Temp\ccUtUKps.s:1135   .text.HAL_FLASH_IRQHandler:000000b8 $d
C:\Users\kaush\AppData\Local\Temp\ccUtUKps.s:1141   .text.HAL_FLASH_Unlock:00000000 $t
C:\Users\kaush\AppData\Local\Temp\ccUtUKps.s:1148   .text.HAL_FLASH_Unlock:00000000 HAL_FLASH_Unlock
C:\Users\kaush\AppData\Local\Temp\ccUtUKps.s:1189   .text.HAL_FLASH_Unlock:0000001c $d
C:\Users\kaush\AppData\Local\Temp\ccUtUKps.s:1196   .text.HAL_FLASH_Lock:00000000 $t
C:\Users\kaush\AppData\Local\Temp\ccUtUKps.s:1203   .text.HAL_FLASH_Lock:00000000 HAL_FLASH_Lock
C:\Users\kaush\AppData\Local\Temp\ccUtUKps.s:1226   .text.HAL_FLASH_Lock:00000010 $d
C:\Users\kaush\AppData\Local\Temp\ccUtUKps.s:1231   .text.HAL_FLASH_OB_Unlock:00000000 $t
C:\Users\kaush\AppData\Local\Temp\ccUtUKps.s:1238   .text.HAL_FLASH_OB_Unlock:00000000 HAL_FLASH_OB_Unlock
C:\Users\kaush\AppData\Local\Temp\ccUtUKps.s:1275   .text.HAL_FLASH_OB_Unlock:00000018 $d
C:\Users\kaush\AppData\Local\Temp\ccUtUKps.s:1282   .text.HAL_FLASH_OB_Lock:00000000 $t
C:\Users\kaush\AppData\Local\Temp\ccUtUKps.s:1289   .text.HAL_FLASH_OB_Lock:00000000 HAL_FLASH_OB_Lock
C:\Users\kaush\AppData\Local\Temp\ccUtUKps.s:1312   .text.HAL_FLASH_OB_Lock:00000010 $d
C:\Users\kaush\AppData\Local\Temp\ccUtUKps.s:1317   .text.HAL_FLASH_OB_Launch:00000000 $t
C:\Users\kaush\AppData\Local\Temp\ccUtUKps.s:1324   .text.HAL_FLASH_OB_Launch:00000000 HAL_FLASH_OB_Launch
C:\Users\kaush\AppData\Local\Temp\ccUtUKps.s:1454   .text.HAL_FLASH_OB_Launch:00000050 $d
C:\Users\kaush\AppData\Local\Temp\ccUtUKps.s:1460   .text.HAL_FLASH_GetError:00000000 $t
C:\Users\kaush\AppData\Local\Temp\ccUtUKps.s:1467   .text.HAL_FLASH_GetError:00000000 HAL_FLASH_GetError
C:\Users\kaush\AppData\Local\Temp\ccUtUKps.s:1483   .text.HAL_FLASH_GetError:00000008 $d
C:\Users\kaush\AppData\Local\Temp\ccUtUKps.s:1488   .text.FLASH_WaitForLastOperation:00000000 $t
C:\Users\kaush\AppData\Local\Temp\ccUtUKps.s:1495   .text.FLASH_WaitForLastOperation:00000000 FLASH_WaitForLastOperation
C:\Users\kaush\AppData\Local\Temp\ccUtUKps.s:1609   .text.FLASH_WaitForLastOperation:0000005c $d
C:\Users\kaush\AppData\Local\Temp\ccUtUKps.s:1616   .data.pFlash:00000000 $d

UNDEFINED SYMBOLS
HAL_GetTick
FLASH_Erase_Sector
FLASH_FlushCaches
